Tên công ty,Ngân hàng Thương mại Cổ phần Á Châu,,,,,,
Tên báo cáo,Lịch sử giá,,,,,,
Ngày tải,24/03/2026,,,,,,
,,,,,,,
NGÀY,GIÁ MỞ CỬA,GIÁ CAO NHẤT,GIÁ THẤP NHẤT,GIÁ ĐÓNG CỬA,THAY ĐỔI GIÁ,% THAY ĐỔI,KHỐI LƯỢNG
24/03/2026,"22,750.00","23,100.00","22,750.00","22,850.00",350.00,0.02,"9,287,900.00"
23/03/2026,"22,950.00","22,950.00","22,450.00","22,500.00",-500.00,-0.02,"15,858,400.00"
20/03/2026,"23,400.00","23,500.00","23,000.00","23,000.00",-600.00,-0.03,"13,775,200.00"
19/03/2026,"23,500.00","23,800.00","23,250.00","23,600.00",-150.00,-0.01,"16,614,600.00"
18/03/2026,"23,750.00","23,900.00","23,550.00","23,750.00",0.00,0.00,"10,506,600.00"
17/03/2026,"23,500.00","23,850.00","23,500.00","23,750.00",300.00,0.01,"9,847,800.00"
16/03/2026,"23,400.00","23,450.00","23,250.00","23,450.00",0.00,0.00,"9,534,100.00"
13/03/2026,"22,950.00","23,450.00","22,800.00","23,450.00",300.00,0.01,"15,525,700.00"
12/03/2026,"23,000.00","23,250.00","22,600.00","23,150.00",-50.00,0.00,"15,668,600.00"
11/03/2026,"23,050.00","23,600.00","23,000.00","23,200.00",50.00,0.00,"18,301,200.00"
10/03/2026,"22,550.00","23,200.00","22,000.00","23,150.00","1,450.00",0.07,"23,159,600.00"
09/03/2026,"22,100.00","22,650.00","21,700.00","21,700.00","-1,600.00",-0.07,"35,451,400.00"
06/03/2026,"23,500.00","23,600.00","23,200.00","23,300.00",-250.00,-0.01,"11,699,100.00"
05/03/2026,"23,500.00","23,550.00","23,200.00","23,550.00",350.00,0.02,"9,923,300.00"
04/03/2026,"23,500.00","23,600.00","23,100.00","23,200.00",-300.00,-0.01,"21,996,800.00"
03/03/2026,"23,950.00","24,250.00","23,500.00","23,500.00",-450.00,-0.02,"14,088,200.00"
02/03/2026,"24,000.00","24,200.00","23,900.00","23,950.00",-600.00,-0.02,"19,337,800.00"
27/02/2026,"24,450.00","24,600.00","24,200.00","24,550.00",100.00,0.00,"11,051,000.00"
26/02/2026,"24,500.00","24,550.00","24,250.00","24,450.00",0.00,0.00,"13,367,200.00"
25/02/2026,"24,100.00","24,450.00","24,050.00","24,450.00",450.00,0.02,"16,965,000.00"
24/02/2026,"24,100.00","24,100.00","24,000.00","24,000.00",-50.00,0.00,"13,798,400.00"
23/02/2026,"24,000.00","24,100.00","23,850.00","24,050.00",200.00,0.01,"11,535,400.00"
13/02/2026,"23,850.00","23,900.00","23,700.00","23,850.00",0.00,0.00,"13,629,700.00"
12/02/2026,"23,650.00","23,850.00","23,550.00","23,850.00",200.00,0.01,"17,469,600.00"
11/02/2026,"23,050.00","23,650.00","23,050.00","23,650.00",650.00,0.03,"17,796,900.00"
10/02/2026,"23,100.00","23,150.00","22,850.00","23,000.00",50.00,0.00,"14,120,400.00"
09/02/2026,"23,200.00","23,350.00","22,900.00","22,950.00",-50.00,0.00,"11,128,300.00"
06/02/2026,"23,400.00","23,450.00","23,000.00","23,000.00",-450.00,-0.02,"18,597,300.00"
05/02/2026,"23,650.00","23,700.00","23,450.00","23,450.00",-150.00,-0.01,"14,043,600.00"
04/02/2026,"23,700.00","23,800.00","23,550.00","23,600.00",-100.00,0.00,"17,881,700.00"
03/02/2026,"23,800.00","23,900.00","23,700.00","23,700.00",-50.00,0.00,"17,659,700.00"
02/02/2026,"24,050.00","24,050.00","23,700.00","23,750.00",-350.00,-0.01,"14,303,300.00"
30/01/2026,"23,850.00","24,100.00","23,800.00","24,100.00",300.00,0.01,"15,667,300.00"
29/01/2026,"24,000.00","24,150.00","23,750.00","23,800.00",-100.00,0.00,"20,344,800.00"
28/01/2026,"24,450.00","24,500.00","23,850.00","23,900.00",-800.00,-0.03,"32,294,900.00"
27/01/2026,"24,600.00","24,800.00","24,450.00","24,700.00",-100.00,0.00,"12,471,600.00"
26/01/2026,"25,050.00","25,100.00","24,650.00","24,800.00",-250.00,-0.01,"13,742,900.00"
23/01/2026,"25,000.00","25,100.00","24,900.00","25,050.00",200.00,0.01,"11,781,000.00"
22/01/2026,"24,900.00","25,050.00","24,800.00","24,850.00",0.00,0.00,"10,084,800.00"
21/01/2026,"25,000.00","25,150.00","24,750.00","24,850.00",-200.00,-0.01,"12,924,400.00"
20/01/2026,"25,100.00","25,300.00","25,000.00","25,050.00",-50.00,0.00,"18,384,900.00"
19/01/2026,"24,900.00","25,150.00","24,750.00","25,100.00",250.00,0.01,"10,927,600.00"
16/01/2026,"25,000.00","25,100.00","24,650.00","24,850.00",-50.00,0.00,"10,941,400.00"
15/01/2026,"24,850.00","24,900.00","24,550.00","24,900.00",250.00,0.01,"14,169,900.00"
14/01/2026,"25,000.00","25,150.00","24,500.00","24,650.00",-250.00,-0.01,"19,456,100.00"
13/01/2026,"25,700.00","25,800.00","24,900.00","24,900.00",-600.00,-0.02,"24,138,300.00"
12/01/2026,"24,650.00","25,500.00","24,650.00","25,500.00",950.00,0.04,"22,302,500.00"
09/01/2026,"24,700.00","24,950.00","24,500.00","24,550.00",0.00,0.00,"16,460,000.00"
08/01/2026,"24,750.00","25,050.00","24,500.00","24,550.00",-100.00,0.00,"24,925,700.00"
07/01/2026,"24,200.00","24,750.00","24,100.00","24,650.00",650.00,0.03,"22,731,900.00"
06/01/2026,"24,050.00","24,100.00","23,750.00","24,000.00",0.00,0.00,"12,736,300.00"
05/01/2026,"24,000.00","24,100.00","23,850.00","24,000.00",0.00,0.00,"8,986,200.00"
31/12/2025,"24,150.00","24,250.00","23,900.00","24,000.00",-100.00,0.00,"5,932,900.00"
30/12/2025,"24,000.00","24,200.00","23,900.00","24,100.00",100.00,0.00,"5,337,300.00"
29/12/2025,"23,850.00","24,100.00","23,800.00","24,000.00",100.00,0.00,"3,770,400.00"
26/12/2025,"23,900.00","24,050.00","23,650.00","23,900.00",-100.00,0.00,"7,831,900.00"
25/12/2025,"24,300.00","24,600.00","24,000.00","24,000.00",-300.00,-0.01,"7,250,600.00"
24/12/2025,"24,150.00","24,450.00","23,950.00","24,300.00",100.00,0.00,"8,709,200.00"
23/12/2025,"24,450.00","24,600.00","23,950.00","24,200.00",-100.00,0.00,"8,578,300.00"
22/12/2025,"24,000.00","24,450.00","23,900.00","24,300.00",400.00,0.02,"10,013,100.00"
19/12/2025,"23,900.00","24,050.00","23,850.00","23,900.00",50.00,0.00,"3,538,700.00"
18/12/2025,"24,000.00","24,000.00","23,800.00","23,850.00",-150.00,-0.01,"3,558,000.00"
17/12/2025,"24,050.00","24,150.00","23,900.00","24,000.00",0.00,0.00,"6,430,600.00"
16/12/2025,"23,550.00","24,800.00","23,450.00","24,000.00",450.00,0.02,"9,830,200.00"
15/12/2025,"23,500.00","23,600.00","23,450.00","23,550.00",50.00,0.00,"9,317,100.00"
12/12/2025,"24,050.00","24,100.00","23,500.00","23,500.00",-450.00,-0.02,"13,924,900.00"
11/12/2025,"24,250.00","24,250.00","23,950.00","23,950.00",-150.00,-0.01,"7,525,800.00"
10/12/2025,"24,150.00","24,300.00","24,050.00","24,100.00",0.00,0.00,"5,460,100.00"
09/12/2025,"24,200.00","24,250.00","24,000.00","24,100.00",-100.00,0.00,"11,326,500.00"
08/12/2025,"24,250.00","24,450.00","24,200.00","24,200.00",-150.00,-0.01,"4,935,600.00"
05/12/2025,"24,900.00","25,000.00","24,350.00","24,350.00",-550.00,-0.02,"8,994,300.00"
04/12/2025,"24,550.00","25,000.00","24,500.00","24,900.00",450.00,0.02,"12,469,800.00"
03/12/2025,"24,000.00","24,550.00","24,000.00","24,450.00",500.00,0.02,"16,411,700.00"
02/12/2025,"24,050.00","24,150.00","23,850.00","23,950.00",-50.00,0.00,"16,503,200.00"
01/12/2025,"24,300.00","24,350.00","24,000.00","24,000.00",-250.00,-0.01,"17,043,000.00"
28/11/2025,"24,350.00","24,450.00","24,250.00","24,250.00",-100.00,0.00,"5,658,800.00"
27/11/2025,"24,450.00","24,500.00","24,300.00","24,350.00",150.00,0.01,"7,791,600.00"
26/11/2025,"24,200.00","24,400.00","24,150.00","24,200.00",0.00,0.00,"9,003,200.00"
25/11/2025,"24,650.00","24,700.00","24,100.00","24,200.00",-400.00,-0.02,"15,856,700.00"
24/11/2025,"24,700.00","24,850.00","24,600.00","24,600.00",-100.00,0.00,"7,081,700.00"
21/11/2025,"24,750.00","24,850.00","24,600.00","24,700.00",-100.00,0.00,"7,299,200.00"
20/11/2025,"25,000.00","25,000.00","24,800.00","24,800.00",-100.00,0.00,"6,153,200.00"
19/11/2025,"25,150.00","25,150.00","24,850.00","24,900.00",-200.00,-0.01,"5,994,400.00"
18/11/2025,"25,200.00","25,400.00","25,050.00","25,100.00",-50.00,0.00,"6,387,001.00"
17/11/2025,"25,000.00","25,150.00","24,950.00","25,150.00",200.00,0.01,"4,991,503.00"
14/11/2025,"25,100.00","25,100.00","24,900.00","24,950.00",-150.00,-0.01,"7,664,401.00"
13/11/2025,"25,200.00","25,200.00","25,000.00","25,100.00",-100.00,0.00,"5,897,201.00"
12/11/2025,"25,000.00","25,200.00","24,800.00","25,200.00",350.00,0.01,"7,129,100.00"
11/11/2025,"24,850.00","25,050.00","24,800.00","24,850.00",50.00,0.00,"7,862,302.00"
10/11/2025,"24,900.00","25,200.00","24,700.00","24,800.00",-100.00,0.00,"7,512,900.00"
07/11/2025,"25,250.00","25,300.00","24,850.00","24,900.00",-400.00,-0.02,"15,032,801.00"
06/11/2025,"25,550.00","25,700.00","25,300.00","25,300.00",-300.00,-0.01,"6,835,201.00"
05/11/2025,"25,800.00","25,900.00","25,550.00","25,600.00",-400.00,-0.02,"10,314,200.00"
04/11/2025,"25,450.00","26,100.00","25,400.00","26,000.00",550.00,0.02,"19,134,000.00"
03/11/2025,"25,400.00","25,900.00","25,300.00","25,450.00",-50.00,0.00,"14,534,903.00"
31/10/2025,"25,300.00","25,500.00","25,050.00","25,500.00",400.00,0.02,"16,903,201.00"
30/10/2025,"25,500.00","25,700.00","25,000.00","25,100.00",-300.00,-0.01,"9,709,301.00"
29/10/2025,"25,400.00","25,550.00","25,300.00","25,400.00",0.00,0.00,"36,650,703.00"
28/10/2025,"25,100.00","25,400.00","25,050.00","25,400.00",400.00,0.02,"10,305,300.00"
27/10/2025,"25,300.00","25,550.00","24,950.00","25,000.00",0.00,0.00,"10,528,702.00"
24/10/2025,"24,950.00","25,300.00","24,800.00","25,000.00",50.00,0.00,"17,724,502.00"
23/10/2025,"25,100.00","25,200.00","24,950.00","24,950.00",-150.00,-0.01,"10,702,202.00"
22/10/2025,"25,200.00","25,300.00","24,650.00","25,100.00",100.00,0.00,"15,620,501.00"
21/10/2025,"24,850.00","25,300.00","24,850.00","25,000.00",200.00,0.01,"21,607,015.00"
20/10/2025,"25,600.00","25,650.00","24,600.00","24,800.00",-950.00,-0.04,"33,091,201.00"
17/10/2025,"26,300.00","26,400.00","25,750.00","25,750.00",-550.00,-0.02,"16,289,602.00"
16/10/2025,"26,400.00","26,550.00","26,150.00","26,300.00",0.00,0.00,"13,461,004.00"
15/10/2025,"26,400.00","26,650.00","26,150.00","26,300.00",0.00,0.00,"14,716,102.00"
14/10/2025,"26,750.00","26,950.00","26,250.00","26,300.00",-450.00,-0.02,"18,831,604.00"
13/10/2025,"26,550.00","26,800.00","26,400.00","26,750.00",-200.00,-0.01,"22,473,300.00"
10/10/2025,"27,050.00","27,200.00","26,800.00","26,950.00",0.00,0.00,"18,167,902.00"
09/10/2025,"26,800.00","26,950.00","26,600.00","26,950.00",200.00,0.01,"18,838,600.00"
08/10/2025,"26,650.00","26,850.00","26,600.00","26,750.00",300.00,0.01,"18,228,003.00"
07/10/2025,"26,900.00","26,900.00","26,450.00","26,450.00",-350.00,-0.01,"12,589,802.00"
06/10/2025,"26,150.00","26,800.00","25,900.00","26,800.00","1,150.00",0.04,"20,288,602.00"
03/10/2025,"25,750.00","25,850.00","25,500.00","25,650.00",-100.00,0.00,"10,218,201.00"
02/10/2025,"25,900.00","26,200.00","25,700.00","25,750.00",-50.00,0.00,"12,459,801.00"
01/10/2025,"25,700.00","25,950.00","25,550.00","25,800.00",300.00,0.01,"10,959,302.00"
30/09/2025,"25,750.00","25,800.00","25,450.00","25,500.00",-100.00,0.00,"11,094,302.00"
29/09/2025,"25,550.00","25,800.00","25,350.00","25,600.00",-50.00,0.00,"8,265,201.00"
26/09/2025,"25,650.00","25,750.00","25,450.00","25,650.00",0.00,0.00,"8,974,503.00"
25/09/2025,"26,150.00","26,150.00","25,650.00","25,650.00",-350.00,-0.01,"8,158,201.00"
24/09/2025,"25,500.00","26,000.00","25,250.00","26,000.00",650.00,0.03,"11,265,300.00"
23/09/2025,"25,150.00","25,700.00","25,150.00","25,350.00",200.00,0.01,"12,455,502.00"
22/09/2025,"25,450.00","25,450.00","25,050.00","25,150.00",-200.00,-0.01,"19,404,803.00"
19/09/2025,"25,800.00","25,800.00","25,300.00","25,350.00",-200.00,-0.01,"17,103,000.00"
18/09/2025,"26,200.00","26,200.00","25,550.00","25,550.00",-600.00,-0.02,"22,872,401.00"
17/09/2025,"26,400.00","26,450.00","26,050.00","26,150.00",-250.00,-0.01,"14,989,400.00"
16/09/2025,"26,600.00","26,600.00","26,200.00","26,400.00",0.00,0.00,"40,858,802.00"
15/09/2025,"26,300.00","26,650.00","26,100.00","26,400.00",100.00,0.00,"30,896,202.00"
12/09/2025,"26,550.00","26,650.00","26,200.00","26,300.00",100.00,0.00,"13,099,301.00"
11/09/2025,"26,500.00","26,550.00","25,800.00","26,200.00",-350.00,-0.01,"20,449,900.00"
10/09/2025,"26,700.00","26,850.00","26,450.00","26,550.00",0.00,0.00,"14,091,101.00"
09/09/2025,"26,950.00","26,950.00","26,450.00","26,550.00",0.00,0.00,"15,204,501.00"
08/09/2025,"27,000.00","27,600.00","26,550.00","26,550.00",-600.00,-0.02,"28,848,002.00"
05/09/2025,"27,950.00","28,050.00","27,150.00","27,150.00",-500.00,-0.02,"26,496,702.00"
04/09/2025,"27,600.00","27,750.00","27,400.00","27,650.00",150.00,0.01,"12,216,605.00"
03/09/2025,"27,700.00","27,750.00","27,200.00","27,500.00",-300.00,-0.01,"21,108,804.00"
29/08/2025,"27,750.00","28,400.00","27,500.00","27,800.00",250.00,0.01,"23,848,603.00"
28/08/2025,"27,800.00","28,150.00","27,100.00","27,550.00",-100.00,0.00,"15,190,201.00"
27/08/2025,"27,800.00","28,600.00","27,550.00","27,650.00",300.00,0.01,"20,579,501.00"
26/08/2025,"26,250.00","27,400.00","26,100.00","27,350.00","1,150.00",0.04,"21,984,000.00"
25/08/2025,"28,200.00","28,400.00","25,950.00","26,200.00","-1,650.00",-0.06,"37,876,509.00"
22/08/2025,"29,000.00","29,400.00","27,650.00","27,850.00","-1,600.00",-0.05,"44,909,882.00"
21/08/2025,"28,300.00","29,500.00","28,000.00","29,450.00","1,450.00",0.05,"46,146,403.00"
20/08/2025,"28,500.00","28,500.00","26,900.00","28,000.00",-450.00,-0.02,"36,583,500.00"
19/08/2025,"27,050.00","28,700.00","27,000.00","28,450.00","1,400.00",0.05,"42,818,531.00"
18/08/2025,"26,800.00","27,500.00","26,350.00","27,050.00",500.00,0.02,"29,134,100.00"
15/08/2025,"27,300.00","27,600.00","26,350.00","26,550.00",350.00,0.01,"29,991,500.00"
14/08/2025,"24,750.00","26,200.00","24,700.00","26,200.00","1,700.00",0.07,"34,889,501.00"
13/08/2025,"24,400.00","24,650.00","24,150.00","24,500.00",250.00,0.01,"22,664,867.00"
12/08/2025,"24,500.00","24,550.00","24,100.00","24,250.00",-150.00,-0.01,"14,652,201.00"
11/08/2025,"24,300.00","24,700.00","24,250.00","24,400.00",150.00,0.01,"16,056,300.00"
08/08/2025,"24,500.00","24,800.00","24,000.00","24,250.00",-150.00,-0.01,"15,843,101.00"
07/08/2025,"24,400.00","24,650.00","24,100.00","24,400.00",200.00,0.01,"19,661,100.00"
06/08/2025,"23,700.00","24,400.00","23,700.00","24,200.00",750.00,0.03,"16,634,903.00"
05/08/2025,"23,500.00","24,500.00","23,300.00","23,450.00",150.00,0.01,"45,505,601.00"
04/08/2025,"23,000.00","23,300.00","22,800.00","23,300.00",300.00,0.01,"12,350,500.00"
01/08/2025,"23,000.00","23,050.00","22,800.00","23,000.00",0.00,0.00,"12,206,600.00"
31/07/2025,"23,200.00","23,250.00","22,700.00","23,000.00",0.00,0.00,"12,062,653.00"
30/07/2025,"22,750.00","23,100.00","22,700.00","23,000.00",250.00,0.01,"16,763,184.00"
29/07/2025,"23,900.00","23,950.00","22,750.00","22,750.00","-1,100.00",-0.05,"41,410,435.00"
28/07/2025,"23,700.00","23,850.00","23,500.00","23,850.00",250.00,0.01,"17,578,501.00"
25/07/2025,"23,450.00","23,700.00","23,450.00","23,600.00",400.00,0.02,"17,559,600.00"
24/07/2025,"23,150.00","23,500.00","23,100.00","23,200.00",200.00,0.01,"15,699,500.00"
23/07/2025,"23,050.00","23,150.00","22,900.00","23,000.00",100.00,0.00,"15,682,602.00"
22/07/2025,"22,850.00","22,900.00","22,600.00","22,900.00",50.00,0.00,"12,991,352.00"
21/07/2025,"22,700.00","23,100.00","22,650.00","22,850.00",200.00,0.01,"19,880,940.00"
18/07/2025,"22,500.00","22,750.00","22,400.00","22,650.00",200.00,0.01,"18,844,712.00"
17/07/2025,"22,450.00","22,550.00","22,400.00","22,450.00",0.00,0.00,"16,094,900.00"
16/07/2025,"22,450.00","22,550.00","22,300.00","22,450.00",0.00,0.00,"10,391,902.00"
15/07/2025,"22,700.00","22,800.00","22,450.00","22,450.00",-250.00,-0.01,"15,450,502.00"
14/07/2025,"22,750.00","22,850.00","22,350.00","22,700.00",0.00,0.00,"13,160,210.00"
11/07/2025,"22,550.00","22,750.00","22,500.00","22,700.00",150.00,0.01,"16,023,232.00"
10/07/2025,"22,650.00","22,700.00","22,400.00","22,550.00",100.00,0.00,"9,132,513.00"
09/07/2025,"22,250.00","22,500.00","22,250.00","22,450.00",200.00,0.01,"21,444,513.00"
08/07/2025,"22,400.00","22,400.00","22,100.00","22,250.00",0.00,0.00,"16,144,607.00"
07/07/2025,"22,050.00","22,350.00","21,900.00","22,250.00",400.00,0.02,"18,757,420.00"
04/07/2025,"21,450.00","22,200.00","21,450.00","21,850.00",450.00,0.02,"27,655,100.00"
03/07/2025,"21,350.00","21,600.00","21,300.00","21,400.00",100.00,0.00,"16,225,501.00"
02/07/2025,"21,300.00","21,450.00","21,250.00","21,300.00",0.00,0.00,"8,472,000.00"
01/07/2025,"21,300.00","21,400.00","21,250.00","21,300.00",0.00,0.00,"7,527,601.00"
30/06/2025,"21,250.00","21,300.00","21,150.00","21,300.00",100.00,0.00,"6,039,703.00"
27/06/2025,"21,300.00","21,300.00","21,150.00","21,200.00",0.00,0.00,"6,312,400.00"
26/06/2025,"21,300.00","21,350.00","21,150.00","21,200.00",-50.00,0.00,"9,897,400.00"
25/06/2025,"21,350.00","21,450.00","21,250.00","21,250.00",-50.00,0.00,"7,771,701.00"
24/06/2025,"21,450.00","21,600.00","21,300.00","21,300.00",-50.00,0.00,"8,571,602.00"
23/06/2025,"21,400.00","21,450.00","21,250.00","21,350.00",-100.00,0.00,"10,979,102.00"
20/06/2025,"21,300.00","21,750.00","21,300.00","21,450.00",150.00,0.01,"15,752,603.00"
19/06/2025,"21,300.00","21,350.00","21,150.00","21,300.00",0.00,0.00,"8,460,501.00"
18/06/2025,"21,200.00","21,350.00","21,150.00","21,300.00",100.00,0.00,"8,638,501.00"
17/06/2025,"21,400.00","21,450.00","21,150.00","21,200.00",-100.00,0.00,"12,436,500.00"
16/06/2025,"21,000.00","21,300.00","20,950.00","21,300.00",250.00,0.01,"9,706,603.00"
13/06/2025,"21,000.00","21,350.00","20,900.00","21,050.00",0.00,0.00,"11,049,100.00"
12/06/2025,"21,050.00","21,150.00","20,950.00","21,050.00",100.00,0.00,"6,547,501.00"
11/06/2025,"21,000.00","21,050.00","20,900.00","20,950.00",0.00,0.00,"4,467,100.00"
10/06/2025,"21,050.00","21,050.00","20,900.00","20,950.00",0.00,0.00,"10,899,600.00"
09/06/2025,"21,000.00","21,050.00","20,900.00","20,950.00",-50.00,0.00,"5,725,200.00"
06/06/2025,"21,050.00","21,200.00","21,000.00","21,000.00",0.00,0.00,"10,620,102.00"
05/06/2025,"21,150.00","21,200.00","21,000.00","21,000.00",-100.00,0.00,"6,316,503.00"
04/06/2025,"21,300.00","21,350.00","21,100.00","21,100.00",-150.00,-0.01,"7,185,501.00"
03/06/2025,"21,150.00","21,300.00","21,150.00","21,250.00",150.00,0.01,"8,159,100.00"
02/06/2025,"21,100.00","21,200.00","21,000.00","21,100.00",0.00,0.00,"8,187,502.00"
30/05/2025,"21,300.00","21,350.00","21,100.00","21,100.00",-200.00,-0.01,"10,517,901.00"
29/05/2025,"21,450.00","21,500.00","21,300.00","21,300.00",-100.00,0.00,"9,271,601.00"
28/05/2025,"21,500.00","21,550.00","21,350.00","21,400.00",-50.00,0.00,"8,191,901.00"
27/05/2025,"21,600.00","21,600.00","21,400.00","21,450.00",-50.00,0.00,"10,172,201.00"
26/05/2025,"21,600.00","21,650.00","21,100.00","21,500.00",-100.00,0.00,"9,939,205.00"
23/05/2025,"21,550.00","21,600.00","21,450.00","21,600.00",250.00,0.01,"16,924,721.00"
22/05/2025,"21,473.16","21,514.93","21,306.05","21,347.83",-100.00,0.00,"21,033,202.00"
21/05/2025,"21,514.93","21,640.26","21,389.60","21,431.38",50.00,0.00,"12,544,001.00"
20/05/2025,"21,306.05","21,431.38","21,222.50","21,389.60",200.00,0.01,"17,581,630.00"
19/05/2025,"21,264.27","21,473.16","21,138.94","21,222.50",-50.00,0.00,"21,373,850.00"
16/05/2025,"21,473.16","21,473.16","21,264.27","21,264.27",-100.00,0.00,"15,365,800.00"
15/05/2025,"21,306.05","21,431.38","20,971.84","21,347.83",750.00,0.03,"27,231,201.00"
14/05/2025,"20,595.85","20,846.51","20,595.85","20,721.18",200.00,0.01,"12,136,493.00"
13/05/2025,"20,512.29","20,637.62","20,428.74","20,554.07",200.00,0.01,"12,690,202.00"
12/05/2025,"20,261.64","20,428.74","20,178.08","20,386.97",250.00,0.01,"11,189,806.00"
09/05/2025,"20,428.74","20,428.74","20,136.31","20,178.08",0.00,0.00,"14,939,300.00"
08/05/2025,"20,136.31","20,178.08","20,010.98","20,178.08",150.00,0.01,"9,554,450.00"
07/05/2025,"20,219.86","20,219.86","20,010.98","20,052.75",0.00,0.00,"10,470,800.00"
06/05/2025,"20,094.53","20,219.86","20,052.75","20,052.75",-50.00,0.00,"9,432,502.00"
05/05/2025,"20,261.64","20,261.64","20,052.75","20,094.53",0.00,0.00,"6,672,000.00"
29/04/2025,"20,010.98","20,219.86","20,010.98","20,094.53",100.00,0.00,"3,696,800.00"
28/04/2025,"20,094.53","20,094.53","19,927.42","20,010.98",50.00,0.00,"6,005,500.00"
25/04/2025,"20,386.97","20,386.97","19,969.20","19,969.20",-250.00,-0.01,"18,345,603.00"
24/04/2025,"20,386.97","20,512.29","20,178.08","20,178.08",-450.00,-0.02,"8,251,000.00"
23/04/2025,"20,554.07","20,554.07","20,178.08","20,554.07",500.00,0.02,"6,832,100.00"
22/04/2025,"20,303.41","20,386.97","18,924.79","20,136.31",0.00,0.00,"13,607,200.00"
21/04/2025,"20,345.19","20,470.52","20,136.31","20,136.31",-400.00,-0.02,"7,296,002.00"
18/04/2025,"20,470.52","20,679.40","20,428.74","20,470.52",200.00,0.01,"10,996,501.00"
17/04/2025,"20,470.52","20,512.29","20,136.31","20,303.41",0.00,0.00,"10,864,900.00"
16/04/2025,"20,428.74","20,637.62","20,178.08","20,303.41",200.00,0.01,"11,482,101.00"
15/04/2025,"20,554.07","20,637.62","20,136.31","20,136.31",-700.00,-0.03,"16,761,800.00"
14/04/2025,"20,762.95","21,180.72","20,554.07","20,721.18",-50.00,0.00,"22,806,041.00"
11/04/2025,"20,721.18","20,804.73","20,010.98","20,762.95","1,550.00",0.07,"43,858,600.00"
10/04/2025,"19,467.88","19,467.88","19,467.88","19,467.88","1,500.00",0.07,"5,831,701.00"
09/04/2025,"17,337.28","19,091.89","17,337.28","18,214.58",-350.00,-0.02,"38,484,501.00"
08/04/2025,"19,300.77","19,467.88","18,507.02","18,507.02","-1,650.00",-0.07,"54,028,805.00"
04/04/2025,"18,966.56","19,885.65","18,799.46","19,885.65",-350.00,-0.01,"72,316,401.00"
03/04/2025,"21,013.61","21,180.72","20,178.08","20,178.08","-1,800.00",-0.07,"41,976,300.00"
02/04/2025,"21,807.37","21,890.92","21,640.26","21,682.04",-100.00,0.00,"13,447,003.00"
01/04/2025,"21,723.82","21,765.59","21,640.26","21,765.59",50.00,0.00,"3,049,502.00"
31/03/2025,"21,598.49","21,723.82","21,556.71","21,723.82",50.00,0.00,"10,514,000.00"
28/03/2025,"21,723.82","21,765.59","21,598.49","21,682.04",-50.00,0.00,"10,417,503.00"
27/03/2025,"21,723.82","21,890.92","21,682.04","21,723.82",-150.00,-0.01,"6,649,101.00"
26/03/2025,"21,974.47","22,099.80","21,807.37","21,849.14",-150.00,-0.01,"10,733,902.00"
25/03/2025,"22,058.03","22,099.80","21,849.14","21,974.47",-50.00,0.00,"6,865,901.00"
24/03/2025,"21,932.70","22,016.25","21,765.59","22,016.25",250.00,0.01,"8,408,305.00"
21/03/2025,"21,932.70","21,974.47","21,807.37","21,807.37",-150.00,-0.01,"11,854,091.00"
20/03/2025,"22,058.03","22,099.80","21,849.14","21,932.70",50.00,0.00,"5,048,701.00"
19/03/2025,"21,974.47","21,974.47","21,765.59","21,890.92",-100.00,0.00,"8,792,403.00"
18/03/2025,"21,974.47","22,183.36","21,932.70","21,974.47",100.00,0.00,"6,611,501.00"
17/03/2025,"21,807.37","21,932.70","21,723.82","21,890.92",200.00,0.01,"6,484,401.00"
14/03/2025,"21,890.92","21,890.92","21,640.26","21,723.82",-100.00,0.00,"12,170,100.00"
13/03/2025,"22,016.25","22,099.80","21,807.37","21,807.37",-200.00,-0.01,"13,510,501.00"
12/03/2025,"22,141.58","22,308.69","21,890.92","21,974.47",-150.00,-0.01,"8,814,301.00"
11/03/2025,"21,974.47","22,099.80","21,807.37","22,099.80",0.00,0.00,"12,961,405.00"
10/03/2025,"22,308.69","22,350.46","22,058.03","22,099.80",-200.00,-0.01,"11,003,403.00"
07/03/2025,"22,141.58","22,392.24","22,016.25","22,266.91",250.00,0.01,"12,984,900.00"
06/03/2025,"21,932.70","22,058.03","21,849.14","22,058.03",250.00,0.01,"5,991,000.00"
05/03/2025,"21,974.47","22,266.91","21,849.14","21,849.14",0.00,0.00,"11,670,700.00"
04/03/2025,"21,640.26","21,890.92","21,556.71","21,849.14",150.00,0.01,"9,957,304.00"
03/03/2025,"21,723.82","21,765.59","21,556.71","21,723.82",0.00,0.00,"23,608,401.00"
28/02/2025,"21,723.82","21,890.92","21,556.71","21,723.82",-100.00,0.00,"9,620,702.00"
27/02/2025,"21,723.82","21,807.37","21,598.49","21,807.37",150.00,0.01,"6,366,801.00"
26/02/2025,"21,765.59","21,807.37","21,682.04","21,682.04",-50.00,0.00,"5,378,561.00"
25/02/2025,"21,849.14","21,932.70","21,723.82","21,723.82",-150.00,-0.01,"6,919,604.00"
24/02/2025,"21,765.59","21,932.70","21,765.59","21,849.14",-50.00,0.00,"7,244,726.00"
21/02/2025,"21,723.82","22,016.25","21,682.04","21,890.92",250.00,0.01,"12,719,310.00"
20/02/2025,"21,598.49","21,682.04","21,514.93","21,682.04",150.00,0.01,"6,736,703.00"
19/02/2025,"21,514.93","21,640.26","21,473.16","21,556.71",50.00,0.00,"5,423,705.00"
18/02/2025,"21,556.71","21,723.82","21,514.93","21,514.93",-50.00,0.00,"5,307,415.00"
17/02/2025,"21,682.04","21,682.04","21,514.93","21,556.71",50.00,0.00,"5,754,831.00"
14/02/2025,"21,682.04","21,682.04","21,473.16","21,514.93",50.00,0.00,"8,389,276.00"
13/02/2025,"21,431.38","21,514.93","21,347.83","21,473.16",50.00,0.00,"5,749,901.00"
12/02/2025,"21,640.26","21,723.82","21,431.38","21,431.38",-200.00,-0.01,"6,970,600.00"
11/02/2025,"21,598.49","21,682.04","21,473.16","21,598.49",50.00,0.00,"5,787,402.00"
10/02/2025,"21,431.38","21,849.14","21,306.05","21,556.71",100.00,0.00,"14,317,100.00"
07/02/2025,"21,306.05","21,556.71","21,222.50","21,473.16",200.00,0.01,"10,168,300.00"
06/02/2025,"21,306.05","21,431.38","21,222.50","21,306.05",100.00,0.00,"6,090,301.00"
05/02/2025,"21,097.17","21,222.50","21,055.39","21,222.50",150.00,0.01,"7,555,106.00"
04/02/2025,"21,097.17","21,180.72","20,930.06","21,097.17",150.00,0.01,"4,998,001.00"
03/02/2025,"20,930.06","21,138.94","20,804.73","20,971.84",-250.00,-0.01,"12,449,102.00"
24/01/2025,"21,055.39","21,306.05","21,055.39","21,180.72",50.00,0.00,"4,898,642.00"
23/01/2025,"20,804.73","21,222.50","20,804.73","21,138.94",450.00,0.02,"10,896,833.00"
22/01/2025,"20,888.28","20,888.28","20,721.18","20,762.95",-100.00,0.00,"6,188,034.00"
21/01/2025,"20,930.06","20,971.84","20,762.95","20,846.51",-50.00,0.00,"4,542,626.00"
20/01/2025,"20,846.51","20,930.06","20,721.18","20,888.28",50.00,0.00,"4,004,475.00"
17/01/2025,"20,762.95","20,888.28","20,721.18","20,846.51",100.00,0.00,"2,808,931.00"
16/01/2025,"20,762.95","20,930.06","20,637.62","20,762.95",-50.00,0.00,"5,005,520.00"
15/01/2025,"20,762.95","20,846.51","20,595.85","20,804.73",250.00,0.01,"7,425,142.00"
14/01/2025,"20,679.40","20,721.18","20,470.52","20,595.85",-100.00,0.00,"5,289,932.00"
13/01/2025,"20,470.52","20,762.95","20,470.52","20,679.40",50.00,0.00,"4,747,540.00"
10/01/2025,"20,804.73","20,846.51","20,637.62","20,637.62",-250.00,-0.01,"4,710,923.00"
09/01/2025,"20,846.51","20,888.28","20,762.95","20,846.51",-50.00,0.00,"3,864,330.00"
08/01/2025,"20,888.28","20,888.28","20,721.18","20,888.28",0.00,0.00,"4,522,146.00"
07/01/2025,"20,721.18","20,930.06","20,721.18","20,888.28",200.00,0.01,"5,022,156.00"
06/01/2025,"20,888.28","20,930.06","20,679.40","20,721.18",-300.00,-0.01,"16,386,625.00"
03/01/2025,"21,306.05","21,347.83","20,971.84","20,971.84",-500.00,-0.02,"22,291,026.00"
02/01/2025,"21,389.60","21,473.16","21,222.50","21,389.60",-200.00,-0.01,"5,131,327.00"
31/12/2024,"21,222.50","21,556.71","21,180.72","21,556.71",400.00,0.02,"8,841,039.00"
30/12/2024,"21,180.72","21,431.38","21,180.72","21,222.50",-150.00,-0.01,"5,000,494.00"
27/12/2024,"21,389.60","21,473.16","21,306.05","21,347.83",0.00,0.00,"11,739,945.00"
26/12/2024,"21,264.27","21,347.83","21,222.50","21,347.83",100.00,0.00,"16,424,331.00"
25/12/2024,"20,888.28","21,389.60","20,846.51","21,264.27",450.00,0.02,"10,012,342.00"
24/12/2024,"20,804.73","20,888.28","20,721.18","20,888.28",100.00,0.00,"5,001,041.00"
23/12/2024,"20,762.95","20,846.51","20,721.18","20,804.73",100.00,0.00,"6,909,009.00"
20/12/2024,"20,762.95","20,804.73","20,679.40","20,721.18",0.00,0.00,"4,760,933.00"
19/12/2024,"20,930.06","20,930.06","20,637.62","20,721.18",-350.00,-0.01,"12,364,044.00"
18/12/2024,"21,097.17","21,097.17","20,971.84","21,013.61",-50.00,0.00,"3,528,665.00"
17/12/2024,"21,097.17","21,097.17","20,930.06","21,055.39",50.00,0.00,"5,964,239.00"
16/12/2024,"21,013.61","21,097.17","20,930.06","21,013.61",0.00,0.00,"5,193,794.00"
13/12/2024,"21,138.94","21,138.94","20,971.84","21,013.61",-150.00,-0.01,"10,650,030.00"
12/12/2024,"21,222.50","21,306.05","21,097.17","21,138.94",-100.00,0.00,"8,512,283.00"
11/12/2024,"21,180.72","21,306.05","21,055.39","21,222.50",50.00,0.00,"8,847,389.00"
10/12/2024,"21,306.05","21,306.05","21,180.72","21,180.72",-150.00,-0.01,"6,655,538.00"
09/12/2024,"21,389.60","21,431.38","21,180.72","21,306.05",-150.00,-0.01,"9,036,949.00"
06/12/2024,"21,306.05","21,514.93","21,306.05","21,431.38",-50.00,0.00,"10,127,600.00"
05/12/2024,"20,888.28","21,473.16","20,846.51","21,473.16",650.00,0.03,"8,287,102.00"
04/12/2024,"20,846.51","20,930.06","20,762.95","20,930.06",50.00,0.00,"6,395,502.00"
03/12/2024,"21,055.39","21,055.39","20,846.51","20,888.28",-150.00,-0.01,"7,867,400.00"
02/12/2024,"21,097.17","21,180.72","20,930.06","21,013.61",-50.00,0.00,"4,701,802.00"
29/11/2024,"21,013.61","21,055.39","20,888.28","21,055.39",50.00,0.00,"4,550,001.00"
28/11/2024,"21,013.61","21,055.39","20,846.51","21,013.61",100.00,0.00,"4,828,102.00"
27/11/2024,"20,846.51","21,055.39","20,846.51","20,930.06",50.00,0.00,"4,043,801.00"
26/11/2024,"20,804.73","20,971.84","20,762.95","20,888.28",100.00,0.00,"5,997,800.00"
25/11/2024,"20,846.51","20,888.28","20,721.18","20,804.73",-50.00,0.00,"5,819,602.00"
22/11/2024,"20,762.95","20,846.51","20,595.85","20,846.51",100.00,0.00,"7,843,300.00"
21/11/2024,"20,470.52","20,762.95","20,261.64","20,762.95",350.00,0.01,"8,184,301.00"
20/11/2024,"20,219.86","20,512.29","20,178.08","20,470.52",200.00,0.01,"9,542,487.00"
19/11/2024,"20,470.52","20,512.29","20,303.41","20,303.41",-200.00,-0.01,"7,334,100.00"
18/11/2024,"20,386.97","20,554.07","20,136.31","20,470.52",100.00,0.00,"12,680,293.00"
15/11/2024,"20,512.29","20,554.07","20,303.41","20,386.97",-150.00,-0.01,"29,653,002.00"
14/11/2024,"20,595.85","20,762.95","20,512.29","20,512.29",-350.00,-0.01,"9,120,701.00"
13/11/2024,"20,721.18","20,804.73","20,554.07","20,804.73",50.00,0.00,"15,072,900.00"
12/11/2024,"20,721.18","20,846.51","20,595.85","20,762.95",0.00,0.00,"4,287,900.00"
11/11/2024,"20,804.73","20,888.28","20,595.85","20,762.95",-50.00,0.00,"7,318,306.00"
08/11/2024,"20,971.84","21,055.39","20,679.40","20,804.73",-200.00,-0.01,"8,541,402.00"
07/11/2024,"21,055.39","21,138.94","20,804.73","20,971.84",0.00,0.00,"5,136,201.00"
06/11/2024,"20,804.73","21,055.39","20,721.18","20,971.84",350.00,0.01,"7,262,400.00"
05/11/2024,"20,721.18","20,804.73","20,679.40","20,679.40",0.00,0.00,"3,157,300.00"
04/11/2024,"20,888.28","20,930.06","20,595.85","20,679.40",-150.00,-0.01,"17,029,178.00"
01/11/2024,"21,138.94","21,222.50","20,804.73","20,804.73",-500.00,-0.02,"8,248,158.00"
31/10/2024,"20,971.84","21,264.27","20,930.06","21,222.50",300.00,0.01,"5,191,604.00"
30/10/2024,"21,055.39","21,097.17","20,846.51","20,971.84",-100.00,0.00,"7,182,400.00"
29/10/2024,"21,138.94","21,138.94","20,971.84","21,055.39",50.00,0.00,"5,561,461.00"
28/10/2024,"20,804.73","21,013.61","20,679.40","21,013.61",250.00,0.01,"5,315,602.00"
25/10/2024,"20,888.28","20,971.84","20,762.95","20,804.73",-100.00,0.00,"10,970,402.00"
24/10/2024,"21,222.50","21,264.27","20,888.28","20,888.28",-400.00,-0.02,"12,246,700.00"
23/10/2024,"21,222.50","21,347.83","21,013.61","21,222.50",0.00,0.00,"7,740,100.00"
22/10/2024,"21,556.71","21,598.49","21,222.50","21,222.50",-400.00,-0.02,"12,425,302.00"
21/10/2024,"21,723.82","21,807.37","21,556.71","21,556.71",-300.00,-0.01,"5,572,006.00"
18/10/2024,"21,932.70","22,141.58","21,682.04","21,807.37",-50.00,0.00,"11,820,305.00"
17/10/2024,"21,640.26","21,849.14","21,514.93","21,849.14",400.00,0.02,"10,046,786.00"
16/10/2024,"21,514.93","21,598.49","21,389.60","21,514.93",-100.00,0.00,"5,885,601.00"
15/10/2024,"21,682.04","21,890.92","21,556.71","21,598.49",-100.00,0.00,"7,109,800.00"
14/10/2024,"21,849.14","21,932.70","21,682.04","21,682.04",-150.00,-0.01,"9,386,900.00"
11/10/2024,"21,807.37","21,849.14","21,640.26","21,807.37",-100.00,0.00,"7,182,300.00"
10/10/2024,"22,058.03","22,141.58","21,765.59","21,890.92",-50.00,0.00,"9,889,401.00"
09/10/2024,"21,389.60","21,932.70","21,347.83","21,932.70",750.00,0.03,"22,023,200.00"
08/10/2024,"21,306.05","21,431.38","21,180.72","21,306.05",50.00,0.00,"6,522,703.00"
07/10/2024,"21,306.05","21,473.16","21,180.72","21,264.27",50.00,0.00,"6,769,700.00"
04/10/2024,"21,473.16","21,514.93","21,222.50","21,222.50",-300.00,-0.01,"8,664,100.00"
03/10/2024,"21,682.04","21,974.47","21,473.16","21,473.16",-100.00,0.00,"14,798,400.00"
02/10/2024,"21,473.16","21,807.37","21,389.60","21,556.71",50.00,0.00,"10,112,400.00"
01/10/2024,"21,514.93","21,849.14","21,514.93","21,514.93",0.00,0.00,"10,408,300.00"
30/09/2024,"21,473.16","21,682.04","21,473.16","21,514.93",-150.00,-0.01,"15,961,604.00"
27/09/2024,"21,723.82","22,058.03","21,640.26","21,640.26",-100.00,0.00,"11,064,500.00"
26/09/2024,"21,974.47","22,016.25","21,723.82","21,723.82",-200.00,-0.01,"18,712,201.00"
25/09/2024,"21,723.82","21,890.92","21,556.71","21,890.92",400.00,0.02,"27,136,541.00"
24/09/2024,"21,431.38","21,556.71","21,222.50","21,556.71",150.00,0.01,"16,509,100.00"
23/09/2024,"21,473.16","21,723.82","21,389.60","21,431.38",0.00,0.00,"11,139,400.00"
20/09/2024,"20,804.73","21,556.71","20,804.73","21,431.38",850.00,0.03,"34,520,900.00"
19/09/2024,"20,679.40","20,762.95","20,554.07","20,721.18",150.00,0.01,"5,239,401.00"
18/09/2024,"20,470.52","20,679.40","20,345.19","20,595.85",150.00,0.01,"8,968,503.00"
17/09/2024,"20,178.08","20,470.52","20,136.31","20,470.52",350.00,0.01,"4,124,316.00"
16/09/2024,"20,386.97","20,512.29","20,178.08","20,178.08",-250.00,-0.01,"3,932,403.00"
13/09/2024,"20,386.97","20,428.74","20,261.64","20,386.97",-50.00,0.00,"2,370,800.00"
12/09/2024,"20,261.64","20,470.52","20,219.86","20,428.74",300.00,0.01,"2,837,700.00"
11/09/2024,"20,178.08","20,261.64","20,136.31","20,178.08",-100.00,0.00,"3,684,101.00"
10/09/2024,"20,428.74","20,512.29","20,136.31","20,261.64",-200.00,-0.01,"6,333,502.00"
09/09/2024,"20,512.29","20,554.07","20,303.41","20,428.74",-150.00,-0.01,"7,921,902.00"
06/09/2024,"20,470.52","20,554.07","20,428.74","20,554.07",100.00,0.00,"5,974,500.00"
05/09/2024,"20,595.85","20,637.62","20,428.74","20,470.52",-150.00,-0.01,"3,870,600.00"
04/09/2024,"20,470.52","20,637.62","20,428.74","20,595.85",-150.00,-0.01,"11,713,404.00"
30/08/2024,"20,595.85","20,721.18","20,595.85","20,721.18",150.00,0.01,"4,906,704.00"
29/08/2024,"20,512.29","20,804.73","20,512.29","20,595.85",150.00,0.01,"12,828,001.00"
28/08/2024,"20,470.52","20,512.29","20,386.97","20,470.52",50.00,0.00,"7,700,405.00"
27/08/2024,"20,428.74","20,470.52","20,386.97","20,428.74",0.00,0.00,"5,038,101.00"
26/08/2024,"20,512.29","20,512.29","20,386.97","20,428.74",0.00,0.00,"7,120,500.00"
23/08/2024,"20,386.97","20,470.52","20,261.64","20,428.74",50.00,0.00,"6,122,906.00"
22/08/2024,"20,470.52","20,512.29","20,303.41","20,386.97",0.00,0.00,"7,789,104.00"
21/08/2024,"20,094.53","20,386.97","20,094.53","20,386.97",300.00,0.01,"7,756,900.00"
20/08/2024,"20,094.53","20,303.41","20,052.75","20,136.31",50.00,0.00,"7,578,701.00"
19/08/2024,"20,052.75","20,178.08","20,010.98","20,094.53",50.00,0.00,"7,296,528.00"
16/08/2024,"19,634.99","20,052.75","19,634.99","20,052.75",500.00,0.02,"7,901,200.00"
15/08/2024,"19,676.76","19,718.54","19,593.21","19,634.99",-50.00,0.00,"5,983,475.00"
14/08/2024,"19,802.09","19,885.65","19,676.76","19,676.76",-50.00,0.00,"3,316,803.00"
13/08/2024,"19,676.76","19,885.65","19,634.99","19,718.54",-200.00,-0.01,"3,085,001.00"
12/08/2024,"19,718.54","19,885.65","19,467.88","19,885.65",200.00,0.01,"6,238,604.00"
09/08/2024,"19,551.43","19,718.54","19,467.88","19,718.54",350.00,0.02,"3,241,900.00"
08/08/2024,"19,426.10","19,634.99","19,426.10","19,426.10",-150.00,-0.01,"5,821,701.00"
07/08/2024,"19,718.54","19,718.54","19,467.88","19,551.43",-100.00,0.00,"5,211,000.00"
06/08/2024,"19,634.99","19,760.32","19,426.10","19,634.99",300.00,0.01,"8,306,901.00"
05/08/2024,"19,718.54","19,927.42","19,342.55","19,384.33",-750.00,-0.03,"31,570,603.00"
02/08/2024,"19,969.20","20,052.75","19,760.32","20,010.98",0.00,0.00,"13,806,000.00"
01/08/2024,"20,470.52","20,554.07","20,010.98","20,010.98",-600.00,-0.02,"12,029,002.00"
31/07/2024,"20,219.86","20,512.29","20,136.31","20,512.29",400.00,0.02,"8,548,700.00"
30/07/2024,"20,052.75","20,178.08","20,010.98","20,178.08",0.00,0.00,"7,224,200.00"
29/07/2024,"20,303.41","20,303.41","20,094.53","20,178.08",50.00,0.00,"4,343,716.00"
26/07/2024,"20,136.31","20,178.08","20,052.75","20,136.31",50.00,0.00,"3,682,400.00"
25/07/2024,"20,178.08","20,178.08","19,885.65","20,094.53",-150.00,-0.01,"8,530,700.00"
24/07/2024,"20,052.75","20,386.97","19,885.65","20,219.86",200.00,0.01,"12,683,401.00"
23/07/2024,"20,721.18","20,804.73","20,052.75","20,052.75",-750.00,-0.03,"16,861,000.00"
22/07/2024,"20,971.84","21,055.39","20,595.85","20,679.40",-350.00,-0.01,"17,755,201.00"
19/07/2024,"20,721.18","21,138.94","20,595.85","20,971.84",300.00,0.01,"18,467,801.00"
18/07/2024,"20,470.52","20,971.84","20,470.52","20,721.18",300.00,0.01,"11,715,201.00"
17/07/2024,"20,303.41","21,055.39","20,219.86","20,470.52",400.00,0.02,"29,190,401.00"
16/07/2024,"20,052.75","20,303.41","20,010.98","20,136.31",150.00,0.01,"16,018,700.00"
15/07/2024,"20,052.75","20,094.53","19,969.20","20,010.98",-50.00,0.00,"5,981,501.00"
12/07/2024,"20,136.31","20,178.08","19,885.65","20,052.75",-150.00,-0.01,"14,797,800.00"
11/07/2024,"20,345.19","20,345.19","20,178.08","20,178.08",-100.00,0.00,"4,990,300.00"
10/07/2024,"20,470.52","20,470.52","20,261.64","20,261.64",-50.00,0.00,"11,671,500.00"
09/07/2024,"20,178.08","20,386.97","20,094.53","20,303.41",50.00,0.00,"8,685,201.00"
08/07/2024,"20,303.41","20,345.19","20,136.31","20,261.64",-50.00,0.00,"12,410,300.00"
05/07/2024,"20,178.08","20,303.41","20,052.75","20,303.41",150.00,0.01,"7,335,001.00"
04/07/2024,"20,303.41","20,345.19","20,010.98","20,178.08",-100.00,0.00,"7,588,101.00"
03/07/2024,"20,178.08","20,386.97","20,010.98","20,261.64",200.00,0.01,"8,968,800.00"
02/07/2024,"19,885.65","20,136.31","19,802.09","20,094.53",250.00,0.01,"6,016,300.00"
01/07/2024,"19,885.65","19,927.42","19,718.54","19,885.65",0.00,0.00,"3,933,500.00"
28/06/2024,"19,885.65","20,052.75","19,843.87","19,885.65",-150.00,-0.01,"13,972,830.00"
27/06/2024,"20,052.75","20,136.31","19,885.65","20,010.98",-150.00,-0.01,"5,103,300.00"
26/06/2024,"20,052.75","20,136.31","19,718.54","20,136.31",50.00,0.00,"13,096,500.00"
25/06/2024,"20,052.75","20,219.86","19,969.20","20,094.53",-50.00,0.00,"8,784,401.00"
24/06/2024,"20,554.07","20,554.07","19,969.20","20,136.31",-450.00,-0.02,"14,552,100.00"
21/06/2024,"20,762.95","20,762.95","20,470.52","20,512.29",-250.00,-0.01,"5,122,000.00"
20/06/2024,"20,512.29","20,762.95","20,386.97","20,721.18",150.00,0.01,"10,530,700.00"
19/06/2024,"20,512.29","20,637.62","20,261.64","20,595.85",100.00,0.00,"7,809,500.00"
18/06/2024,"20,637.62","20,637.62","20,386.97","20,512.29",0.00,0.00,"6,154,600.00"
17/06/2024,"20,554.07","20,554.07","20,261.64","20,512.29",-50.00,0.00,"6,368,600.00"
14/06/2024,"20,637.62","20,804.73","20,554.07","20,554.07",-200.00,-0.01,"11,535,000.00"
13/06/2024,"20,512.29","20,804.73","20,386.97","20,721.18",250.00,0.01,"13,016,400.00"
12/06/2024,"20,178.08","20,512.29","19,969.20","20,512.29",400.00,0.02,"11,889,700.00"
11/06/2024,"20,386.97","20,428.74","20,136.31","20,178.08",-250.00,-0.01,"10,300,500.00"
10/06/2024,"20,554.07","20,637.62","20,303.41","20,386.97",-200.00,-0.01,"9,384,900.00"
07/06/2024,"20,512.29","20,595.85","20,303.41","20,554.07",250.00,0.01,"6,787,101.00"
06/06/2024,"20,386.97","20,470.52","20,303.41","20,345.19",0.00,0.00,"8,027,700.00"
05/06/2024,"20,679.40","20,679.40","20,303.41","20,345.19",-150.00,-0.01,"11,319,900.00"
04/06/2024,"20,721.18","20,721.18","20,428.74","20,470.52",-300.00,-0.01,"9,924,200.00"
03/06/2024,"20,762.95","20,846.51","20,554.07","20,721.18",150.00,0.01,"17,805,500.00"
31/05/2024,"20,888.28","21,138.94","20,595.85","20,595.85",-50.00,0.00,"12,122,401.00"
30/05/2024,"20,458.53","20,633.99","20,247.98","20,633.99",150.00,0.01,"13,111,100.00"
29/05/2024,"20,844.54","20,879.63","20,528.72","20,528.72",-400.00,-0.01,"15,096,401.00"
28/05/2024,"20,844.54","20,844.54","20,563.81","20,809.45",200.00,0.01,"10,686,702.00"
27/05/2024,"20,704.18","20,949.82","20,528.72","20,669.08",200.00,0.01,"9,635,502.00"
24/05/2024,"19,967.25","21,195.46","19,826.88","20,528.72",800.00,0.03,"34,848,201.00"
23/05/2024,"19,651.42","20,002.34","19,651.42","19,967.25",500.00,0.02,"10,619,700.00"
22/05/2024,"19,791.79","19,826.88","19,581.24","19,616.33",-250.00,-0.01,"10,658,500.00"
21/05/2024,"19,826.88","19,861.97","19,546.15","19,791.79",-50.00,0.00,"12,273,400.00"
20/05/2024,"20,002.34","20,037.43","19,791.79","19,826.88",0.00,0.00,"10,087,283.00"
17/05/2024,"19,826.88","19,932.16","19,791.79","19,826.88",0.00,0.00,"9,381,800.00"
16/05/2024,"19,651.42","19,932.16","19,511.05","19,826.88",550.00,0.02,"30,277,901.00"
15/05/2024,"19,546.15","19,546.15","19,440.87","19,440.87",-50.00,0.00,"8,259,000.00"
14/05/2024,"19,440.87","19,581.24","19,405.78","19,475.96",50.00,0.00,"5,955,600.00"
13/05/2024,"19,651.42","19,651.42","19,405.78","19,440.87",0.00,0.00,"5,896,851.00"
10/05/2024,"19,370.69","19,440.87","19,265.41","19,440.87",100.00,0.00,"10,189,800.00"
09/05/2024,"19,370.69","19,511.05","19,300.50","19,370.69",50.00,0.00,"4,208,800.00"
08/05/2024,"19,300.50","19,405.78","19,160.14","19,335.59",-100.00,0.00,"7,037,701.00"
07/05/2024,"19,475.96","19,511.05","19,300.50","19,405.78",50.00,0.00,"7,920,300.00"
06/05/2024,"19,300.50","19,440.87","19,195.23","19,370.69",100.00,0.00,"11,123,001.00"
03/05/2024,"19,019.77","19,300.50","19,019.77","19,300.50",500.00,0.02,"8,718,800.00"
02/05/2024,"18,844.31","19,054.86","18,809.22","18,949.58",150.00,0.01,"4,825,100.00"
26/04/2024,"18,809.22","18,949.58","18,668.85","18,844.31",50.00,0.00,"5,444,000.00"
25/04/2024,"18,949.58","18,984.68","18,774.13","18,809.22",-250.00,-0.01,"5,517,500.00"
24/04/2024,"18,809.22","19,019.77","18,739.03","18,984.68",400.00,0.02,"6,701,200.00"
23/04/2024,"18,809.22","18,914.49","18,633.76","18,703.94",-150.00,-0.01,"8,682,631.00"
22/04/2024,"18,879.40","18,914.49","18,739.03","18,809.22",200.00,0.01,"7,229,387.00"
19/04/2024,"18,668.85","18,809.22","18,563.57","18,668.85",-150.00,-0.01,"11,555,000.00"
17/04/2024,"19,089.95","19,125.04","18,774.13","18,774.13",-400.00,-0.01,"12,592,201.00"
16/04/2024,"18,844.31","19,054.86","18,774.13","19,054.86",300.00,0.01,"18,350,400.00"
15/04/2024,"19,511.05","19,651.42","18,844.31","18,844.31","-1,150.00",-0.04,"19,503,800.00"
12/04/2024,"19,089.95","19,651.42","18,949.58","19,651.42",850.00,0.03,"215,056,492.00"
11/04/2024,"18,949.58","19,054.86","18,879.40","19,054.86",50.00,0.00,"11,286,500.00"
10/04/2024,"19,265.41","19,370.69","19,019.77","19,019.77",-200.00,-0.01,"5,122,000.00"
09/04/2024,"19,054.86","19,160.14","18,984.68","19,160.14",150.00,0.01,"5,391,500.00"
08/04/2024,"19,054.86","19,125.04","18,914.49","19,054.86",0.00,0.00,"6,869,300.00"
05/04/2024,"19,160.14","19,230.32","19,019.77","19,054.86",-400.00,-0.01,"12,439,500.00"
04/04/2024,"19,686.51","19,686.51","19,335.59","19,335.59",-450.00,-0.02,"11,379,500.00"
03/04/2024,"19,791.79","19,932.16","19,581.24","19,651.42",-400.00,-0.01,"12,199,403.00"
02/04/2024,"19,861.97","19,932.16","19,581.24","19,932.16",-50.00,0.00,"14,139,700.00"
01/04/2024,"19,791.79","20,002.34","19,721.60","19,967.25",-50.00,0.00,"7,494,900.00"
29/03/2024,"19,932.16","20,107.61","19,756.70","20,002.34",150.00,0.01,"16,419,701.00"
28/03/2024,"19,861.97","20,072.52","19,791.79","19,897.06",350.00,0.01,"61,330,586.00"
27/03/2024,"19,616.33","19,686.51","19,370.69","19,651.42",50.00,0.00,"6,318,100.00"
26/03/2024,"19,370.69","19,616.33","19,195.23","19,616.33",450.00,0.02,"6,363,401.00"
25/03/2024,"19,686.51","19,686.51","19,300.50","19,300.50",-650.00,-0.02,"12,775,700.00"
22/03/2024,"19,826.88","20,318.17","19,581.24","19,756.70",150.00,0.01,"168,026,000.00"
21/03/2024,"19,440.87","19,651.42","19,335.59","19,651.42",500.00,0.02,"13,236,000.00"
20/03/2024,"18,844.31","19,440.87","18,809.22","19,300.50",650.00,0.02,"14,342,200.00"
19/03/2024,"18,809.22","18,984.68","18,774.13","18,844.31",-50.00,0.00,"7,270,501.00"
18/03/2024,"19,089.95","19,195.23","18,739.03","18,879.40",-450.00,-0.02,"14,269,301.00"
15/03/2024,"19,125.04","19,230.32","18,949.58","19,195.23",100.00,0.00,"9,002,800.00"
14/03/2024,"19,370.69","19,370.69","18,984.68","19,125.04",-400.00,-0.01,"8,224,301.00"
13/03/2024,"18,774.13","19,405.78","18,774.13","19,405.78",900.00,0.03,"9,034,301.00"
12/03/2024,"18,703.94","18,844.31","18,668.85","18,774.13",0.00,0.00,"8,312,600.00"
11/03/2024,"18,984.68","19,019.77","18,703.94","18,774.13",-300.00,-0.01,"12,965,800.00"
08/03/2024,"19,300.50","19,405.78","18,949.58","18,984.68",-450.00,-0.02,"25,017,000.00"
07/03/2024,"19,370.69","19,440.87","19,230.32","19,300.50",-100.00,0.00,"10,165,801.00"
06/03/2024,"19,651.42","19,756.70","19,335.59","19,370.69",-350.00,-0.01,"10,891,602.00"
05/03/2024,"19,511.05","19,651.42","19,335.59","19,616.33",150.00,0.01,"6,482,600.00"
04/03/2024,"19,511.05","19,791.79","19,230.32","19,511.05",0.00,0.00,"13,916,502.00"
01/03/2024,"19,651.42","19,651.42","19,335.59","19,511.05",-200.00,-0.01,"11,193,801.00"
29/02/2024,"19,721.60","19,826.88","19,440.87","19,651.42",0.00,0.00,"9,951,400.00"
28/02/2024,"19,405.78","19,651.42","19,335.59","19,651.42",400.00,0.01,"10,510,800.00"
27/02/2024,"19,440.87","19,440.87","19,195.23","19,370.69",100.00,0.00,"12,054,801.00"
26/02/2024,"19,160.14","19,440.87","19,019.77","19,300.50",200.00,0.01,"10,222,667.00"
23/02/2024,"19,440.87","19,932.16","19,160.14","19,160.14",-350.00,-0.01,"25,975,601.00"
22/02/2024,"19,440.87","19,475.96","19,300.50","19,405.78",-50.00,0.00,"10,801,800.00"
21/02/2024,"19,300.50","19,581.24","19,230.32","19,440.87",150.00,0.01,"10,460,900.00"
20/02/2024,"19,300.50","19,475.96","19,195.23","19,335.59",-150.00,-0.01,"9,376,400.00"
19/02/2024,"19,440.87","19,440.87","19,089.95","19,440.87",100.00,0.00,"12,966,900.00"
16/02/2024,"19,300.50","19,370.69","19,160.14","19,370.69",400.00,0.01,"9,595,400.00"
15/02/2024,"19,686.51","19,932.16","19,089.95","19,089.95",-800.00,-0.03,"15,244,300.00"
07/02/2024,"19,546.15","19,791.79","19,546.15","19,651.42",150.00,0.01,"12,727,500.00"
06/02/2024,"19,546.15","19,581.24","19,405.78","19,546.15",50.00,0.00,"16,581,900.00"
05/02/2024,"18,423.21","19,651.42","18,353.02","19,511.05","1,550.00",0.06,"29,468,600.00"
02/02/2024,"18,212.66","18,458.30","18,142.47","18,423.21",250.00,0.01,"15,519,200.00"
01/02/2024,"18,037.20","18,317.93","18,037.20","18,247.75",250.00,0.01,"6,351,100.00"
31/01/2024,"18,317.93","18,317.93","17,931.92","18,072.29",-200.00,-0.01,"12,758,100.00"
30/01/2024,"18,282.84","18,388.12","18,177.56","18,212.66",0.00,0.00,"15,322,650.00"
29/01/2024,"18,598.67","18,598.67","18,212.66","18,212.66",-350.00,-0.01,"11,962,500.00"
26/01/2024,"18,142.47","18,528.48","18,142.47","18,458.30",500.00,0.02,"6,931,000.00"
25/01/2024,"18,142.47","18,177.56","17,967.01","18,107.38",0.00,0.00,"5,316,301.00"
24/01/2024,"18,282.84","18,317.93","18,037.20","18,107.38",-250.00,-0.01,"11,904,001.00"
23/01/2024,"18,423.21","18,563.57","18,282.84","18,282.84",-250.00,-0.01,"11,851,500.00"
22/01/2024,"18,388.12","18,458.30","18,107.38","18,458.30",350.00,0.01,"12,031,201.00"
19/01/2024,"18,107.38","18,212.66","18,002.10","18,212.66",350.00,0.01,"12,801,300.00"
18/01/2024,"17,861.74","18,072.29","17,791.55","17,967.01",200.00,0.01,"10,740,300.00"
17/01/2024,"17,861.74","18,107.38","17,791.55","17,826.65",0.00,0.00,"10,214,300.00"
16/01/2024,"17,826.65","17,931.92","17,581.00","17,826.65",100.00,0.00,"12,980,200.00"
15/01/2024,"18,247.75","18,247.75","17,756.46","17,756.46",-500.00,-0.02,"14,932,400.00"
12/01/2024,"17,651.19","18,388.12","17,581.00","18,107.38",550.00,0.02,"25,754,500.00"
11/01/2024,"17,826.65","18,072.29","17,651.19","17,721.37",0.00,0.00,"9,933,500.00"
10/01/2024,"17,686.28","17,896.83","17,545.91","17,721.37",250.00,0.01,"17,782,300.00"
09/01/2024,"17,721.37","17,791.55","17,510.82","17,545.91",-350.00,-0.01,"15,499,501.00"
08/01/2024,"18,037.20","18,072.29","17,686.28","17,791.55",-100.00,0.00,"12,483,900.00"
05/01/2024,"17,756.46","17,861.74","17,581.00","17,861.74",150.00,0.01,"9,372,101.00"
04/01/2024,"17,686.28","18,002.10","17,616.09","17,756.46",300.00,0.01,"23,587,800.00"
03/01/2024,"17,194.99","17,545.91","17,019.53","17,545.91",550.00,0.02,"9,918,001.00"
02/01/2024,"16,808.98","17,370.45","16,808.98","17,159.90",550.00,0.02,"13,883,500.00"
29/12/2023,"16,773.89","16,914.26","16,703.71","16,773.89",150.00,0.01,"10,268,240.00"
28/12/2023,"16,352.79","16,808.98","16,352.79","16,668.62",450.00,0.02,"11,166,000.00"
27/12/2023,"16,282.61","16,422.97","16,282.61","16,352.79",50.00,0.00,"4,866,000.00"
26/12/2023,"16,422.97","16,422.97","16,317.70","16,317.70",-100.00,0.00,"5,823,800.00"
25/12/2023,"16,317.70","16,458.06","16,282.61","16,387.88",150.00,0.01,"7,582,400.00"
22/12/2023,"16,282.61","16,352.79","16,282.61","16,282.61",-50.00,0.00,"4,510,000.00"
21/12/2023,"16,282.61","16,317.70","16,177.33","16,317.70",50.00,0.00,"7,260,790.00"
20/12/2023,"16,177.33","16,317.70","16,177.33","16,282.61",150.00,0.01,"9,021,600.00"
19/12/2023,"16,001.87","16,212.42","16,001.87","16,177.33",250.00,0.01,"11,758,400.00"
18/12/2023,"15,931.69","16,001.87","15,896.60","16,001.87",50.00,0.00,"7,600,000.00"
15/12/2023,"15,861.50","16,036.96","15,826.41","15,966.78",250.00,0.01,"6,189,100.00"
14/12/2023,"15,721.14","15,966.78","15,650.95","15,791.32",200.00,0.01,"6,945,700.00"
13/12/2023,"15,791.32","15,826.41","15,650.95","15,650.95",-200.00,-0.01,"4,099,900.00"
12/12/2023,"15,756.23","15,791.32","15,650.95","15,791.32",100.00,0.00,"3,228,202.00"
11/12/2023,"15,756.23","15,791.32","15,615.86","15,721.14",0.00,0.00,"2,274,400.00"
08/12/2023,"15,721.14","15,826.41","15,650.95","15,721.14",0.00,0.00,"3,812,500.00"
07/12/2023,"15,650.95","15,791.32","15,580.77","15,721.14",100.00,0.00,"7,237,600.00"
06/12/2023,"15,545.68","15,650.95","15,440.40","15,650.95",150.00,0.01,"2,791,901.00"
05/12/2023,"15,650.95","15,756.23","15,475.49","15,545.68",-150.00,-0.01,"4,558,000.00"
04/12/2023,"15,475.49","15,756.23","15,440.40","15,650.95",350.00,0.02,"9,061,002.00"
01/12/2023,"15,545.68","15,545.68","15,264.94","15,405.31",0.00,0.00,"5,734,700.00"
30/11/2023,"15,475.49","15,650.95","15,405.31","15,405.31",-100.00,0.00,"5,263,601.00"
29/11/2023,"15,440.40","15,686.04","15,440.40","15,475.49",150.00,0.01,"5,818,800.00"
28/11/2023,"15,370.22","15,510.59","15,229.85","15,370.22",50.00,0.00,"4,217,100.00"
27/11/2023,"15,475.49","15,510.59","15,335.13","15,335.13",-200.00,-0.01,"3,259,000.00"
24/11/2023,"15,650.95","15,650.95","15,300.03","15,475.49",-150.00,-0.01,"7,898,300.00"
23/11/2023,"15,931.69","15,966.78","15,580.77","15,580.77",-500.00,-0.02,"5,181,901.00"
22/11/2023,"15,791.32","15,966.78","15,686.04","15,931.69",100.00,0.00,"4,634,101.00"
21/11/2023,"15,896.60","16,001.87","15,791.32","15,861.50",100.00,0.00,"3,711,000.00"
20/11/2023,"15,721.14","16,107.15","15,545.68","15,791.32",-200.00,-0.01,"10,207,600.00"
17/11/2023,"16,422.97","16,422.97","15,826.41","15,931.69",-600.00,-0.03,"12,350,400.00"
16/11/2023,"16,317.70","16,422.97","16,212.42","16,352.79",50.00,0.00,"8,517,301.00"
15/11/2023,"16,142.24","16,493.16","16,107.15","16,317.70",550.00,0.02,"32,333,400.00"
14/11/2023,"15,756.23","16,072.05","15,756.23","15,931.69",250.00,0.01,"10,301,201.00"
13/11/2023,"15,756.23","15,861.50","15,580.77","15,756.23",50.00,0.00,"3,492,000.00"
10/11/2023,"15,721.14","15,861.50","15,615.86","15,721.14",-150.00,-0.01,"5,047,700.00"
09/11/2023,"16,072.05","16,072.05","15,826.41","15,826.41",-250.00,-0.01,"4,763,901.00"
08/11/2023,"15,510.59","16,072.05","15,475.49","16,001.87",700.00,0.03,"8,114,900.00"
07/11/2023,"15,510.59","15,615.86","15,510.59","15,510.59",-100.00,0.00,"4,497,000.00"
06/11/2023,"15,580.77","15,686.04","15,510.59","15,580.77",150.00,0.01,"4,601,000.00"
03/11/2023,"15,650.95","15,721.14","15,475.49","15,475.49",-250.00,-0.01,"6,725,500.00"
02/11/2023,"15,264.94","15,650.95","15,159.67","15,650.95",700.00,0.03,"5,148,101.00"
01/11/2023,"15,019.30","15,194.76","14,984.21","15,159.67",200.00,0.01,"4,832,800.00"
31/10/2023,"14,984.21","15,124.58","14,914.02","15,019.30",100.00,0.00,"3,489,400.00"
30/10/2023,"15,159.67","15,194.76","14,949.12","14,949.12",-250.00,-0.01,"3,856,500.00"
27/10/2023,"15,054.39","15,229.85","14,878.93","15,124.58",450.00,0.02,"3,180,900.00"
26/10/2023,"15,264.94","15,264.94","14,703.47","14,808.75",-800.00,-0.04,"12,806,465.00"
25/10/2023,"15,580.77","15,615.86","15,370.22","15,370.22",0.00,0.00,"2,637,101.00"
24/10/2023,"15,405.31","15,510.59","15,300.03","15,370.22",100.00,0.00,"3,366,603.00"
23/10/2023,"15,510.59","15,510.59","15,229.85","15,300.03",-100.00,0.00,"2,398,301.00"
20/10/2023,"15,300.03","15,510.59","15,300.03","15,370.22",100.00,0.00,"3,800,201.00"
19/10/2023,"15,475.49","15,545.68","15,300.03","15,300.03",-250.00,-0.01,"6,209,300.00"
18/10/2023,"15,756.23","15,756.23","15,475.49","15,475.49",-400.00,-0.02,"6,208,800.00"
17/10/2023,"15,861.50","15,896.60","15,756.23","15,756.23",-150.00,-0.01,"3,657,500.00"
16/10/2023,"15,826.41","15,931.69","15,721.14","15,861.50",-50.00,0.00,"4,784,800.00"
13/10/2023,"15,861.50","15,931.69","15,791.32","15,896.60",-50.00,0.00,"4,691,800.00"
12/10/2023,"15,931.69","16,072.05","15,791.32","15,931.69",0.00,0.00,"5,633,800.00"
11/10/2023,"16,001.87","16,001.87","15,826.41","15,931.69",-100.00,0.00,"2,844,501.00"
10/10/2023,"15,791.32","16,036.96","15,791.32","16,001.87",300.00,0.01,"6,535,101.00"
09/10/2023,"15,229.85","15,826.41","15,229.85","15,791.32",700.00,0.03,"13,277,800.00"
06/10/2023,"15,159.67","15,370.22","15,124.58","15,300.03",200.00,0.01,"2,440,800.00"
05/10/2023,"15,264.94","15,405.31","15,159.67","15,159.67",0.00,0.00,"3,850,702.00"
04/10/2023,"15,124.58","15,229.85","15,089.48","15,159.67",0.00,0.00,"3,178,300.00"
03/10/2023,"15,300.03","15,370.22","15,159.67","15,159.67",-300.00,-0.01,"8,807,602.00"
02/10/2023,"15,300.03","15,405.31","15,229.85","15,370.22",50.00,0.00,"3,809,300.00"
29/09/2023,"15,300.03","15,475.49","15,300.03","15,335.13",100.00,0.00,"2,576,700.00"
28/09/2023,"15,335.13","15,440.40","15,229.85","15,264.94",-250.00,-0.01,"7,591,801.00"
27/09/2023,"15,370.22","15,440.40","15,264.94","15,440.40",100.00,0.00,"5,800,001.00"
26/09/2023,"15,475.49","15,615.86","15,335.13","15,370.22",-100.00,0.00,"9,499,200.00"
25/09/2023,"15,650.95","15,686.04","15,440.40","15,440.40",-300.00,-0.01,"10,096,900.00"
22/09/2023,"15,580.77","15,791.32","15,510.59","15,650.95",-100.00,0.00,"12,248,000.00"
21/09/2023,"15,721.14","15,826.41","15,686.04","15,721.14",-50.00,0.00,"7,916,000.00"
20/09/2023,"15,650.95","15,826.41","15,615.86","15,756.23",150.00,0.01,"7,194,700.00"
19/09/2023,"15,756.23","15,861.50","15,615.86","15,650.95",-150.00,-0.01,"10,569,400.00"
18/09/2023,"15,861.50","15,896.60","15,650.95","15,756.23",-200.00,-0.01,"7,391,000.00"
15/09/2023,"15,861.50","15,966.78","15,756.23","15,896.60",200.00,0.01,"7,615,220.00"
14/09/2023,"15,791.32","16,001.87","15,721.14","15,756.23",-100.00,0.00,"6,692,000.00"
13/09/2023,"15,966.78","16,001.87","15,756.23","15,826.41",-200.00,-0.01,"9,488,802.00"
12/09/2023,"15,686.04","15,966.78","15,580.77","15,966.78",400.00,0.02,"12,447,659.00"
11/09/2023,"16,001.87","16,072.05","15,615.86","15,686.04",-400.00,-0.02,"10,536,000.00"
08/09/2023,"16,072.05","16,107.15","15,931.69","15,966.78",-150.00,-0.01,"8,225,820.00"
07/09/2023,"16,142.24","16,247.51","15,966.78","16,072.05",-50.00,0.00,"12,614,919.00"
06/09/2023,"15,966.78","16,107.15","15,861.50","16,107.15",200.00,0.01,"4,778,105.00"
05/09/2023,"15,931.69","16,177.33","15,896.60","15,966.78",150.00,0.01,"10,426,813.00"
31/08/2023,"15,756.23","15,861.50","15,756.23","15,861.50",150.00,0.01,"7,826,605.00"
30/08/2023,"15,475.49","15,791.32","15,475.49","15,756.23",400.00,0.02,"7,522,102.00"
29/08/2023,"15,475.49","15,580.77","15,405.31","15,475.49",0.00,0.00,"5,774,705.00"
28/08/2023,"15,440.40","15,510.59","15,405.31","15,475.49",100.00,0.00,"6,156,304.00"
25/08/2023,"15,440.40","15,475.49","15,335.13","15,405.31",-100.00,0.00,"5,378,212.00"
24/08/2023,"15,335.13","15,615.86","15,335.13","15,475.49",200.00,0.01,"5,311,135.00"
23/08/2023,"15,580.77","15,650.95","15,335.13","15,335.13",-200.00,-0.01,"5,544,339.00"
22/08/2023,"15,510.59","15,545.68","15,159.67","15,475.49",50.00,0.00,"9,351,017.00"
21/08/2023,"15,335.13","15,580.77","15,335.13","15,440.40",100.00,0.00,"8,074,911.00"
18/08/2023,"15,931.69","15,931.69","15,370.22","15,370.22",-800.00,-0.04,"20,451,420.00"
17/08/2023,"16,107.15","16,142.24","15,931.69","15,931.69",-200.00,-0.01,"10,120,590.00"
16/08/2023,"16,036.96","16,177.33","16,001.87","16,072.05",50.00,0.00,"8,397,119.00"
15/08/2023,"16,247.51","16,317.70","16,036.96","16,036.96",-200.00,-0.01,"6,458,843.00"
14/08/2023,"16,072.05","16,177.33","16,001.87","16,177.33",150.00,0.01,"10,439,641.00"
11/08/2023,"16,107.15","16,142.24","15,861.50","16,072.05",0.00,0.00,"9,157,508.00"
10/08/2023,"16,317.70","16,387.88","16,072.05","16,072.05",-300.00,-0.01,"14,132,130.00"
09/08/2023,"16,422.97","16,563.34","16,247.51","16,282.61",-200.00,-0.01,"15,556,051.00"
08/08/2023,"16,703.71","16,773.89","16,352.79","16,422.97",-350.00,-0.01,"15,568,223.00"
07/08/2023,"16,808.98","16,879.17","16,563.34","16,668.62",-650.00,-0.03,"150,760,038.00"
04/08/2023,"16,563.34","17,124.81","16,317.70","17,124.81",950.00,0.04,"18,772,400.00"
03/08/2023,"16,177.33","16,493.16","16,142.24","16,458.06",350.00,0.02,"17,506,712.00"
02/08/2023,"16,001.87","16,247.51","16,001.87","16,212.42",250.00,0.01,"12,806,196.00"
01/08/2023,"16,317.70","16,317.70","15,966.78","16,036.96",-100.00,0.00,"17,214,293.00"
31/07/2023,"15,791.32","16,107.15","15,756.23","16,107.15",750.00,0.03,"19,326,113.00"
28/07/2023,"15,580.77","15,721.14","15,475.49","15,580.77",50.00,0.00,"9,196,310.00"
27/07/2023,"15,650.95","15,686.04","15,475.49","15,545.68",-150.00,-0.01,"8,207,773.00"
26/07/2023,"15,650.95","15,756.23","15,580.77","15,650.95",0.00,0.00,"5,967,267.00"
25/07/2023,"15,440.40","15,791.32","15,440.40","15,650.95",250.00,0.01,"13,732,660.00"
24/07/2023,"15,510.59","15,580.77","15,405.31","15,475.49",-50.00,0.00,"8,060,017.00"
21/07/2023,"15,440.40","15,510.59","15,370.22","15,510.59",100.00,0.00,"7,069,469.00"
20/07/2023,"15,440.40","15,475.49","15,370.22","15,440.40",0.00,0.00,"6,284,621.00"
19/07/2023,"15,440.40","15,545.68","15,405.31","15,440.40",0.00,0.00,"10,007,000.00"
18/07/2023,"15,370.22","15,440.40","15,335.13","15,440.40",0.00,0.00,"8,525,247.00"
17/07/2023,"15,475.49","15,475.49","15,370.22","15,440.40",0.00,0.00,"6,849,503.00"
14/07/2023,"15,475.49","15,510.59","15,300.03","15,440.40",0.00,0.00,"6,897,700.00"
13/07/2023,"15,440.40","15,440.40","15,300.03","15,440.40",150.00,0.01,"6,940,600.00"
12/07/2023,"15,580.77","15,580.77","15,300.03","15,335.13",-150.00,-0.01,"5,185,000.00"
11/07/2023,"15,650.95","15,650.95","15,405.31","15,440.40",50.00,0.00,"9,436,200.00"
10/07/2023,"15,264.94","15,510.59","15,229.85","15,405.31",250.00,0.01,"9,032,000.00"
07/07/2023,"15,229.85","15,264.94","15,089.48","15,229.85",0.00,0.00,"8,537,800.00"
06/07/2023,"15,405.31","15,440.40","15,194.76","15,229.85",-250.00,-0.01,"7,649,900.00"
05/07/2023,"15,440.40","15,510.59","15,405.31","15,405.31",-50.00,0.00,"8,124,400.00"
04/07/2023,"15,405.31","15,475.49","15,370.22","15,440.40",-50.00,0.00,"5,572,100.00"
03/07/2023,"15,475.49","15,510.59","15,405.31","15,475.49",0.00,0.00,"4,029,900.00"
30/06/2023,"15,370.22","15,475.49","15,300.03","15,475.49",150.00,0.01,"5,117,901.00"
29/06/2023,"15,650.95","15,721.14","15,370.22","15,370.22",-400.00,-0.02,"9,196,500.00"
28/06/2023,"15,580.77","15,721.14","15,510.59","15,650.95",100.00,0.00,"8,635,200.00"
27/06/2023,"15,826.41","15,826.41","15,580.77","15,580.77",-50.00,0.00,"9,611,900.00"
26/06/2023,"15,580.77","15,791.32","15,440.40","15,615.86",350.00,0.02,"11,784,601.00"
23/06/2023,"15,229.85","15,370.22","15,159.67","15,370.22",250.00,0.01,"13,403,900.00"
22/06/2023,"15,264.94","15,370.22","15,194.76","15,194.76",-50.00,0.00,"7,973,200.00"
21/06/2023,"15,159.67","15,229.85","15,124.58","15,229.85",50.00,0.00,"6,912,100.00"
20/06/2023,"15,194.76","15,229.85","15,089.48","15,194.76",0.00,0.00,"5,637,600.00"
19/06/2023,"15,300.03","15,335.13","15,159.67","15,194.76",-150.00,-0.01,"6,551,700.00"
16/06/2023,"15,229.85","15,510.59","15,159.67","15,300.03",100.00,0.00,"22,510,500.00"
15/06/2023,"15,194.76","15,229.85","15,124.58","15,229.85",50.00,0.00,"5,906,901.00"
14/06/2023,"15,194.76","15,370.22","15,159.67","15,194.76",50.00,0.00,"16,296,502.00"
13/06/2023,"15,089.48","15,159.67","15,019.30","15,159.67",150.00,0.01,"7,969,500.00"
12/06/2023,"15,194.76","15,194.76","14,984.21","15,054.39",-100.00,0.00,"4,435,400.00"
09/06/2023,"15,194.76","15,194.76","14,949.12","15,124.58",-50.00,0.00,"7,464,100.00"
08/06/2023,"15,300.03","15,370.22","15,159.67","15,159.67",-250.00,-0.01,"9,677,000.00"
07/06/2023,"15,300.03","15,440.40","15,300.03","15,335.13",50.00,0.00,"9,478,100.00"
06/06/2023,"15,300.03","15,335.13","15,229.85","15,300.03",50.00,0.00,"10,061,200.00"
05/06/2023,"15,440.40","15,545.68","15,194.76","15,264.94",-50.00,0.00,"13,842,800.00"
02/06/2023,"15,089.48","15,510.59","15,054.39","15,300.03",400.00,0.02,"15,215,000.00"
01/06/2023,"15,089.48","15,264.94","14,914.02","15,019.30",200.00,0.01,"14,061,200.00"
31/05/2023,"14,773.89","14,891.14","14,656.63","14,891.14",200.00,0.01,"31,762,600.00"
30/05/2023,"14,832.51","14,832.51","14,656.63","14,773.89",50.00,0.00,"23,895,600.00"
29/05/2023,"14,715.26","14,832.51","14,656.63","14,744.57",150.00,0.01,"19,181,401.00"
26/05/2023,"14,773.89","14,773.89","14,627.32","14,656.63",-100.00,0.00,"9,560,600.00"
25/05/2023,"14,773.89","14,773.89","14,598.01","14,715.26",-50.00,0.00,"8,950,400.00"
24/05/2023,"14,949.77","14,949.77","14,627.32","14,744.57",-200.00,-0.01,"11,148,501.00"
23/05/2023,"14,773.89","15,008.39","14,656.63","14,861.83",300.00,0.01,"21,722,400.00"
22/05/2023,"14,656.63","14,685.95","14,598.01","14,685.95",100.00,0.00,"6,521,858.00"
19/05/2023,"14,685.95","14,685.95","14,510.07","14,627.32",-50.00,0.00,"4,191,500.00"
18/05/2023,"14,598.01","14,715.26","14,568.69","14,656.63",100.00,0.00,"3,351,400.00"
17/05/2023,"14,656.63","14,744.57","14,568.69","14,598.01",-100.00,0.00,"3,773,000.00"
16/05/2023,"14,656.63","14,685.95","14,598.01","14,656.63",0.00,0.00,"1,462,200.00"
15/05/2023,"14,773.89","14,832.51","14,627.32","14,656.63",0.00,0.00,"6,383,000.00"
12/05/2023,"14,656.63","14,685.95","14,539.38","14,656.63",100.00,0.00,"2,346,700.00"
11/05/2023,"14,656.63","14,715.26","14,539.38","14,598.01",0.00,0.00,"2,554,301.00"
10/05/2023,"14,598.01","14,627.32","14,539.38","14,598.01",0.00,0.00,"1,959,800.00"
09/05/2023,"14,656.63","14,685.95","14,539.38","14,598.01",-50.00,0.00,"3,594,000.00"
08/05/2023,"14,451.44","14,656.63","14,422.13","14,627.32",300.00,0.01,"2,303,901.00"
05/05/2023,"14,363.50","14,510.07","14,363.50","14,451.44",-50.00,0.00,"2,623,900.00"
04/05/2023,"14,246.25","14,510.07","14,246.25","14,480.75",500.00,0.02,"4,304,300.00"
28/04/2023,"14,187.62","14,304.87","14,158.31","14,187.62",50.00,0.00,"9,770,100.00"
27/04/2023,"14,187.62","14,334.19","14,128.99","14,158.31",0.00,0.00,"2,181,201.00"
26/04/2023,"14,158.31","14,187.62","14,041.05","14,158.31",0.00,0.00,"3,856,500.00"
25/04/2023,"14,246.25","14,334.19","14,128.99","14,158.31",-50.00,0.00,"6,173,200.00"
24/04/2023,"14,246.25","14,334.19","14,128.99","14,187.62",-50.00,0.00,"2,274,000.00"
21/04/2023,"14,246.25","14,304.87","14,216.93","14,216.93",0.00,0.00,"3,415,500.00"
20/04/2023,"14,363.50","14,392.81","14,187.62","14,216.93",-150.00,-0.01,"5,776,600.00"
19/04/2023,"14,539.38","14,539.38","14,304.87","14,304.87",-350.00,-0.01,"4,995,401.00"
18/04/2023,"14,656.63","14,656.63","14,510.07","14,510.07",-250.00,-0.01,"2,203,400.00"
17/04/2023,"14,627.32","14,656.63","14,539.38","14,656.63",50.00,0.00,"1,772,450.00"
14/04/2023,"14,685.95","14,715.26","14,568.69","14,627.32",0.00,0.00,"5,277,400.00"
13/04/2023,"14,627.32","14,685.95","14,568.69","14,627.32",100.00,0.00,"2,585,000.00"
12/04/2023,"14,656.63","14,685.95","14,539.38","14,568.69",-100.00,0.00,"3,220,200.00"
11/04/2023,"14,598.01","14,685.95","14,480.75","14,627.32",-50.00,0.00,"1,697,500.00"
10/04/2023,"14,715.26","14,744.57","14,568.69","14,656.63",-50.00,0.00,"3,637,100.00"
07/04/2023,"14,627.32","14,715.26","14,598.01","14,685.95",150.00,0.01,"3,593,400.00"
06/04/2023,"14,891.14","14,920.45","14,598.01","14,598.01",-400.00,-0.02,"4,831,100.00"
05/04/2023,"14,715.26","14,832.51","14,685.95","14,832.51",150.00,0.01,"3,418,800.00"
04/04/2023,"14,803.20","14,861.83","14,685.95","14,744.57",-100.00,0.00,"7,188,400.00"
03/04/2023,"14,803.20","14,891.14","14,656.63","14,803.20",250.00,0.01,"11,176,400.00"
31/03/2023,"14,480.75","14,803.20","14,451.44","14,656.63",400.00,0.02,"5,882,100.00"
30/03/2023,"14,422.13","14,480.75","14,392.81","14,422.13",200.00,0.01,"2,120,900.00"
29/03/2023,"14,363.50","14,422.13","14,275.56","14,304.87",-50.00,0.00,"16,229,800.00"
28/03/2023,"14,451.44","14,539.38","14,334.19","14,334.19",0.00,0.00,"8,286,100.00"
27/03/2023,"14,422.13","14,510.07","14,275.56","14,334.19",-100.00,0.00,"2,458,000.00"
24/03/2023,"14,422.13","14,568.69","14,363.50","14,392.81",50.00,0.00,"1,681,900.00"
23/03/2023,"14,128.99","14,422.13","14,041.05","14,363.50",350.00,0.01,"8,079,200.00"
22/03/2023,"14,275.56","14,275.56","14,099.68","14,158.31",-50.00,0.00,"5,021,100.00"
21/03/2023,"14,304.87","14,304.87","13,982.43","14,187.62",200.00,0.01,"6,628,000.00"
20/03/2023,"14,187.62","14,275.56","14,070.37","14,070.37",-350.00,-0.01,"2,456,100.00"
17/03/2023,"14,392.81","14,451.44","14,275.56","14,275.56",-50.00,0.00,"8,837,200.00"
16/03/2023,"14,363.50","14,510.07","14,158.31","14,304.87",-400.00,-0.02,"23,260,912.00"
15/03/2023,"14,422.13","14,539.38","14,334.19","14,539.38",750.00,0.03,"4,232,500.00"
14/03/2023,"14,392.81","14,480.75","14,041.05","14,099.68",-450.00,-0.02,"6,765,600.00"
13/03/2023,"14,510.07","14,627.32","14,275.56","14,363.50",-400.00,-0.02,"5,641,400.00"
10/03/2023,"14,685.95","14,773.89","14,510.07","14,598.01",-450.00,-0.02,"2,814,325.00"
09/03/2023,"14,656.63","14,920.45","14,598.01","14,861.83",350.00,0.01,"3,961,300.00"
08/03/2023,"14,216.93","14,656.63","14,216.93","14,656.63",500.00,0.02,"2,784,900.00"
07/03/2023,"14,510.07","14,656.63","14,246.25","14,363.50",200.00,0.01,"4,862,600.00"
06/03/2023,"14,568.69","14,715.26","14,246.25","14,246.25",-200.00,-0.01,"5,224,700.00"
03/03/2023,"14,685.95","14,832.51","14,363.50","14,363.50",-550.00,-0.02,"2,565,600.00"
02/03/2023,"14,656.63","14,920.45","14,656.63","14,685.95",-100.00,0.00,"6,200,600.00"
01/03/2023,"14,304.87","14,773.89","14,187.62","14,744.57",750.00,0.03,"5,333,100.00"
28/02/2023,"14,363.50","14,510.07","14,216.93","14,304.87",150.00,0.01,"6,149,000.00"
27/02/2023,"14,363.50","14,422.13","14,128.99","14,216.93",-350.00,-0.01,"3,381,458.00"
24/02/2023,"14,656.63","14,832.51","14,392.81","14,422.13",-800.00,-0.03,"2,427,600.00"
23/02/2023,"14,510.07","14,949.77","14,216.93","14,891.14",550.00,0.02,"3,860,600.00"
22/02/2023,"14,773.89","14,979.08","14,568.69","14,568.69",-650.00,-0.03,"2,752,600.00"
21/02/2023,"15,125.64","15,242.90","14,949.77","14,949.77",-300.00,-0.01,"6,566,206.00"
20/02/2023,"14,480.75","15,125.64","14,451.44","15,125.64","1,000.00",0.04,"9,351,500.00"
17/02/2023,"14,568.69","14,627.32","14,392.81","14,539.38",0.00,0.00,"2,447,200.00"
16/02/2023,"14,539.38","14,539.38","14,304.87","14,539.38",250.00,0.01,"10,912,445.00"
15/02/2023,"14,011.74","14,451.44","13,923.80","14,392.81",700.00,0.03,"19,981,500.00"
14/02/2023,"14,128.99","14,128.99","13,953.11","13,982.43",-50.00,0.00,"7,738,600.00"
13/02/2023,"14,158.31","14,158.31","13,953.11","14,011.74",-300.00,-0.01,"4,594,100.00"
10/02/2023,"14,422.13","14,510.07","14,187.62","14,187.62",-300.00,-0.01,"11,072,700.00"
09/02/2023,"14,451.44","14,715.26","14,363.50","14,363.50",-150.00,-0.01,"6,303,600.00"
08/02/2023,"14,539.38","14,685.95","14,392.81","14,451.44",50.00,0.00,"6,922,400.00"
07/02/2023,"14,656.63","14,715.26","14,304.87","14,422.13",-300.00,-0.01,"2,469,300.00"
06/02/2023,"14,304.87","14,744.57","14,158.31","14,598.01",400.00,0.02,"8,895,700.00"
03/02/2023,"14,656.63","14,803.20","14,304.87","14,363.50",-500.00,-0.02,"14,532,100.00"
02/02/2023,"14,744.57","15,008.39","14,539.38","14,656.63",-200.00,-0.01,"2,973,400.00"
01/02/2023,"15,301.52","15,389.46","14,715.26","14,773.89",-850.00,-0.03,"9,695,938.00"
31/01/2023,"14,891.14","15,272.21","14,656.63","15,272.21",650.00,0.03,"13,250,500.00"
30/01/2023,"15,418.78","15,448.09","14,891.14","14,891.14",-950.00,-0.04,"10,399,000.00"
27/01/2023,"15,448.09","15,536.03","15,184.27","15,448.09",350.00,0.01,"4,119,200.00"
19/01/2023,"14,949.77","15,242.90","14,920.45","15,242.90",500.00,0.02,"5,621,600.00"
18/01/2023,"14,832.51","15,067.02","14,715.26","14,949.77",200.00,0.01,"5,435,900.00"
17/01/2023,"14,685.95","14,920.45","14,627.32","14,832.51",300.00,0.01,"4,178,900.00"
16/01/2023,"14,158.31","14,656.63","14,158.31","14,656.63",850.00,0.04,"20,242,200.00"
13/01/2023,"14,422.13","14,539.38","14,158.31","14,158.31",-350.00,-0.01,"6,144,900.00"
12/01/2023,"14,187.62","14,451.44","14,187.62","14,363.50",300.00,0.01,"8,143,675.00"
11/01/2023,"13,835.86","14,334.19","13,747.92","14,187.62",750.00,0.03,"6,048,000.00"
10/01/2023,"13,630.67","13,747.92","13,454.79","13,747.92",350.00,0.02,"12,503,100.00"
09/01/2023,"13,689.29","13,689.29","13,454.79","13,542.73",-50.00,0.00,"2,491,075.00"
06/01/2023,"13,366.85","13,689.29","13,249.60","13,572.04",300.00,0.01,"8,403,100.00"
05/01/2023,"13,337.54","13,484.10","13,278.91","13,396.16",200.00,0.01,"2,104,500.00"
04/01/2023,"13,396.16","13,396.16","13,220.28","13,278.91",-50.00,0.00,"7,244,400.00"
03/01/2023,"12,897.84","13,308.22","12,868.52","13,308.22",800.00,0.04,"1,547,700.00"
30/12/2022,"12,897.84","13,015.09","12,780.58","12,839.21",-100.00,0.00,"1,339,500.00"
29/12/2022,"12,897.84","13,132.34","12,780.58","12,897.84",,,"3,469,100.00"
28/12/2022,"12,956.46","13,161.66","12,868.52","12,897.84",,,"2,041,400.00"
27/12/2022,"12,956.46","13,249.60","12,897.84","12,956.46",,,"2,189,600.00"
26/12/2022,"13,425.48","13,425.48","12,956.46","12,956.46",,,"2,038,000.00"
23/12/2022,"13,425.48","13,425.48","13,073.72","13,425.48",,,"5,635,100.00"
22/12/2022,"13,484.10","13,484.10","13,337.54","13,425.48",,,"2,106,500.00"
21/12/2022,"13,249.60","13,484.10","13,073.72","13,366.85",,,"2,157,300.00"
20/12/2022,"13,337.54","13,425.48","13,015.09","13,220.28",,,"5,136,900.00"
19/12/2022,"13,425.48","13,630.67","13,337.54","13,337.54",,,"3,982,600.00"
16/12/2022,"13,484.10","13,718.61","13,396.16","13,484.10",,,"2,628,500.00"
15/12/2022,"13,484.10","13,777.23","13,484.10","13,601.35",,,"4,113,600.00"
14/12/2022,"13,542.73","13,747.92","13,337.54","13,572.04",,,"3,750,600.00"
13/12/2022,"13,132.34","13,513.42","13,044.40","13,513.42",,,"4,186,800.00"
12/12/2022,"13,513.42","13,659.98","13,190.97","13,190.97",,,"3,281,800.00"
09/12/2022,"13,337.54","13,601.35","13,161.66","13,513.42",,,"3,319,800.00"
08/12/2022,"13,161.66","13,953.11","12,956.46","13,278.91",,,"4,795,900.00"
07/12/2022,"13,190.97","13,190.97","12,751.27","13,073.72",,,"3,295,000.00"
06/12/2022,"13,835.86","13,923.80","13,073.72","13,073.72",,,"5,158,400.00"
05/12/2022,"13,806.55","14,070.37","13,601.35","13,835.86",,,"4,715,700.00"
02/12/2022,"13,190.97","13,777.23","12,985.78","13,777.23",,,"5,294,450.00"
01/12/2022,"13,073.72","13,396.16","12,897.84","13,190.97",,,"7,524,100.00"
30/11/2022,"13,044.40","13,161.66","12,780.58","12,956.46",,,"4,118,400.00"
29/11/2022,"13,044.40","13,044.40","12,721.96","12,985.78",,,"4,377,700.00"
28/11/2022,"12,663.33","13,044.40","12,634.02","13,044.40",,,"6,170,700.00"
25/11/2022,"12,604.70","12,604.70","12,340.88","12,604.70",,,"5,438,741.00"
24/11/2022,"12,077.07","12,428.82","11,959.81","12,311.57",,,"2,306,700.00"
23/11/2022,"11,959.81","12,282.26","11,930.50","12,106.38",,,"2,950,800.00"
22/11/2022,"11,959.81","12,516.76","11,930.50","11,930.50",,,"4,477,400.00"
21/11/2022,"12,428.82","12,428.82","12,077.07","12,077.07",,,"2,610,700.00"
18/11/2022,"12,194.32","12,575.39","12,077.07","12,399.51",,,"3,691,700.00"
17/11/2022,"12,194.32","12,516.76","12,194.32","12,340.88",,,"8,443,875.00"
16/11/2022,"11,080.41","11,959.81","10,494.15","11,959.81",,,"8,600,600.00"
15/11/2022,"11,871.87","11,989.13","11,197.67","11,197.67",,,"6,563,300.00"
14/11/2022,"12,018.44","12,135.69","11,695.99","11,901.19",,,"5,287,100.00"
11/11/2022,"12,135.69","12,428.82","11,989.13","12,194.32",,,"8,725,500.00"
10/11/2022,"12,106.38","12,252.94","11,432.17","11,725.31",,,"5,464,700.00"
09/11/2022,"12,546.08","12,721.96","12,135.69","12,165.00",,,"3,755,800.00"
08/11/2022,"12,077.07","12,751.27","11,813.25","12,487.45",,,"4,366,100.00"
07/11/2022,"12,252.94","12,311.57","11,842.56","12,106.38",,,"4,996,600.00"
04/11/2022,"12,516.76","12,546.08","11,695.99","11,813.25",,,"12,923,400.00"
03/11/2022,"12,604.70","12,897.84","12,516.76","12,516.76",,,"3,367,300.00"
02/11/2022,"13,132.34","13,161.66","12,780.58","12,780.58",,,"4,015,200.00"
01/11/2022,"13,190.97","13,484.10","13,103.03","13,161.66",,,"3,355,400.00"
31/10/2022,"13,103.03","13,190.97","12,692.64","13,132.34",,,"3,827,300.00"
28/10/2022,"13,132.34","13,220.28","12,927.15","13,073.72",,,"3,811,700.00"
27/10/2022,"12,135.69","12,927.15","12,018.44","12,927.15",,,"4,846,000.00"
26/10/2022,"12,077.07","12,252.94","11,842.56","12,106.38",,,"2,716,100.00"
25/10/2022,"11,549.43","12,223.63","11,226.98","11,959.81",,,"5,576,800.00"
24/10/2022,"11,989.13","12,018.44","11,256.29","11,432.17",,,"8,797,800.00"
21/10/2022,"12,516.76","12,516.76","11,871.87","11,959.81",,,"9,520,500.00"
20/10/2022,"12,370.20","12,604.70","12,135.69","12,516.76",,,"4,643,093.00"
19/10/2022,"12,663.33","12,663.33","12,311.57","12,370.20",,,"1,445,700.00"
18/10/2022,"12,487.45","12,604.70","12,370.20","12,546.08",,,"2,790,775.00"
17/10/2022,"11,901.19","12,311.57","11,871.87","12,282.26",,,"3,756,600.00"
14/10/2022,"12,018.44","12,252.94","11,842.56","12,223.63",,,"3,138,200.00"
13/10/2022,"10,963.16","11,695.99","10,845.91","11,695.99",,,"4,370,800.00"
12/10/2022,"10,494.15","10,963.16","10,435.52","10,963.16",,,"3,629,276.00"
11/10/2022,"10,963.16","10,963.16","10,230.33","10,259.64",,,"7,103,000.00"
10/10/2022,"10,670.03","11,197.67","10,670.03","10,963.16",,,"6,473,000.00"
07/10/2022,"11,461.49","11,666.68","10,904.53","10,933.85",,,"8,685,400.00"
06/10/2022,"12,223.63","12,428.82","11,725.31","11,725.31",,,"3,274,400.00"
05/10/2022,"12,370.20","12,575.39","12,194.32","12,194.32",,,"3,470,800.00"
04/10/2022,"12,721.96","12,868.52","12,311.57","12,311.57",,,"3,941,500.00"
03/10/2022,"12,927.15","13,073.72","12,487.45","12,663.33",,,"4,607,900.00"
30/09/2022,"12,897.84","13,161.66","12,809.90","13,015.09",,,"4,219,300.00"
29/09/2022,"12,985.78","12,985.78","12,839.21","12,897.84",,,"9,323,300.00"
28/09/2022,"12,927.15","13,044.40","12,868.52","12,897.84",,,"2,513,100.00"
27/09/2022,"13,015.09","13,161.66","12,956.46","13,132.34",,,"12,625,700.00"
26/09/2022,"13,132.34","13,190.97","12,780.58","13,015.09",,,"4,788,500.00"
23/09/2022,"13,278.91","13,454.79","13,249.60","13,249.60",,,"7,888,600.00"
22/09/2022,"13,190.97","13,366.85","13,190.97","13,366.85",,,"1,978,800.00"
21/09/2022,"13,396.16","13,396.16","13,249.60","13,249.60",,,"8,058,200.00"
20/09/2022,"13,425.48","13,454.79","13,249.60","13,425.48",,,"2,218,000.00"
19/09/2022,"13,572.04","13,601.35","13,308.22","13,396.16",,,"10,567,600.00"
16/09/2022,"13,777.23","13,835.86","13,542.73","13,572.04",,,"2,120,100.00"
15/09/2022,"13,835.86","13,835.86","13,747.92","13,806.55",,,"2,020,600.00"
14/09/2022,"13,777.23","13,835.86","13,689.29","13,777.23",,,"2,102,100.00"
13/09/2022,"14,011.74","14,070.37","13,835.86","13,953.11",,,"2,185,500.00"
12/09/2022,"14,070.37","14,187.62","13,923.80","13,923.80",,,"1,466,221.00"
09/09/2022,"14,187.62","14,187.62","13,923.80","14,070.37",,,"3,307,900.00"
08/09/2022,"14,304.87","14,334.19","14,070.37","14,070.37",,,"2,080,700.00"
07/09/2022,"14,363.50","14,422.13","14,246.25","14,246.25",,,"3,414,400.00"
06/09/2022,"14,363.50","14,480.75","14,334.19","14,451.44",,,"2,405,200.00"
05/09/2022,"14,392.81","14,510.07","14,334.19","14,363.50",,,"2,396,400.00"
31/08/2022,"14,392.81","14,510.07","14,392.81","14,451.44",,,"1,967,000.00"
30/08/2022,"14,422.13","14,568.69","14,392.81","14,392.81",,,"2,396,400.00"
29/08/2022,"14,334.19","14,480.75","14,246.25","14,392.81",,,"3,599,300.00"
26/08/2022,"14,715.26","14,832.51","14,510.07","14,539.38",,,"3,878,700.00"
25/08/2022,"14,568.69","14,656.63","14,510.07","14,656.63",,,"3,631,800.00"
24/08/2022,"14,480.75","14,598.01","14,451.44","14,568.69",,,"2,753,500.00"
23/08/2022,"14,275.56","14,539.38","14,187.62","14,539.38",,,"2,385,000.00"
22/08/2022,"14,539.38","14,539.38","14,422.13","14,451.44",,,"2,239,300.00"
19/08/2022,"14,744.57","14,744.57","14,539.38","14,568.69",,,"1,909,000.00"
18/08/2022,"14,627.32","14,803.20","14,539.38","14,744.57",,,"5,981,500.00"
17/08/2022,"14,627.32","14,656.63","14,568.69","14,627.32",,,"3,350,600.00"
16/08/2022,"14,598.01","14,627.32","14,451.44","14,568.69",,,"3,234,500.00"
15/08/2022,"14,598.01","14,744.57","14,539.38","14,627.32",,,"3,154,600.00"
12/08/2022,"14,480.75","14,568.69","14,422.13","14,539.38",,,"1,482,500.00"
11/08/2022,"14,656.63","14,715.26","14,480.75","14,510.07",,,"3,442,200.00"
10/08/2022,"14,627.32","14,685.95","14,510.07","14,568.69",,,"1,987,700.00"
09/08/2022,"14,598.01","14,656.63","14,480.75","14,627.32",,,"3,945,100.00"
08/08/2022,"14,539.38","14,656.63","14,451.44","14,510.07",,,"3,202,100.00"
05/08/2022,"14,656.63","14,656.63","14,363.50","14,568.69",,,"3,762,800.00"
04/08/2022,"14,656.63","14,803.20","14,598.01","14,656.63",,,"4,390,100.00"
03/08/2022,"14,656.63","14,685.95","14,480.75","14,627.32",,,"7,920,900.00"
02/08/2022,"14,656.63","14,685.95","14,480.75","14,598.01",,,"3,591,300.00"
01/08/2022,"14,451.44","14,656.63","14,363.50","14,656.63",,,"4,455,500.00"
29/07/2022,"14,392.81","14,480.75","14,334.19","14,422.13",,,"5,438,100.00"
28/07/2022,"14,480.75","14,480.75","14,304.87","14,334.19",,,"3,347,500.00"
27/07/2022,"14,070.37","14,187.62","14,041.05","14,187.62",,,"890,000.00"
26/07/2022,"14,070.37","14,216.93","14,070.37","14,099.68",,,"1,902,900.00"
25/07/2022,"14,187.62","14,304.87","14,011.74","14,099.68",,,"1,850,700.00"
22/07/2022,"14,451.44","14,539.38","14,275.56","14,275.56",,,"2,178,431.00"
21/07/2022,"14,246.25","14,598.01","14,187.62","14,451.44",,,"4,313,000.00"
20/07/2022,"14,128.99","14,275.56","14,011.74","14,246.25",,,"3,089,300.00"
19/07/2022,"14,011.74","14,041.05","13,953.11","14,011.74",,,"1,507,000.00"
18/07/2022,"14,128.99","14,187.62","14,011.74","14,011.74",,,"2,425,000.00"
15/07/2022,"14,216.93","14,334.19","14,070.37","14,070.37",,,"3,396,600.00"
14/07/2022,"13,953.11","14,158.31","13,953.11","14,099.68",,,"2,029,400.00"
13/07/2022,"14,070.37","14,304.87","13,953.11","14,070.37",,,"2,126,200.00"
12/07/2022,"13,835.86","14,070.37","13,777.23","14,070.37",,,"758,000.00"
11/07/2022,"13,982.43","14,070.37","13,777.23","13,777.23",,,"1,634,700.00"
08/07/2022,"14,187.62","14,304.87","14,070.37","14,070.37",,,"2,176,000.00"
07/07/2022,"14,246.25","14,363.50","14,128.99","14,158.31",,,"2,496,700.00"
06/07/2022,"14,304.87","14,363.50","13,835.86","14,187.62",,,"2,017,800.00"
05/07/2022,"14,334.19","14,422.13","14,216.93","14,334.19",,,"3,707,000.00"
04/07/2022,"14,304.87","14,363.50","14,070.37","14,216.93",,,"2,143,900.00"
01/07/2022,"13,982.43","14,099.68","13,777.23","14,099.68",,,"1,851,900.00"
30/06/2022,"14,363.50","14,363.50","14,041.05","14,070.37",,,"2,088,400.00"
29/06/2022,"14,187.62","14,363.50","14,070.37","14,187.62",,,"2,660,600.00"
28/06/2022,"13,953.11","14,539.38","13,894.49","14,363.50",,,"2,995,800.00"
27/06/2022,"13,953.11","14,158.31","13,865.17","14,041.05",,,"2,447,600.00"
24/06/2022,"13,894.49","14,070.37","13,777.23","13,953.11",,,"1,588,100.00"
23/06/2022,"13,718.61","13,982.43","13,513.42","13,923.80",,,"2,140,900.00"
22/06/2022,"13,601.35","14,011.74","13,601.35","13,923.80",,,"2,782,000.00"
21/06/2022,"13,190.97","13,601.35","13,190.97","13,484.10",,,"4,426,500.00"
20/06/2022,"13,542.73","13,777.23","13,366.85","13,425.48",,,"3,956,000.00"
17/06/2022,"13,777.23","13,982.43","13,396.16","13,542.73",,,"3,460,900.00"
16/06/2022,"13,835.86","14,128.99","13,835.86","14,128.99",,,"1,925,600.00"
15/06/2022,"14,334.19","14,363.50","13,542.73","13,835.86",,,"3,633,100.00"
14/06/2022,"14,011.74","14,334.19","13,777.23","14,128.99",,,"2,049,600.00"
13/06/2022,"14,656.63","14,656.63","13,953.11","14,011.74",,,"3,830,300.00"
10/06/2022,"14,773.89","15,125.64","14,744.57","14,773.89",,,"2,278,300.00"
09/06/2022,"15,125.64","15,184.27","14,685.95","15,096.33",,,"3,388,400.00"
08/06/2022,"14,598.01","15,067.02","14,451.44","15,067.02",,,"4,494,800.00"
07/06/2022,"14,832.51","14,832.51","14,246.25","14,627.32",,,"2,255,000.00"
06/06/2022,"14,832.51","14,979.08","14,773.89","14,832.51",,,"1,698,800.00"
03/06/2022,"14,949.77","15,008.39","14,598.01","14,832.51",,,"1,409,500.00"
02/06/2022,"15,008.39","15,213.58","14,861.83","14,861.83",,,"3,745,600.00"
01/06/2022,"14,914.59","14,914.59","14,586.28","14,586.28",,,"3,523,400.00"
31/05/2022,"14,867.69","14,914.59","14,773.89","14,797.34",,,"2,348,500.00"
30/05/2022,"15,008.39","15,008.39","14,773.89","14,984.94",,,"2,244,200.00"
27/05/2022,"14,445.58","14,914.59","14,351.77","14,914.59",,,"4,910,800.00"
26/05/2022,"14,257.97","14,304.87","14,070.37","14,234.52",,,"2,690,700.00"
25/05/2022,"13,507.55","14,070.37","13,507.55","14,070.37",,,"3,815,600.00"
24/05/2022,"13,507.55","13,507.55","13,202.69","13,507.55",,,"1,574,100.00"
23/05/2022,"13,648.26","13,742.06","13,273.05","13,343.40",,,"1,256,800.00"
20/05/2022,"13,413.75","13,742.06","13,413.75","13,624.81",,,"1,936,000.00"
19/05/2022,"13,319.95","13,601.35","13,179.24","13,413.75",,,"5,423,275.00"
18/05/2022,"13,929.66","13,953.11","13,507.55","13,577.90",,,"3,521,100.00"
17/05/2022,"12,944.74","13,765.51","12,897.84","13,718.61",,,"2,617,900.00"
16/05/2022,"12,968.19","13,460.65","12,897.84","12,944.74",,,"5,137,600.00"
13/05/2022,"14,023.47","14,211.07","12,897.84","12,897.84",,,"6,442,600.00"
12/05/2022,"14,398.68","14,656.63","13,835.86","13,835.86",,,"3,461,900.00"
11/05/2022,"14,445.58","14,820.79","14,351.77","14,820.79",,,"2,319,300.00"
10/05/2022,"14,211.07","14,539.38","14,023.47","14,445.58",,,"4,888,500.00"
09/05/2022,"14,539.38","14,539.38","13,929.66","14,351.77",,,"5,176,200.00"
06/05/2022,"14,633.18","14,914.59","14,469.03","14,539.38",,,"3,655,300.00"
05/05/2022,"15,149.10","15,149.10","14,680.08","14,867.69",,,"3,503,200.00"
04/05/2022,"15,125.64","15,242.90","14,891.14","14,891.14",,,"2,660,200.00"
29/04/2022,"14,539.38","15,336.70","14,422.13","15,336.70",,,"4,660,900.00"
28/04/2022,"14,351.77","14,633.18","14,351.77","14,539.38",,,"1,568,200.00"
27/04/2022,"14,398.68","14,633.18","14,211.07","14,492.48",,,"2,831,800.00"
26/04/2022,"14,304.87","14,656.63","14,070.37","14,492.48",,,"6,106,000.00"
25/04/2022,"15,149.10","15,219.45","14,304.87","14,304.87",,,"9,502,659.00"
22/04/2022,"14,867.69","15,289.80","14,867.69","15,149.10",,,"5,488,800.00"
21/04/2022,"15,008.39","15,242.90","14,773.89","14,773.89",,,"5,899,800.00"
20/04/2022,"14,867.69","15,102.19","14,844.24","14,961.49",,,"4,560,500.00"
19/04/2022,"15,289.80","15,383.60","14,820.79","14,844.24",,,"5,544,400.00"
18/04/2022,"15,711.91","15,758.81","15,383.60","15,383.60",,,"6,485,500.00"
15/04/2022,"15,852.61","15,946.42","15,688.46","15,735.36",,,"5,388,100.00"
14/04/2022,"15,782.26","16,016.77","15,758.81","15,852.61",,,"5,421,600.00"
13/04/2022,"15,711.91","15,876.06","15,618.11","15,782.26",,,"5,232,400.00"
12/04/2022,"15,876.06","15,876.06","15,641.56","15,688.46",,,"5,223,200.00"
08/04/2022,"15,805.71","15,946.42","15,782.26","15,876.06",,,"8,904,400.00"
07/04/2022,"15,665.01","16,016.77","15,594.66","15,758.81",,,"9,677,900.00"
06/04/2022,"15,407.05","15,618.11","15,360.15","15,571.21",,,"4,156,600.00"
05/04/2022,"15,665.01","15,665.01","15,453.95","15,477.40",,,"4,808,400.00"
04/04/2022,"15,758.81","15,805.71","15,665.01","15,711.91",,,"5,238,850.00"
01/04/2022,"15,500.85","15,665.01","15,477.40","15,665.01",,,"6,515,500.00"
31/03/2022,"15,336.70","15,571.21","15,289.80","15,500.85",,,"5,523,400.00"
30/03/2022,"15,196.00","15,430.50","15,149.10","15,289.80",,,"4,892,100.00"
29/03/2022,"15,219.45","15,313.25","15,149.10","15,172.55",,,"4,590,641.00"
28/03/2022,"15,336.70","15,383.60","15,149.10","15,172.55",,,"9,075,500.00"
25/03/2022,"15,430.50","15,547.76","15,336.70","15,336.70",,,"5,480,359.00"
24/03/2022,"15,500.85","15,571.21","15,407.05","15,430.50",,,"3,240,900.00"
23/03/2022,"15,571.21","15,665.01","15,547.76","15,571.21",,,"7,176,525.00"
22/03/2022,"15,477.40","15,665.01","15,477.40","15,618.11",,,"5,581,400.00"
21/03/2022,"15,430.50","15,477.40","15,336.70","15,453.95",,,"5,404,400.00"
,,,,,,,
,,,,,,,
SIMPLIZE,,,,,,,
"Số 5 ngõ 316 Lê Trọng Tấn, Phường Khương Mai, Quận Thanh Xuân, TP.Hà Nội
",,,,,,,
Website: simplize.vn,,,,,,,
Email: info@simplize.vn,,,,,,,
Tel: (+84) 38 840 8668,,,,,,,
