Tên công ty,Công ty Cổ phần FPT,,,,,,
Tên báo cáo,Lịch sử giá,,,,,,
Ngày tải,24/03/2026,,,,,,
,,,,,,,
NGÀY,GIÁ MỞ CỬA,GIÁ CAO NHẤT,GIÁ THẤP NHẤT,GIÁ ĐÓNG CỬA,THAY ĐỔI GIÁ,% THAY ĐỔI,KHỐI LƯỢNG
24/03/2026,"75,500.00","75,900.00","74,100.00","74,600.00","1,500.00",0.02,"3,974,600.00"
23/03/2026,"73,700.00","76,100.00","71,600.00","73,100.00","-1,500.00",-0.02,"13,156,200.00"
20/03/2026,"76,500.00","76,500.00","73,600.00","74,600.00","-2,200.00",-0.03,"21,423,700.00"
19/03/2026,"77,700.00","77,800.00","76,600.00","76,800.00","-1,800.00",-0.02,"11,602,900.00"
18/03/2026,"80,000.00","80,200.00","78,100.00","78,600.00",-800.00,-0.01,"6,352,700.00"
17/03/2026,"79,400.00","81,300.00","79,100.00","79,400.00","1,200.00",0.02,"9,218,800.00"
16/03/2026,"77,100.00","79,300.00","77,100.00","78,200.00","1,200.00",0.02,"8,662,000.00"
13/03/2026,"77,100.00","78,500.00","76,300.00","77,000.00",-700.00,-0.01,"9,026,000.00"
12/03/2026,"78,800.00","79,200.00","77,500.00","77,700.00","-2,500.00",-0.03,"12,722,400.00"
11/03/2026,"80,000.00","81,000.00","78,300.00","80,200.00",700.00,0.01,"10,652,800.00"
10/03/2026,"76,400.00","79,600.00","76,400.00","79,500.00","3,600.00",0.05,"21,099,200.00"
09/03/2026,"76,000.00","76,700.00","75,900.00","75,900.00","-5,700.00",-0.07,"17,633,000.00"
06/03/2026,"84,400.00","84,600.00","81,500.00","81,600.00","-2,800.00",-0.03,"23,713,900.00"
05/03/2026,"86,500.00","86,800.00","84,400.00","84,400.00",-700.00,-0.01,"15,906,800.00"
04/03/2026,"86,900.00","87,000.00","84,200.00","85,100.00","-1,900.00",-0.02,"23,755,700.00"
03/03/2026,"90,100.00","90,900.00","87,000.00","87,000.00","-2,600.00",-0.03,"16,504,400.00"
02/03/2026,"90,100.00","91,500.00","89,300.00","89,600.00","-3,300.00",-0.04,"17,245,400.00"
27/02/2026,"91,000.00","93,500.00","90,300.00","92,900.00","2,400.00",0.03,"18,705,600.00"
26/02/2026,"90,000.00","92,200.00","89,900.00","90,500.00","1,400.00",0.02,"17,525,500.00"
25/02/2026,"92,200.00","92,500.00","89,000.00","89,100.00","-3,400.00",-0.04,"47,733,100.00"
24/02/2026,"94,000.00","94,000.00","92,500.00","92,500.00","-2,000.00",-0.02,"28,539,000.00"
23/02/2026,"96,800.00","96,800.00","93,100.00","94,500.00","-1,800.00",-0.02,"22,660,400.00"
13/02/2026,"98,100.00","98,500.00","96,300.00","96,300.00","-2,500.00",-0.03,"18,508,400.00"
12/02/2026,"99,000.00","99,200.00","98,400.00","98,800.00",200.00,0.00,"4,125,200.00"
11/02/2026,"98,200.00","99,500.00","97,400.00","98,600.00",800.00,0.01,"5,507,500.00"
10/02/2026,"99,900.00","99,900.00","97,300.00","97,800.00","-1,200.00",-0.01,"6,113,500.00"
09/02/2026,"98,800.00","99,400.00","97,900.00","99,000.00","1,400.00",0.01,"5,108,600.00"
06/02/2026,"98,000.00","100,000.00","96,700.00","97,600.00","-1,400.00",-0.01,"9,766,800.00"
05/02/2026,"101,200.00","101,900.00","99,000.00","99,000.00","-2,900.00",-0.03,"18,088,600.00"
04/02/2026,"103,100.00","103,500.00","101,500.00","101,900.00","-2,000.00",-0.02,"11,639,700.00"
03/02/2026,"104,900.00","105,400.00","102,900.00","103,900.00",-400.00,0.00,"9,097,000.00"
02/02/2026,"103,300.00","104,300.00","101,600.00","104,300.00",-200.00,0.00,"9,331,400.00"
30/01/2026,"106,400.00","106,400.00","103,900.00","104,500.00","-1,600.00",-0.02,"10,833,200.00"
29/01/2026,"105,000.00","107,200.00","103,700.00","106,100.00","1,600.00",0.02,"14,247,700.00"
28/01/2026,"102,400.00","105,800.00","102,300.00","104,500.00","2,400.00",0.02,"11,949,800.00"
27/01/2026,"99,600.00","102,500.00","99,100.00","102,100.00","3,600.00",0.04,"10,585,500.00"
26/01/2026,"100,200.00","101,600.00","98,000.00","98,500.00","-2,500.00",-0.02,"11,183,100.00"
23/01/2026,"103,600.00","104,600.00","101,000.00","101,000.00","-2,500.00",-0.02,"9,418,000.00"
22/01/2026,"105,500.00","105,800.00","103,500.00","103,500.00","-1,500.00",-0.01,"8,095,100.00"
21/01/2026,"103,200.00","106,500.00","101,100.00","105,000.00",900.00,0.01,"14,517,300.00"
20/01/2026,"106,100.00","107,000.00","104,000.00","104,100.00","-1,700.00",-0.02,"12,213,100.00"
19/01/2026,"108,700.00","108,700.00","105,500.00","105,800.00",500.00,0.00,"14,710,500.00"
16/01/2026,"99,500.00","105,300.00","99,500.00","105,300.00","6,800.00",0.07,"23,871,100.00"
15/01/2026,"99,800.00","101,700.00","98,400.00","98,500.00","-1,300.00",-0.01,"7,401,400.00"
14/01/2026,"99,000.00","101,100.00","97,800.00","99,800.00",900.00,0.01,"11,900,400.00"
13/01/2026,"99,700.00","101,700.00","97,900.00","98,900.00",-600.00,-0.01,"9,411,100.00"
12/01/2026,"98,000.00","99,500.00","98,000.00","99,500.00","2,100.00",0.02,"9,076,600.00"
09/01/2026,"96,100.00","99,900.00","96,000.00","97,400.00",900.00,0.01,"10,048,700.00"
08/01/2026,"98,100.00","98,100.00","96,500.00","96,500.00","-1,000.00",-0.01,"5,576,200.00"
07/01/2026,"94,100.00","97,600.00","94,000.00","97,500.00","3,500.00",0.04,"11,427,400.00"
06/01/2026,"94,700.00","94,800.00","93,600.00","94,000.00","-1,000.00",-0.01,"5,397,500.00"
05/01/2026,"95,700.00","95,700.00","93,200.00","95,000.00",-800.00,-0.01,"7,029,300.00"
31/12/2025,"96,800.00","97,000.00","95,200.00","95,800.00",-700.00,-0.01,"3,082,600.00"
30/12/2025,"94,500.00","96,600.00","94,300.00","96,500.00","2,200.00",0.02,"7,271,200.00"
29/12/2025,"92,500.00","94,900.00","92,500.00","94,300.00","1,800.00",0.02,"6,300,900.00"
26/12/2025,"92,700.00","93,000.00","91,000.00","92,500.00",-500.00,-0.01,"6,612,400.00"
25/12/2025,"93,600.00","94,800.00","93,000.00","93,000.00",-600.00,-0.01,"4,565,200.00"
24/12/2025,"94,100.00","94,200.00","93,100.00","93,600.00",-400.00,0.00,"3,901,500.00"
23/12/2025,"94,000.00","95,900.00","93,600.00","94,000.00",300.00,0.00,"6,006,900.00"
22/12/2025,"94,100.00","94,300.00","93,500.00","93,700.00",-200.00,0.00,"6,142,400.00"
19/12/2025,"94,000.00","95,000.00","93,600.00","93,900.00",-500.00,-0.01,"4,492,600.00"
18/12/2025,"95,500.00","95,600.00","93,900.00","94,400.00","-1,500.00",-0.02,"4,115,500.00"
17/12/2025,"94,400.00","96,300.00","94,400.00","95,900.00","1,000.00",0.01,"4,967,800.00"
16/12/2025,"93,900.00","95,400.00","92,000.00","94,900.00","1,100.00",0.01,"6,295,300.00"
15/12/2025,"93,900.00","94,400.00","93,500.00","93,800.00",100.00,0.00,"3,524,800.00"
12/12/2025,"96,000.00","96,000.00","93,500.00","93,700.00","-2,300.00",-0.02,"5,519,800.00"
11/12/2025,"95,900.00","96,600.00","95,600.00","96,000.00",400.00,0.00,"5,201,600.00"
10/12/2025,"97,100.00","97,100.00","95,600.00","95,600.00","-1,300.00",-0.01,"3,894,100.00"
09/12/2025,"95,500.00","97,000.00","94,400.00","96,900.00","1,400.00",0.01,"9,961,500.00"
08/12/2025,"96,600.00","97,300.00","95,500.00","95,500.00",-700.00,-0.01,"5,278,600.00"
05/12/2025,"97,500.00","97,500.00","96,100.00","96,200.00","-1,300.00",-0.01,"5,062,500.00"
04/12/2025,"96,600.00","98,500.00","96,600.00","97,500.00",900.00,0.01,"7,387,500.00"
03/12/2025,"97,000.00","97,000.00","96,000.00","96,600.00",0.00,0.00,"6,475,300.00"
02/12/2025,"96,800.00","97,300.00","95,400.00","96,600.00",0.00,0.00,"5,560,800.00"
01/12/2025,"96,900.00","97,700.00","96,100.00","96,600.00",500.00,0.01,"3,125,100.00"
28/11/2025,"98,079.40","98,376.31","96,100.00","96,100.00","-2,400.00",-0.02,"8,104,404.00"
27/11/2025,"98,178.37","98,772.19","97,089.70","98,475.28",500.00,0.01,"6,345,500.00"
26/11/2025,"98,772.19","99,168.07","97,881.46","97,980.43",-700.00,-0.01,"7,615,715.00"
25/11/2025,"98,673.22","99,267.04","97,980.43","98,673.22",-500.00,0.00,"6,438,917.00"
24/11/2025,"99,662.92","100,058.81","98,574.25","99,168.07",-600.00,-0.01,"6,281,803.00"
21/11/2025,"96,990.73","100,157.78","96,792.79","99,761.89","1,800.00",0.02,"7,936,900.00"
20/11/2025,"97,584.55","98,673.22","97,089.70","97,980.43","1,000.00",0.01,"5,350,423.00"
19/11/2025,"98,475.28","98,475.28","96,990.73","96,990.73","-2,000.00",-0.02,"7,622,896.00"
18/11/2025,"99,959.84","100,058.81","97,782.49","98,970.13","-1,000.00",-0.01,"6,660,100.00"
17/11/2025,"99,563.95","100,751.60","99,563.95","99,959.84","1,000.00",0.01,"8,305,114.00"
14/11/2025,"97,881.46","99,860.87","97,188.67","98,970.13","1,100.00",0.01,"6,234,900.00"
13/11/2025,"99,563.95","99,662.92","97,683.52","97,881.46","-1,700.00",-0.02,"10,224,400.00"
12/11/2025,"95,506.18","99,563.95","95,506.18","99,563.95","4,500.00",0.05,"6,665,300.00"
11/11/2025,"95,803.09","96,891.76","95,110.30","95,110.30",-100.00,0.00,"7,291,703.00"
10/11/2025,"100,157.78","100,157.78","95,209.27","95,209.27","-4,800.00",-0.05,"11,858,600.00"
07/11/2025,"98,475.28","100,751.60","98,475.28","99,959.84",800.00,0.01,"6,025,112.00"
06/11/2025,"99,860.87","100,949.54","98,376.31","99,168.07",-700.00,-0.01,"6,771,804.00"
05/11/2025,"100,751.60","100,949.54","98,574.25","99,860.87","-2,400.00",-0.02,"13,259,500.00"
04/11/2025,"103,027.91","103,621.73","100,652.63","102,236.15","-1,700.00",-0.02,"17,658,600.00"
03/11/2025,"102,731.00","105,205.25","102,434.09","103,918.64","1,100.00",0.01,"20,963,604.00"
31/10/2025,"101,543.36","102,829.97","99,959.84","102,829.97","1,200.00",0.01,"17,274,715.00"
30/10/2025,"101,048.51","102,434.09","100,553.66","101,642.33","1,000.00",0.01,"9,750,604.00"
29/10/2025,"101,345.42","102,137.18","100,058.81","100,652.63",-500.00,0.00,"9,322,800.00"
28/10/2025,"97,584.55","101,147.48","97,584.55","101,147.48","4,200.00",0.04,"27,282,701.00"
27/10/2025,"97,980.43","98,673.22","95,308.24","96,990.73",300.00,0.00,"12,897,800.00"
24/10/2025,"94,021.63","96,693.82","93,724.72","96,693.82","2,700.00",0.03,"15,259,100.00"
23/10/2025,"96,198.97","96,297.94","93,031.93","94,021.63","-2,000.00",-0.02,"8,971,900.00"
22/10/2025,"94,219.57","97,980.43","94,021.63","96,001.03","4,000.00",0.04,"19,299,410.00"
21/10/2025,"88,083.42","92,042.22","87,588.57","92,042.22","6,000.00",0.07,"21,650,900.00"
20/10/2025,"87,390.63","90,854.58","86,104.02","86,104.02","-1,100.00",-0.01,"14,655,300.00"
17/10/2025,"89,172.09","90,557.67","87,192.69","87,192.69","-1,700.00",-0.02,"8,729,400.00"
16/10/2025,"88,875.18","90,557.67","88,677.24","88,875.18",200.00,0.00,"8,003,500.00"
15/10/2025,"91,646.34","92,141.19","88,578.27","88,677.24","-2,800.00",-0.03,"18,738,600.00"
14/10/2025,"93,130.90","93,526.78","91,448.40","91,448.40","-1,600.00",-0.02,"12,913,551.00"
13/10/2025,"93,922.66","93,922.66","92,735.02","93,031.93","-2,100.00",-0.02,"11,154,145.00"
10/10/2025,"93,229.87","95,506.18","92,833.99","95,110.30","1,900.00",0.02,"8,587,700.00"
09/10/2025,"94,021.63","94,021.63","92,537.08","93,229.87",-300.00,0.00,"7,119,886.00"
08/10/2025,"94,516.48","95,902.06","93,526.78","93,526.78","-1,000.00",-0.01,"6,292,100.00"
07/10/2025,"95,011.33","95,308.24","94,219.57","94,516.48",0.00,0.00,"7,335,500.00"
06/10/2025,"93,328.84","94,912.36","92,537.08","94,516.48","2,100.00",0.02,"11,178,000.00"
03/10/2025,"91,250.46","93,031.93","91,151.49","92,438.11","1,300.00",0.01,"7,681,300.00"
02/10/2025,"91,943.25","92,438.11","91,052.52","91,151.49","-1,300.00",-0.01,"10,293,400.00"
01/10/2025,"92,240.16","93,526.78","90,458.70","92,438.11",400.00,0.00,"7,405,100.00"
30/09/2025,"94,516.48","94,813.39","91,844.28","92,042.22","-2,500.00",-0.03,"13,894,200.00"
29/09/2025,"96,792.79","96,792.79","94,516.48","94,516.48","-2,000.00",-0.02,"11,520,900.00"
26/09/2025,"97,188.67","98,277.34","96,396.91","96,495.88",-500.00,-0.01,"9,080,800.00"
25/09/2025,"98,475.28","98,475.28","96,891.76","96,990.73","-1,500.00",-0.02,"9,808,701.00"
24/09/2025,"97,089.70","98,475.28","96,396.91","98,475.28","1,500.00",0.02,"7,711,100.00"
23/09/2025,"98,970.13","98,970.13","96,495.88","96,990.73","-1,700.00",-0.02,"20,409,346.00"
22/09/2025,"101,444.39","101,642.33","98,574.25","98,673.22","-3,300.00",-0.03,"17,114,201.00"
19/09/2025,"102,731.00","102,731.00","99,464.98","101,939.24",0.00,0.00,"24,160,800.00"
18/09/2025,"104,908.34","105,205.25","101,939.24","101,939.24","-2,500.00",-0.02,"11,766,000.00"
17/09/2025,"102,928.94","106,689.80","102,928.94","104,413.49","2,000.00",0.02,"21,514,502.00"
16/09/2025,"101,642.33","103,720.70","100,949.54","102,434.09","1,600.00",0.02,"17,980,000.00"
15/09/2025,"100,850.57","102,434.09","100,454.69","100,850.57",300.00,0.00,"14,144,103.00"
12/09/2025,"100,949.54","101,840.27","100,058.81","100,553.66",-400.00,0.00,"8,862,000.00"
11/09/2025,"100,157.78","101,840.27","99,464.98","100,949.54",800.00,0.01,"7,414,200.00"
10/09/2025,"101,048.51","101,840.27","100,058.81","100,157.78",-900.00,-0.01,"8,330,200.00"
09/09/2025,"100,949.54","101,939.24","99,959.84","101,048.51",200.00,0.00,"7,825,700.00"
08/09/2025,"101,939.24","102,829.97","100,850.57","100,850.57","-1,500.00",-0.01,"14,237,101.00"
05/09/2025,"104,116.58","104,413.49","102,335.12","102,335.12","-1,600.00",-0.02,"10,732,900.00"
04/09/2025,"102,236.15","104,413.49","102,137.18","103,918.64","1,800.00",0.02,"15,650,801.00"
03/09/2025,"100,949.54","102,236.15","98,970.13","102,137.18","1,600.00",0.02,"12,034,200.00"
29/08/2025,"103,918.64","103,918.64","100,553.66","100,553.66","-2,900.00",-0.03,"11,896,200.00"
28/08/2025,"104,017.61","104,017.61","101,741.30","103,423.79",-500.00,0.00,"7,503,600.00"
27/08/2025,"100,355.72","104,017.61","100,157.78","103,918.64","5,000.00",0.05,"19,729,400.00"
26/08/2025,"97,782.49","98,970.13","96,891.76","98,970.13","1,200.00",0.01,"5,812,500.00"
25/08/2025,"100,949.54","100,949.54","97,782.49","97,782.49",-200.00,0.00,"7,791,000.00"
22/08/2025,"100,553.66","100,553.66","97,782.49","97,980.43","-2,700.00",-0.03,"7,212,000.00"
21/08/2025,"96,693.82","101,840.27","96,693.82","100,652.63","4,000.00",0.04,"13,077,001.00"
20/08/2025,"99,069.10","99,267.04","96,495.88","96,693.82","-2,600.00",-0.03,"19,969,500.00"
19/08/2025,"99,563.95","100,454.69","98,970.13","99,267.04",-200.00,0.00,"9,153,600.00"
18/08/2025,"100,355.72","101,939.24","98,970.13","99,464.98",-900.00,-0.01,"11,392,300.00"
15/08/2025,"102,731.00","103,720.70","100,256.75","100,355.72","-2,400.00",-0.02,"18,652,300.00"
14/08/2025,"104,710.40","104,710.40","102,632.03","102,731.00","-1,300.00",-0.01,"17,905,400.00"
13/08/2025,"106,491.86","106,689.80","103,819.67","104,017.61","-2,400.00",-0.02,"22,264,000.00"
12/08/2025,"106,293.92","107,085.68","105,502.16","106,392.89","1,100.00",0.01,"11,011,800.00"
11/08/2025,"104,809.37","108,372.30","104,215.55","105,304.22",800.00,0.01,"10,278,500.00"
08/08/2025,"105,403.19","106,293.92","103,720.70","104,512.46",-600.00,-0.01,"9,947,800.00"
07/08/2025,"104,512.46","106,293.92","103,819.67","105,106.28","1,300.00",0.01,"11,218,800.00"
06/08/2025,"104,908.34","105,106.28","103,423.79","103,819.67",-900.00,-0.01,"12,710,200.00"
05/08/2025,"105,898.04","107,580.54","103,918.64","104,710.40",-800.00,-0.01,"12,262,000.00"
04/08/2025,"105,403.19","105,502.16","103,720.70","105,502.16",-400.00,0.00,"5,552,800.00"
01/08/2025,"102,632.03","106,293.92","100,454.69","105,898.04","3,000.00",0.03,"11,986,500.00"
31/07/2025,"105,007.31","105,799.07","102,731.00","102,928.94","-2,100.00",-0.02,"8,984,200.00"
30/07/2025,"105,898.04","106,887.74","104,215.55","105,007.31",100.00,0.00,"7,488,200.00"
29/07/2025,"110,153.76","110,450.67","104,908.34","104,908.34","-5,300.00",-0.05,"16,789,500.00"
28/07/2025,"109,658.91","110,450.67","109,362.00","110,153.76",600.00,0.01,"7,611,000.00"
25/07/2025,"109,955.82","110,351.70","109,362.00","109,559.94",-400.00,0.00,"5,137,000.00"
24/07/2025,"110,846.55","110,945.52","109,658.91","109,955.82",-700.00,-0.01,"6,600,800.00"
23/07/2025,"111,143.46","111,638.31","110,153.76","110,648.61",-300.00,0.00,"4,795,100.00"
22/07/2025,"109,164.06","111,044.49","107,580.54","110,945.52","1,800.00",0.02,"7,104,100.00"
21/07/2025,"111,242.43","111,242.43","109,164.06","109,164.06",700.00,0.01,"8,766,000.00"
18/07/2025,"110,158.06","110,158.06","108,436.84","108,436.84","-1,000.00",-0.01,"6,995,800.00"
17/07/2025,"109,039.27","111,104.73","108,436.84","109,297.45",700.00,0.01,"9,011,200.00"
16/07/2025,"109,039.27","109,297.45","107,662.29","108,695.03",300.00,0.00,"3,866,400.00"
15/07/2025,"108,953.21","109,985.94","108,436.84","108,436.84","-1,100.00",-0.01,"5,685,000.00"
14/07/2025,"109,469.57","110,072.00","107,576.23","109,383.51",500.00,0.00,"7,737,400.00"
11/07/2025,"107,576.23","110,158.06","107,231.99","108,953.21","2,700.00",0.02,"10,996,700.00"
10/07/2025,"106,543.50","107,834.42","106,285.32","106,629.56","1,100.00",0.01,"5,404,500.00"
09/07/2025,"107,404.11","107,490.17","105,252.59","105,682.89","-1,700.00",-0.01,"12,460,400.00"
08/07/2025,"106,801.68","108,178.66","106,715.62","107,145.93",700.00,0.01,"8,064,200.00"
07/07/2025,"106,113.20","107,318.05","105,855.01","106,543.50","1,300.00",0.01,"7,444,800.00"
04/07/2025,"101,982.27","106,199.26","101,896.21","105,424.71","4,500.00",0.04,"13,553,000.00"
03/07/2025,"101,982.27","103,101.06","101,379.84","101,551.96",-600.00,-0.01,"7,240,300.00"
02/07/2025,"101,982.27","102,154.39","101,207.72","102,068.33",-200.00,0.00,"4,639,700.00"
01/07/2025,"102,412.57","102,842.88","101,724.09","102,240.45",600.00,0.01,"12,639,400.00"
30/06/2025,"101,465.90","102,842.88","101,207.72","101,724.09",900.00,0.01,"8,035,200.00"
27/06/2025,"100,691.35","101,810.15","100,605.29","100,949.54",300.00,0.00,"5,963,200.00"
26/06/2025,"101,551.96","101,810.15","100,347.11","100,691.35",-100.00,0.00,"4,232,300.00"
25/06/2025,"100,691.35","102,756.82","100,691.35","100,777.41",600.00,0.01,"7,345,701.00"
24/06/2025,"100,088.93","100,691.35","100,088.93","100,261.05",600.00,0.01,"12,952,400.00"
23/06/2025,"99,400.44","100,088.93","98,539.83","99,744.68",-200.00,0.00,"5,936,200.00"
20/06/2025,"99,916.80","100,605.29","99,658.62","99,916.80",100.00,0.00,"5,599,400.00"
19/06/2025,"100,691.35","100,777.41","99,572.56","99,830.74","-1,000.00",-0.01,"6,730,900.00"
18/06/2025,"102,240.45","102,842.88","100,174.99","100,691.35","-1,800.00",-0.02,"7,643,800.00"
17/06/2025,"102,412.57","102,670.76","101,724.09","102,240.45",-200.00,0.00,"5,926,300.00"
16/06/2025,"99,056.19","103,101.06","98,970.13","102,412.57","3,600.00",0.03,"8,644,100.00"
13/06/2025,"99,830.74","100,261.05","98,884.07","99,314.38","-1,600.00",-0.01,"6,161,701.00"
12/06/2025,"101,207.72","101,293.78","100,261.05","100,691.35",100.00,0.00,"4,243,100.00"
11/06/2025,"99,069.33","100,861.29","99,069.33","100,605.29","2,200.00",0.02,"6,554,301.00"
10/06/2025,"99,837.31","100,178.64","98,728.01","98,728.01",-500.00,0.00,"3,854,500.00"
09/06/2025,"98,557.35","99,751.98","98,130.69","99,154.66","1,200.00",0.01,"4,474,400.00"
06/06/2025,"99,666.65","99,666.65","98,130.69","98,130.69","-1,800.00",-0.02,"5,693,743.00"
05/06/2025,"99,922.64","100,093.31","99,410.66","99,666.65",-300.00,0.00,"5,146,500.00"
04/06/2025,"100,690.62","100,861.29","99,410.66","99,922.64",-300.00,0.00,"7,362,300.00"
03/06/2025,"99,581.32","100,690.62","99,240.00","100,178.64","1,300.00",0.01,"5,373,600.00"
02/06/2025,"99,410.66","99,922.64","98,642.68","99,069.33",-400.00,0.00,"4,571,400.00"
30/05/2025,"100,690.62","100,861.29","99,410.66","99,410.66",-600.00,-0.01,"4,038,000.00"
29/05/2025,"101,543.93","101,543.93","99,922.64","99,922.64","-1,300.00",-0.01,"2,933,000.00"
28/05/2025,"101,714.60","101,885.26","100,263.97","101,031.95",-600.00,-0.01,"4,969,000.00"
27/05/2025,"100,178.64","101,885.26","100,178.64","101,543.93","1,700.00",0.01,"5,802,200.00"
26/05/2025,"99,581.32","100,519.96","98,130.69","100,093.31",200.00,0.00,"4,709,400.00"
23/05/2025,"99,581.32","100,519.96","98,984.00","99,922.64",300.00,0.00,"6,613,500.00"
22/05/2025,"99,922.64","100,349.30","98,642.68","99,666.65","-1,500.00",-0.01,"8,701,500.00"
21/05/2025,"102,397.24","102,397.24","99,837.31","100,946.62",-900.00,-0.01,"8,956,400.00"
20/05/2025,"99,666.65","101,799.93","99,666.65","101,714.60","1,000.00",0.01,"9,748,300.00"
19/05/2025,"101,373.27","102,823.90","99,495.99","100,861.29","-2,800.00",-0.02,"10,980,700.00"
16/05/2025,"106,237.14","106,407.80","103,165.22","103,250.55","-4,000.00",-0.03,"8,012,201.00"
15/05/2025,"107,943.76","108,285.09","105,469.16","106,663.80","-1,300.00",-0.01,"8,723,600.00"
14/05/2025,"102,397.24","107,773.10","102,397.24","107,773.10","6,800.00",0.06,"13,240,300.00"
13/05/2025,"102,397.24","102,653.24","101,202.61","101,970.59","1,200.00",0.01,"10,268,401.00"
12/05/2025,"99,837.31","101,287.94","99,581.32","100,946.62","2,300.00",0.02,"9,137,200.00"
09/05/2025,"97,533.38","99,325.33","96,850.73","98,984.00","1,700.00",0.01,"8,806,900.00"
08/05/2025,"94,205.46","97,789.37","93,010.83","97,533.38","4,600.00",0.04,"13,589,900.00"
07/05/2025,"93,522.82","94,888.11","92,925.50","93,608.15",0.00,0.00,"4,379,300.00"
06/05/2025,"92,669.51","94,717.45","92,669.51","93,608.15","1,100.00",0.01,"6,731,201.00"
05/05/2025,"93,437.49","93,608.15","91,218.88","92,669.51",-800.00,-0.01,"7,620,100.00"
29/04/2025,"93,522.82","94,290.80","93,096.16","93,352.15",-100.00,0.00,"6,209,900.00"
28/04/2025,"95,570.76","95,912.09","93,181.49","93,437.49","-2,900.00",-0.03,"4,126,000.00"
25/04/2025,"95,570.76","95,912.09","94,034.80","95,912.09",400.00,0.00,"6,714,100.00"
24/04/2025,"95,144.11","97,021.39","94,376.13","95,570.76","1,600.00",0.01,"8,260,100.00"
23/04/2025,"95,314.77","95,314.77","91,901.53","94,205.46",0.00,0.00,"7,275,800.00"
22/04/2025,"94,717.45","94,888.11","88,744.28","94,205.46","-1,300.00",-0.01,"10,242,300.00"
21/04/2025,"95,570.76","95,997.42","93,864.14","95,314.77",100.00,0.00,"4,362,300.00"
18/04/2025,"94,290.80","98,130.69","94,290.80","95,229.44","2,200.00",0.02,"8,432,500.00"
17/04/2025,"89,597.59","94,973.44","89,512.26","93,352.15","1,500.00",0.01,"12,137,200.00"
16/04/2025,"97,704.04","98,898.67","92,072.19","92,072.19","-8,100.00",-0.07,"18,892,200.00"
15/04/2025,"99,069.33","99,837.31","97,021.39","98,984.00","-2,500.00",-0.02,"7,849,400.00"
14/04/2025,"102,397.24","102,397.24","97,277.38","101,117.28",0.00,0.00,"9,389,400.00"
11/04/2025,"99,837.31","101,117.28","97,533.38","101,117.28","5,900.00",0.05,"19,261,501.00"
10/04/2025,"96,082.75","96,082.75","96,082.75","96,082.75","7,300.00",0.07,"2,040,200.00"
09/04/2025,"83,453.75","92,157.52","83,453.75","89,853.58",200.00,0.00,"18,389,300.00"
08/04/2025,"90,450.90","92,157.52","89,682.92","89,682.92","-7,900.00",-0.07,"16,591,400.00"
04/04/2025,"90,109.58","97,192.05","90,109.58","96,424.07",-500.00,0.00,"21,849,500.00"
03/04/2025,"97,874.70","100,349.30","96,850.73","96,850.73","-8,500.00",-0.07,"11,574,900.00"
02/04/2025,"103,421.22","104,359.86","103,079.89","104,103.87","1,500.00",0.01,"3,920,200.00"
01/04/2025,"104,103.87","104,274.53","101,373.27","102,823.90",-500.00,0.00,"8,304,728.00"
31/03/2025,"105,298.50","105,298.50","103,250.55","103,250.55","-3,000.00",-0.02,"5,519,302.00"
28/03/2025,"107,602.44","107,858.43","105,810.49","105,810.49","-2,200.00",-0.02,"3,027,000.00"
27/03/2025,"104,103.87","107,943.76","103,335.89","107,687.77","3,200.00",0.03,"7,224,400.00"
26/03/2025,"107,943.76","107,943.76","104,701.18","104,957.18","-3,500.00",-0.03,"11,419,201.00"
25/03/2025,"110,759.69","110,845.02","107,943.76","107,943.76","-2,500.00",-0.02,"5,629,200.00"
24/03/2025,"109,650.38","110,333.03","108,626.41","110,077.04","1,000.00",0.01,"5,090,200.00"
21/03/2025,"106,663.80","110,077.04","106,663.80","109,223.73","3,000.00",0.02,"6,424,800.00"
20/03/2025,"106,322.47","108,199.75","106,237.14","106,663.80",400.00,0.00,"8,708,600.00"
19/03/2025,"111,015.68","111,442.33","105,383.83","106,322.47","-5,400.00",-0.04,"19,264,400.00"
18/03/2025,"111,015.68","112,807.63","110,930.35","110,930.35",0.00,0.00,"5,628,500.00"
17/03/2025,"112,295.64","112,722.30","110,589.02","110,930.35","-1,400.00",-0.01,"7,623,000.00"
14/03/2025,"115,708.89","116,306.20","111,613.00","112,124.98","-5,100.00",-0.04,"16,251,000.00"
13/03/2025,"116,135.54","117,756.83","116,135.54","116,476.87",600.00,0.00,"3,710,200.00"
12/03/2025,"117,500.84","118,354.15","115,964.88","115,964.88","-1,600.00",-0.01,"6,365,000.00"
11/03/2025,"117,756.83","118,183.49","116,903.52","117,330.18","-1,800.00",-0.01,"6,164,400.00"
10/03/2025,"120,743.42","120,743.42","118,780.80","118,866.13","-2,100.00",-0.01,"5,681,900.00"
07/03/2025,"120,914.08","121,767.39","120,402.09","120,658.09",-200.00,0.00,"3,436,000.00"
06/03/2025,"119,036.80","122,450.04","119,036.80","120,828.75","2,500.00",0.02,"6,511,400.00"
05/03/2025,"119,463.45","119,548.78","118,695.47","118,695.47",-900.00,-0.01,"2,851,100.00"
04/03/2025,"119,036.80","119,975.44","118,866.13","119,463.45",-500.00,0.00,"3,471,300.00"
03/03/2025,"119,890.11","120,658.09","119,719.44","119,890.11",200.00,0.00,"2,933,900.00"
28/02/2025,"119,548.78","120,402.09","118,610.14","119,719.44","-1,000.00",-0.01,"6,943,200.00"
27/02/2025,"121,170.07","121,340.73","120,060.77","120,572.76",-500.00,0.00,"3,921,700.00"
26/02/2025,"118,695.47","120,999.41","118,524.81","120,999.41","2,800.00",0.02,"3,973,500.00"
25/02/2025,"119,804.78","119,804.78","117,927.49","118,610.14","-1,500.00",-0.01,"7,334,400.00"
24/02/2025,"121,170.07","121,170.07","119,036.80","119,890.11","-1,500.00",-0.01,"7,517,901.00"
21/02/2025,"121,852.72","121,938.05","120,743.42","121,170.07","-1,000.00",-0.01,"5,332,600.00"
20/02/2025,"123,047.36","123,388.68","122,023.38","122,023.38","-1,000.00",-0.01,"3,385,400.00"
19/02/2025,"122,791.36","123,644.67","122,108.71","122,876.69",100.00,0.00,"3,469,801.00"
18/02/2025,"122,706.03","123,218.02","122,108.71","122,791.36",300.00,0.00,"1,664,400.00"
17/02/2025,"123,730.00","123,730.00","122,364.71","122,535.37","-1,300.00",-0.01,"2,816,300.00"
14/02/2025,"122,876.69","123,730.00","122,535.37","123,644.67","1,800.00",0.01,"3,251,709.00"
13/02/2025,"123,730.00","123,730.00","121,767.39","122,108.71","-1,900.00",-0.01,"3,248,100.00"
12/02/2025,"124,241.99","124,327.32","123,132.69","123,730.00",-400.00,0.00,"2,035,451.00"
11/02/2025,"121,340.73","124,071.33","119,548.78","124,071.33","3,400.00",0.02,"7,361,400.00"
10/02/2025,"124,156.66","124,156.66","121,170.07","121,170.07","-4,100.00",-0.03,"7,749,600.00"
07/02/2025,"125,009.97","125,180.63","124,412.65","124,668.65",-400.00,0.00,"4,365,900.00"
06/02/2025,"125,436.62","125,692.62","124,241.99","125,009.97",200.00,0.00,"3,724,601.00"
05/02/2025,"125,351.29","125,863.28","124,412.65","124,839.31",100.00,0.00,"5,344,100.00"
04/02/2025,"124,583.31","125,436.62","123,986.00","124,753.98",700.00,0.00,"7,250,700.00"
03/02/2025,"126,289.93","127,313.91","123,986.00","124,156.66","-7,900.00",-0.05,"12,863,200.00"
24/01/2025,"131,495.13","131,836.45","130,897.81","130,897.81",-900.00,-0.01,"3,950,706.00"
23/01/2025,"128,081.89","133,116.42","127,996.56","131,665.79","4,600.00",0.03,"8,459,101.00"
22/01/2025,"127,655.23","128,508.54","127,313.91","127,740.56",-200.00,0.00,"4,066,602.00"
21/01/2025,"128,423.21","129,191.19","127,143.25","127,911.22",-100.00,0.00,"3,475,801.00"
20/01/2025,"127,143.25","128,337.88","126,460.60","127,996.56","1,000.00",0.01,"2,297,711.00"
17/01/2025,"125,095.30","128,081.89","124,583.31","127,143.25","2,500.00",0.02,"3,900,004.00"
16/01/2025,"124,753.98","125,436.62","123,900.67","125,009.97","1,000.00",0.01,"3,856,703.00"
15/01/2025,"124,583.31","125,009.97","123,559.34","124,156.66",400.00,0.00,"3,450,803.00"
14/01/2025,"125,948.61","126,289.93","123,815.33","123,815.33","-2,500.00",-0.02,"4,304,503.00"
13/01/2025,"124,668.65","126,716.59","123,474.01","125,948.61",300.00,0.00,"5,156,707.00"
10/01/2025,"126,972.58","127,228.58","125,607.29","125,692.62","-1,500.00",-0.01,"2,737,703.00"
09/01/2025,"126,545.93","127,313.91","126,289.93","126,972.58",500.00,0.00,"1,964,401.00"
08/01/2025,"127,996.56","127,996.56","126,375.27","126,545.93","-1,800.00",-0.01,"3,879,902.00"
07/01/2025,"127,569.90","129,105.86","127,569.90","128,081.89",800.00,0.01,"4,053,304.00"
06/01/2025,"127,228.58","128,167.22","126,631.26","127,399.24",300.00,0.00,"3,467,104.00"
03/01/2025,"129,105.86","129,105.86","127,143.25","127,143.25","-3,000.00",-0.02,"6,446,104.00"
02/01/2025,"130,129.83","130,300.49","128,081.89","129,703.18",-500.00,0.00,"6,190,801.00"
31/12/2024,"128,593.87","131,324.47","128,252.55","130,129.83","2,000.00",0.01,"4,803,202.00"
30/12/2024,"127,484.57","128,679.20","126,716.59","128,423.21",900.00,0.01,"3,195,406.00"
27/12/2024,"127,569.90","127,911.22","126,887.25","127,655.23",-200.00,0.00,"4,611,705.00"
26/12/2024,"128,849.87","129,191.19","127,228.58","127,825.89","-1,000.00",-0.01,"2,943,303.00"
25/12/2024,"128,508.54","129,020.53","128,337.88","128,679.20",400.00,0.00,"4,668,104.00"
24/12/2024,"127,996.56","128,679.20","127,484.57","128,337.88",600.00,0.00,"4,037,903.00"
23/12/2024,"127,569.90","127,911.22","126,887.25","127,825.89",300.00,0.00,"4,310,913.00"
20/12/2024,"126,716.59","128,508.54","126,545.93","127,569.90","1,400.00",0.01,"4,735,902.00"
19/12/2024,"125,692.62","127,143.25","125,607.29","126,375.27",-600.00,0.00,"5,825,454.00"
18/12/2024,"126,289.93","127,825.89","126,289.93","126,887.25",700.00,0.00,"3,539,440.00"
17/12/2024,"128,081.89","128,423.21","126,033.94","126,289.93","-1,900.00",-0.01,"7,365,505.00"
16/12/2024,"127,655.23","128,508.54","127,569.90","127,911.22",400.00,0.00,"5,671,112.00"
13/12/2024,"127,569.90","128,764.53","127,484.57","127,569.90",-700.00,0.00,"4,864,805.00"
12/12/2024,"129,617.85","129,617.85","127,313.91","128,167.22",-300.00,0.00,"5,657,907.00"
11/12/2024,"127,996.56","129,447.18","127,740.56","128,423.21","1,000.00",0.01,"9,266,607.00"
10/12/2024,"125,521.96","127,569.90","125,436.62","127,569.90","2,500.00",0.02,"4,287,206.00"
09/12/2024,"127,313.91","127,569.90","124,668.65","125,436.62","-2,500.00",-0.02,"5,899,005.00"
06/12/2024,"129,617.85","129,617.85","126,289.93","127,569.90","1,000.00",0.01,"5,003,200.00"
05/12/2024,"122,876.69","126,716.59","122,535.37","126,716.59","5,000.00",0.03,"8,805,101.00"
04/12/2024,"123,730.00","124,839.31","121,852.72","122,450.04","-1,500.00",-0.01,"7,749,101.00"
03/12/2024,"120,914.08","124,497.98","120,914.08","123,730.00","2,800.00",0.02,"6,971,700.00"
02/12/2024,"123,132.69","124,583.31","120,828.75","121,340.73","-1,100.00",-0.01,"7,940,530.00"
29/11/2024,"118,127.13","123,211.51","117,788.17","122,279.38","4,900.00",0.04,"13,487,700.00"
28/11/2024,"118,127.13","118,635.57","117,194.99","118,127.13",500.00,0.00,"7,158,700.00"
27/11/2024,"114,568.06","118,381.35","114,568.06","117,703.43","3,700.00",0.03,"13,316,300.00"
26/11/2024,"113,042.75","115,161.24","112,958.01","114,568.06","1,300.00",0.01,"4,501,100.00"
25/11/2024,"113,551.19","113,551.19","112,873.27","113,466.45",0.00,0.00,"6,637,700.00"
22/11/2024,"112,619.05","113,890.15","112,280.09","113,466.45",900.00,0.01,"5,575,900.00"
21/11/2024,"112,195.35","112,703.79","111,009.00","112,703.79",600.00,0.00,"4,329,001.00"
20/11/2024,"110,161.60","112,195.35","107,365.19","112,195.35","2,400.00",0.02,"9,620,300.00"
19/11/2024,"113,127.49","113,212.23","110,076.86","110,161.60","-4,000.00",-0.03,"9,152,800.00"
18/11/2024,"113,551.19","114,059.63","112,280.09","113,551.19",100.00,0.00,"3,993,401.00"
15/11/2024,"114,652.80","114,991.76","112,364.83","113,466.45","-2,100.00",-0.02,"6,563,600.00"
14/11/2024,"116,856.04","118,550.83","115,245.98","115,245.98","-1,800.00",-0.01,"4,911,301.00"
13/11/2024,"115,839.16","117,025.52","115,330.72","116,771.30","1,000.00",0.01,"3,625,400.00"
12/11/2024,"117,449.21","117,703.43","115,161.24","115,923.90","-1,500.00",-0.01,"2,964,700.00"
11/11/2024,"115,669.68","118,211.87","115,245.98","117,194.99","2,500.00",0.02,"5,292,000.00"
08/11/2024,"115,330.72","115,923.90","114,483.32","115,076.50",700.00,0.01,"2,106,300.00"
07/11/2024,"114,652.80","116,601.82","113,720.67","114,483.32",500.00,0.00,"4,526,500.00"
06/11/2024,"112,788.53","114,059.63","112,703.79","114,059.63","2,000.00",0.02,"1,801,500.00"
05/11/2024,"112,703.79","113,551.19","112,110.61","112,364.83",-200.00,0.00,"2,741,100.00"
04/11/2024,"114,059.63","114,059.63","112,449.57","112,534.31","-1,800.00",-0.01,"3,757,900.00"
01/11/2024,"114,398.58","114,398.58","113,212.23","114,059.63","-1,300.00",-0.01,"2,667,500.00"
31/10/2024,"115,161.24","115,245.98","114,652.80","115,161.24",0.00,0.00,"1,341,700.00"
30/10/2024,"114,737.54","115,161.24","114,568.06","115,161.24",500.00,0.00,"2,059,800.00"
29/10/2024,"114,737.54","114,822.28","114,229.11","114,737.54",500.00,0.00,"2,649,200.00"
28/10/2024,"113,635.93","114,398.58","113,212.23","114,313.84",900.00,0.01,"1,506,001.00"
25/10/2024,"113,805.41","114,059.63","113,212.23","113,551.19",-300.00,0.00,"1,839,000.00"
24/10/2024,"113,720.67","113,805.41","113,381.71","113,805.41",100.00,0.00,"2,277,201.00"
23/10/2024,"112,619.05","114,229.11","112,364.83","113,720.67","1,100.00",0.01,"3,015,101.00"
22/10/2024,"114,991.76","114,991.76","112,703.79","112,788.53","-2,400.00",-0.02,"6,174,500.00"
21/10/2024,"116,093.38","116,686.56","114,822.28","114,822.28","-1,500.00",-0.01,"2,861,300.00"
18/10/2024,"116,432.34","116,771.30","115,754.42","116,093.38",0.00,0.00,"2,169,401.00"
17/10/2024,"115,669.68","116,178.12","114,822.28","116,093.38",700.00,0.01,"3,769,200.00"
16/10/2024,"115,584.94","116,178.12","115,245.98","115,500.20",-700.00,-0.01,"2,796,001.00"
15/10/2024,"116,601.82","117,449.21","115,754.42","116,093.38",-600.00,0.00,"2,910,800.00"
14/10/2024,"119,567.71","119,737.19","116,178.12","116,601.82","-2,000.00",-0.01,"5,635,300.00"
11/10/2024,"120,330.36","121,008.28","118,296.61","118,296.61","-2,100.00",-0.01,"3,863,600.00"
10/10/2024,"115,076.50","120,330.36","115,076.50","120,076.14","6,300.00",0.05,"10,102,200.00"
09/10/2024,"113,805.41","115,076.50","113,805.41","114,737.54","1,600.00",0.01,"2,819,900.00"
08/10/2024,"113,635.93","114,483.32","113,212.23","113,381.71",-300.00,0.00,"2,108,601.00"
07/10/2024,"113,720.67","114,313.84","113,212.23","113,635.93",0.00,0.00,"1,330,500.00"
04/10/2024,"113,805.41","114,229.11","113,127.49","113,635.93",100.00,0.00,"1,468,400.00"
03/10/2024,"114,737.54","115,330.72","113,551.19","113,551.19","-1,400.00",-0.01,"2,300,800.00"
02/10/2024,"114,059.63","115,161.24","114,059.63","114,737.54",-500.00,0.00,"1,719,800.00"
01/10/2024,"114,144.37","115,415.46","114,144.37","115,161.24","1,400.00",0.01,"6,887,000.00"
30/09/2024,"113,720.67","113,974.89","112,703.79","113,974.89",300.00,0.00,"3,278,500.00"
27/09/2024,"113,805.41","113,890.15","113,127.49","113,720.67",-100.00,0.00,"3,552,800.00"
26/09/2024,"114,398.58","114,398.58","113,466.45","113,805.41",-500.00,0.00,"3,080,600.00"
25/09/2024,"113,805.41","114,229.11","113,212.23","114,229.11",300.00,0.00,"4,679,900.00"
24/09/2024,"113,551.19","114,144.37","113,296.97","113,974.89",500.00,0.00,"2,755,516.00"
23/09/2024,"115,161.24","115,161.24","113,042.75","113,551.19","-1,300.00",-0.01,"3,482,200.00"
20/09/2024,"115,500.20","116,093.38","114,398.58","114,652.80",100.00,0.00,"3,719,700.00"
19/09/2024,"114,398.58","115,076.50","113,805.41","114,568.06",600.00,0.00,"5,154,300.00"
18/09/2024,"113,042.75","114,568.06","112,619.05","114,059.63","1,700.00",0.01,"5,449,600.00"
17/09/2024,"111,178.48","112,619.05","111,178.48","112,619.05","1,800.00",0.01,"3,621,400.00"
16/09/2024,"111,686.91","112,703.79","111,093.74","111,093.74","-1,900.00",-0.01,"1,915,700.00"
13/09/2024,"112,025.87","113,042.75","111,856.39","112,703.79",700.00,0.01,"3,935,700.00"
12/09/2024,"111,009.00","112,280.09","111,009.00","112,110.61","1,700.00",0.01,"4,368,000.00"
11/09/2024,"110,161.60","111,263.22","109,992.12","110,670.04",600.00,0.00,"3,590,400.00"
10/09/2024,"111,009.00","111,009.00","109,822.64","110,161.60","-1,300.00",-0.01,"4,195,101.00"
09/09/2024,"110,839.52","111,771.65","110,246.34","111,263.22",-800.00,-0.01,"2,885,201.00"
06/09/2024,"110,585.30","112,619.05","110,415.82","111,941.13","1,500.00",0.01,"4,251,400.00"
05/09/2024,"112,703.79","112,703.79","109,907.38","110,670.04","-2,400.00",-0.02,"8,014,000.00"
04/09/2024,"112,703.79","112,703.79","111,432.70","112,703.79","-1,800.00",-0.01,"4,935,200.00"
30/08/2024,"113,127.49","114,313.84","112,703.79","114,229.11","1,100.00",0.01,"3,379,800.00"
29/08/2024,"112,534.31","113,381.71","112,025.87","113,296.97",400.00,0.00,"2,637,701.00"
28/08/2024,"112,703.79","113,974.89","112,619.05","112,958.01",800.00,0.01,"2,909,701.00"
27/08/2024,"111,432.70","112,364.83","110,500.56","112,280.09","1,000.00",0.01,"2,989,900.00"
26/08/2024,"112,958.01","113,127.49","111,432.70","111,432.70","-1,600.00",-0.01,"2,758,200.00"
23/08/2024,"113,296.97","113,296.97","112,195.35","112,788.53",-700.00,-0.01,"3,325,001.00"
22/08/2024,"113,551.19","113,974.89","113,127.49","113,381.71",300.00,0.00,"3,560,500.00"
21/08/2024,"110,670.04","113,381.71","110,670.04","113,127.49","2,000.00",0.02,"6,471,900.00"
20/08/2024,"110,754.78","112,280.09","110,754.78","111,432.70","1,000.00",0.01,"3,984,400.00"
19/08/2024,"111,093.74","111,347.96","110,161.60","110,585.30",-100.00,0.00,"2,554,862.00"
16/08/2024,"109,398.94","111,009.00","109,398.94","110,670.04","1,900.00",0.01,"5,486,600.00"
15/08/2024,"109,398.94","109,737.90","108,636.29","109,059.98",-800.00,-0.01,"2,305,600.00"
14/08/2024,"110,754.78","111,432.70","109,737.90","109,737.90",-200.00,0.00,"3,822,200.00"
13/08/2024,"109,907.38","110,331.08","108,466.81","109,907.38",-300.00,0.00,"4,362,901.00"
12/08/2024,"107,534.67","110,331.08","106,941.49","110,161.60","3,100.00",0.02,"6,775,001.00"
09/08/2024,"103,721.38","107,534.67","103,382.42","107,534.67","5,500.00",0.05,"6,011,400.00"
08/08/2024,"103,043.47","103,721.38","102,450.29","102,873.99",-600.00,0.00,"3,231,431.00"
07/08/2024,"102,535.03","103,382.42","101,857.11","103,382.42","1,200.00",0.01,"2,822,800.00"
06/08/2024,"101,687.63","103,297.68","101,518.15","102,365.55","2,200.00",0.02,"7,021,850.00"
05/08/2024,"102,619.77","104,145.08","99,484.40","100,501.28","-4,600.00",-0.04,"10,415,200.00"
02/08/2024,"103,467.16","105,755.14","102,535.03","104,399.30","-1,600.00",-0.01,"10,157,200.00"
01/08/2024,"109,822.64","109,907.38","105,161.96","105,755.14","-3,800.00",-0.03,"6,870,301.00"
31/07/2024,"107,873.63","108,975.24","107,280.45","108,975.24",600.00,0.00,"3,094,200.00"
30/07/2024,"109,314.20","109,737.90","107,619.41","108,466.81","-1,000.00",-0.01,"2,423,800.00"
29/07/2024,"110,161.60","110,670.04","109,314.20","109,314.20","1,000.00",0.01,"5,009,800.00"
26/07/2024,"106,687.27","108,466.81","105,416.18","108,466.81","3,000.00",0.02,"6,683,700.00"
25/07/2024,"105,246.70","106,348.31","105,161.96","105,924.62","-1,000.00",-0.01,"3,248,401.00"
24/07/2024,"106,348.31","107,280.45","105,077.22","106,772.01",500.00,0.00,"4,171,700.00"
23/07/2024,"105,839.88","108,043.11","105,755.14","106,348.31","1,400.00",0.01,"5,411,600.00"
22/07/2024,"106,772.01","106,772.01","104,399.30","105,161.96","-1,900.00",-0.02,"6,216,900.00"
19/07/2024,"108,975.24","109,568.42","106,772.01","106,772.01","-1,900.00",-0.01,"6,576,700.00"
18/07/2024,"111,347.96","111,347.96","108,297.33","108,382.07","-4,000.00",-0.03,"10,825,201.00"
17/07/2024,"113,551.19","113,635.93","110,076.86","111,771.65","-2,100.00",-0.02,"6,970,100.00"
16/07/2024,"113,212.23","113,974.89","112,110.61","113,551.19","1,300.00",0.01,"4,352,200.00"
15/07/2024,"113,127.49","114,229.11","112,110.61","112,449.57","-1,100.00",-0.01,"3,067,200.00"
12/07/2024,"112,025.87","115,245.98","112,025.87","113,381.71",800.00,0.01,"3,590,000.00"
11/07/2024,"113,635.93","114,737.54","112,280.09","112,703.79","-1,000.00",-0.01,"6,882,100.00"
10/07/2024,"115,245.98","116,093.38","113,551.19","113,551.19","-3,500.00",-0.03,"6,337,700.00"
09/07/2024,"117,872.91","118,042.39","115,245.98","116,517.08","-2,100.00",-0.02,"9,696,100.00"
08/07/2024,"117,364.47","118,296.61","116,517.08","118,296.61",900.00,0.01,"6,105,700.00"
05/07/2024,"115,330.72","118,381.35","115,330.72","117,533.95","2,900.00",0.02,"7,809,400.00"
04/07/2024,"111,941.13","115,076.50","111,941.13","115,076.50","4,800.00",0.04,"8,117,900.00"
03/07/2024,"110,585.30","112,534.31","110,246.34","111,009.00","3,000.00",0.02,"7,884,101.00"
02/07/2024,"108,975.24","111,941.13","108,043.11","108,466.81",-600.00,0.00,"7,560,001.00"
01/07/2024,"110,500.56","110,500.56","108,890.50","108,975.24","-1,900.00",-0.01,"6,454,000.00"
28/06/2024,"112,534.31","112,534.31","110,500.56","110,585.30","-2,300.00",-0.02,"6,633,000.00"
27/06/2024,"111,263.22","113,635.93","110,839.52","112,534.31","1,000.00",0.01,"6,527,700.00"
26/06/2024,"111,009.00","111,686.91","109,653.16","111,686.91","1,800.00",0.01,"7,221,400.00"
25/06/2024,"111,009.00","111,093.74","108,975.24","110,161.60","-2,100.00",-0.02,"14,050,143.00"
24/06/2024,"114,398.58","114,822.28","111,856.39","111,941.13","-4,000.00",-0.03,"14,390,900.00"
21/06/2024,"113,466.45","115,330.72","112,958.01","115,330.72","2,800.00",0.02,"7,653,300.00"
20/06/2024,"112,703.79","114,991.76","111,686.91","112,958.01","1,800.00",0.01,"11,060,700.00"
19/06/2024,"108,466.81","112,534.31","107,280.45","111,432.70","3,500.00",0.03,"10,269,200.00"
18/06/2024,"109,144.72","109,907.38","108,466.81","108,466.81",-800.00,-0.01,"6,936,800.00"
17/06/2024,"111,009.00","111,347.96","108,890.50","109,144.72","-2,200.00",-0.02,"4,867,600.00"
14/06/2024,"110,246.34","112,364.83","109,314.20","111,009.00","1,000.00",0.01,"6,607,200.00"
13/06/2024,"113,296.97","113,381.71","110,161.60","110,161.60","-2,000.00",-0.02,"8,676,200.00"
12/06/2024,"108,382.07","112,449.57","108,297.33","111,856.39","5,500.00",0.04,"11,215,500.00"
11/06/2024,"105,604.09","107,214.13","104,725.89","107,214.13","2,500.00",0.02,"8,418,500.00"
10/06/2024,"105,018.62","106,116.38","104,652.70","105,384.54","2,000.00",0.01,"3,775,400.00"
07/06/2024,"103,189.03","103,920.87","102,823.11","103,920.87","2,400.00",0.02,"3,976,600.00"
06/06/2024,"102,676.74","103,701.31","101,578.99","102,164.46",-500.00,0.00,"5,231,800.00"
05/06/2024,"102,457.19","106,043.19","102,237.64","102,530.38","1,000.00",0.01,"6,341,801.00"
04/06/2024,"101,725.35","101,944.91","100,847.15","101,798.54","2,200.00",0.02,"7,049,800.00"
03/06/2024,"98,798.01","100,700.78","98,578.45","100,188.50","2,300.00",0.02,"7,773,600.00"
31/05/2024,"98,798.01","100,115.31","97,919.80","98,505.27",-400.00,0.00,"2,696,600.00"
30/05/2024,"97,919.80","98,798.01","96,529.31","98,798.01",-700.00,-0.01,"7,301,300.00"
29/05/2024,"100,334.86","101,139.88","98,651.64","99,310.29","-1,300.00",-0.01,"6,107,600.00"
28/05/2024,"98,066.17","100,261.68","97,407.52","100,261.68","4,200.00",0.03,"5,419,500.00"
27/05/2024,"97,334.33","97,700.25","95,577.92","97,187.96",900.00,0.01,"6,121,100.00"
24/05/2024,"100,993.52","100,993.52","95,577.92","96,529.31","-5,600.00",-0.04,"14,134,601.00"
23/05/2024,"100,627.60","100,847.15","98,798.01","100,627.60",-500.00,0.00,"3,769,000.00"
22/05/2024,"100,920.33","102,237.64","99,603.03","100,993.52","2,000.00",0.01,"7,132,400.00"
21/05/2024,"98,066.17","99,529.84","97,700.25","99,529.84","3,000.00",0.02,"4,206,300.00"
20/05/2024,"98,944.37","99,603.03","97,334.33","97,334.33","-1,500.00",-0.01,"3,143,500.00"
17/05/2024,"99,090.74","99,529.84","97,846.62","98,432.09",-900.00,-0.01,"3,049,001.00"
16/05/2024,"99,237.11","100,481.23","98,212.54","99,090.74","1,300.00",0.01,"4,043,900.00"
15/05/2024,"96,236.58","98,432.09","96,090.21","98,139.35","3,600.00",0.03,"4,717,700.00"
14/05/2024,"95,138.82","96,382.94","94,846.09","95,504.74",800.00,0.01,"3,151,900.00"
13/05/2024,"96,090.21","96,236.58","94,260.62","94,919.27","-1,300.00",-0.01,"4,360,200.00"
10/05/2024,"96,090.21","96,748.86","94,553.35","95,870.66",700.00,0.01,"4,168,700.00"
09/05/2024,"95,577.92","97,187.96","95,138.82","95,358.37",-700.00,-0.01,"3,041,600.00"
08/05/2024,"95,212.00","95,870.66","94,626.53","95,870.66",-300.00,0.00,"3,824,500.00"
07/05/2024,"93,675.15","96,309.76","93,089.68","96,090.21","3,700.00",0.03,"3,874,168.00"
06/05/2024,"92,577.39","93,382.41","91,113.72","93,382.41","1,700.00",0.01,"2,744,600.00"
03/05/2024,"93,748.33","93,967.88","91,918.74","92,138.29","-1,400.00",-0.01,"4,665,500.00"
02/05/2024,"90,601.43","94,406.98","90,381.88","93,162.86","4,100.00",0.03,"6,888,000.00"
26/04/2024,"90,015.96","91,772.37","89,430.49","90,162.33",0.00,0.00,"6,053,000.00"
25/04/2024,"89,650.04","93,675.15","89,210.94","90,162.33","3,100.00",0.03,"9,215,500.00"
24/04/2024,"83,136.69","87,893.63","82,843.96","87,893.63","7,800.00",0.07,"10,945,700.00"
23/04/2024,"81,160.73","82,917.14","80,428.90","82,185.30","2,000.00",0.02,"4,233,700.00"
22/04/2024,"80,502.08","81,526.65","79,697.06","80,721.63","1,300.00",0.01,"2,505,218.00"
19/04/2024,"80,868.00","81,380.28","79,770.24","79,770.24","-2,800.00",-0.03,"7,851,100.00"
17/04/2024,"82,770.77","82,770.77","81,673.02","81,819.39","-1,200.00",-0.01,"2,998,100.00"
16/04/2024,"81,965.75","82,843.96","81,599.83","82,697.59","1,400.00",0.01,"4,523,200.00"
15/04/2024,"84,527.18","84,600.37","81,599.83","81,673.02","-3,900.00",-0.03,"4,289,300.00"
12/04/2024,"84,819.92","84,819.92","83,648.98","84,527.18",600.00,0.01,"1,862,520.00"
11/04/2024,"83,063.51","84,454.00","82,917.14","84,088.08","1,100.00",0.01,"1,623,300.00"
10/04/2024,"83,063.51","84,600.37","82,917.14","83,283.06",800.00,0.01,"1,982,020.00"
09/04/2024,"82,404.86","82,843.96","82,331.67","82,697.59",400.00,0.00,"1,432,500.00"
08/04/2024,"83,209.88","83,209.88","82,404.86","82,404.86","-1,100.00",-0.01,"1,952,000.00"
05/04/2024,"82,770.77","83,941.71","82,404.86","83,209.88",-300.00,0.00,"2,840,844.00"
04/04/2024,"84,161.26","84,746.73","83,429.43","83,429.43","-1,100.00",-0.01,"2,930,000.00"
03/04/2024,"84,966.29","85,624.94","84,234.45","84,234.45","-1,900.00",-0.02,"2,875,000.00"
02/04/2024,"84,454.00","85,624.94","84,454.00","85,624.94",200.00,0.00,"2,745,500.00"
01/04/2024,"84,893.10","86,064.04","84,307.63","85,478.57",300.00,0.00,"3,243,600.00"
29/03/2024,"85,185.84","85,771.31","84,893.10","85,259.02",-600.00,-0.01,"2,594,300.00"
28/03/2024,"84,819.92","85,917.67","84,380.82","85,698.12","1,900.00",0.02,"2,854,400.00"
27/03/2024,"83,941.71","84,380.82","83,502.61","84,307.63",200.00,0.00,"1,465,900.00"
26/03/2024,"83,429.43","84,527.18","83,136.69","84,161.26","1,000.00",0.01,"3,110,290.00"
25/03/2024,"83,502.61","84,234.45","83,283.06","83,429.43",-900.00,-0.01,"3,002,201.00"
22/03/2024,"85,112.65","85,112.65","83,795.35","84,088.08","-1,300.00",-0.01,"2,852,977.00"
21/03/2024,"84,307.63","85,039.47","83,868.53","85,039.47","1,700.00",0.01,"4,238,500.00"
20/03/2024,"82,185.30","84,161.26","81,307.10","83,795.35","2,500.00",0.02,"3,864,600.00"
19/03/2024,"82,697.59","82,697.59","81,307.10","81,965.75","-1,000.00",-0.01,"4,064,200.00"
18/03/2024,"84,746.73","84,746.73","81,307.10","82,697.59","-3,000.00",-0.03,"7,896,500.00"
15/03/2024,"85,478.57","85,478.57","83,795.35","84,893.10","-1,000.00",-0.01,"4,690,100.00"
14/03/2024,"86,722.69","86,722.69","84,673.55","85,624.94",0.00,0.00,"6,215,401.00"
13/03/2024,"82,551.22","85,624.94","81,965.75","85,624.94","5,100.00",0.05,"6,331,100.00"
12/03/2024,"80,502.08","83,063.51","80,502.08","81,892.57","1,900.00",0.02,"3,127,800.00"
11/03/2024,"80,502.08","83,063.51","80,502.08","80,502.08",0.00,0.00,"4,083,250.00"
08/03/2024,"81,453.47","82,404.86","80,136.16","80,502.08","-1,300.00",-0.01,"3,380,400.00"
07/03/2024,"79,843.43","83,356.24","79,184.77","81,453.47","2,200.00",0.02,"5,249,750.00"
06/03/2024,"80,502.08","80,794.81","79,331.14","79,843.43","-1,600.00",-0.01,"4,108,901.00"
05/03/2024,"81,526.65","81,526.65","80,428.90","81,014.36",-700.00,-0.01,"4,761,118.00"
04/03/2024,"81,233.92","81,819.39","81,087.55","81,526.65",600.00,0.01,"3,161,600.00"
01/03/2024,"79,916.61","81,526.65","79,843.43","81,087.55","1,800.00",0.02,"4,961,400.00"
29/02/2024,"79,184.77","80,062.98","78,818.85","79,770.24",500.00,0.00,"2,974,101.00"
28/02/2024,"79,038.40","79,404.32","77,794.28","79,404.32",600.00,0.01,"5,053,900.00"
27/02/2024,"79,404.32","80,136.16","78,599.30","78,965.22",-100.00,0.00,"4,497,200.00"
26/02/2024,"76,037.87","79,038.40","75,745.14","79,038.40","4,100.00",0.04,"4,973,700.00"
23/02/2024,"77,208.81","78,087.02","75,598.77","76,037.87",-700.00,-0.01,"5,158,040.00"
22/02/2024,"77,501.55","77,574.73","76,550.16","76,550.16","-1,300.00",-0.01,"2,268,064.00"
21/02/2024,"76,111.06","78,233.38","75,745.14","77,501.55","1,600.00",0.02,"3,905,800.00"
20/02/2024,"76,989.26","76,989.26","76,111.06","76,330.61",-700.00,-0.01,"3,884,300.00"
19/02/2024,"77,208.81","78,306.57","76,842.89","76,842.89",-100.00,0.00,"2,968,100.00"
16/02/2024,"76,111.06","76,916.08","75,964.69","76,916.08","1,100.00",0.01,"2,358,100.00"
15/02/2024,"76,989.26","77,208.81","75,964.69","76,111.06",-900.00,-0.01,"3,495,620.00"
07/02/2024,"76,623.34","76,842.89","76,037.87","76,769.71",800.00,0.01,"2,425,900.00"
06/02/2024,"75,818.32","76,842.89","75,306.04","76,184.24",600.00,0.01,"3,613,900.00"
05/02/2024,"74,647.38","76,184.24","74,574.20","75,745.14","1,500.00",0.01,"3,219,900.00"
02/02/2024,"73,330.08","74,793.75","73,256.89","74,647.38","2,100.00",0.02,"3,848,500.00"
01/02/2024,"70,183.18","73,110.52","70,036.81","73,110.52","4,200.00",0.04,"8,223,100.00"
31/01/2024,"69,963.62","70,256.36","69,890.44","70,036.81",100.00,0.00,"2,334,396.00"
30/01/2024,"70,183.18","70,183.18","69,817.26","69,963.62",-300.00,0.00,"1,276,438.00"
29/01/2024,"70,183.18","70,329.54","69,744.07","70,183.18",0.00,0.00,"2,876,500.00"
26/01/2024,"69,890.44","70,402.73","69,744.07","70,183.18",800.00,0.01,"1,470,430.00"
25/01/2024,"69,597.71","70,036.81","69,378.16","69,597.71",100.00,0.00,"1,502,000.00"
24/01/2024,"70,109.99","70,109.99","69,451.34","69,524.52",-600.00,-0.01,"2,664,800.00"
23/01/2024,"70,329.54","70,549.09","69,817.26","69,963.62",-800.00,-0.01,"4,161,710.00"
22/01/2024,"70,841.83","70,841.83","70,109.99","70,549.09",100.00,0.00,"1,221,800.00"
19/01/2024,"70,256.36","70,915.01","70,036.81","70,475.91",700.00,0.01,"2,139,400.00"
18/01/2024,"70,036.81","70,256.36","69,670.89","69,963.62",-100.00,0.00,"1,628,300.00"
17/01/2024,"69,963.62","70,256.36","69,524.52","70,036.81",0.00,0.00,"2,068,500.00"
16/01/2024,"69,304.97","70,036.81","69,304.97","70,036.81",300.00,0.00,"1,191,900.00"
15/01/2024,"69,524.52","70,183.18","69,451.34","69,817.26",700.00,0.01,"2,107,979.00"
12/01/2024,"69,378.16","69,963.62","68,865.87","69,304.97",-300.00,0.00,"2,737,500.00"
11/01/2024,"69,304.97","69,817.26","69,304.97","69,524.52",300.00,0.00,"1,572,400.00"
10/01/2024,"70,768.65","70,915.01","69,158.60","69,304.97","-1,900.00",-0.02,"3,810,000.00"
09/01/2024,"71,207.75","71,207.75","70,695.46","70,695.46",-700.00,-0.01,"1,815,000.00"
08/01/2024,"71,280.93","71,939.59","71,061.38","71,207.75",-100.00,0.00,"1,553,400.00"
05/01/2024,"71,207.75","71,354.12","70,622.28","71,280.93",200.00,0.00,"1,501,300.00"
04/01/2024,"70,475.91","72,012.77","70,402.73","71,134.56",900.00,0.01,"3,000,600.00"
03/01/2024,"69,963.62","70,622.28","69,817.26","70,475.91",400.00,0.00,"1,558,900.00"
02/01/2024,"70,915.01","70,915.01","70,036.81","70,183.18",-200.00,0.00,"2,217,777.00"
29/12/2023,"70,695.46","70,988.20","70,329.54","70,329.54",-500.00,-0.01,"2,439,525.00"
28/12/2023,"70,988.20","70,988.20","70,475.91","70,695.46",-300.00,0.00,"1,591,200.00"
27/12/2023,"71,280.93","71,573.67","70,915.01","70,915.01",-300.00,0.00,"2,291,700.00"
26/12/2023,"70,622.28","72,159.14","70,549.09","71,134.56","1,200.00",0.01,"4,289,901.00"
25/12/2023,"69,451.34","70,402.73","69,378.16","70,256.36","1,400.00",0.01,"2,739,800.00"
22/12/2023,"69,524.52","69,597.71","69,085.42","69,231.79",-500.00,-0.01,"1,721,300.00"
21/12/2023,"69,231.79","69,597.71","68,792.69","69,597.71",400.00,0.00,"1,982,242.00"
20/12/2023,"69,012.24","69,524.52","68,865.87","69,304.97",100.00,0.00,"5,016,500.00"
19/12/2023,"68,719.50","69,231.79","68,499.95","69,231.79",600.00,0.01,"2,161,323.00"
18/12/2023,"70,183.18","70,402.73","68,573.13","68,792.69","-2,200.00",-0.02,"6,559,900.00"
15/12/2023,"70,402.73","70,475.91","69,524.52","70,402.73",0.00,0.00,"2,389,401.00"
14/12/2023,"70,109.99","70,549.09","69,670.89","70,402.73","1,000.00",0.01,"6,126,836.00"
13/12/2023,"71,280.93","71,280.93","69,670.89","69,670.89","-1,600.00",-0.02,"4,693,469.00"
12/12/2023,"69,817.26","70,841.83","69,744.07","70,841.83","1,800.00",0.02,"5,303,088.00"
11/12/2023,"69,890.44","70,036.81","69,231.79","69,524.52",800.00,0.01,"1,821,800.00"
08/12/2023,"69,012.24","69,597.71","68,426.77","68,939.05",-100.00,0.00,"1,964,170.00"
07/12/2023,"69,597.71","69,744.07","67,914.48","69,012.24",-700.00,-0.01,"5,040,930.00"
06/12/2023,"69,524.52","69,817.26","68,865.87","69,524.52",200.00,0.00,"2,106,100.00"
05/12/2023,"68,646.32","70,109.99","68,573.13","69,378.16","1,200.00",0.01,"3,671,700.00"
04/12/2023,"67,768.11","68,792.69","67,768.11","68,499.95","1,200.00",0.01,"3,676,403.00"
01/12/2023,"67,475.38","67,987.66","66,816.73","67,621.75",500.00,0.01,"1,875,317.00"
30/11/2023,"66,889.91","68,573.13","66,816.73","67,255.83",200.00,0.00,"2,850,100.00"
29/11/2023,"67,036.28","67,329.01","66,670.36","67,109.46",600.00,0.01,"934,800.00"
28/11/2023,"66,450.81","67,255.83","65,792.15","66,670.36",400.00,0.00,"3,038,800.00"
27/11/2023,"66,889.91","66,889.91","65,938.52","66,377.62",-500.00,-0.01,"2,181,800.00"
24/11/2023,"66,450.81","67,329.01","66,011.70","66,743.54",400.00,0.00,"2,500,900.00"
23/11/2023,"68,280.40","68,573.13","66,450.81","66,450.81","-2,200.00",-0.02,"2,631,500.00"
22/11/2023,"67,255.83","68,134.03","67,255.83","68,060.85","1,100.00",0.01,"3,394,300.00"
21/11/2023,"67,329.01","67,329.01","66,377.62","67,255.83","1,200.00",0.01,"1,653,400.00"
20/11/2023,"65,938.52","67,768.11","65,206.68","66,377.62",-300.00,0.00,"2,214,600.00"
17/11/2023,"68,353.58","68,426.77","66,304.44","66,597.17","-2,000.00",-0.02,"3,851,300.00"
16/11/2023,"67,475.38","68,060.85","67,036.28","68,060.85",600.00,0.01,"2,456,401.00"
15/11/2023,"68,573.13","68,646.32","67,329.01","67,621.75",-200.00,0.00,"2,949,301.00"
14/11/2023,"67,329.01","68,353.58","66,816.73","67,768.11","1,200.00",0.01,"2,228,300.00"
13/11/2023,"67,036.28","67,329.01","66,231.26","66,889.91",-100.00,0.00,"2,009,500.00"
10/11/2023,"66,963.09","67,841.30","66,816.73","66,963.09","-1,000.00",-0.01,"2,952,801.00"
09/11/2023,"67,329.01","68,280.40","67,182.64","67,694.93",-100.00,0.00,"3,010,800.00"
08/11/2023,"64,548.03","67,768.11","64,401.66","67,768.11","4,300.00",0.05,"4,161,100.00"
07/11/2023,"64,767.58","64,987.13","64,328.48","64,621.21",-200.00,0.00,"1,340,200.00"
06/11/2023,"64,548.03","65,060.32","64,255.30","64,767.58","1,500.00",0.02,"1,996,075.00"
03/11/2023,"65,133.50","65,279.87","63,669.83","63,669.83","-2,000.00",-0.02,"5,449,105.00"
02/11/2023,"63,230.72","65,133.50","62,864.81","65,133.50","3,600.00",0.04,"3,739,300.00"
01/11/2023,"61,693.87","62,498.89","60,449.74","62,498.89","2,400.00",0.03,"5,052,501.00"
31/10/2023,"62,279.34","62,425.70","60,742.48","60,742.48","-2,000.00",-0.02,"3,087,200.00"
30/10/2023,"63,669.83","63,743.01","62,206.15","62,206.15","-2,000.00",-0.02,"1,987,300.00"
27/10/2023,"64,035.74","64,401.66","63,157.54","63,669.83",200.00,0.00,"2,474,800.00"
26/10/2023,"64,621.21","65,792.15","62,937.99","63,523.46","-4,100.00",-0.05,"6,098,925.00"
25/10/2023,"67,182.64","67,841.30","66,523.99","66,523.99","-1,100.00",-0.01,"2,570,700.00"
24/10/2023,"67,621.75","67,621.75","66,450.81","67,329.01","1,000.00",0.01,"2,700,704.00"
23/10/2023,"68,646.32","68,646.32","66,450.81","66,597.17","-1,900.00",-0.02,"3,049,502.00"
20/10/2023,"67,694.93","68,060.85","65,938.52","67,987.66",900.00,0.01,"3,868,475.00"
19/10/2023,"68,792.69","69,012.24","67,329.01","67,329.01","-1,000.00",-0.01,"6,001,577.00"
18/10/2023,"69,451.34","69,451.34","66,597.17","68,060.85",-100.00,0.00,"7,902,700.00"
17/10/2023,"71,573.67","71,573.67","68,134.03","68,134.03","-3,700.00",-0.04,"2,743,400.00"
16/10/2023,"70,841.83","72,378.69","70,475.91","70,841.83",700.00,0.01,"6,972,400.00"
13/10/2023,"70,256.36","70,475.91","69,744.07","70,329.54",-300.00,0.00,"2,970,000.00"
12/10/2023,"70,988.20","71,573.67","70,256.36","70,549.09",-600.00,-0.01,"2,199,300.00"
11/10/2023,"70,183.18","71,720.03","70,183.18","70,988.20",700.00,0.01,"2,921,800.00"
10/10/2023,"70,622.28","71,134.56","69,817.26","70,475.91",700.00,0.01,"5,808,100.00"
09/10/2023,"67,621.75","69,963.62","67,475.38","69,963.62","2,900.00",0.03,"4,974,000.00"
06/10/2023,"66,963.09","67,914.48","66,597.17","67,841.30","1,100.00",0.01,"1,339,600.00"
05/10/2023,"67,914.48","68,280.40","67,036.28","67,036.28",-900.00,-0.01,"1,479,100.00"
04/10/2023,"66,816.73","68,353.58","66,816.73","67,694.93",300.00,0.00,"2,708,201.00"
03/10/2023,"67,475.38","68,426.77","66,963.09","67,475.38","-1,000.00",-0.01,"2,848,600.00"
02/10/2023,"68,353.58","68,646.32","67,329.01","68,207.22",400.00,0.00,"1,588,140.00"
29/09/2023,"68,792.69","69,451.34","67,914.48","67,914.48","-1,200.00",-0.01,"3,432,000.00"
28/09/2023,"68,865.87","69,012.24","66,889.91","68,792.69",-300.00,0.00,"2,106,800.00"
27/09/2023,"68,719.50","69,012.24","66,158.07","69,012.24",800.00,0.01,"5,200,401.00"
26/09/2023,"68,939.05","69,890.44","68,134.03","68,426.77",-800.00,-0.01,"2,568,000.00"
25/09/2023,"70,988.20","71,427.30","69,012.24","69,012.24","-2,400.00",-0.02,"3,150,980.00"
22/09/2023,"69,597.71","70,988.20","67,768.11","70,768.65",-100.00,0.00,"7,808,600.00"
21/09/2023,"72,085.95","72,378.69","70,475.91","70,841.83","-1,700.00",-0.02,"4,477,900.00"
20/09/2023,"72,305.50","72,964.16","72,085.95","72,085.95",100.00,0.00,"2,663,500.00"
19/09/2023,"70,841.83","72,012.77","70,183.18","72,012.77","1,500.00",0.02,"4,395,800.00"
18/09/2023,"70,915.01","70,915.01","70,036.81","70,915.01",-600.00,-0.01,"2,649,500.00"
15/09/2023,"70,256.36","71,573.67","69,744.07","71,354.12","1,600.00",0.02,"2,803,000.00"
14/09/2023,"71,720.03","71,720.03","69,890.44","70,183.18","-2,100.00",-0.02,"3,184,700.00"
13/09/2023,"72,378.69","72,451.87","71,280.93","71,720.03",-900.00,-0.01,"4,776,120.00"
12/09/2023,"71,280.93","72,378.69","71,280.93","72,378.69","1,500.00",0.02,"4,011,513.00"
11/09/2023,"72,232.32","72,817.79","69,744.07","71,280.93",-200.00,0.00,"5,879,810.00"
08/09/2023,"71,354.12","72,085.95","70,988.20","71,427.30",-300.00,0.00,"2,635,599.00"
07/09/2023,"72,451.87","73,769.18","71,427.30","71,646.85","-1,100.00",-0.01,"3,641,101.00"
06/09/2023,"71,061.38","72,451.87","70,475.91","72,451.87","2,200.00",0.02,"2,736,401.00"
05/09/2023,"71,061.38","72,232.32","70,841.83","70,841.83",100.00,0.00,"1,993,601.00"
31/08/2023,"70,695.46","71,354.12","70,329.54","70,768.65",100.00,0.00,"1,643,700.00"
30/08/2023,"68,207.22","71,866.40","68,134.03","70,695.46","3,000.00",0.03,"3,211,100.00"
29/08/2023,"68,792.69","68,792.69","67,914.48","68,499.95",-400.00,0.00,"3,566,800.00"
28/08/2023,"67,329.01","69,012.24","66,597.17","68,792.69","3,400.00",0.04,"3,564,701.00"
25/08/2023,"65,499.42","66,597.17","65,206.68","66,304.44",600.00,0.01,"3,681,400.00"
24/08/2023,"62,572.07","65,938.52","62,279.34","65,865.34","4,500.00",0.05,"6,307,803.00"
23/08/2023,"62,499.73","62,789.08","61,269.99","62,572.07",0.00,0.00,"5,362,503.00"
22/08/2023,"62,427.40","62,572.07","60,040.25","62,572.07",600.00,0.01,"3,814,024.00"
21/08/2023,"62,138.04","62,716.75","61,848.69","62,138.04",400.00,0.00,"3,730,218.00"
18/08/2023,"61,921.03","63,584.80","60,980.64","61,848.69",-500.00,-0.01,"4,283,705.00"
17/08/2023,"61,487.01","63,078.43","61,487.01","62,210.38",900.00,0.01,"4,283,009.00"
16/08/2023,"60,184.93","61,631.68","60,184.93","61,559.34","1,100.00",0.01,"4,205,408.00"
15/08/2023,"59,750.90","60,980.64","58,955.19","60,763.63","1,400.00",0.02,"1,715,612.00"
14/08/2023,"59,389.21","60,184.93","59,316.88","59,750.90",600.00,0.01,"1,014,109.00"
11/08/2023,"59,316.88","60,040.25","58,955.19","59,316.88",-200.00,0.00,"1,283,362.00"
10/08/2023,"60,112.59","60,257.27","59,461.55","59,461.55",-900.00,-0.01,"1,393,330.00"
09/08/2023,"60,763.63","61,269.99","60,040.25","60,112.59","-1,100.00",-0.01,"1,472,034.00"
08/08/2023,"60,763.63","61,197.66","60,618.95","60,908.30",-300.00,0.00,"905,718.00"
07/08/2023,"60,474.28","61,125.32","60,257.27","61,125.32","1,200.00",0.01,"752,518.00"
04/08/2023,"60,763.63","61,125.32","60,257.27","60,257.27",-400.00,0.00,"2,507,826.00"
03/08/2023,"60,618.95","60,908.30","59,967.91","60,546.62",200.00,0.00,"1,007,918.00"
02/08/2023,"61,125.32","61,342.33","60,401.94","60,401.94","-1,000.00",-0.01,"1,716,535.00"
01/08/2023,"61,921.03","62,427.40","61,125.32","61,125.32","-1,100.00",-0.01,"1,437,315.00"
31/07/2023,"61,269.99","62,065.71","61,052.98","61,921.03","1,200.00",0.01,"1,512,327.00"
28/07/2023,"60,401.94","61,052.98","60,112.59","61,052.98",700.00,0.01,"898,421.00"
27/07/2023,"59,895.58","61,052.98","59,895.58","60,546.62","1,000.00",0.01,"1,779,013.00"
26/07/2023,"58,738.17","59,823.24","58,665.84","59,823.24","1,400.00",0.02,"1,392,252.00"
25/07/2023,"58,593.50","59,461.55","58,593.50","58,810.51",300.00,0.00,"1,472,214.00"
24/07/2023,"58,593.50","58,810.51","58,304.15","58,593.50",0.00,0.00,"6,189,824.00"
21/07/2023,"57,653.11","58,593.50","57,580.77","58,593.50",700.00,0.01,"1,373,625.00"
20/07/2023,"56,857.40","58,810.51","56,785.06","58,087.14","1,800.00",0.02,"2,334,307.00"
19/07/2023,"56,785.06","57,074.41","56,640.38","56,785.06",-200.00,0.00,"951,900.00"
18/07/2023,"57,146.75","57,146.75","56,495.71","56,929.73",-300.00,0.00,"1,677,400.00"
17/07/2023,"57,146.75","57,291.42","56,785.06","57,146.75",700.00,0.01,"1,247,301.00"
14/07/2023,"55,627.66","56,640.38","55,048.95","56,640.38","2,500.00",0.03,"2,822,800.00"
13/07/2023,"54,831.94","54,831.94","54,542.59","54,831.94",500.00,0.01,"1,354,889.00"
12/07/2023,"54,253.24","54,759.60","54,180.90","54,470.25",300.00,0.00,"1,084,900.00"
11/07/2023,"54,470.25","54,542.59","54,253.24","54,253.24",-300.00,0.00,"2,060,202.00"
10/07/2023,"54,470.25","54,904.28","54,180.90","54,470.25",0.00,0.00,"1,470,300.00"
07/07/2023,"53,674.54","54,614.93","53,674.54","54,470.25",700.00,0.01,"1,168,700.00"
06/07/2023,"54,108.56","54,397.92","53,529.86","53,963.89",-200.00,0.00,"1,801,900.00"
05/07/2023,"54,325.58","55,338.31","54,108.56","54,108.56",0.00,0.00,"2,510,220.00"
04/07/2023,"53,722.91","54,095.98","53,598.55","54,095.98",600.00,0.01,"1,328,101.00"
03/07/2023,"53,785.09","53,971.63","53,474.19","53,722.91",400.00,0.00,"1,444,151.00"
30/06/2023,"53,785.09","53,847.27","53,474.19","53,474.19",-500.00,-0.01,"1,193,500.00"
29/06/2023,"54,095.98","54,158.16","53,785.09","53,785.09",-500.00,-0.01,"1,277,100.00"
28/06/2023,"54,344.70","54,593.42","54,095.98","54,095.98",-300.00,0.00,"1,281,800.00"
27/06/2023,"53,474.19","54,282.52","53,474.19","54,282.52","1,500.00",0.02,"1,737,800.00"
26/06/2023,"52,914.58","53,349.83","52,603.68","53,349.83",700.00,0.01,"1,739,803.00"
23/06/2023,"53,225.47","53,225.47","52,728.04","52,914.58",-400.00,0.00,"1,556,800.00"
22/06/2023,"53,536.37","53,785.09","52,665.86","53,163.30",-300.00,0.00,"1,019,700.00"
21/06/2023,"53,163.30","53,722.91","53,101.12","53,349.83",300.00,0.00,"2,665,254.00"
20/06/2023,"52,852.40","53,349.83","52,665.86","53,163.30",800.00,0.01,"1,566,300.00"
19/06/2023,"52,665.86","53,163.30","52,541.50","52,665.86",200.00,0.00,"733,200.00"
16/06/2023,"52,292.79","53,598.55","51,857.53","52,541.50",400.00,0.00,"2,431,500.00"
15/06/2023,"52,354.96","52,479.32","51,981.89","52,292.79",-100.00,0.00,"818,600.00"
14/06/2023,"52,417.14","52,728.04","52,292.79","52,354.96",-200.00,0.00,"808,600.00"
13/06/2023,"52,479.32","52,790.22","52,417.14","52,479.32",-500.00,-0.01,"1,039,101.00"
12/06/2023,"52,541.50","52,790.22","51,981.89","52,790.22",300.00,0.00,"745,700.00"
09/06/2023,"52,417.14","52,665.86","52,044.07","52,603.68","1,000.00",0.01,"953,600.00"
08/06/2023,"52,665.86","52,790.22","51,919.71","51,981.89","-1,400.00",-0.02,"1,897,080.00"
07/06/2023,"52,852.40","53,101.12","52,417.14","52,852.40",-300.00,0.00,"1,281,946.00"
06/06/2023,"53,038.94","53,038.94","52,665.86","53,038.94",300.00,0.00,"514,000.00"
05/06/2023,"52,168.43","52,976.76","52,106.25","52,852.40","1,200.00",0.01,"1,725,300.00"
02/06/2023,"51,919.71","52,417.14","51,670.99","52,106.25",300.00,0.00,"735,900.00"
01/06/2023,"52,230.61","52,230.61","51,670.99","51,919.71",-600.00,-0.01,"1,127,300.00"
31/05/2023,"52,354.96","52,354.96","51,670.99","52,292.79",100.00,0.00,"839,400.00"
30/05/2023,"51,608.81","52,790.22","51,546.63","52,230.61",900.00,0.01,"5,462,000.00"
29/05/2023,"51,919.71","52,044.07","51,546.63","51,670.99",0.00,0.00,"879,600.00"
26/05/2023,"51,670.99","51,857.53","51,173.56","51,670.99",-100.00,0.00,"1,410,400.00"
25/05/2023,"50,489.59","51,857.53","50,365.23","51,733.17","1,900.00",0.02,"1,391,300.00"
24/05/2023,"50,987.02","51,049.20","50,427.41","50,551.76",-700.00,-0.01,"464,300.00"
23/05/2023,"51,297.92","51,297.92","50,613.94","50,987.02",-500.00,-0.01,"1,144,100.00"
22/05/2023,"51,484.45","51,484.45","50,987.02","51,297.92",-300.00,0.00,"599,000.00"
19/05/2023,"51,608.81","51,795.35","50,862.66","51,484.45",-100.00,0.00,"2,054,000.00"
18/05/2023,"50,862.66","51,608.81","50,613.94","51,546.63","1,400.00",0.02,"1,549,800.00"
17/05/2023,"50,924.84","51,422.27","50,427.41","50,676.12",0.00,0.00,"1,361,200.00"
16/05/2023,"50,365.23","50,800.48","50,240.87","50,676.12",500.00,0.01,"1,370,384.00"
15/05/2023,"50,613.94","50,862.66","50,240.87","50,365.23",500.00,0.01,"1,399,701.00"
12/05/2023,"49,308.18","50,116.51","48,997.28","50,054.33","1,400.00",0.02,"1,243,100.00"
11/05/2023,"49,183.82","49,494.72","49,121.64","49,183.82",100.00,0.00,"501,000.00"
10/05/2023,"49,121.64","49,494.72","49,121.64","49,121.64",100.00,0.00,"632,500.00"
09/05/2023,"48,872.92","49,619.08","48,872.92","49,059.46",400.00,0.01,"605,900.00"
08/05/2023,"48,810.74","49,059.46","48,748.57","48,810.74",100.00,0.00,"812,901.00"
05/05/2023,"48,872.92","48,872.92","48,624.21","48,748.57",-100.00,0.00,"319,200.00"
04/05/2023,"48,375.49","48,935.10","48,251.13","48,810.74","1,000.00",0.01,"2,423,868.00"
28/04/2023,"48,997.28","48,997.28","48,188.95","48,188.95",-800.00,-0.01,"956,002.00"
27/04/2023,"48,562.03","48,997.28","48,562.03","48,686.39",0.00,0.00,"221,000.00"
26/04/2023,"48,562.03","48,748.57","48,251.13","48,686.39",-100.00,0.00,"1,290,700.00"
25/04/2023,"49,183.82","49,308.18","48,686.39","48,748.57",-700.00,-0.01,"957,240.00"
24/04/2023,"49,432.54","50,116.51","49,121.64","49,183.82",-200.00,0.00,"794,500.00"
21/04/2023,"49,743.43","49,743.43","49,308.18","49,308.18",-100.00,0.00,"383,200.00"
20/04/2023,"49,619.08","49,619.08","49,246.00","49,370.36",100.00,0.00,"364,400.00"
19/04/2023,"49,619.08","49,619.08","49,308.18","49,308.18",-100.00,0.00,"419,800.00"
18/04/2023,"49,494.72","49,743.43","49,246.00","49,370.36",-200.00,0.00,"332,900.00"
17/04/2023,"49,494.72","49,556.90","49,121.64","49,494.72",0.00,0.00,"623,120.00"
14/04/2023,"49,681.25","49,805.61","49,308.18","49,494.72",0.00,0.00,"562,500.00"
13/04/2023,"49,929.97","49,992.15","49,308.18","49,494.72",-700.00,-0.01,"560,500.00"
12/04/2023,"49,929.97","50,054.33","49,681.25","49,929.97",0.00,0.00,"638,204.00"
11/04/2023,"49,867.79","50,054.33","49,805.61","49,929.97",0.00,0.00,"534,000.00"
10/04/2023,"50,365.23","50,365.23","49,805.61","49,929.97",-200.00,0.00,"769,800.00"
07/04/2023,"49,867.79","50,178.69","49,743.43","50,054.33",200.00,0.00,"4,318,378.00"
06/04/2023,"50,178.69","50,676.12","49,929.97","49,929.97",-300.00,0.00,"632,912.00"
05/04/2023,"50,054.33","50,116.51","49,556.90","50,116.51",100.00,0.00,"422,000.00"
04/04/2023,"50,303.05","50,365.23","49,743.43","50,054.33",-400.00,0.00,"584,600.00"
03/04/2023,"49,370.36","50,303.05","49,183.82","50,303.05","1,800.00",0.02,"1,190,200.00"
31/03/2023,"49,183.82","49,432.54","49,121.64","49,183.82",0.00,0.00,"1,713,600.00"
30/03/2023,"49,121.64","49,308.18","48,997.28","49,183.82",100.00,0.00,"968,200.00"
29/03/2023,"49,246.00","49,308.18","48,872.92","49,121.64",-200.00,0.00,"850,300.00"
28/03/2023,"49,246.00","49,246.00","48,188.95","49,246.00",100.00,0.00,"1,611,200.00"
27/03/2023,"49,059.46","49,246.00","48,810.74","49,183.82",500.00,0.01,"1,058,280.00"
24/03/2023,"48,686.39","48,997.28","48,499.85","48,872.92",600.00,0.01,"390,700.00"
23/03/2023,"48,748.57","48,810.74","48,251.13","48,499.85",-500.00,-0.01,"456,600.00"
22/03/2023,"48,624.21","48,872.92","48,251.13","48,810.74",400.00,0.01,"962,540.00"
21/03/2023,"48,872.92","48,935.10","47,940.23","48,562.03",500.00,0.01,"959,474.00"
20/03/2023,"49,183.82","49,308.18","48,251.13","48,251.13","-1,400.00",-0.02,"1,416,944.00"
17/03/2023,"49,494.72","49,743.43","48,872.92","49,121.64",-200.00,0.00,"429,400.00"
16/03/2023,"49,743.43","49,743.43","48,748.57","49,246.00","-1,300.00",-0.02,"1,202,200.00"
15/03/2023,"49,183.82","50,054.33","49,183.82","50,054.33","1,800.00",0.02,"1,280,200.00"
14/03/2023,"49,121.64","49,183.82","48,810.74","48,935.10",-200.00,0.00,"697,400.00"
13/03/2023,"48,562.03","49,370.36","48,562.03","49,059.46",-600.00,-0.01,"886,500.00"
10/03/2023,"49,867.79","49,992.15","49,121.64","49,432.54","-1,100.00",-0.01,"640,900.00"
09/03/2023,"49,432.54","50,178.69","49,246.00","50,116.51","1,100.00",0.01,"1,273,200.00"
08/03/2023,"48,810.74","49,432.54","48,810.74","49,432.54",700.00,0.01,"1,075,100.00"
07/03/2023,"49,183.82","49,681.25","48,997.28","48,997.28",600.00,0.01,"900,900.00"
06/03/2023,"48,562.03","49,619.08","48,562.03","48,624.21",-300.00,0.00,"845,200.00"
03/03/2023,"49,308.18","49,743.43","48,810.74","48,810.74","-1,500.00",-0.02,"740,800.00"
02/03/2023,"49,743.43","50,054.33","49,619.08","49,743.43",-500.00,-0.01,"1,697,083.00"
01/03/2023,"49,432.54","50,054.33","48,935.10","50,054.33",0.00,0.00,"1,487,800.00"
28/02/2023,"49,743.43","50,178.69","49,432.54","50,054.33",200.00,0.00,"962,900.00"
27/02/2023,"49,743.43","50,054.33","49,681.25","49,929.97",-500.00,-0.01,"1,085,400.00"
24/02/2023,"50,427.41","50,551.76","49,992.15","50,240.87",-600.00,-0.01,"870,900.00"
23/02/2023,"50,800.48","50,800.48","50,116.51","50,613.94",-400.00,0.00,"10,509,860.00"
22/02/2023,"51,173.56","51,297.92","50,862.66","50,862.66","-1,000.00",-0.01,"1,047,200.00"
21/02/2023,"51,484.45","52,044.07","51,360.10","51,484.45",0.00,0.00,"840,000.00"
20/02/2023,"50,738.30","51,608.81","50,613.94","51,484.45","1,200.00",0.01,"1,729,900.00"
17/02/2023,"50,489.59","50,738.30","50,365.23","50,738.30",0.00,0.00,"547,600.00"
16/02/2023,"50,738.30","50,987.02","50,178.69","50,738.30",0.00,0.00,"424,200.00"
15/02/2023,"50,054.33","50,924.84","49,929.97","50,738.30",800.00,0.01,"5,050,600.00"
14/02/2023,"50,178.69","50,365.23","49,867.79","50,240.87",100.00,0.00,"785,777.00"
13/02/2023,"50,178.69","50,489.59","49,743.43","50,178.69",0.00,0.00,"2,110,700.00"
10/02/2023,"50,427.41","50,489.59","50,054.33","50,178.69",0.00,0.00,"2,671,824.00"
09/02/2023,"50,365.23","50,738.30","50,178.69","50,178.69",-500.00,-0.01,"3,490,500.00"
08/02/2023,"50,240.87","50,800.48","50,116.51","50,489.59",500.00,0.01,"891,600.00"
07/02/2023,"50,054.33","50,924.84","50,054.33","50,178.69",200.00,0.00,"814,700.00"
06/02/2023,"49,743.43","50,738.30","49,556.90","50,054.33",400.00,0.00,"1,015,724.00"
03/02/2023,"50,987.02","50,987.02","49,805.61","49,805.61","-1,800.00",-0.02,"1,980,900.00"
02/02/2023,"51,049.20","51,235.74","50,551.76","50,924.84",-100.00,0.00,"2,256,000.00"
01/02/2023,"52,230.61","52,230.61","50,862.66","50,987.02","-1,500.00",-0.02,"1,068,300.00"
31/01/2023,"51,919.71","52,044.07","50,800.48","51,919.71",-200.00,0.00,"1,724,400.00"
30/01/2023,"52,354.96","52,479.32","52,044.07","52,044.07",-300.00,0.00,"914,900.00"
27/01/2023,"52,292.79","53,163.30","52,230.61","52,230.61",100.00,0.00,"1,181,700.00"
19/01/2023,"51,608.81","52,354.96","51,546.63","52,168.43",500.00,0.01,"1,521,136.00"
18/01/2023,"51,049.20","51,857.53","50,862.66","51,857.53","1,400.00",0.02,"1,106,900.00"
17/01/2023,"50,489.59","50,987.02","50,365.23","50,987.02","1,200.00",0.01,"1,082,800.00"
16/01/2023,"49,805.61","50,365.23","49,556.90","50,240.87",800.00,0.01,"574,500.00"
13/01/2023,"50,054.33","50,489.59","49,743.43","49,743.43",-700.00,-0.01,"999,000.00"
12/01/2023,"50,365.23","50,676.12","49,867.79","50,178.69",-200.00,0.00,"572,500.00"
11/01/2023,"49,992.15","50,738.30","49,992.15","50,303.05",500.00,0.01,"1,076,900.00"
10/01/2023,"50,178.69","50,551.76","49,867.79","49,992.15",100.00,0.00,"4,045,000.00"
09/01/2023,"50,054.33","50,303.05","49,681.25","49,929.97",0.00,0.00,"518,900.00"
06/01/2023,"49,992.15","50,427.41","49,867.79","49,929.97",-300.00,0.00,"719,400.00"
05/01/2023,"49,867.79","50,676.12","49,867.79","50,116.51",600.00,0.01,"1,012,600.00"
04/01/2023,"50,240.87","50,365.23","49,308.18","49,743.43",0.00,0.00,"794,300.00"
03/01/2023,"47,815.88","49,743.43","47,753.70","49,743.43","3,100.00",0.04,"1,535,200.00"
30/12/2022,"47,380.62","47,815.88","47,256.26","47,815.88",700.00,0.01,"1,128,600.00"
29/12/2022,"47,567.16","47,878.06","47,380.62","47,380.62",,,"891,516.00"
28/12/2022,"47,878.06","47,878.06","47,256.26","47,691.52",,,"589,200.00"
27/12/2022,"47,504.98","48,188.95","47,256.26","47,567.16",,,"1,588,616.00"
26/12/2022,"48,313.31","48,562.03","47,504.98","47,504.98",,,"832,500.00"
23/12/2022,"47,504.98","48,499.85","47,380.62","48,499.85",,,"1,823,000.00"
22/12/2022,"48,002.41","48,188.95","47,256.26","48,002.41",,,"1,037,800.00"
21/12/2022,"48,002.41","48,126.77","47,069.72","48,002.41",,,"852,236.00"
20/12/2022,"48,002.41","48,002.41","46,883.19","47,629.34",,,"841,200.00"
19/12/2022,"48,686.39","48,686.39","47,629.34","47,629.34",,,"1,026,200.00"
16/12/2022,"47,878.06","48,499.85","47,504.98","48,437.67",,,"1,126,900.00"
15/12/2022,"47,504.98","48,562.03","47,504.98","48,313.31",,,"1,197,500.00"
14/12/2022,"48,002.41","48,188.95","47,318.44","47,442.80",,,"1,766,100.00"
13/12/2022,"47,380.62","48,064.59","46,758.83","48,002.41",,,"899,700.00"
12/12/2022,"48,251.13","48,624.21","47,504.98","47,878.06",,,"2,540,500.00"
09/12/2022,"47,442.80","48,499.85","47,380.62","48,499.85",,,"987,500.00"
08/12/2022,"47,815.88","48,997.28","47,007.55","47,878.06",,,"1,298,700.00"
07/12/2022,"47,194.08","47,629.34","46,510.11","47,567.16",,,"1,098,800.00"
06/12/2022,"48,686.39","49,059.46","47,256.26","47,256.26",,,"1,537,700.00"
05/12/2022,"48,499.85","49,121.64","48,126.77","48,686.39",,,"1,216,400.00"
02/12/2022,"46,447.93","48,313.31","46,012.68","48,126.77",,,"2,901,400.00"
01/12/2022,"46,696.65","47,131.90","46,074.86","46,447.93",,,"1,776,500.00"
30/11/2022,"46,323.57","46,572.29","45,701.78","46,385.75",,,"1,048,500.00"
29/11/2022,"46,572.29","46,572.29","45,390.88","46,199.21",,,"1,143,800.00"
28/11/2022,"45,017.81","46,323.57","44,955.63","46,199.21",,,"1,283,800.00"
25/11/2022,"43,898.58","44,769.09","43,836.40","44,769.09",,,"1,467,400.00"
24/11/2022,"43,401.15","44,147.30","43,152.43","43,836.40",,,"916,400.00"
23/11/2022,"43,525.50","44,147.30","43,338.97","43,836.40",,,"465,900.00"
22/11/2022,"43,525.50","44,769.09","42,965.89","43,836.40",,,"1,196,300.00"
21/11/2022,"43,214.61","44,644.73","43,214.61","43,587.68",,,"840,500.00"
18/11/2022,"43,587.68","44,769.09","43,028.07","44,458.19",,,"1,261,700.00"
17/11/2022,"43,090.25","44,769.09","40,105.64","44,147.30",,,"2,082,500.00"
16/11/2022,"38,115.91","43,525.50","38,115.91","43,090.25",,,"3,318,000.00"
15/11/2022,"43,525.50","43,525.50","40,976.15","40,976.15",,,"9,108,949.00"
14/11/2022,"44,769.09","45,017.81","43,525.50","44,022.94",,,"1,639,000.00"
11/11/2022,"45,453.06","45,763.96","44,769.09","45,266.52",,,"1,446,800.00"
10/11/2022,"45,701.78","45,826.14","42,965.89","45,390.88",,,"2,988,600.00"
09/11/2022,"45,577.42","46,199.21","45,577.42","46,012.68",,,"897,700.00"
08/11/2022,"44,458.19","45,950.50","44,396.01","45,577.42",,,"1,665,000.00"
07/11/2022,"45,142.17","46,012.68","45,142.17","45,142.17",,,"2,036,000.00"
04/11/2022,"46,012.68","46,012.68","44,458.19","45,328.70",,,"2,722,300.00"
03/11/2022,"46,323.57","47,069.72","45,826.14","46,074.86",,,"672,400.00"
02/11/2022,"46,758.83","47,256.26","46,012.68","46,012.68",,,"978,200.00"
01/11/2022,"47,442.80","47,753.70","46,634.47","46,945.37",,,"611,500.00"
31/10/2022,"46,634.47","47,256.26","45,826.14","47,007.55",,,"1,084,700.00"
28/10/2022,"47,442.80","47,442.80","46,447.93","46,634.47",,,"925,800.00"
27/10/2022,"46,074.86","47,380.62","45,826.14","47,131.90",,,"965,900.00"
26/10/2022,"46,323.57","46,323.57","45,204.35","45,888.32",,,"675,100.00"
25/10/2022,"44,396.01","46,323.57","44,209.48","45,515.24",,,"1,564,600.00"
24/10/2022,"45,950.50","46,323.57","44,147.30","44,209.48",,,"3,214,200.00"
21/10/2022,"48,313.31","48,313.31","45,950.50","45,950.50",,,"2,505,400.00"
20/10/2022,"47,131.90","48,810.74","46,821.01","48,375.49",,,"1,817,900.00"
19/10/2022,"46,572.29","47,380.62","46,447.93","46,945.37",,,"1,766,700.00"
18/10/2022,"46,012.68","46,821.01","46,012.68","46,572.29",,,"900,300.00"
17/10/2022,"45,701.78","45,950.50","45,142.17","45,888.32",,,"730,920.00"
14/10/2022,"46,261.39","46,323.57","45,763.96","46,012.68",,,"844,200.00"
13/10/2022,"44,893.45","45,390.88","44,458.19","45,390.88",,,"959,200.00"
12/10/2022,"44,147.30","45,577.42","44,147.30","45,017.81",,,"1,463,100.00"
11/10/2022,"46,012.68","46,012.68","44,147.30","44,147.30",,,"2,109,700.00"
10/10/2022,"45,701.78","46,945.37","44,831.27","46,012.68",,,"1,795,400.00"
07/10/2022,"47,380.62","47,380.62","46,012.68","46,012.68",,,"2,134,000.00"
06/10/2022,"49,059.46","49,059.46","47,567.16","47,567.16",,,"1,266,700.00"
05/10/2022,"49,121.64","49,432.54","48,748.57","48,748.57",,,"1,066,835.00"
04/10/2022,"48,499.85","49,121.64","48,002.41","48,188.95",,,"2,066,000.00"
03/10/2022,"49,494.72","49,929.97","47,504.98","47,878.06",,,"2,267,300.00"
30/09/2022,"47,878.06","50,240.87","47,815.88","50,054.33",,,"3,021,900.00"
29/09/2022,"49,619.08","49,805.61","47,878.06","47,878.06",,,"1,303,900.00"
28/09/2022,"49,805.61","49,992.15","48,499.85","48,499.85",,,"2,048,400.00"
27/09/2022,"50,987.02","50,987.02","50,054.33","50,054.33",,,"1,102,900.00"
26/09/2022,"50,676.12","50,987.02","49,929.97","50,676.12",,,"2,124,340.00"
23/09/2022,"51,670.99","51,670.99","51,049.20","51,235.74",,,"1,189,800.00"
22/09/2022,"50,987.02","51,608.81","50,924.84","51,546.63",,,"1,192,400.00"
21/09/2022,"51,795.35","51,795.35","51,173.56","51,173.56",,,"775,400.00"
20/09/2022,"51,670.99","52,106.25","51,173.56","51,857.53",,,"1,976,300.00"
19/09/2022,"51,297.92","51,981.89","50,924.84","51,670.99",,,"2,033,700.00"
16/09/2022,"52,044.07","52,168.43","51,297.92","51,297.92",,,"1,360,100.00"
15/09/2022,"52,541.50","52,541.50","52,044.07","52,044.07",,,"959,600.00"
14/09/2022,"51,919.71","52,541.50","51,919.71","52,230.61",,,"1,474,901.00"
13/09/2022,"52,852.40","53,038.94","52,417.14","52,603.68",,,"1,277,702.00"
12/09/2022,"52,914.58","52,976.76","52,417.14","52,603.68",,,"767,000.00"
09/09/2022,"52,603.68","52,852.40","52,417.14","52,417.14",,,"1,145,400.00"
08/09/2022,"52,292.79","52,852.40","52,106.25","52,417.14",,,"1,299,800.00"
07/09/2022,"53,163.30","53,412.01","52,230.61","52,230.61",,,"2,318,200.00"
06/09/2022,"53,474.19","53,722.91","53,349.83","53,349.83",,,"1,593,900.00"
05/09/2022,"53,785.09","53,909.45","53,412.01","53,598.55",,,"1,110,900.00"
31/08/2022,"53,349.83","54,095.98","53,349.83","53,847.27",,,"1,350,100.00"
30/08/2022,"53,785.09","54,095.98","53,474.19","53,722.91",,,"1,303,200.00"
29/08/2022,"54,095.98","54,095.98","52,665.86","53,785.09",,,"2,541,100.00"
26/08/2022,"53,722.91","54,593.42","53,660.73","54,220.34",,,"1,956,600.00"
25/08/2022,"53,598.55","53,909.45","53,474.19","53,660.73",,,"1,164,800.00"
24/08/2022,"53,785.09","53,971.63","53,536.37","53,598.55",,,"1,067,000.00"
23/08/2022,"52,921.01","53,474.19","52,921.01","53,474.19",,,"1,113,300.00"
22/08/2022,"53,228.33","53,658.59","52,798.08","53,351.26",,,"1,662,100.00"
19/08/2022,"54,088.84","54,396.16","52,982.47","53,412.73",,,"2,101,600.00"
18/08/2022,"54,027.37","55,133.74","54,027.37","54,273.23",,,"3,352,900.00"
17/08/2022,"54,703.48","54,764.95","54,088.84","54,273.23",,,"1,506,200.00"
16/08/2022,"54,642.02","54,949.34","54,150.30","54,519.09",,,"1,415,800.00"
15/08/2022,"53,228.33","54,764.95","53,228.33","54,642.02",,,"3,330,000.00"
12/08/2022,"52,675.15","53,166.87","52,675.15","53,166.87",,,"1,298,500.00"
11/08/2022,"52,982.47","53,351.26","52,675.15","52,859.55",,,"2,535,800.00"
10/08/2022,"53,043.94","53,289.80","52,859.55","52,859.55",,,"1,189,100.00"
09/08/2022,"52,859.55","53,781.51","52,675.15","52,982.47",,,"2,772,500.00"
08/08/2022,"52,798.08","53,105.40","52,429.29","52,859.55",,,"1,670,200.00"
05/08/2022,"52,921.01","53,597.12","52,613.69","52,736.62",,,"2,275,100.00"
04/08/2022,"52,306.36","53,228.33","52,183.44","52,921.01",,,"3,299,500.00"
03/08/2022,"52,244.90","52,367.83","51,753.18","52,121.97",,,"2,443,800.00"
02/08/2022,"51,630.25","52,306.36","51,322.93","52,244.90",,,"1,879,700.00"
01/08/2022,"51,630.25","51,753.18","51,077.07","51,630.25",,,"2,404,100.00"
29/07/2022,"52,306.36","52,367.83","51,322.93","51,322.93",,,"2,143,800.00"
28/07/2022,"52,367.83","52,736.62","51,077.07","52,183.44",,,"2,335,900.00"
27/07/2022,"51,999.04","52,367.83","51,876.11","52,367.83",,,"1,271,232.00"
26/07/2022,"52,859.55","52,859.55","52,121.97","52,121.97",,,"1,440,400.00"
25/07/2022,"53,474.19","53,474.19","52,306.36","52,490.76",,,"2,245,900.00"
22/07/2022,"53,105.40","53,166.87","52,306.36","52,306.36",,,"2,190,600.00"
21/07/2022,"52,798.08","52,798.08","51,937.58","52,244.90",,,"2,512,600.00"
20/07/2022,"52,244.90","52,798.08","51,630.25","52,183.44",,,"4,169,280.00"
19/07/2022,"50,954.14","51,015.61","50,523.89","51,015.61",,,"2,342,800.00"
18/07/2022,"50,892.68","51,937.58","50,585.36","51,015.61",,,"1,364,900.00"
15/07/2022,"51,630.25","51,630.25","50,523.89","50,523.89",,,"1,802,200.00"
14/07/2022,"50,892.68","51,322.93","50,523.89","50,892.68",,,"2,203,500.00"
13/07/2022,"51,630.25","51,630.25","50,708.29","50,708.29",,,"1,764,700.00"
12/07/2022,"50,892.68","51,322.93","50,831.21","51,322.93",,,"918,300.00"
11/07/2022,"51,999.04","51,999.04","50,892.68","50,892.68",,,"1,398,800.00"
08/07/2022,"51,568.79","51,630.25","51,077.07","51,384.40",,,"1,937,500.00"
07/07/2022,"51,568.79","51,999.04","51,077.07","51,077.07",,,"2,486,500.00"
06/07/2022,"51,691.72","52,798.08","51,322.93","51,322.93",,,"3,756,400.00"
05/07/2022,"53,965.91","53,965.91","52,490.76","52,490.76",,,"2,122,800.00"
04/07/2022,"54,396.16","54,396.16","52,859.55","53,289.80",,,"1,005,500.00"
01/07/2022,"53,474.19","54,580.55","52,121.97","54,088.84",,,"2,766,500.00"
30/06/2022,"55,010.81","55,256.66","52,982.47","52,982.47",,,"2,026,200.00"
29/06/2022,"54,642.02","55,318.13","54,211.77","55,318.13",,,"2,808,800.00"
28/06/2022,"55,010.81","55,441.06","53,597.12","55,133.74",,,"3,878,200.00"
27/06/2022,"53,105.40","54,027.37","52,798.08","53,166.87",,,"2,519,100.00"
24/06/2022,"52,921.01","53,965.91","52,552.22","52,552.22",,,"931,400.00"
23/06/2022,"51,630.25","53,351.26","51,445.86","52,552.22",,,"3,422,125.00"
22/06/2022,"55,195.20","55,563.99","51,876.11","51,937.58",,,"3,426,300.00"
21/06/2022,"56,793.28","57,469.39","54,703.48","54,764.95",,,"3,188,800.00"
20/06/2022,"57,469.39","58,084.04","56,117.17","56,547.42",,,"2,667,500.00"
17/06/2022,"55,502.52","56,916.21","54,703.48","56,547.42",,,"4,164,800.00"
16/06/2022,"55,932.78","57,653.78","55,441.06","56,547.42",,,"3,387,500.00"
15/06/2022,"55,686.92","55,686.92","54,088.84","55,625.45",,,"2,866,700.00"
14/06/2022,"52,859.55","55,256.66","52,552.22","54,764.95",,,"2,895,400.00"
13/06/2022,"54,088.84","55,809.85","52,859.55","52,982.47",,,"3,835,600.00"
10/06/2022,"57,556.00","58,215.81","55,830.33","55,830.33",,,"4,131,600.00"
09/06/2022,"58,621.85","58,824.87","57,505.24","58,520.34",,,"2,415,400.00"
08/06/2022,"59,027.89","59,687.70","58,114.30","58,368.08",,,"3,038,600.00"
07/06/2022,"57,200.72","58,672.61","55,119.77","58,672.61",,,"6,026,500.00"
06/06/2022,"57,860.53","58,875.63","56,845.43","57,352.98",,,"3,317,400.00"
03/06/2022,"56,591.66","57,860.53","56,287.13","57,860.53",,,"2,620,100.00"
02/06/2022,"57,251.47","58,266.57","56,388.64","56,591.66",,,"2,763,900.00"
01/06/2022,"55,779.58","57,302.22","55,728.82","56,743.92",,,"3,350,800.00"
31/05/2022,"56,490.15","56,490.15","54,561.46","55,779.58",,,"2,855,300.00"
30/05/2022,"56,388.64","57,048.45","55,424.30","56,490.15",,,"10,997,000.00"
27/05/2022,"53,597.12","56,845.43","53,546.37","56,743.92",,,"4,495,100.00"
26/05/2022,"53,394.10","54,358.44","53,089.57","53,597.12",,,"1,766,400.00"
25/05/2022,"50,501.07","53,292.59","50,095.04","53,292.59",,,"3,770,800.00"
24/05/2022,"48,978.43","49,841.26","48,724.66","49,841.26",,,"1,404,700.00"
23/05/2022,"49,841.26","49,841.26","48,775.41","48,978.43",,,"1,343,359.00"
20/05/2022,"49,587.49","50,196.55","49,232.20","49,485.98",,,"1,440,400.00"
19/05/2022,"48,267.86","49,587.49","48,267.86","49,232.20",,,"2,556,700.00"
18/05/2022,"50,602.58","50,805.60","49,485.98","49,587.49",,,"2,014,400.00"
17/05/2022,"47,202.01","50,602.58","46,948.24","50,602.58",,,"2,045,800.00"
16/05/2022,"49,485.98","49,485.98","47,303.52","47,303.52",,,"1,740,900.00"
13/05/2022,"48,775.41","50,247.30","47,252.76","47,506.54",,,"4,186,100.00"
12/05/2022,"50,399.57","51,719.19","48,217.11","48,521.64",,,"4,275,700.00"
11/05/2022,"49,739.75","51,719.19","49,130.69","51,719.19",,,"2,307,500.00"
10/05/2022,"47,709.56","50,145.79","46,694.46","49,942.77",,,"3,735,300.00"
09/05/2022,"49,892.02","50,247.30","47,709.56","47,709.56",,,"5,070,700.00"
06/05/2022,"51,922.21","52,785.04","50,856.36","50,856.36",,,"3,234,500.00"
05/05/2022,"53,089.57","53,546.37","51,719.19","53,140.33",,,"2,453,900.00"
04/05/2022,"53,241.84","53,749.39","52,835.80","53,038.82",,,"2,098,400.00"
29/04/2022,"53,292.59","54,358.44","52,886.55","53,292.59",,,"4,011,500.00"
28/04/2022,"52,226.74","54,206.18","52,023.72","53,546.37",,,"3,147,500.00"
27/04/2022,"52,023.72","52,785.04","51,008.62","52,277.49",,,"3,161,700.00"
26/04/2022,"50,856.36","53,292.59","49,232.20","52,937.31",,,"5,537,400.00"
25/04/2022,"55,881.09","56,287.13","52,480.51","52,480.51",,,"6,019,525.00"
22/04/2022,"57,099.21","57,809.77","53,800.14","56,388.64",,,"11,878,200.00"
21/04/2022,"56,439.39","58,824.87","56,439.39","56,845.43",,,"4,068,500.00"
20/04/2022,"56,845.43","57,352.98","55,627.31","56,845.43",,,"3,350,000.00"
19/04/2022,"59,129.40","59,383.17","56,845.43","56,845.43",,,"8,196,978.00"
18/04/2022,"58,368.08","60,195.25","57,860.53","58,621.85",,,"3,847,800.00"
15/04/2022,"58,418.83","59,839.97","57,860.53","58,368.08",,,"4,074,500.00"
14/04/2022,"58,469.59","60,347.52","58,469.59","59,180.15",,,"5,399,800.00"
13/04/2022,"55,830.33","58,418.83","55,728.82","58,418.83",,,"3,513,600.00"
12/04/2022,"55,322.79","56,591.66","54,104.67","55,728.82",,,"3,678,500.00"
08/04/2022,"57,505.24","57,809.77","55,069.01","55,069.01",,,"6,599,500.00"
07/04/2022,"57,708.26","59,332.42","56,896.19","57,505.24",,,"5,422,000.00"
06/04/2022,"55,018.26","57,860.53","55,018.26","57,352.98",,,"4,179,000.00"
05/04/2022,"55,373.54","56,642.41","55,322.79","55,322.79",,,"3,073,800.00"
04/04/2022,"57,606.75","57,606.75","55,475.05","55,475.05",,,"3,270,200.00"
01/04/2022,"54,256.93","56,337.88","53,850.90","56,337.88",,,"4,624,000.00"
31/03/2022,"53,546.37","56,134.86","53,089.57","54,307.69",,,"3,852,800.00"
30/03/2022,"53,698.63","54,459.95","53,038.82","53,800.14",,,"3,132,000.00"
29/03/2022,"50,044.28","53,241.84","50,044.28","53,241.84",,,"8,468,000.00"
28/03/2022,"48,470.88","50,095.04","48,318.62","49,790.51",,,"4,321,325.00"
25/03/2022,"48,775.41","48,978.43","48,521.64","48,572.39",,,"1,391,500.00"
24/03/2022,"48,724.66","49,333.71","48,369.37","48,724.66",,,"1,863,100.00"
23/03/2022,"48,978.43","49,485.98","48,724.66","48,978.43",,,"2,035,800.00"
22/03/2022,"48,724.66","49,232.20","48,420.13","48,927.67",,,"2,079,200.00"
21/03/2022,"48,318.62","48,724.66","48,217.11","48,369.37",,,"2,005,200.00"
,,,,,,,
,,,,,,,
SIMPLIZE,,,,,,,
"Số 5 ngõ 316 Lê Trọng Tấn, Phường Khương Mai, Quận Thanh Xuân, TP.Hà Nội
",,,,,,,
Website: simplize.vn,,,,,,,
Email: info@simplize.vn,,,,,,,
Tel: (+84) 38 840 8668,,,,,,,
