Tên công ty,Tổng Công ty Khí Việt Nam - Công ty Cổ phần,,,,,,
Tên báo cáo,Lịch sử giá,,,,,,
Ngày tải,24/03/2026,,,,,,
,,,,,,,
NGÀY,GIÁ MỞ CỬA,GIÁ CAO NHẤT,GIÁ THẤP NHẤT,GIÁ ĐÓNG CỬA,THAY ĐỔI GIÁ,% THAY ĐỔI,KHỐI LƯỢNG
24/03/2026,"82,000.00","82,700.00","79,500.00","79,500.00","-1,000.00",-0.01,"1,262,100.00"
23/03/2026,"78,500.00","83,600.00","78,500.00","80,500.00","-1,500.00",-0.02,"2,980,000.00"
20/03/2026,"88,100.00","88,800.00","82,000.00","82,000.00","-6,100.00",-0.07,"3,150,400.00"
19/03/2026,"92,300.00","92,400.00","87,400.00","88,100.00","-3,600.00",-0.04,"2,140,100.00"
18/03/2026,"86,400.00","92,400.00","86,400.00","91,700.00","5,300.00",0.06,"2,627,100.00"
17/03/2026,"89,000.00","90,400.00","86,000.00","86,400.00","-1,500.00",-0.02,"1,712,800.00"
16/03/2026,"91,000.00","91,100.00","85,400.00","87,900.00","-3,900.00",-0.04,"5,461,400.00"
13/03/2026,"97,900.00","101,300.00","91,800.00","91,800.00","-6,900.00",-0.07,"4,442,600.00"
12/03/2026,"103,000.00","103,000.00","98,700.00","98,700.00","-4,300.00",-0.04,"1,736,400.00"
11/03/2026,"93,300.00","103,000.00","93,200.00","103,000.00","6,000.00",0.06,"4,146,800.00"
10/03/2026,"104,000.00","107,500.00","97,000.00","97,000.00","-7,300.00",-0.07,"3,885,500.00"
09/03/2026,"116,000.00","116,300.00","104,300.00","104,300.00","-7,800.00",-0.07,"5,387,400.00"
06/03/2026,"118,600.00","118,600.00","112,000.00","112,100.00","-7,600.00",-0.06,"4,731,500.00"
05/03/2026,"126,000.00","126,900.00","119,700.00","119,700.00","-9,000.00",-0.07,"5,317,800.00"
04/03/2026,"124,000.00","131,500.00","121,800.00","128,700.00","5,300.00",0.04,"4,554,900.00"
03/03/2026,"119,900.00","123,400.00","111,000.00","123,400.00","8,000.00",0.07,"7,680,200.00"
02/03/2026,"115,300.00","115,400.00","112,500.00","115,400.00","7,500.00",0.07,"3,660,300.00"
27/02/2026,"106,000.00","111,900.00","105,500.00","107,900.00","1,900.00",0.02,"2,827,100.00"
26/02/2026,"111,000.00","111,000.00","105,500.00","106,000.00","-4,000.00",-0.04,"3,151,900.00"
25/02/2026,"110,500.00","117,500.00","108,000.00","110,000.00",-500.00,0.00,"3,689,100.00"
24/02/2026,"112,000.00","112,400.00","107,100.00","110,500.00","1,800.00",0.02,"4,780,400.00"
23/02/2026,"104,900.00","108,700.00","104,900.00","108,700.00","7,100.00",0.07,"956,400.00"
13/02/2026,"101,500.00","103,700.00","99,700.00","101,600.00",200.00,0.00,"2,039,200.00"
12/02/2026,"106,200.00","106,200.00","101,000.00","101,400.00",-600.00,-0.01,"2,700,300.00"
11/02/2026,"105,800.00","107,400.00","102,000.00","102,000.00","-5,700.00",-0.05,"3,230,600.00"
10/02/2026,"115,900.00","119,600.00","107,700.00","107,700.00","-8,000.00",-0.07,"6,158,900.00"
09/02/2026,"117,000.00","117,800.00","114,500.00","115,700.00",700.00,0.01,"901,300.00"
06/02/2026,"110,000.00","118,800.00","109,500.00","115,000.00","3,000.00",0.03,"3,964,600.00"
05/02/2026,"115,800.00","116,800.00","112,000.00","112,000.00","-3,800.00",-0.03,"2,555,300.00"
04/02/2026,"117,000.00","120,000.00","114,300.00","115,800.00","-1,200.00",-0.01,"2,275,800.00"
03/02/2026,"115,800.00","121,900.00","113,100.00","117,000.00","2,500.00",0.02,"3,319,000.00"
02/02/2026,"113,900.00","116,800.00","110,000.00","114,500.00","-2,500.00",-0.02,"5,534,800.00"
30/01/2026,"116,800.00","122,000.00","115,800.00","117,000.00",200.00,0.00,"3,644,900.00"
29/01/2026,"118,500.00","118,500.00","111,300.00","116,800.00","-1,200.00",-0.01,"3,705,700.00"
28/01/2026,"121,000.00","122,800.00","115,000.00","118,000.00","2,700.00",0.02,"7,140,900.00"
27/01/2026,"109,800.00","115,300.00","109,000.00","115,300.00","7,500.00",0.07,"5,889,900.00"
26/01/2026,"100,500.00","107,800.00","100,500.00","107,800.00","7,000.00",0.07,"6,102,800.00"
23/01/2026,"104,800.00","106,300.00","99,200.00","100,800.00","-4,000.00",-0.04,"3,428,600.00"
22/01/2026,"110,500.00","110,500.00","104,700.00","104,800.00","-5,200.00",-0.05,"4,035,100.00"
21/01/2026,"101,200.00","110,000.00","101,000.00","110,000.00","5,500.00",0.05,"4,569,400.00"
20/01/2026,"106,000.00","110,800.00","104,000.00","104,500.00","-1,300.00",-0.01,"3,888,800.00"
19/01/2026,"100,000.00","106,200.00","98,100.00","105,800.00","6,000.00",0.06,"4,498,200.00"
16/01/2026,"103,200.00","107,200.00","99,800.00","99,800.00","-3,200.00",-0.03,"4,537,900.00"
15/01/2026,"106,900.00","107,100.00","102,300.00","103,000.00","-4,000.00",-0.04,"3,558,000.00"
14/01/2026,"107,000.00","110,900.00","100,000.00","107,000.00","3,300.00",0.03,"4,910,800.00"
13/01/2026,"97,000.00","103,700.00","96,000.00","103,700.00","6,700.00",0.07,"4,960,100.00"
12/01/2026,"101,000.00","102,500.00","94,500.00","97,000.00",-100.00,0.00,"5,514,400.00"
09/01/2026,"90,600.00","98,000.00","89,800.00","97,100.00","5,500.00",0.06,"4,592,600.00"
08/01/2026,"93,500.00","94,600.00","90,000.00","91,600.00","3,100.00",0.04,"6,171,100.00"
07/01/2026,"85,200.00","88,500.00","85,200.00","88,500.00","5,700.00",0.07,"4,173,200.00"
06/01/2026,"77,800.00","82,800.00","77,800.00","82,800.00","5,400.00",0.07,"4,730,300.00"
05/01/2026,"73,100.00","77,400.00","72,800.00","77,400.00","5,000.00",0.07,"5,364,200.00"
31/12/2025,"74,500.00","75,800.00","72,400.00","72,400.00","-2,500.00",-0.03,"1,872,800.00"
30/12/2025,"75,100.00","75,700.00","73,800.00","74,900.00",-200.00,0.00,"1,764,400.00"
29/12/2025,"70,600.00","75,400.00","70,200.00","75,100.00","4,600.00",0.07,"5,613,700.00"
26/12/2025,"69,000.00","70,900.00","68,000.00","70,500.00","1,300.00",0.02,"2,428,400.00"
25/12/2025,"66,100.00","69,300.00","65,500.00","69,200.00","3,100.00",0.05,"3,702,300.00"
24/12/2025,"65,400.00","66,100.00","64,400.00","66,100.00",800.00,0.01,"1,526,800.00"
23/12/2025,"65,300.00","66,300.00","64,600.00","65,300.00",0.00,0.00,"1,512,400.00"
22/12/2025,"64,300.00","65,300.00","64,200.00","65,300.00","1,300.00",0.02,"1,262,800.00"
19/12/2025,"63,600.00","64,000.00","63,000.00","64,000.00",700.00,0.01,"658,000.00"
18/12/2025,"63,600.00","63,800.00","62,400.00","63,300.00",400.00,0.01,"625,000.00"
17/12/2025,"64,200.00","64,800.00","62,900.00","62,900.00","-1,400.00",-0.02,"532,900.00"
16/12/2025,"62,500.00","64,300.00","62,100.00","64,300.00","2,200.00",0.04,"870,400.00"
15/12/2025,"61,300.00","62,400.00","61,000.00","62,100.00",800.00,0.01,"620,600.00"
12/12/2025,"62,600.00","62,900.00","61,300.00","61,300.00","-1,300.00",-0.02,"598,400.00"
11/12/2025,"63,600.00","63,900.00","62,500.00","62,600.00",-900.00,-0.01,"470,100.00"
10/12/2025,"63,900.00","64,100.00","63,400.00","63,500.00",-500.00,-0.01,"443,900.00"
09/12/2025,"65,300.00","65,300.00","63,600.00","64,000.00","-1,400.00",-0.02,"731,000.00"
08/12/2025,"64,100.00","65,400.00","63,600.00","65,400.00","1,400.00",0.02,"1,050,700.00"
05/12/2025,"65,200.00","65,200.00","64,000.00","64,000.00","-1,000.00",-0.02,"735,600.00"
04/12/2025,"64,600.00","65,000.00","64,100.00","65,000.00",500.00,0.01,"1,027,400.00"
03/12/2025,"66,200.00","66,200.00","64,300.00","64,500.00","-1,600.00",-0.02,"1,151,400.00"
02/12/2025,"65,400.00","66,100.00","64,800.00","66,100.00",700.00,0.01,"1,960,300.00"
01/12/2025,"63,400.00","65,800.00","63,400.00","65,400.00","2,000.00",0.03,"2,743,800.00"
28/11/2025,"63,000.00","63,800.00","62,500.00","63,400.00",400.00,0.01,"1,243,100.00"
27/11/2025,"61,900.00","63,100.00","61,500.00","63,000.00","1,000.00",0.02,"1,562,200.00"
26/11/2025,"60,800.00","62,000.00","60,700.00","62,000.00","1,200.00",0.02,"529,300.00"
25/11/2025,"61,000.00","61,400.00","60,800.00","60,800.00",-200.00,0.00,"405,700.00"
24/11/2025,"61,900.00","62,000.00","61,000.00","61,000.00",-900.00,-0.01,"390,000.00"
21/11/2025,"61,600.00","61,900.00","61,000.00","61,900.00",-200.00,0.00,"467,300.00"
20/11/2025,"62,200.00","62,300.00","61,700.00","62,100.00",-100.00,0.00,"392,000.00"
19/11/2025,"62,500.00","62,800.00","62,000.00","62,200.00",-200.00,0.00,"380,800.00"
18/11/2025,"63,400.00","63,400.00","62,100.00","62,400.00",-600.00,-0.01,"749,600.00"
17/11/2025,"63,200.00","63,800.00","62,000.00","63,000.00",200.00,0.00,"689,000.00"
14/11/2025,"62,900.00","63,400.00","62,500.00","62,800.00",-100.00,0.00,"496,800.00"
13/11/2025,"61,700.00","63,500.00","61,400.00","62,900.00","1,000.00",0.02,"1,158,200.00"
12/11/2025,"61,500.00","62,000.00","60,600.00","61,900.00",800.00,0.01,"648,800.00"
11/11/2025,"61,300.00","62,000.00","60,900.00","61,100.00",-100.00,0.00,"553,500.00"
10/11/2025,"62,800.00","62,800.00","61,000.00","61,200.00","-1,700.00",-0.03,"738,300.00"
07/11/2025,"61,800.00","62,900.00","61,000.00","62,900.00",800.00,0.01,"1,225,100.00"
06/11/2025,"63,300.00","63,300.00","61,700.00","62,100.00",-900.00,-0.01,"626,000.00"
05/11/2025,"60,700.00","63,600.00","60,600.00","63,000.00","2,500.00",0.04,"1,680,600.00"
04/11/2025,"62,100.00","62,200.00","60,100.00","60,500.00","-1,000.00",-0.02,"1,008,600.00"
03/11/2025,"62,000.00","62,900.00","61,500.00","61,500.00",-100.00,0.00,"1,095,100.00"
31/10/2025,"59,800.00","62,300.00","59,800.00","61,600.00","1,900.00",0.03,"1,173,700.00"
30/10/2025,"60,200.00","60,800.00","59,700.00","59,700.00",-500.00,-0.01,"460,400.00"
29/10/2025,"60,100.00","61,200.00","60,000.00","60,200.00",200.00,0.00,"639,500.00"
28/10/2025,"59,300.00","60,200.00","59,100.00","60,000.00",700.00,0.01,"660,100.00"
27/10/2025,"60,200.00","60,200.00","59,300.00","59,300.00",-300.00,-0.01,"512,900.00"
24/10/2025,"60,400.00","60,800.00","59,600.00","59,600.00",-200.00,0.00,"643,300.00"
23/10/2025,"60,000.00","60,700.00","59,500.00","59,800.00",800.00,0.01,"554,800.00"
22/10/2025,"57,200.00","59,000.00","57,200.00","59,000.00","3,000.00",0.05,"1,023,700.00"
21/10/2025,"57,300.00","58,800.00","56,000.00","56,000.00","-1,000.00",-0.02,"837,900.00"
20/10/2025,"58,600.00","59,500.00","57,000.00","57,000.00","-1,600.00",-0.03,"604,700.00"
17/10/2025,"58,700.00","59,200.00","58,500.00","58,600.00",-100.00,0.00,"320,000.00"
16/10/2025,"58,800.00","59,200.00","58,500.00","58,700.00",-300.00,-0.01,"956,300.00"
15/10/2025,"60,000.00","60,200.00","58,800.00","59,000.00","-1,000.00",-0.02,"1,271,300.00"
14/10/2025,"60,900.00","60,900.00","60,000.00","60,000.00",-600.00,-0.01,"568,000.00"
13/10/2025,"60,100.00","60,900.00","60,100.00","60,600.00",-300.00,0.00,"516,900.00"
10/10/2025,"60,900.00","61,200.00","60,600.00","60,900.00",0.00,0.00,"592,500.00"
09/10/2025,"60,900.00","61,400.00","60,600.00","60,900.00",0.00,0.00,"363,100.00"
08/10/2025,"61,200.00","61,600.00","60,900.00","60,900.00",0.00,0.00,"379,300.00"
07/10/2025,"61,100.00","61,100.00","60,600.00","60,900.00",100.00,0.00,"302,600.00"
06/10/2025,"61,100.00","61,100.00","60,200.00","60,800.00",700.00,0.01,"420,400.00"
03/10/2025,"60,200.00","60,500.00","60,000.00","60,100.00",-200.00,0.00,"470,400.00"
02/10/2025,"60,700.00","61,000.00","60,300.00","60,300.00",-300.00,0.00,"454,300.00"
01/10/2025,"60,500.00","60,900.00","60,500.00","60,600.00",200.00,0.00,"211,700.00"
30/09/2025,"61,500.00","61,700.00","60,400.00","60,400.00","-1,100.00",-0.02,"647,500.00"
29/09/2025,"61,600.00","62,000.00","61,400.00","61,500.00",0.00,0.00,"381,300.00"
26/09/2025,"62,300.00","62,400.00","61,500.00","61,500.00",-400.00,-0.01,"265,100.00"
25/09/2025,"62,000.00","62,300.00","61,800.00","61,900.00",300.00,0.00,"550,000.00"
24/09/2025,"61,600.00","61,700.00","61,100.00","61,600.00",0.00,0.00,"558,200.00"
23/09/2025,"61,900.00","62,000.00","61,200.00","61,600.00",-200.00,0.00,"544,500.00"
22/09/2025,"62,400.00","62,500.00","61,200.00","61,800.00",-700.00,-0.01,"883,600.00"
19/09/2025,"63,300.00","63,300.00","62,500.00","62,500.00",-500.00,-0.01,"658,200.00"
18/09/2025,"64,000.00","64,100.00","62,900.00","63,000.00","-1,000.00",-0.02,"731,300.00"
17/09/2025,"62,800.00","64,300.00","62,800.00","64,000.00","1,300.00",0.02,"1,489,100.00"
16/09/2025,"63,600.00","63,600.00","62,700.00","62,700.00",-500.00,-0.01,"773,700.00"
15/09/2025,"62,600.00","63,300.00","62,600.00","63,200.00",700.00,0.01,"651,000.00"
12/09/2025,"62,300.00","62,900.00","61,700.00","62,500.00",500.00,0.01,"556,100.00"
11/09/2025,"62,400.00","62,600.00","61,300.00","62,000.00",100.00,0.00,"810,900.00"
10/09/2025,"62,100.00","62,500.00","61,700.00","61,900.00",-200.00,0.00,"756,900.00"
09/09/2025,"63,000.00","63,100.00","61,600.00","62,100.00",-500.00,-0.01,"1,258,200.00"
08/09/2025,"63,800.00","64,200.00","62,600.00","62,600.00","-1,200.00",-0.02,"1,293,800.00"
05/09/2025,"64,900.00","65,200.00","63,600.00","63,800.00",-400.00,-0.01,"1,217,800.00"
04/09/2025,"63,900.00","64,200.00","63,800.00","64,200.00",400.00,0.01,"719,500.00"
03/09/2025,"64,200.00","64,400.00","63,400.00","63,800.00",0.00,0.00,"894,200.00"
29/08/2025,"65,000.00","65,000.00","63,800.00","63,800.00","-1,100.00",-0.02,"1,475,500.00"
28/08/2025,"65,500.00","65,500.00","64,700.00","64,900.00",0.00,0.00,"768,200.00"
27/08/2025,"65,607.39","65,607.39","64,666.11","64,854.37",-600.00,-0.01,"1,390,500.00"
26/08/2025,"64,760.24","65,419.14","64,666.11","65,419.14",800.00,0.01,"777,700.00"
25/08/2025,"64,854.37","65,513.27","64,477.86","64,666.11",700.00,0.01,"967,000.00"
22/08/2025,"64,948.50","65,042.63","64,007.21","64,007.21","-1,300.00",-0.02,"1,195,000.00"
21/08/2025,"64,948.50","65,419.14","64,007.21","65,230.88","1,000.00",0.01,"1,060,400.00"
20/08/2025,"65,889.78","65,983.91","63,536.57","64,289.60","-1,600.00",-0.02,"1,685,400.00"
19/08/2025,"66,172.16","66,642.81","65,701.52","65,795.65",-100.00,0.00,"1,326,000.00"
18/08/2025,"66,925.19","66,925.19","65,513.27","65,889.78",300.00,0.00,"1,175,100.00"
15/08/2025,"65,889.78","67,301.70","65,325.01","65,607.39",0.00,0.00,"1,676,700.00"
14/08/2025,"66,078.04","66,172.16","65,136.75","65,607.39",-300.00,0.00,"1,225,100.00"
13/08/2025,"66,454.55","66,736.93","65,230.88","65,889.78",-500.00,-0.01,"1,887,300.00"
12/08/2025,"66,266.29","67,113.45","65,889.78","66,360.42",100.00,0.00,"1,692,600.00"
11/08/2025,"66,172.16","67,019.32","65,983.91","66,266.29",200.00,0.00,"1,228,900.00"
08/08/2025,"65,325.01","66,736.93","64,948.50","66,078.04","1,100.00",0.02,"2,210,600.00"
07/08/2025,"65,795.65","65,795.65","64,571.98","65,042.63",-200.00,0.00,"977,200.00"
06/08/2025,"63,818.96","65,230.88","63,818.96","65,230.88","1,500.00",0.02,"1,299,600.00"
05/08/2025,"64,383.73","65,325.01","63,442.45","63,818.96",-200.00,0.00,"2,020,900.00"
04/08/2025,"63,724.83","64,760.24","63,536.57","64,007.21",400.00,0.01,"2,046,300.00"
01/08/2025,"64,195.47","64,195.47","63,348.32","63,630.70",-100.00,0.00,"889,400.00"
31/07/2025,"65,513.27","65,513.27","63,630.70","63,724.83",-200.00,0.00,"839,700.00"
30/07/2025,"64,666.11","64,666.11","63,254.19","63,913.09",-100.00,0.00,"903,500.00"
29/07/2025,"64,854.37","66,360.42","64,007.21","64,007.21",-900.00,-0.01,"2,108,400.00"
28/07/2025,"65,042.63","65,325.01","64,289.60","64,854.37",200.00,0.00,"1,177,700.00"
25/07/2025,"65,042.63","65,889.78","64,666.11","64,666.11",-400.00,-0.01,"1,098,700.00"
24/07/2025,"65,042.63","66,078.04","64,948.50","65,042.63",100.00,0.00,"1,234,800.00"
23/07/2025,"64,101.34","65,230.88","63,630.70","64,948.50","1,100.00",0.02,"1,701,700.00"
22/07/2025,"63,724.83","63,913.09","63,160.06","63,913.09",400.00,0.01,"653,600.00"
21/07/2025,"64,195.47","64,195.47","63,254.19","63,536.57",-600.00,-0.01,"725,600.00"
18/07/2025,"63,913.09","64,477.86","63,442.45","64,101.34",400.00,0.01,"902,000.00"
17/07/2025,"63,536.57","63,913.09","63,065.93","63,724.83",300.00,0.00,"1,392,400.00"
16/07/2025,"63,724.83","63,913.09","63,254.19","63,442.45",-300.00,0.00,"304,300.00"
15/07/2025,"64,195.47","64,477.86","63,724.83","63,724.83",-500.00,-0.01,"801,200.00"
14/07/2025,"64,477.86","64,571.98","63,913.09","64,195.47",300.00,0.00,"770,100.00"
11/07/2025,"64,101.34","64,477.86","63,630.70","63,913.09",-500.00,-0.01,"686,500.00"
10/07/2025,"64,101.34","64,854.37","63,630.70","64,383.73",400.00,0.01,"1,136,600.00"
09/07/2025,"63,913.09","64,007.21","63,630.70","64,007.21",300.00,0.00,"951,700.00"
08/07/2025,"63,160.06","63,724.83","62,783.55","63,724.83","1,200.00",0.02,"910,200.00"
07/07/2025,"62,783.55","62,783.55","62,501.16","62,595.29",100.00,0.00,"501,100.00"
04/07/2025,"62,501.16","62,783.55","62,312.91","62,501.16",200.00,0.00,"556,000.00"
03/07/2025,"62,971.80","63,536.57","62,312.91","62,312.91",-200.00,0.00,"912,600.00"
02/07/2025,"62,501.16","63,065.93","62,312.91","62,501.16",0.00,0.00,"563,600.00"
01/07/2025,"63,536.57","63,818.96","62,501.16","62,501.16","-1,400.00",-0.02,"857,400.00"
30/06/2025,"64,195.47","64,289.60","63,348.32","63,818.96",-200.00,0.00,"673,500.00"
27/06/2025,"64,477.86","64,571.98","63,630.70","64,007.21",-500.00,-0.01,"700,400.00"
26/06/2025,"63,724.83","64,477.86","63,536.57","64,477.86","1,000.00",0.01,"911,500.00"
25/06/2025,"64,760.24","64,854.37","63,536.57","63,536.57","-1,600.00",-0.02,"1,723,200.00"
24/06/2025,"64,101.34","66,266.29","64,101.34","65,042.63","-3,500.00",-0.05,"2,630,300.00"
23/06/2025,"69,278.40","69,278.40","67,395.83","68,337.11","3,100.00",0.04,"2,938,600.00"
20/06/2025,"67,772.34","67,772.34","65,230.88","65,419.14","-2,300.00",-0.03,"1,741,900.00"
19/06/2025,"66,736.93","68,054.73","65,983.91","67,584.09",900.00,0.01,"2,684,700.00"
18/06/2025,"65,889.78","67,113.45","65,136.75","66,736.93","1,600.00",0.02,"2,662,500.00"
17/06/2025,"65,513.27","65,795.65","64,195.47","65,230.88",400.00,0.01,"2,768,300.00"
16/06/2025,"62,124.65","64,854.37","61,842.26","64,854.37","4,500.00",0.07,"3,278,200.00"
13/06/2025,"60,618.60","62,124.65","59,959.70","60,618.60","1,600.00",0.03,"3,697,000.00"
12/06/2025,"59,771.44","59,771.44","58,924.29","59,112.55",200.00,0.00,"479,700.00"
11/06/2025,"59,300.80","59,583.19","58,736.03","58,924.29",-300.00,0.00,"489,700.00"
10/06/2025,"59,583.19","59,865.57","59,018.42","59,206.67",-400.00,-0.01,"427,500.00"
09/06/2025,"59,394.93","60,053.83","59,112.55","59,583.19",300.00,0.00,"553,700.00"
06/06/2025,"60,053.83","60,053.83","59,112.55","59,300.80",-800.00,-0.01,"871,500.00"
05/06/2025,"60,995.11","60,995.11","59,771.44","60,053.83","-1,000.00",-0.02,"805,500.00"
04/06/2025,"61,936.39","61,936.39","60,900.98","60,995.11","-1,000.00",-0.02,"740,200.00"
03/06/2025,"61,654.01","62,030.52","61,465.75","61,936.39",300.00,0.00,"743,200.00"
02/06/2025,"60,900.98","61,748.14","60,336.21","61,654.01",500.00,0.01,"723,700.00"
30/05/2025,"60,242.08","61,465.75","60,242.08","61,183.37","1,000.00",0.02,"1,361,400.00"
29/05/2025,"60,242.08","60,430.34","59,959.70","60,242.08",-100.00,0.00,"672,900.00"
28/05/2025,"60,242.08","60,900.98","60,242.08","60,336.21",400.00,0.01,"1,151,600.00"
27/05/2025,"59,771.44","60,147.96","59,206.67","59,959.70",700.00,0.01,"778,400.00"
26/05/2025,"59,394.93","59,771.44","57,888.88","59,300.80",0.00,0.00,"631,800.00"
23/05/2025,"57,512.36","59,677.31","57,512.36","59,300.80","2,000.00",0.03,"1,312,500.00"
22/05/2025,"56,853.47","57,888.88","56,853.47","57,418.24",700.00,0.01,"760,400.00"
21/05/2025,"56,947.60","57,324.11","56,665.21","56,759.34",-200.00,0.00,"315,100.00"
20/05/2025,"57,229.98","57,229.98","56,476.95","56,947.60",-200.00,0.00,"605,100.00"
19/05/2025,"57,229.98","57,606.49","57,135.85","57,135.85","-1,100.00",-0.02,"584,300.00"
16/05/2025,"58,359.52","58,359.52","57,794.75","58,171.26",-200.00,0.00,"297,500.00"
15/05/2025,"58,265.39","58,453.65","57,794.75","58,359.52",100.00,0.00,"668,800.00"
14/05/2025,"58,359.52","58,641.90","57,983.01","58,265.39",-100.00,0.00,"655,600.00"
13/05/2025,"58,830.16","58,924.29","58,171.26","58,359.52",-300.00,0.00,"666,800.00"
12/05/2025,"57,418.24","58,830.16","57,418.24","58,641.90","1,200.00",0.02,"834,300.00"
09/05/2025,"57,983.01","58,359.52","57,229.98","57,512.36",-300.00,0.00,"491,700.00"
08/05/2025,"57,418.24","58,077.13","57,135.85","57,794.75",900.00,0.01,"861,800.00"
07/05/2025,"56,100.44","57,888.88","56,100.44","56,947.60",900.00,0.02,"904,100.00"
06/05/2025,"55,347.41","56,288.70","55,159.16","56,100.44","1,100.00",0.02,"899,900.00"
05/05/2025,"54,970.90","55,253.29","54,406.13","55,065.03",200.00,0.00,"781,400.00"
29/04/2025,"54,970.90","54,970.90","54,782.65","54,876.77",-100.00,0.00,"385,200.00"
28/04/2025,"54,970.90","55,065.03","54,688.52","54,970.90",-100.00,0.00,"354,200.00"
25/04/2025,"54,217.88","55,065.03","54,123.75","55,065.03","1,000.00",0.02,"913,600.00"
24/04/2025,"54,123.75","54,594.39","53,935.49","54,123.75",0.00,0.00,"493,100.00"
23/04/2025,"54,688.52","55,159.16","54,029.62","54,123.75",0.00,0.00,"698,300.00"
22/04/2025,"53,747.23","54,688.52","51,111.64","54,123.75",-600.00,-0.01,"1,193,300.00"
21/04/2025,"54,970.90","55,253.29","54,406.13","54,688.52",-300.00,-0.01,"300,000.00"
18/04/2025,"54,970.90","55,912.18","54,876.77","54,970.90",300.00,0.01,"656,600.00"
17/04/2025,"53,935.49","54,876.77","53,653.11","54,688.52",0.00,0.00,"483,900.00"
16/04/2025,"54,782.65","55,347.41","53,747.23","54,688.52",-100.00,0.00,"678,800.00"
15/04/2025,"55,535.67","55,818.06","54,688.52","54,782.65","-1,000.00",-0.02,"840,700.00"
14/04/2025,"56,288.70","56,288.70","55,159.16","55,723.93","1,100.00",0.02,"1,142,600.00"
11/04/2025,"54,688.52","54,688.52","52,523.57","54,688.52","3,800.00",0.07,"2,256,900.00"
10/04/2025,"51,111.64","51,111.64","51,111.64","51,111.64","3,500.00",0.07,"57,500.00"
09/04/2025,"47,817.15","52,711.82","47,817.15","47,817.15","-3,800.00",-0.07,"2,819,600.00"
08/04/2025,"52,711.82","52,994.21","51,394.03","51,394.03","-4,100.00",-0.07,"2,680,500.00"
04/04/2025,"54,782.65","57,229.98","54,782.65","55,253.29","-3,800.00",-0.06,"2,836,000.00"
03/04/2025,"59,771.44","61,559.88","58,830.16","58,830.16","-4,600.00",-0.07,"2,014,500.00"
02/04/2025,"63,254.19","63,630.70","63,065.93","63,160.06",-400.00,-0.01,"294,300.00"
01/04/2025,"62,971.80","63,818.96","62,783.55","63,536.57",700.00,0.01,"870,900.00"
31/03/2025,"62,877.68","62,877.68","62,124.65","62,877.68",0.00,0.00,"818,900.00"
28/03/2025,"63,442.45","63,442.45","62,877.68","62,877.68",-400.00,-0.01,"771,800.00"
27/03/2025,"63,630.70","64,007.21","63,160.06","63,254.19",-300.00,0.00,"517,500.00"
26/03/2025,"63,348.32","64,195.47","63,254.19","63,536.57",300.00,0.00,"548,300.00"
25/03/2025,"63,536.57","63,630.70","63,160.06","63,254.19",0.00,0.00,"858,600.00"
24/03/2025,"64,007.21","64,007.21","63,065.93","63,254.19",-500.00,-0.01,"1,195,100.00"
21/03/2025,"64,477.86","64,571.98","63,724.83","63,724.83",-900.00,-0.01,"1,264,400.00"
20/03/2025,"64,666.11","65,042.63","64,101.34","64,571.98",-200.00,0.00,"750,000.00"
19/03/2025,"65,042.63","65,701.52","64,571.98","64,760.24",-300.00,0.00,"703,700.00"
18/03/2025,"64,571.98","65,795.65","64,101.34","65,042.63",900.00,0.01,"2,797,200.00"
17/03/2025,"63,818.96","64,383.73","63,724.83","64,195.47",500.00,0.01,"1,117,200.00"
14/03/2025,"64,195.47","64,289.60","63,348.32","63,724.83",-600.00,-0.01,"942,800.00"
13/03/2025,"63,913.09","64,760.24","63,818.96","64,289.60",400.00,0.01,"1,088,000.00"
12/03/2025,"63,818.96","64,289.60","63,442.45","63,913.09",500.00,0.01,"761,300.00"
11/03/2025,"63,630.70","63,724.83","63,065.93","63,442.45",-400.00,-0.01,"523,600.00"
10/03/2025,"64,101.34","64,195.47","63,254.19","63,818.96",0.00,0.00,"1,471,900.00"
07/03/2025,"64,289.60","64,383.73","63,724.83","63,818.96",-500.00,-0.01,"1,398,100.00"
06/03/2025,"64,289.60","64,477.86","64,101.34","64,289.60",-100.00,0.00,"880,800.00"
05/03/2025,"65,136.75","65,230.88","64,383.73","64,383.73",-700.00,-0.01,"740,500.00"
04/03/2025,"64,571.98","65,325.01","64,289.60","65,042.63",500.00,0.01,"1,445,200.00"
03/03/2025,"64,101.34","64,666.11","64,101.34","64,571.98",600.00,0.01,"647,800.00"
28/02/2025,"64,101.34","64,666.11","64,007.21","64,007.21",0.00,0.00,"787,600.00"
27/02/2025,"64,383.73","64,571.98","63,913.09","64,007.21",-400.00,-0.01,"809,600.00"
26/02/2025,"64,666.11","64,854.37","64,383.73","64,383.73",-300.00,0.00,"519,300.00"
25/02/2025,"64,666.11","65,230.88","64,289.60","64,666.11",100.00,0.00,"829,600.00"
24/02/2025,"64,195.47","64,760.24","63,818.96","64,571.98",200.00,0.00,"1,066,000.00"
21/02/2025,"64,571.98","64,760.24","64,195.47","64,383.73",-400.00,-0.01,"767,500.00"
20/02/2025,"65,136.75","65,230.88","64,477.86","64,760.24",100.00,0.00,"601,500.00"
19/02/2025,"64,195.47","64,948.50","63,913.09","64,666.11",700.00,0.01,"1,389,800.00"
18/02/2025,"64,007.21","64,289.60","63,724.83","64,007.21",200.00,0.00,"634,400.00"
17/02/2025,"63,724.83","64,383.73","63,536.57","63,818.96",100.00,0.00,"762,900.00"
14/02/2025,"63,348.32","63,913.09","63,065.93","63,724.83","1,000.00",0.01,"1,147,200.00"
13/02/2025,"63,160.06","63,160.06","62,689.42","62,783.55",-400.00,-0.01,"650,700.00"
12/02/2025,"63,065.93","63,536.57","63,065.93","63,160.06",100.00,0.00,"344,200.00"
11/02/2025,"63,348.32","63,913.09","62,595.29","63,065.93",-300.00,0.00,"671,300.00"
10/02/2025,"63,254.19","63,630.70","62,971.80","63,348.32",0.00,0.00,"732,900.00"
07/02/2025,"63,630.70","64,007.21","63,348.32","63,348.32",-300.00,0.00,"838,200.00"
06/02/2025,"64,195.47","64,195.47","63,536.57","63,630.70",-200.00,0.00,"539,300.00"
05/02/2025,"63,536.57","64,101.34","63,442.45","63,818.96",700.00,0.01,"672,400.00"
04/02/2025,"62,971.80","63,348.32","62,971.80","63,160.06",0.00,0.00,"398,400.00"
03/02/2025,"63,818.96","63,818.96","62,971.80","63,160.06",-800.00,-0.01,"483,200.00"
24/01/2025,"63,065.93","63,913.09","62,877.68","63,913.09",900.00,0.01,"432,300.00"
23/01/2025,"62,877.68","63,254.19","62,783.55","63,065.93",200.00,0.00,"337,100.00"
22/01/2025,"63,536.57","63,536.57","62,783.55","62,877.68",-300.00,0.00,"313,300.00"
21/01/2025,"64,007.21","64,101.34","63,160.06","63,160.06",-600.00,-0.01,"369,300.00"
20/01/2025,"63,254.19","64,195.47","62,877.68","63,724.83",900.00,0.01,"662,000.00"
17/01/2025,"63,254.19","63,254.19","62,689.42","62,877.68",-100.00,0.00,"321,700.00"
16/01/2025,"63,160.06","63,348.32","62,689.42","62,971.80",100.00,0.00,"493,400.00"
15/01/2025,"63,254.19","63,442.45","62,877.68","62,877.68",-100.00,0.00,"395,000.00"
14/01/2025,"62,595.29","63,442.45","62,595.29","62,971.80",500.00,0.01,"397,300.00"
13/01/2025,"62,783.55","63,160.06","62,312.91","62,501.16",-300.00,0.00,"542,400.00"
10/01/2025,"63,065.93","63,536.57","62,783.55","62,783.55",-300.00,0.00,"422,600.00"
09/01/2025,"63,254.19","63,536.57","62,877.68","63,065.93",-100.00,0.00,"369,400.00"
08/01/2025,"63,065.93","63,254.19","62,689.42","63,160.06",100.00,0.00,"521,700.00"
07/01/2025,"63,630.70","63,913.09","62,971.80","63,065.93",-500.00,-0.01,"683,200.00"
06/01/2025,"64,007.21","64,195.47","63,348.32","63,536.57",-500.00,-0.01,"673,300.00"
03/01/2025,"64,101.34","64,383.73","64,007.21","64,007.21",-100.00,0.00,"460,500.00"
02/01/2025,"64,289.60","64,477.86","64,007.21","64,101.34",0.00,0.00,"427,800.00"
31/12/2024,"64,383.73","64,666.11","64,101.34","64,101.34",-100.00,0.00,"770,800.00"
30/12/2024,"64,571.98","64,760.24","64,195.47","64,195.47",-300.00,0.00,"402,400.00"
27/12/2024,"64,666.11","64,948.50","64,477.86","64,477.86",0.00,0.00,"539,900.00"
26/12/2024,"64,571.98","65,513.27","64,477.86","64,477.86",100.00,0.00,"997,100.00"
25/12/2024,"64,289.60","64,854.37","64,289.60","64,383.73",200.00,0.00,"456,300.00"
24/12/2024,"64,571.98","64,666.11","64,195.47","64,195.47",-300.00,0.00,"509,800.00"
23/12/2024,"64,760.24","65,042.63","64,477.86","64,477.86",-100.00,0.00,"563,700.00"
20/12/2024,"64,477.86","64,760.24","64,383.73","64,571.98",100.00,0.00,"341,700.00"
19/12/2024,"64,195.47","64,571.98","64,007.21","64,477.86",0.00,0.00,"721,400.00"
18/12/2024,"64,383.73","64,666.11","64,289.60","64,477.86",500.00,0.01,"504,100.00"
17/12/2024,"64,101.34","64,477.86","64,007.21","64,007.21",-100.00,0.00,"412,900.00"
16/12/2024,"64,477.86","64,571.98","64,101.34","64,101.34",-300.00,0.00,"350,100.00"
13/12/2024,"64,477.86","64,571.98","64,195.47","64,383.73",-100.00,0.00,"348,000.00"
12/12/2024,"64,760.24","64,948.50","64,477.86","64,477.86",-200.00,0.00,"516,000.00"
11/12/2024,"64,948.50","65,136.75","64,571.98","64,666.11",-300.00,0.00,"539,000.00"
10/12/2024,"65,325.01","65,513.27","64,948.50","64,948.50",-300.00,0.00,"402,500.00"
09/12/2024,"65,419.14","65,419.14","65,136.75","65,230.88",100.00,0.00,"395,900.00"
06/12/2024,"65,795.65","65,795.65","64,948.50","65,136.75",300.00,0.00,"430,800.00"
05/12/2024,"64,666.11","65,701.52","64,477.86","64,854.37",300.00,0.00,"630,900.00"
04/12/2024,"64,666.11","65,136.75","64,477.86","64,571.98",-100.00,0.00,"308,300.00"
03/12/2024,"65,230.88","65,513.27","64,666.11","64,666.11",-500.00,-0.01,"634,300.00"
02/12/2024,"65,607.39","65,701.52","64,948.50","65,136.75",-400.00,-0.01,"404,200.00"
29/11/2024,"65,230.88","65,701.52","65,136.75","65,513.27",300.00,0.00,"283,000.00"
28/11/2024,"65,230.88","65,889.78","65,230.88","65,230.88",0.00,0.00,"542,900.00"
27/11/2024,"65,701.52","65,701.52","64,948.50","65,230.88",-300.00,0.00,"417,500.00"
26/11/2024,"65,325.01","65,795.65","65,325.01","65,513.27",300.00,0.00,"448,200.00"
25/11/2024,"65,325.01","66,172.16","65,230.88","65,230.88",100.00,0.00,"901,200.00"
22/11/2024,"64,571.98","66,454.55","64,571.98","65,136.75","1,000.00",0.01,"1,015,100.00"
21/11/2024,"63,818.96","64,571.98","63,818.96","64,195.47",600.00,0.01,"1,167,900.00"
20/11/2024,"63,913.09","64,383.73","63,536.57","63,630.70",-300.00,0.00,"711,800.00"
19/11/2024,"65,419.14","65,607.39","63,913.09","63,913.09","-1,100.00",-0.02,"693,100.00"
18/11/2024,"64,571.98","65,042.63","64,289.60","64,948.50",400.00,0.01,"936,700.00"
15/11/2024,"64,854.37","65,325.01","64,571.98","64,571.98",-400.00,-0.01,"774,000.00"
14/11/2024,"65,136.75","66,172.16","64,948.50","64,948.50",-500.00,-0.01,"543,800.00"
13/11/2024,"65,889.78","65,889.78","64,007.21","65,419.14",-300.00,0.00,"827,600.00"
12/11/2024,"65,983.91","66,360.42","65,701.52","65,701.52",-300.00,0.00,"425,500.00"
11/11/2024,"65,983.91","66,360.42","65,889.78","65,983.91",100.00,0.00,"544,200.00"
08/11/2024,"66,078.04","66,642.81","65,889.78","65,889.78",-100.00,0.00,"428,800.00"
07/11/2024,"66,831.06","66,831.06","65,983.91","65,983.91",0.00,0.00,"372,800.00"
06/11/2024,"65,889.78","66,925.19","65,795.65","65,983.91",500.00,0.01,"501,500.00"
05/11/2024,"65,795.65","65,889.78","65,325.01","65,513.27",-300.00,0.00,"542,000.00"
04/11/2024,"66,266.29","66,266.29","65,795.65","65,795.65",-300.00,0.00,"461,700.00"
01/11/2024,"66,360.42","66,548.68","65,889.78","66,078.04",-300.00,0.00,"427,300.00"
31/10/2024,"66,831.06","66,831.06","66,360.42","66,360.42",-100.00,0.00,"620,200.00"
30/10/2024,"66,736.93","67,113.45","66,454.55","66,454.55",-200.00,0.00,"318,400.00"
29/10/2024,"66,548.68","66,925.19","66,548.68","66,642.81",100.00,0.00,"352,000.00"
28/10/2024,"66,736.93","66,831.06","66,548.68","66,548.68",-200.00,0.00,"311,300.00"
25/10/2024,"66,831.06","67,207.58","66,736.93","66,736.93",-100.00,0.00,"322,500.00"
24/10/2024,"66,736.93","67,019.32","66,736.93","66,831.06",100.00,0.00,"413,400.00"
23/10/2024,"67,019.32","67,019.32","66,548.68","66,736.93",-300.00,0.00,"667,000.00"
22/10/2024,"67,489.96","67,678.22","67,019.32","67,019.32",-500.00,-0.01,"545,500.00"
21/10/2024,"67,489.96","67,489.96","67,113.45","67,489.96",0.00,0.00,"469,700.00"
18/10/2024,"67,395.83","68,054.73","67,395.83","67,489.96",200.00,0.00,"322,515.00"
17/10/2024,"67,772.34","68,054.73","67,019.32","67,301.70",-500.00,-0.01,"739,558.00"
16/10/2024,"68,337.11","68,431.24","67,772.34","67,772.34",-700.00,-0.01,"758,400.00"
15/10/2024,"68,431.24","68,713.63","68,148.86","68,431.24",-200.00,0.00,"596,308.00"
14/10/2024,"69,278.40","69,278.40","68,431.24","68,619.50",-300.00,0.00,"546,200.00"
11/10/2024,"69,184.27","69,372.53","68,901.88","68,901.88",-100.00,0.00,"603,541.00"
10/10/2024,"68,901.88","69,278.40","68,242.99","68,996.01",600.00,0.01,"1,046,239.00"
09/10/2024,"68,337.11","68,619.50","68,054.73","68,431.24",100.00,0.00,"547,224.00"
08/10/2024,"69,090.14","69,090.14","68,337.11","68,337.11",-300.00,0.00,"637,940.00"
07/10/2024,"69,184.27","69,372.53","68,337.11","68,619.50",-400.00,-0.01,"580,700.00"
04/10/2024,"68,525.37","69,372.53","68,242.99","68,996.01",800.00,0.01,"867,900.00"
03/10/2024,"69,090.14","69,090.14","68,242.99","68,242.99",-400.00,-0.01,"793,300.00"
02/10/2024,"68,996.01","69,654.91","68,619.50","68,619.50",-100.00,0.00,"1,053,700.00"
01/10/2024,"68,996.01","69,372.53","68,713.63","68,713.63",-200.00,0.00,"1,072,300.00"
30/09/2024,"69,184.27","69,278.40","68,713.63","68,901.88",-300.00,0.00,"646,906.00"
27/09/2024,"69,843.17","69,937.29","69,184.27","69,184.27",-500.00,-0.01,"561,000.00"
26/09/2024,"69,466.65","70,219.68","69,466.65","69,654.91",200.00,0.00,"1,109,842.00"
25/09/2024,"69,654.91","69,654.91","69,184.27","69,466.65",100.00,0.00,"665,024.00"
24/09/2024,"68,713.63","69,560.78","68,713.63","69,372.53",700.00,0.01,"853,121.00"
23/09/2024,"68,807.76","68,996.01","68,619.50","68,713.63",-100.00,0.00,"552,300.00"
20/09/2024,"69,278.40","69,466.65","68,713.63","68,807.76",-300.00,0.00,"998,513.00"
19/09/2024,"68,901.88","69,090.14","68,619.50","69,090.14",300.00,0.00,"980,660.00"
18/09/2024,"68,996.01","69,184.27","68,619.50","68,807.76",400.00,0.01,"777,623.00"
17/09/2024,"68,337.11","68,901.88","68,054.73","68,431.24",100.00,0.00,"764,124.00"
16/09/2024,"69,654.91","69,654.91","68,337.11","68,337.11","-1,700.00",-0.02,"1,863,237.00"
13/09/2024,"71,631.60","71,631.60","69,843.17","69,937.29","-1,800.00",-0.02,"2,093,200.00"
12/09/2024,"71,782.62","72,125.26","71,439.98","71,611.30",0.00,0.00,"1,759,054.00"
11/09/2024,"71,953.94","71,953.94","71,097.34","71,611.30",-500.00,-0.01,"1,490,267.00"
10/09/2024,"72,467.90","72,981.85","71,525.64","72,039.60",-600.00,-0.01,"1,905,543.00"
09/09/2024,"71,782.62","73,153.17","71,696.96","72,553.56",600.00,0.01,"1,968,200.00"
06/09/2024,"72,382.24","72,382.24","71,782.62","72,039.60",800.00,0.01,"877,900.00"
05/09/2024,"72,296.58","72,639.21","71,354.32","71,354.32",-600.00,-0.01,"900,255.00"
04/09/2024,"71,097.34","72,296.58","71,011.69","71,868.28",600.00,0.01,"1,417,620.00"
30/08/2024,"71,696.96","71,953.94","71,354.32","71,354.32",-100.00,0.00,"958,100.00"
29/08/2024,"71,782.62","72,039.60","71,439.98","71,439.98",-400.00,0.00,"907,756.00"
28/08/2024,"71,354.32","72,125.26","71,354.32","71,782.62",300.00,0.00,"845,545.00"
27/08/2024,"72,382.24","72,382.24","71,097.34","71,525.64",-700.00,-0.01,"1,795,318.00"
26/08/2024,"72,981.85","73,067.51","71,868.28","72,125.26",-500.00,-0.01,"1,215,540.00"
23/08/2024,"72,553.56","73,153.17","72,467.90","72,553.56",200.00,0.00,"891,446.00"
22/08/2024,"73,067.51","73,153.17","72,210.92","72,382.24",-500.00,-0.01,"1,300,245.00"
21/08/2024,"72,382.24","73,238.83","72,296.58","72,810.53",500.00,0.01,"2,170,855.00"
20/08/2024,"72,981.85","73,752.79","72,382.24","72,382.24",0.00,0.00,"2,910,030.00"
19/08/2024,"70,840.37","72,553.56","70,754.71","72,382.24","1,900.00",0.02,"3,081,136.00"
16/08/2024,"69,898.11","71,183.00","69,384.16","70,754.71","1,400.00",0.02,"2,333,131.00"
15/08/2024,"70,240.75","70,840.37","69,555.47","69,555.47",-800.00,-0.01,"1,248,035.00"
14/08/2024,"70,155.09","71,354.32","70,069.43","70,240.75",500.00,0.01,"2,298,838.00"
13/08/2024,"70,497.73","70,497.73","69,469.81","69,812.45","-1,000.00",-0.01,"1,751,900.00"
12/08/2024,"69,898.11","71,354.32","69,555.47","70,669.05",900.00,0.01,"1,929,500.00"
09/08/2024,"70,240.75","70,412.07","69,298.50","69,898.11",-100.00,0.00,"1,243,901.00"
08/08/2024,"68,013.60","70,583.39","67,585.31","69,983.77","2,300.00",0.03,"3,931,000.00"
07/08/2024,"66,471.73","68,099.26","66,471.73","68,013.60","2,100.00",0.03,"1,832,200.00"
06/08/2024,"65,786.46","66,814.37","65,529.48","66,214.76",800.00,0.01,"888,700.00"
05/08/2024,"66,814.37","67,242.67","65,443.82","65,529.48","-2,400.00",-0.03,"2,101,300.00"
02/08/2024,"66,900.03","67,585.31","66,643.05","67,585.31",0.00,0.00,"1,395,600.00"
01/08/2024,"68,613.22","69,469.81","67,413.99","67,585.31","-1,000.00",-0.01,"1,422,900.00"
31/07/2024,"66,300.42","68,955.86","66,300.42","68,441.90","2,700.00",0.03,"3,188,600.00"
30/07/2024,"65,957.78","66,129.10","65,786.46","66,129.10",200.00,0.00,"631,600.00"
29/07/2024,"66,386.07","66,386.07","65,957.78","65,957.78",-200.00,0.00,"362,200.00"
26/07/2024,"65,615.14","66,129.10","65,529.48","66,129.10",400.00,0.01,"545,800.00"
25/07/2024,"65,872.12","65,957.78","65,443.82","65,786.46",-200.00,0.00,"490,600.00"
24/07/2024,"65,700.80","66,300.42","65,358.16","65,957.78",200.00,0.00,"1,006,200.00"
23/07/2024,"66,043.44","66,214.76","65,786.46","65,786.46",-200.00,0.00,"656,800.00"
22/07/2024,"66,643.05","66,643.05","65,615.14","65,957.78",-800.00,-0.01,"1,142,800.00"
19/07/2024,"66,900.03","67,157.01","66,557.39","66,643.05",-300.00,0.00,"663,356.00"
18/07/2024,"66,900.03","67,328.33","66,643.05","66,900.03",100.00,0.00,"1,132,132.00"
17/07/2024,"67,499.65","67,499.65","66,043.44","66,814.37",-300.00,0.00,"1,573,156.00"
16/07/2024,"67,670.97","67,756.63","67,071.35","67,071.35",0.00,0.00,"908,024.00"
15/07/2024,"67,670.97","68,013.60","67,071.35","67,071.35",300.00,0.00,"1,208,747.00"
12/07/2024,"67,413.99","68,441.90","66,557.39","66,814.37",-200.00,0.00,"1,232,794.00"
11/07/2024,"67,328.33","67,585.31","66,985.69","66,985.69",-300.00,0.00,"728,201.00"
10/07/2024,"67,842.29","68,270.58","67,242.67","67,242.67",-500.00,-0.01,"1,121,559.00"
09/07/2024,"67,670.97","67,670.97","67,157.01","67,670.97",300.00,0.00,"1,535,591.00"
08/07/2024,"67,413.99","67,756.63","67,242.67","67,413.99",100.00,0.00,"793,469.00"
05/07/2024,"67,242.67","67,927.94","67,157.01","67,328.33",400.00,0.01,"752,404.00"
04/07/2024,"67,157.01","68,270.58","66,985.69","66,985.69",0.00,0.00,"1,165,880.00"
03/07/2024,"67,242.67","67,242.67","66,814.37","66,985.69",0.00,0.00,"640,880.00"
02/07/2024,"66,814.37","67,071.35","66,471.73","66,985.69",500.00,0.01,"876,590.00"
01/07/2024,"65,700.80","66,557.39","65,615.14","66,557.39","1,100.00",0.01,"792,247.00"
28/06/2024,"65,615.14","66,129.10","65,529.48","65,615.14",100.00,0.00,"660,231.00"
27/06/2024,"65,615.14","66,643.05","65,529.48","65,529.48",0.00,0.00,"1,010,187.00"
26/06/2024,"65,529.48","65,872.12","65,186.84","65,529.48",200.00,0.00,"1,133,973.00"
25/06/2024,"65,615.14","66,129.10","65,358.16","65,358.16",-200.00,0.00,"1,038,197.00"
24/06/2024,"66,728.71","67,157.01","65,443.82","65,529.48","-1,400.00",-0.02,"1,726,724.00"
21/06/2024,"66,985.69","67,670.97","66,728.71","66,728.71",-100.00,0.00,"1,053,416.00"
20/06/2024,"67,413.99","67,585.31","66,814.37","66,814.37",-200.00,0.00,"831,653.00"
19/06/2024,"66,985.69","67,499.65","66,728.71","66,985.69",200.00,0.00,"994,347.00"
18/06/2024,"66,814.37","67,670.97","66,814.37","66,814.37",400.00,0.01,"938,200.00"
17/06/2024,"67,670.97","67,927.94","66,471.73","66,471.73","-1,400.00",-0.02,"1,271,500.00"
14/06/2024,"68,698.88","69,041.52","67,670.97","67,670.97","-1,200.00",-0.01,"2,297,200.00"
13/06/2024,"69,384.16","69,384.16","68,698.88","68,698.88",-200.00,0.00,"1,403,600.00"
12/06/2024,"68,955.86","69,384.16","68,613.22","68,870.20",100.00,0.00,"1,336,700.00"
11/06/2024,"69,127.18","69,898.11","68,784.54","68,784.54",0.00,0.00,"2,392,880.00"
10/06/2024,"69,212.84","69,384.16","68,784.54","68,784.54",0.00,0.00,"1,115,980.00"
07/06/2024,"68,955.86","69,384.16","68,784.54","68,784.54",0.00,0.00,"874,174.00"
06/06/2024,"69,812.45","69,812.45","68,698.88","68,784.54",-300.00,0.00,"1,056,380.00"
05/06/2024,"69,298.50","70,412.07","69,041.52","69,041.52",-200.00,0.00,"1,806,354.00"
04/06/2024,"68,870.20","70,155.09","68,784.54","69,212.84",400.00,0.00,"1,515,420.00"
03/06/2024,"69,298.50","69,983.77","68,870.20","68,870.20",300.00,0.00,"1,706,070.00"
31/05/2024,"69,812.45","69,983.77","68,613.22","68,613.22","-1,000.00",-0.01,"1,429,754.00"
30/05/2024,"70,155.09","70,497.73","68,613.22","69,469.81","-1,100.00",-0.01,"2,355,429.00"
29/05/2024,"71,097.34","72,382.24","69,469.81","70,412.07",300.00,0.00,"3,752,029.00"
28/05/2024,"70,240.75","70,583.39","69,384.16","70,155.09",900.00,0.01,"2,252,889.00"
27/05/2024,"67,670.97","69,641.13","66,900.03","69,384.16","2,000.00",0.03,"2,133,968.00"
24/05/2024,"68,955.86","69,812.45","66,643.05","67,670.97",-900.00,-0.01,"2,572,842.00"
23/05/2024,"65,615.14","68,441.90","65,443.82","68,441.90","3,300.00",0.04,"4,014,800.00"
22/05/2024,"66,214.76","66,214.76","65,529.48","65,615.14",-100.00,0.00,"832,369.00"
21/05/2024,"65,272.50","66,471.73","65,101.18","65,700.80",700.00,0.01,"1,696,938.00"
20/05/2024,"65,186.84","65,786.46","65,101.18","65,101.18",300.00,0.00,"1,110,709.00"
17/05/2024,"65,272.50","65,272.50","64,672.89","64,844.20",-200.00,0.00,"965,162.00"
16/05/2024,"65,101.18","65,529.48","65,015.52","65,015.52",400.00,0.01,"1,116,739.00"
15/05/2024,"64,415.91","64,929.86","64,158.93","64,672.89",300.00,0.00,"883,370.00"
14/05/2024,"64,672.89","65,015.52","64,158.93","64,415.91",0.00,0.00,"785,377.00"
13/05/2024,"65,015.52","65,186.84","64,244.59","64,415.91",-300.00,0.00,"630,798.00"
10/05/2024,"65,358.16","65,786.46","64,158.93","64,672.89",-600.00,-0.01,"650,937.00"
09/05/2024,"66,386.07","66,386.07","65,186.84","65,186.84","-1,300.00",-0.02,"772,400.00"
08/05/2024,"65,443.82","66,471.73","64,415.91","66,300.42","1,100.00",0.01,"1,383,100.00"
07/05/2024,"64,587.23","65,358.16","63,987.61","65,358.16","1,500.00",0.02,"1,496,500.00"
06/05/2024,"63,816.29","64,415.91","63,816.29","64,073.27",600.00,0.01,"890,300.00"
03/05/2024,"63,473.65","63,901.95","63,302.33","63,559.31",300.00,0.00,"514,700.00"
02/05/2024,"62,531.40","63,644.97","62,531.40","63,302.33",400.00,0.01,"692,000.00"
26/04/2024,"63,302.33","63,559.31","62,959.70","62,959.70",-500.00,-0.01,"774,000.00"
25/04/2024,"63,901.95","64,158.93","63,387.99","63,387.99",-600.00,-0.01,"808,500.00"
24/04/2024,"64,244.59","64,244.59","63,644.97","63,901.95",400.00,0.01,"852,300.00"
23/04/2024,"64,672.89","64,672.89","63,387.99","63,559.31",-800.00,-0.01,"474,500.00"
22/04/2024,"64,415.91","64,758.55","64,158.93","64,244.59",0.00,0.00,"845,200.00"
19/04/2024,"64,330.25","65,272.50","63,987.61","64,244.59",-100.00,0.00,"884,100.00"
17/04/2024,"65,272.50","65,529.48","64,330.25","64,330.25",-900.00,-0.01,"686,000.00"
16/04/2024,"65,272.50","65,872.12","64,244.59","65,101.18",0.00,0.00,"1,116,000.00"
15/04/2024,"68,441.90","69,041.52","63,559.31","65,101.18","-3,700.00",-0.05,"1,096,500.00"
12/04/2024,"67,670.97","68,356.24","67,499.65","68,270.58",900.00,0.01,"360,000.00"
11/04/2024,"67,585.31","67,927.94","67,328.33","67,499.65",-400.00,-0.01,"645,500.00"
10/04/2024,"68,441.90","68,955.86","67,842.29","67,842.29",-700.00,-0.01,"687,900.00"
09/04/2024,"68,527.56","68,955.86","68,099.26","68,441.90",100.00,0.00,"623,600.00"
08/04/2024,"69,384.16","69,384.16","68,356.24","68,356.24","-1,100.00",-0.01,"675,700.00"
05/04/2024,"69,384.16","71,268.66","68,870.20","69,298.50",-600.00,-0.01,"1,384,300.00"
04/04/2024,"70,240.75","70,583.39","69,469.81","69,812.45",-300.00,0.00,"751,900.00"
03/04/2024,"70,669.05","71,439.98","70,069.43","70,069.43",-700.00,-0.01,"1,761,700.00"
02/04/2024,"68,870.20","70,754.71","68,441.90","70,669.05","1,900.00",0.02,"1,742,200.00"
01/04/2024,"68,698.88","69,127.18","68,356.24","69,041.52",400.00,0.00,"747,700.00"
29/03/2024,"69,041.52","69,555.47","68,698.88","68,698.88",-100.00,0.00,"616,400.00"
28/03/2024,"68,870.20","69,127.18","68,441.90","68,784.54",0.00,0.00,"774,800.00"
27/03/2024,"69,555.47","69,983.77","68,613.22","68,784.54",-400.00,0.00,"843,300.00"
26/03/2024,"68,955.86","69,298.50","68,527.56","69,127.18",300.00,0.00,"596,500.00"
25/03/2024,"68,955.86","69,726.79","68,613.22","68,870.20",-100.00,0.00,"972,900.00"
22/03/2024,"69,384.16","69,812.45","68,870.20","68,955.86",-500.00,-0.01,"1,235,000.00"
21/03/2024,"70,155.09","70,155.09","68,955.86","69,384.16",0.00,0.00,"938,700.00"
20/03/2024,"68,527.56","69,555.47","68,184.92","69,384.16","1,300.00",0.02,"1,462,300.00"
19/03/2024,"69,384.16","69,384.16","68,270.58","68,270.58",-500.00,-0.01,"986,500.00"
18/03/2024,"70,497.73","71,011.69","68,441.90","68,698.88","-2,100.00",-0.03,"2,494,200.00"
15/03/2024,"69,641.13","71,011.69","69,127.18","70,497.73","1,300.00",0.02,"2,398,900.00"
14/03/2024,"68,270.58","69,726.79","68,013.60","69,384.16","2,000.00",0.03,"3,837,000.00"
13/03/2024,"67,157.01","67,842.29","66,814.37","67,670.97","1,100.00",0.01,"1,230,300.00"
12/03/2024,"66,643.05","67,242.67","66,557.39","66,728.71",100.00,0.00,"1,174,600.00"
11/03/2024,"68,099.26","68,099.26","66,643.05","66,643.05","-1,700.00",-0.02,"1,514,100.00"
08/03/2024,"69,384.16","69,898.11","68,099.26","68,099.26",-900.00,-0.01,"2,105,800.00"
07/03/2024,"68,698.88","69,127.18","68,184.92","68,870.20",300.00,0.00,"1,287,100.00"
06/03/2024,"68,013.60","69,898.11","68,013.60","68,613.22","1,100.00",0.01,"2,289,000.00"
05/03/2024,"66,814.37","67,842.29","66,643.05","67,670.97","1,200.00",0.02,"2,069,600.00"
04/03/2024,"66,643.05","67,242.67","66,557.39","66,643.05",200.00,0.00,"1,168,700.00"
01/03/2024,"66,643.05","66,643.05","66,214.76","66,471.73",200.00,0.00,"991,000.00"
29/02/2024,"67,242.67","67,242.67","66,129.10","66,300.42",-600.00,-0.01,"1,286,800.00"
28/02/2024,"66,814.37","67,842.29","66,557.39","66,814.37",400.00,0.01,"1,570,600.00"
27/02/2024,"65,529.48","66,643.05","65,272.50","66,471.73","1,400.00",0.02,"1,154,300.00"
26/02/2024,"65,529.48","65,786.46","64,929.86","65,272.50",-200.00,0.00,"1,094,800.00"
23/02/2024,"66,900.03","67,071.35","65,443.82","65,443.82","-1,500.00",-0.02,"1,955,100.00"
22/02/2024,"66,814.37","67,413.99","66,386.07","66,728.71",200.00,0.00,"1,074,600.00"
21/02/2024,"67,328.33","67,328.33","66,386.07","66,557.39",-900.00,-0.01,"1,111,900.00"
20/02/2024,"68,099.26","68,270.58","66,985.69","67,328.33",-700.00,-0.01,"1,007,300.00"
19/02/2024,"66,043.44","68,099.26","65,957.78","67,927.94","2,700.00",0.04,"2,373,000.00"
16/02/2024,"64,844.20","65,957.78","64,844.20","65,615.14",900.00,0.01,"1,013,500.00"
15/02/2024,"64,929.86","65,101.18","64,844.20","64,844.20",0.00,0.00,"549,700.00"
07/02/2024,"64,844.20","64,929.86","64,672.89","64,844.20",0.00,0.00,"474,300.00"
06/02/2024,"64,672.89","65,015.52","64,587.23","64,844.20",500.00,0.01,"796,900.00"
05/02/2024,"64,415.91","64,929.86","64,330.25","64,415.91",0.00,0.00,"638,800.00"
02/02/2024,"65,015.52","65,015.52","64,415.91","64,415.91",-300.00,0.00,"675,400.00"
01/02/2024,"64,672.89","64,844.20","64,501.57","64,672.89",100.00,0.00,"514,700.00"
31/01/2024,"65,529.48","65,529.48","64,587.23","64,587.23","-1,000.00",-0.01,"595,700.00"
30/01/2024,"65,186.84","65,615.14","65,186.84","65,443.82",-200.00,0.00,"504,300.00"
29/01/2024,"64,501.57","65,700.80","64,501.57","65,615.14","1,400.00",0.02,"924,600.00"
26/01/2024,"65,101.18","65,529.48","64,415.91","64,415.91",-200.00,0.00,"729,000.00"
25/01/2024,"64,929.86","65,186.84","64,587.23","64,587.23",-400.00,-0.01,"548,000.00"
24/01/2024,"65,186.84","65,443.82","64,844.20","64,929.86",-300.00,0.00,"479,600.00"
23/01/2024,"65,443.82","65,700.80","65,101.18","65,186.84",-200.00,0.00,"763,000.00"
22/01/2024,"65,872.12","65,872.12","65,272.50","65,358.16",-400.00,-0.01,"482,700.00"
19/01/2024,"64,672.89","65,700.80","64,587.23","65,700.80","1,400.00",0.02,"1,004,200.00"
18/01/2024,"64,415.91","64,758.55","64,415.91","64,501.57",100.00,0.00,"457,100.00"
17/01/2024,"65,101.18","65,101.18","64,330.25","64,415.91",-400.00,-0.01,"831,700.00"
16/01/2024,"64,672.89","64,844.20","64,244.59","64,758.55",-100.00,0.00,"457,100.00"
15/01/2024,"64,672.89","65,015.52","64,672.89","64,844.20",600.00,0.01,"441,100.00"
12/01/2024,"65,186.84","65,186.84","64,244.59","64,330.25",-900.00,-0.01,"809,900.00"
11/01/2024,"64,844.20","65,186.84","64,672.89","65,101.18",500.00,0.01,"494,000.00"
10/01/2024,"65,272.50","65,443.82","64,672.89","64,672.89",-400.00,-0.01,"1,027,400.00"
09/01/2024,"65,786.46","65,957.78","65,015.52","65,015.52",-900.00,-0.01,"891,500.00"
08/01/2024,"66,214.76","66,643.05","65,529.48","65,786.46",-400.00,-0.01,"1,022,900.00"
05/01/2024,"65,957.78","66,300.42","65,957.78","66,129.10",500.00,0.01,"1,077,100.00"
04/01/2024,"65,101.18","66,300.42","65,101.18","65,700.80",700.00,0.01,"1,507,700.00"
03/01/2024,"64,672.89","65,101.18","64,587.23","65,101.18",400.00,0.01,"569,300.00"
02/01/2024,"64,929.86","65,358.16","64,672.89","64,758.55",100.00,0.00,"693,400.00"
29/12/2023,"65,272.50","65,358.16","64,672.89","64,672.89",-500.00,-0.01,"1,058,240.00"
28/12/2023,"65,443.82","65,443.82","64,758.55","65,101.18",-300.00,0.00,"790,200.00"
27/12/2023,"65,443.82","65,700.80","65,186.84","65,358.16",-100.00,0.00,"706,400.00"
26/12/2023,"65,700.80","65,700.80","64,844.20","65,443.82",-100.00,0.00,"755,000.00"
25/12/2023,"63,987.61","65,700.80","63,987.61","65,529.48","1,800.00",0.02,"1,056,300.00"
22/12/2023,"64,158.93","64,415.91","63,644.97","63,987.61",0.00,0.00,"616,600.00"
21/12/2023,"64,244.59","64,330.25","63,730.63","63,987.61",-500.00,-0.01,"727,800.00"
20/12/2023,"64,672.89","64,672.89","64,073.27","64,415.91",200.00,0.00,"573,700.00"
19/12/2023,"64,244.59","64,587.23","63,559.31","64,244.59",-500.00,-0.01,"886,500.00"
18/12/2023,"65,101.18","65,186.84","64,672.89","64,672.89",-500.00,-0.01,"615,300.00"
15/12/2023,"65,872.12","65,872.12","65,101.18","65,101.18",-900.00,-0.01,"806,600.00"
14/12/2023,"65,872.12","66,557.39","65,700.80","65,872.12",0.00,0.00,"403,200.00"
13/12/2023,"66,985.69","66,985.69","65,786.46","65,872.12","-1,300.00",-0.02,"1,139,800.00"
12/12/2023,"67,071.35","67,157.01","66,728.71","66,985.69",-100.00,0.00,"471,100.00"
11/12/2023,"67,328.33","67,328.33","66,643.05","67,071.35",700.00,0.01,"694,500.00"
08/12/2023,"66,900.03","67,413.99","66,386.07","66,471.73",-300.00,0.00,"884,500.00"
07/12/2023,"68,013.60","68,099.26","66,386.07","66,728.71","-1,900.00",-0.02,"856,700.00"
06/12/2023,"67,670.97","68,356.24","67,585.31","68,356.24",800.00,0.01,"550,100.00"
05/12/2023,"67,670.97","68,441.90","67,413.99","67,670.97",0.00,0.00,"661,500.00"
04/12/2023,"66,643.05","67,756.63","66,557.39","67,670.97","1,300.00",0.02,"983,500.00"
01/12/2023,"65,957.78","66,728.71","65,615.14","66,557.39","1,200.00",0.02,"492,700.00"
30/11/2023,"66,728.71","67,071.35","65,529.48","65,529.48","-1,300.00",-0.02,"465,700.00"
29/11/2023,"65,700.80","66,814.37","65,615.14","66,643.05",800.00,0.01,"596,100.00"
28/11/2023,"65,529.48","65,957.78","64,929.86","65,957.78",200.00,0.00,"526,300.00"
27/11/2023,"66,557.39","66,557.39","65,529.48","65,786.46",-700.00,-0.01,"404,100.00"
24/11/2023,"66,043.44","66,471.73","65,101.18","66,386.07",500.00,0.01,"624,900.00"
23/11/2023,"67,756.63","67,842.29","65,957.78","65,957.78","-2,000.00",-0.03,"611,500.00"
22/11/2023,"67,670.97","67,927.94","67,157.01","67,670.97",0.00,0.00,"481,600.00"
21/11/2023,"67,499.65","67,756.63","67,071.35","67,670.97",700.00,0.01,"379,300.00"
20/11/2023,"66,557.39","67,585.31","66,471.73","67,071.35",-400.00,-0.01,"572,600.00"
17/11/2023,"68,184.92","68,270.58","67,071.35","67,413.99","-1,300.00",-0.02,"778,800.00"
16/11/2023,"68,441.90","68,527.56","67,670.97","68,527.56",-100.00,0.00,"652,000.00"
15/11/2023,"68,184.92","69,127.18","68,184.92","68,613.22","1,000.00",0.01,"823,800.00"
14/11/2023,"67,927.94","68,270.58","67,242.67","67,756.63",100.00,0.00,"445,500.00"
13/11/2023,"67,670.97","68,099.26","67,328.33","67,670.97",300.00,0.00,"306,300.00"
10/11/2023,"67,670.97","68,527.56","67,242.67","67,413.99","-1,300.00",-0.02,"525,700.00"
09/11/2023,"68,527.56","68,870.20","67,670.97","68,527.56",0.00,0.00,"628,100.00"
08/11/2023,"67,242.67","68,527.56","66,814.37","68,527.56","1,200.00",0.02,"504,300.00"
07/11/2023,"67,670.97","68,870.20","67,242.67","67,499.65",-200.00,0.00,"309,800.00"
06/11/2023,"67,756.63","67,756.63","66,814.37","67,670.97",-100.00,0.00,"415,200.00"
03/11/2023,"68,013.60","68,270.58","67,071.35","67,756.63",-100.00,0.00,"455,300.00"
02/11/2023,"66,214.76","67,842.29","65,872.12","67,842.29","2,300.00",0.03,"444,700.00"
01/11/2023,"66,386.07","66,386.07","65,358.16","65,872.12",300.00,0.00,"296,600.00"
31/10/2023,"65,615.14","66,043.44","65,101.18","65,615.14",0.00,0.00,"355,200.00"
30/10/2023,"66,471.73","66,557.39","65,529.48","65,615.14","-1,000.00",-0.01,"256,600.00"
27/10/2023,"65,529.48","67,242.67","64,758.55","66,471.73","2,100.00",0.03,"377,800.00"
26/10/2023,"66,643.05","68,527.56","64,672.89","64,672.89","-4,900.00",-0.06,"1,072,900.00"
25/10/2023,"69,384.16","69,726.79","68,870.20","68,870.20",-800.00,-0.01,"462,300.00"
24/10/2023,"69,384.16","69,641.13","68,527.56","69,555.47",600.00,0.01,"348,400.00"
23/10/2023,"71,354.32","71,354.32","68,870.20","69,041.52","-2,600.00",-0.03,"467,400.00"
20/10/2023,"70,412.07","71,268.66","68,527.56","71,268.66","1,300.00",0.02,"812,700.00"
19/10/2023,"71,097.34","71,525.64","70,155.09","70,155.09","-1,100.00",-0.01,"638,800.00"
18/10/2023,"72,810.53","72,896.19","69,812.45","71,097.34","-2,200.00",-0.03,"792,800.00"
17/10/2023,"74,266.74","74,438.06","72,981.85","72,981.85","-1,700.00",-0.02,"454,400.00"
16/10/2023,"74,095.43","75,294.66","74,095.43","74,438.06","1,100.00",0.01,"874,500.00"
13/10/2023,"72,896.19","73,667.13","72,296.58","73,495.81",-200.00,0.00,"431,800.00"
12/10/2023,"74,009.77","74,009.77","72,810.53","73,667.13",0.00,0.00,"639,900.00"
11/10/2023,"74,523.72","74,952.02","73,238.83","73,667.13",-400.00,0.00,"717,500.00"
10/10/2023,"74,695.04","75,551.64","73,153.17","74,009.77",-200.00,0.00,"986,100.00"
09/10/2023,"74,095.43","74,780.70","73,238.83","74,181.08","2,400.00",0.03,"514,800.00"
06/10/2023,"72,039.60","72,125.26","71,097.34","72,125.26",0.00,0.00,"350,400.00"
05/10/2023,"73,410.15","73,495.81","72,125.26","72,125.26","-1,600.00",-0.02,"589,900.00"
04/10/2023,"73,667.13","74,095.43","73,495.81","73,495.81",-500.00,-0.01,"603,600.00"
03/10/2023,"76,065.59","76,065.59","73,667.13","73,924.11","-3,000.00",-0.03,"566,000.00"
02/10/2023,"77,521.80","77,521.80","76,151.25","76,493.89","-1,400.00",-0.02,"289,100.00"
29/09/2023,"78,549.72","78,549.72","76,665.21","77,693.12",-800.00,-0.01,"596,500.00"
28/09/2023,"76,922.19","78,378.40","76,151.25","78,378.40","2,600.00",0.03,"924,000.00"
27/09/2023,"76,236.91","76,665.21","73,667.13","76,151.25",100.00,0.00,"1,090,500.00"
26/09/2023,"76,665.21","77,264.83","76,065.59","76,065.59",-700.00,-0.01,"441,600.00"
25/09/2023,"77,864.44","78,806.70","76,236.91","76,665.21","-1,400.00",-0.02,"507,700.00"
22/09/2023,"77,007.85","77,950.10","76,065.59","77,864.44","2,100.00",0.02,"730,800.00"
21/09/2023,"77,521.80","77,807.33","76,022.76","76,022.76","-2,500.00",-0.02,"774,100.00"
20/09/2023,"78,521.16","78,521.16","77,379.04","77,807.33","-1,000.00",-0.01,"428,400.00"
19/09/2023,"77,807.33","79,234.99","76,807.97","78,521.16","1,000.00",0.01,"404,100.00"
18/09/2023,"78,449.78","79,877.44","77,093.51","77,807.33",-600.00,-0.01,"469,500.00"
15/09/2023,"76,379.68","78,307.02","75,737.23","78,235.63","3,600.00",0.03,"793,000.00"
14/09/2023,"75,380.32","77,022.12","74,595.11","75,665.85",400.00,0.00,"552,900.00"
13/09/2023,"73,595.75","75,880.00","73,310.21","75,380.32","2,900.00",0.03,"1,296,300.00"
12/09/2023,"72,953.30","73,952.66","72,168.09","73,310.21","1,300.00",0.01,"588,800.00"
11/09/2023,"73,881.28","73,881.28","72,168.09","72,382.24",-800.00,-0.01,"371,800.00"
08/09/2023,"73,452.98","73,738.51","72,953.30","72,953.30",-700.00,-0.01,"548,900.00"
07/09/2023,"72,382.24","73,667.13","71,811.17","73,452.98","1,400.00",0.01,"911,900.00"
06/09/2023,"71,311.49","72,667.77","71,168.73","72,453.62","1,900.00",0.02,"547,900.00"
05/09/2023,"71,525.64","71,525.64","70,454.90","71,097.34","1,000.00",0.01,"420,600.00"
31/08/2023,"70,883.20","71,025.96","70,383.52","70,383.52",-700.00,-0.01,"573,700.00"
30/08/2023,"71,382.88","71,382.88","70,526.28","70,883.20",-600.00,-0.01,"426,600.00"
29/08/2023,"72,096.70","72,096.70","70,954.58","71,311.49",300.00,0.00,"543,100.00"
28/08/2023,"70,477.31","71,510.70","70,132.85","71,097.34","1,800.00",0.02,"687,500.00"
25/08/2023,"70,546.20","70,546.20","69,581.70","69,857.27","-1,000.00",-0.01,"539,600.00"
24/08/2023,"70,615.10","70,615.10","70,201.74","70,546.20",500.00,0.00,"553,400.00"
23/08/2023,"69,099.45","70,339.52","69,099.45","70,201.74","1,600.00",0.02,"724,300.00"
22/08/2023,"68,548.31","69,581.70","68,203.85","69,099.45","1,200.00",0.01,"598,300.00"
21/08/2023,"67,928.28","68,479.42","67,583.81","68,272.74","1,500.00",0.02,"451,700.00"
18/08/2023,"68,823.88","68,823.88","67,239.35","67,239.35","-2,400.00",-0.02,"905,200.00"
17/08/2023,"68,892.78","69,581.70","68,617.20","68,892.78",-200.00,0.00,"416,400.00"
16/08/2023,"69,168.35","69,857.27","68,892.78","69,030.56",-200.00,0.00,"403,400.00"
15/08/2023,"69,375.03","69,375.03","68,961.67","69,168.35",-200.00,0.00,"326,400.00"
14/08/2023,"69,995.06","70,201.74","69,237.24","69,306.13",-900.00,-0.01,"549,300.00"
11/08/2023,"70,132.85","70,270.63","69,375.03","69,926.17",-500.00,0.00,"344,200.00"
10/08/2023,"70,201.74","71,441.81","69,926.17","70,270.63","1,000.00",0.01,"771,900.00"
09/08/2023,"69,857.27","69,857.27","69,306.13","69,581.70",-200.00,0.00,"371,500.00"
08/08/2023,"69,512.81","69,857.27","69,306.13","69,719.49",300.00,0.00,"529,700.00"
07/08/2023,"69,788.38","69,788.38","68,823.88","69,512.81",600.00,0.01,"351,200.00"
04/08/2023,"68,617.20","69,512.81","68,479.42","69,099.45",700.00,0.01,"544,800.00"
03/08/2023,"69,168.35","69,237.24","68,617.20","68,617.20",-800.00,-0.01,"451,000.00"
02/08/2023,"69,581.70","69,995.06","68,823.88","69,168.35",-300.00,0.00,"330,500.00"
01/08/2023,"70,477.31","70,477.31","69,375.03","69,375.03",-900.00,-0.01,"608,900.00"
31/07/2023,"68,961.67","70,683.99","68,961.67","69,995.06","2,100.00",0.02,"1,189,900.00"
28/07/2023,"67,514.92","68,617.20","67,514.92","68,548.31","1,300.00",0.01,"537,300.00"
27/07/2023,"67,859.38","68,066.06","67,583.81","67,652.71",0.00,0.00,"468,200.00"
26/07/2023,"68,066.06","68,066.06","67,652.71","67,652.71",-600.00,-0.01,"390,200.00"
25/07/2023,"68,066.06","68,617.20","67,859.38","68,066.06",300.00,0.00,"413,300.00"
24/07/2023,"68,686.10","68,823.88","67,790.49","67,859.38",-200.00,0.00,"539,100.00"
21/07/2023,"67,997.17","68,479.42","67,583.81","68,479.42",700.00,0.01,"532,600.00"
20/07/2023,"67,997.17","68,341.63","67,170.46","67,997.17",-200.00,0.00,"602,600.00"
19/07/2023,"69,099.45","69,099.45","68,134.96","68,134.96",-900.00,-0.01,"551,000.00"
18/07/2023,"68,203.85","69,168.35","67,859.38","68,754.99",800.00,0.01,"742,300.00"
17/07/2023,"68,272.74","68,341.63","67,583.81","68,203.85",0.00,0.00,"539,100.00"
14/07/2023,"68,548.31","69,237.24","67,859.38","68,203.85",-300.00,0.00,"695,200.00"
13/07/2023,"66,825.99","68,617.20","66,550.42","68,410.53","2,800.00",0.03,"1,368,300.00"
12/07/2023,"67,239.35","67,239.35","66,274.85","66,481.53",-700.00,-0.01,"568,500.00"
11/07/2023,"67,377.13","67,514.92","66,825.99","66,963.78",-300.00,0.00,"719,600.00"
10/07/2023,"66,481.53","67,239.35","66,412.64","67,170.46","1,500.00",0.02,"1,125,900.00"
07/07/2023,"65,930.39","66,550.42","65,654.82","66,137.06",800.00,0.01,"672,500.00"
06/07/2023,"65,448.14","66,481.53","65,241.46","65,585.92",900.00,0.01,"1,374,300.00"
05/07/2023,"65,654.82","65,654.82","64,965.89","64,965.89",-800.00,-0.01,"410,400.00"
04/07/2023,"65,034.78","65,723.71","64,828.10","65,517.03","1,100.00",0.01,"498,400.00"
03/07/2023,"64,621.42","65,103.67","64,483.64","64,759.21","1,000.00",0.01,"380,900.00"
30/06/2023,"65,172.57","65,448.14","64,070.28","64,070.28","-1,600.00",-0.02,"681,400.00"
29/06/2023,"65,792.60","65,999.28","65,172.57","65,172.57",-800.00,-0.01,"710,100.00"
28/06/2023,"66,757.10","66,757.10","65,723.71","65,723.71",-900.00,-0.01,"768,000.00"
27/06/2023,"66,619.31","66,825.99","66,137.06","66,343.74",300.00,0.00,"510,600.00"
26/06/2023,"65,585.92","66,343.74","65,517.03","66,137.06",800.00,0.01,"942,400.00"
23/06/2023,"66,343.74","66,343.74","65,448.14","65,585.92",-400.00,0.00,"628,300.00"
22/06/2023,"65,999.28","66,481.53","65,792.60","65,861.49",-200.00,0.00,"812,800.00"
21/06/2023,"66,481.53","66,481.53","65,654.82","65,999.28",-700.00,-0.01,"483,500.00"
20/06/2023,"65,585.92","66,481.53","65,310.35","66,481.53","1,300.00",0.01,"508,200.00"
19/06/2023,"65,930.39","66,757.10","65,585.92","65,585.92",-300.00,0.00,"637,900.00"
16/06/2023,"66,963.78","67,101.56","65,792.60","65,792.60","-1,100.00",-0.01,"589,800.00"
15/06/2023,"65,379.24","67,377.13","65,241.46","66,550.42","2,000.00",0.02,"1,349,100.00"
14/06/2023,"64,828.10","65,930.39","64,828.10","65,172.57",600.00,0.01,"760,100.00"
13/06/2023,"64,965.89","65,034.78","64,483.64","64,759.21",100.00,0.00,"582,100.00"
12/06/2023,"65,034.78","65,034.78","64,001.39","64,690.32",200.00,0.00,"490,200.00"
09/06/2023,"64,483.64","64,828.10","64,208.07","64,552.53",100.00,0.00,"288,800.00"
08/06/2023,"65,448.14","65,585.92","64,276.96","64,483.64",-900.00,-0.01,"632,000.00"
07/06/2023,"65,585.92","65,792.60","64,621.42","65,103.67",-600.00,-0.01,"706,700.00"
06/06/2023,"65,103.67","65,999.28","64,965.89","65,517.03","1,100.00",0.01,"837,700.00"
05/06/2023,"63,794.71","64,759.21","63,794.71","64,759.21","2,000.00",0.02,"521,600.00"
02/06/2023,"63,588.03","63,932.50","63,381.35","63,381.35",0.00,0.00,"574,800.00"
01/06/2023,"64,414.75","64,414.75","63,381.35","63,381.35",-800.00,-0.01,"548,100.00"
31/05/2023,"63,932.50","64,208.07","63,932.50","63,932.50",-100.00,0.00,"405,400.00"
30/05/2023,"64,621.42","64,759.21","63,932.50","64,001.39",-900.00,-0.01,"586,500.00"
29/05/2023,"64,759.21","65,034.78","64,414.75","64,621.42",100.00,0.00,"415,700.00"
26/05/2023,"65,723.71","65,723.71","64,414.75","64,552.53","-1,000.00",-0.01,"428,800.00"
25/05/2023,"64,070.28","65,310.35","63,725.82","65,241.46","2,200.00",0.02,"611,300.00"
24/05/2023,"64,552.53","64,552.53","63,725.82","63,725.82",-700.00,-0.01,"413,900.00"
23/05/2023,"65,379.24","65,379.24","64,139.17","64,208.07","-1,500.00",-0.02,"435,400.00"
22/05/2023,"65,792.60","65,861.49","64,759.21","65,241.46",-200.00,0.00,"359,100.00"
19/05/2023,"64,208.07","65,792.60","64,139.17","65,379.24","1,900.00",0.02,"861,600.00"
18/05/2023,"63,381.35","64,414.75","63,243.57","64,070.28","1,100.00",0.01,"502,900.00"
17/05/2023,"63,725.82","64,070.28","63,243.57","63,312.46",-500.00,-0.01,"329,100.00"
16/05/2023,"64,070.28","64,208.07","63,519.14","63,656.92",200.00,0.00,"291,700.00"
15/05/2023,"64,070.28","64,690.32","63,519.14","63,519.14",-300.00,0.00,"434,900.00"
12/05/2023,"63,381.35","63,932.50","63,381.35","63,725.82",300.00,0.00,"263,300.00"
11/05/2023,"64,414.75","64,621.42","63,519.14","63,519.14","-1,000.00",-0.01,"407,300.00"
10/05/2023,"65,172.57","65,172.57","63,932.50","64,208.07",-900.00,-0.01,"247,500.00"
09/05/2023,"64,414.75","65,241.46","64,414.75","64,828.10","1,000.00",0.01,"276,600.00"
08/05/2023,"63,519.14","64,139.17","63,519.14","64,139.17","1,200.00",0.01,"263,400.00"
05/05/2023,"63,381.35","63,656.92","63,105.78","63,312.46",-100.00,0.00,"167,600.00"
04/05/2023,"63,450.25","63,932.50","63,105.78","63,381.35",-800.00,-0.01,"204,200.00"
28/04/2023,"64,276.96","64,276.96","63,588.03","63,932.50",600.00,0.01,"161,300.00"
27/04/2023,"64,483.64","64,896.99","63,519.14","63,519.14","-1,200.00",-0.01,"299,000.00"
26/04/2023,"63,105.78","64,896.99","63,105.78","64,345.85","1,400.00",0.02,"336,500.00"
25/04/2023,"64,759.21","64,759.21","63,381.35","63,381.35","-1,100.00",-0.01,"321,700.00"
24/04/2023,"65,792.60","65,930.39","64,139.17","64,139.17","-2,300.00",-0.02,"563,800.00"
21/04/2023,"66,688.21","66,688.21","65,585.92","65,723.71",-600.00,-0.01,"414,800.00"
20/04/2023,"66,137.06","67,170.46","65,861.49","66,137.06",400.00,0.00,"280,900.00"
19/04/2023,"67,170.46","67,377.13","65,517.03","65,861.49","-1,200.00",-0.01,"334,400.00"
18/04/2023,"67,170.46","67,377.13","66,619.31","66,688.21",-400.00,0.00,"220,200.00"
17/04/2023,"67,652.71","67,928.28","66,894.89","66,963.78",-900.00,-0.01,"238,400.00"
14/04/2023,"69,375.03","69,375.03","67,583.81","67,583.81","-1,900.00",-0.02,"281,200.00"
13/04/2023,"69,512.81","69,512.81","68,686.10","68,892.78",200.00,0.00,"181,400.00"
12/04/2023,"68,892.78","69,650.60","68,617.20","68,754.99",-100.00,0.00,"280,100.00"
11/04/2023,"68,548.31","69,168.35","68,548.31","68,823.88",400.00,0.00,"240,000.00"
10/04/2023,"69,650.60","70,063.95","68,548.31","68,548.31","-1,700.00",-0.02,"467,900.00"
07/04/2023,"69,857.27","70,201.74","69,581.70","69,719.49",-300.00,0.00,"145,000.00"
06/04/2023,"70,752.88","70,752.88","69,857.27","69,926.17",-400.00,0.00,"307,100.00"
05/04/2023,"70,890.67","70,890.67","70,132.85","70,201.74",0.00,0.00,"217,900.00"
04/04/2023,"71,304.02","71,304.02","70,132.85","70,201.74",-600.00,-0.01,"564,900.00"
03/04/2023,"71,372.92","71,510.70","70,270.63","70,615.10",500.00,0.00,"322,100.00"
31/03/2023,"70,546.20","71,097.34","70,132.85","70,270.63",-400.00,0.00,"246,900.00"
30/03/2023,"70,959.56","71,579.59","70,546.20","70,546.20",-400.00,0.00,"138,900.00"
29/03/2023,"71,441.81","71,441.81","70,683.99","70,821.77",-900.00,-0.01,"99,300.00"
28/03/2023,"70,546.20","71,717.38","70,546.20","71,441.81","1,700.00",0.02,"270,800.00"
27/03/2023,"70,615.10","71,028.45","70,270.63","70,270.63",-400.00,0.00,"102,100.00"
24/03/2023,"70,683.99","71,372.92","70,339.52","70,546.20",-100.00,0.00,"251,400.00"
23/03/2023,"70,615.10","70,959.56","70,270.63","70,615.10",-400.00,0.00,"146,700.00"
22/03/2023,"71,648.49","71,648.49","70,752.88","70,890.67",-300.00,0.00,"126,300.00"
21/03/2023,"71,097.34","71,648.49","70,683.99","71,097.34",200.00,0.00,"112,000.00"
20/03/2023,"71,648.49","72,061.84","70,890.67","70,959.56",-700.00,-0.01,"189,500.00"
17/03/2023,"72,544.09","73,164.13","71,441.81","71,441.81",-900.00,-0.01,"226,600.00"
16/03/2023,"73,715.27","73,715.27","71,786.27","72,061.84","-2,400.00",-0.02,"277,700.00"
15/03/2023,"74,197.52","74,404.20","73,439.70","73,715.27",-700.00,-0.01,"196,300.00"
14/03/2023,"73,233.02","74,404.20","72,681.88","74,197.52",-400.00,0.00,"185,000.00"
13/03/2023,"73,715.27","74,748.66","72,957.45","74,473.09","1,100.00",0.01,"347,000.00"
10/03/2023,"73,233.02","73,921.95","72,681.88","73,715.27",200.00,0.00,"229,400.00"
09/03/2023,"72,544.09","74,335.31","72,544.09","73,577.48",900.00,0.01,"190,600.00"
08/03/2023,"71,510.70","72,957.45","71,441.81","72,957.45","1,400.00",0.01,"147,800.00"
07/03/2023,"72,268.52","72,681.88","71,579.59","71,992.95",800.00,0.01,"203,700.00"
06/03/2023,"72,337.41","72,681.88","71,372.92","71,441.81",-800.00,-0.01,"91,900.00"
03/03/2023,"72,957.45","72,957.45","70,821.77","71,992.95",-500.00,0.00,"184,400.00"
02/03/2023,"72,337.41","72,888.56","72,061.84","72,337.41",-100.00,0.00,"115,100.00"
01/03/2023,"71,097.34","72,957.45","71,097.34","72,406.31","1,600.00",0.02,"113,000.00"
28/02/2023,"72,337.41","72,612.99","71,235.13","71,304.02",-500.00,0.00,"73,500.00"
27/02/2023,"73,370.81","73,370.81","70,959.56","71,648.49","-2,500.00",-0.02,"245,200.00"
24/02/2023,"73,026.34","74,059.73","72,337.41","73,370.81",700.00,0.01,"127,400.00"
23/02/2023,"74,128.63","74,128.63","72,199.63","72,888.56","-1,200.00",-0.01,"174,700.00"
22/02/2023,"74,059.73","75,782.05","73,646.38","73,715.27","-1,300.00",-0.01,"240,700.00"
21/02/2023,"74,748.66","75,437.59","74,610.88","74,610.88",-700.00,-0.01,"216,200.00"
20/02/2023,"73,921.95","75,093.13","73,921.95","75,093.13","1,800.00",0.02,"200,100.00"
17/02/2023,"74,059.73","74,335.31","73,508.59","73,853.06",-700.00,-0.01,"186,300.00"
16/02/2023,"73,301.91","75,024.23","73,301.91","74,335.31",800.00,0.01,"261,100.00"
15/02/2023,"73,026.34","74,059.73","72,819.66","73,784.16","1,500.00",0.01,"181,700.00"
14/02/2023,"73,233.02","73,715.27","72,750.77","72,750.77",-300.00,0.00,"108,200.00"
13/02/2023,"73,095.24","74,266.41","72,544.09","72,957.45",-200.00,0.00,"201,400.00"
10/02/2023,"74,473.09","74,473.09","73,095.24","73,095.24","-2,000.00",-0.02,"202,400.00"
09/02/2023,"74,335.31","74,955.34","73,921.95","74,473.09",800.00,0.01,"314,600.00"
08/02/2023,"73,233.02","74,404.20","73,164.13","73,921.95","1,000.00",0.01,"273,500.00"
07/02/2023,"73,508.59","74,266.41","72,337.41","73,233.02",300.00,0.00,"287,400.00"
06/02/2023,"72,475.20","73,715.27","71,786.27","73,026.34",800.00,0.01,"242,000.00"
03/02/2023,"73,577.48","73,715.27","72,475.20","72,475.20","-1,800.00",-0.02,"258,900.00"
02/02/2023,"73,715.27","74,404.20","73,301.91","73,715.27",400.00,0.00,"293,900.00"
01/02/2023,"73,646.38","76,195.41","73,026.34","73,439.70",300.00,0.00,"732,800.00"
31/01/2023,"73,439.70","74,059.73","72,750.77","73,233.02",-300.00,0.00,"283,700.00"
30/01/2023,"75,093.13","75,162.02","73,439.70","73,439.70","-1,600.00",-0.01,"267,500.00"
27/01/2023,"72,406.31","75,919.84","72,406.31","74,541.98","3,700.00",0.04,"535,400.00"
19/01/2023,"72,130.74","72,268.52","71,304.02","71,992.95",200.00,0.00,"249,800.00"
18/01/2023,"72,268.52","72,819.66","71,786.27","71,855.17",100.00,0.00,"151,800.00"
17/01/2023,"70,959.56","72,130.74","70,615.10","71,786.27","1,200.00",0.01,"290,300.00"
16/01/2023,"72,199.63","72,199.63","70,959.56","70,959.56","-1,500.00",-0.01,"244,900.00"
13/01/2023,"72,061.84","72,681.88","71,924.06","71,992.95",-500.00,0.00,"193,100.00"
12/01/2023,"71,786.27","72,475.20","71,786.27","72,337.41",800.00,0.01,"236,800.00"
11/01/2023,"72,268.52","72,612.99","71,717.38","71,786.27",-400.00,0.00,"108,100.00"
10/01/2023,"71,992.95","72,061.84","71,028.45","72,061.84",100.00,0.00,"256,300.00"
09/01/2023,"72,544.09","72,750.77","71,648.49","71,992.95",-200.00,0.00,"153,500.00"
06/01/2023,"73,370.81","73,646.38","72,061.84","72,130.74","-1,900.00",-0.02,"138,800.00"
05/01/2023,"72,337.41","73,508.59","71,992.95","73,439.70","1,600.00",0.02,"270,100.00"
04/01/2023,"72,681.88","72,681.88","71,648.49","72,337.41",0.00,0.00,"225,000.00"
03/01/2023,"70,270.63","72,337.41","70,201.74","72,337.41","3,500.00",0.03,"287,800.00"
30/12/2022,"70,683.99","70,821.77","69,926.17","69,926.17","-1,100.00",-0.01,"141,500.00"
29/12/2022,"71,579.59","71,579.59","70,683.99","70,683.99",,,"97,600.00"
28/12/2022,"71,372.92","71,648.49","70,408.42","70,959.56",,,"221,800.00"
27/12/2022,"71,579.59","71,648.49","70,132.85","71,028.45",,,"154,700.00"
26/12/2022,"70,339.52","72,061.84","70,339.52","70,683.99",,,"332,400.00"
23/12/2022,"70,615.10","71,510.70","69,926.17","69,926.17",,,"261,500.00"
22/12/2022,"72,337.41","72,337.41","69,719.49","69,719.49",,,"254,000.00"
21/12/2022,"73,026.34","73,026.34","71,304.02","71,304.02",,,"198,400.00"
20/12/2022,"72,337.41","72,681.88","71,372.92","72,199.63",,,"218,300.00"
19/12/2022,"73,026.34","73,577.48","72,475.20","72,475.20",,,"449,500.00"
16/12/2022,"73,233.02","74,335.31","72,888.56","73,301.91",,,"256,100.00"
15/12/2022,"73,715.27","74,404.20","72,750.77","73,233.02",,,"504,800.00"
14/12/2022,"73,439.70","74,404.20","73,370.81","74,059.73",,,"297,500.00"
13/12/2022,"73,646.38","74,059.73","72,406.31","72,750.77",,,"400,900.00"
12/12/2022,"74,404.20","74,679.77","72,337.41","72,337.41",,,"350,200.00"
09/12/2022,"74,335.31","74,748.66","73,026.34","73,026.34",,,"374,700.00"
08/12/2022,"74,473.09","76,402.09","73,026.34","73,026.34",,,"465,900.00"
07/12/2022,"75,437.59","76,815.44","73,577.48","73,577.48",,,"429,900.00"
06/12/2022,"77,848.84","78,193.30","75,093.13","75,437.59",,,"494,500.00"
05/12/2022,"77,848.84","78,262.19","76,264.30","77,986.62",,,"500,600.00"
02/12/2022,"73,370.81","77,848.84","73,370.81","76,608.77",,,"572,000.00"
01/12/2022,"77,159.91","77,159.91","72,337.41","73,370.81",,,"514,400.00"
30/11/2022,"77,159.91","77,159.91","75,782.05","75,919.84",,,"282,900.00"
29/11/2022,"77,159.91","78,468.87","75,024.23","77,159.91",,,"405,200.00"
28/11/2022,"72,199.63","77,228.80","71,648.49","77,228.80",,,"470,200.00"
25/11/2022,"73,715.27","74,059.73","71,648.49","72,199.63",,,"398,800.00"
24/11/2022,"75,093.13","75,093.13","72,337.41","72,888.56",,,"474,500.00"
23/11/2022,"75,506.48","76,953.23","74,404.20","74,541.98",,,"227,700.00"
22/11/2022,"76,539.87","79,157.80","75,162.02","75,230.91",,,"314,100.00"
21/11/2022,"78,744.44","78,882.23","76,126.52","76,677.66",,,"172,200.00"
18/11/2022,"82,051.30","82,257.97","77,159.91","78,744.44",,,"398,600.00"
17/11/2022,"79,640.05","82,671.33","79,640.05","82,464.65",,,"442,400.00"
16/11/2022,"72,681.88","80,604.55","72,681.88","80,604.55",,,"464,700.00"
15/11/2022,"78,399.98","78,882.23","75,093.13","76,815.44",,,"421,000.00"
14/11/2022,"78,331.09","79,915.62","76,333.20","78,399.98",,,"540,400.00"
11/11/2022,"78,262.19","80,260.08","78,262.19","78,468.87",,,"266,000.00"
10/11/2022,"79,295.58","80,466.76","75,782.05","78,124.41",,,"376,200.00"
09/11/2022,"78,882.23","80,949.01","78,813.34","80,191.19",,,"404,800.00"
08/11/2022,"78,468.87","79,226.69","77,779.94","78,813.34",,,"381,600.00"
07/11/2022,"76,815.44","78,193.30","76,815.44","77,779.94",,,"404,900.00"
04/11/2022,"76,746.55","77,159.91","74,473.09","76,470.98",,,"329,600.00"
03/11/2022,"77,022.12","77,297.69","75,782.05","76,746.55",,,"162,300.00"
02/11/2022,"76,195.41","78,193.30","74,886.45","75,782.05",,,"584,100.00"
01/11/2022,"76,746.55","78,193.30","75,230.91","75,782.05",,,"451,300.00"
31/10/2022,"75,093.13","76,539.87","74,748.66","76,539.87",,,"156,300.00"
28/10/2022,"75,850.95","76,470.98","75,093.13","75,093.13",,,"194,100.00"
27/10/2022,"75,024.23","76,608.77","73,784.16","75,782.05",,,"468,600.00"
26/10/2022,"73,853.06","74,541.98","73,646.38","74,404.20",,,"181,800.00"
25/10/2022,"73,853.06","75,093.13","72,750.77","73,853.06",,,"367,300.00"
24/10/2022,"73,853.06","75,024.23","73,370.81","73,853.06",,,"503,600.00"
21/10/2022,"76,402.09","77,573.27","73,853.06","73,853.06",,,"468,300.00"
20/10/2022,"75,093.13","76,470.98","74,541.98","76,402.09",,,"165,200.00"
19/10/2022,"76,539.87","77,848.84","74,404.20","75,162.02",,,"423,200.00"
18/10/2022,"77,986.62","77,986.62","76,470.98","76,470.98",,,"448,500.00"
17/10/2022,"74,335.31","77,986.62","73,853.06","76,815.44",,,"300,200.00"
14/10/2022,"74,473.09","75,919.84","74,404.20","75,644.27",,,"387,800.00"
13/10/2022,"72,957.45","74,541.98","72,406.31","74,404.20",,,"544,600.00"
12/10/2022,"72,406.31","74,266.41","72,406.31","73,715.27",,,"169,800.00"
11/10/2022,"73,026.34","75,162.02","72,337.41","73,095.24",,,"508,200.00"
10/10/2022,"70,270.63","75,162.02","70,270.63","73,026.34",,,"431,000.00"
07/10/2022,"73,646.38","73,646.38","70,270.63","70,270.63",,,"364,000.00"
06/10/2022,"73,853.06","74,748.66","73,646.38","73,646.38",,,"497,800.00"
05/10/2022,"73,095.24","75,024.23","73,095.24","73,715.27",,,"432,300.00"
04/10/2022,"73,784.16","75,093.13","71,304.02","73,026.34",,,"260,400.00"
03/10/2022,"75,093.13","75,093.13","73,233.02","73,715.27",,,"367,400.00"
30/09/2022,"70,270.63","77,159.91","69,857.27","75,782.05",,,"719,100.00"
29/09/2022,"73,370.81","74,197.52","72,337.41","72,337.41",,,"307,600.00"
28/09/2022,"75,782.05","77,297.69","71,648.49","71,648.49",,,"662,800.00"
27/09/2022,"78,537.76","78,537.76","76,470.98","76,815.44",,,"215,200.00"
26/09/2022,"76,470.98","78,675.55","76,470.98","78,262.19",,,"666,700.00"
23/09/2022,"76,746.55","78,882.23","76,470.98","77,504.37",,,"361,700.00"
22/09/2022,"75,093.13","76,746.55","74,955.34","76,470.98",,,"232,400.00"
21/09/2022,"75,162.02","75,713.16","74,610.88","75,093.13",,,"216,700.00"
20/09/2022,"75,782.05","75,782.05","74,059.73","75,162.02",,,"403,400.00"
19/09/2022,"76,470.98","77,711.05","74,404.20","74,404.20",,,"501,200.00"
16/09/2022,"76,470.98","77,848.84","76,126.52","76,470.98",,,"498,800.00"
15/09/2022,"78,537.76","78,675.55","76,608.77","77,022.12",,,"566,400.00"
14/09/2022,"77,366.59","78,331.09","77,022.12","77,504.37",,,"317,100.00"
13/09/2022,"78,262.19","79,088.91","77,711.05","78,675.55",,,"246,500.00"
12/09/2022,"78,537.76","79,502.26","78,193.30","78,331.09",,,"679,300.00"
09/09/2022,"77,779.94","78,537.76","76,884.34","78,537.76",,,"418,700.00"
08/09/2022,"77,848.84","78,193.30","76,195.41","77,022.12",,,"315,200.00"
07/09/2022,"79,915.62","79,915.62","77,159.91","77,159.91",,,"846,100.00"
06/09/2022,"80,949.01","81,155.69","80,191.19","80,260.08",,,"247,300.00"
05/09/2022,"80,122.30","80,949.01","79,708.94","80,191.19",,,"325,500.00"
31/08/2022,"81,155.69","81,982.40","80,535.65","80,673.44",,,"429,300.00"
30/08/2022,"81,017.90","82,671.33","80,604.55","81,913.51",,,"725,100.00"
29/08/2022,"78,675.55","80,949.01","78,675.55","80,949.01",,,"669,800.00"
26/08/2022,"80,260.08","80,260.08","79,295.58","79,364.48",,,"491,500.00"
25/08/2022,"81,224.58","81,982.40","80,260.08","80,260.08",,,"424,500.00"
24/08/2022,"81,293.48","82,326.87","80,604.55","80,811.23",,,"857,600.00"
23/08/2022,"79,571.16","80,811.23","79,571.16","80,604.55",,,"896,500.00"
22/08/2022,"79,502.26","80,604.55","79,020.01","79,157.80",,,"370,200.00"
19/08/2022,"79,157.80","81,293.48","78,813.34","79,640.05",,,"536,800.00"
18/08/2022,"77,848.84","81,224.58","77,091.02","78,331.09",,,"987,400.00"
17/08/2022,"78,537.76","79,157.80","76,815.44","77,435.48",,,"879,200.00"
16/08/2022,"77,848.84","78,537.76","77,159.91","78,193.30",,,"326,200.00"
15/08/2022,"79,226.69","79,364.48","77,642.16","78,537.76",,,"404,300.00"
12/08/2022,"77,848.84","79,846.73","77,848.84","78,813.34",,,"428,800.00"
11/08/2022,"77,159.91","78,468.87","76,677.66","77,848.84",,,"846,900.00"
10/08/2022,"76,470.98","77,297.69","75,850.95","76,402.09",,,"389,600.00"
09/08/2022,"76,677.66","77,504.37","75,782.05","77,159.91",,,"368,600.00"
08/08/2022,"75,162.02","77,159.91","74,404.20","76,470.98",,,"350,600.00"
05/08/2022,"74,266.41","75,782.05","73,370.81","75,437.59",,,"829,640.00"
04/08/2022,"76,815.44","77,091.02","74,748.66","75,093.13",,,"769,800.00"
03/08/2022,"74,610.88","77,848.84","74,404.20","77,159.91",,,"583,600.00"
02/08/2022,"74,059.73","74,679.77","72,819.66","74,541.98",,,"444,800.00"
01/08/2022,"74,059.73","75,437.59","73,577.48","74,335.31",,,"424,900.00"
29/07/2022,"74,404.20","75,437.59","73,577.48","74,059.73",,,"1,530,100.00"
28/07/2022,"73,715.27","75,575.37","72,681.88","73,233.02",,,"528,900.00"
27/07/2022,"72,061.84","72,612.99","71,304.02","72,130.74",,,"374,600.00"
26/07/2022,"74,197.52","74,197.52","71,648.49","72,130.74",,,"483,400.00"
25/07/2022,"74,059.73","75,437.59","71,924.06","72,130.74",,,"543,700.00"
22/07/2022,"71,648.49","75,713.16","71,648.49","74,266.41",,,"1,087,700.00"
21/07/2022,"70,890.67","72,337.41","69,926.17","71,717.38",,,"862,900.00"
20/07/2022,"71,304.02","71,717.38","70,270.63","70,959.56",,,"969,500.00"
19/07/2022,"68,066.06","70,270.63","67,721.60","70,201.74",,,"933,900.00"
18/07/2022,"67,239.35","67,859.38","66,481.53","67,170.46",,,"567,900.00"
15/07/2022,"68,066.06","68,134.96","66,825.99","67,170.46",,,"516,900.00"
14/07/2022,"66,825.99","68,341.63","66,825.99","68,066.06",,,"697,700.00"
13/07/2022,"66,825.99","66,825.99","65,723.71","66,343.74",,,"896,400.00"
12/07/2022,"65,585.92","68,203.85","65,585.92","68,203.85",,,"779,400.00"
11/07/2022,"65,792.60","66,757.10","65,379.24","65,379.24",,,"477,100.00"
08/07/2022,"67,170.46","67,652.71","65,448.14","65,861.49",,,"692,300.00"
07/07/2022,"64,828.10","66,481.53","63,794.71","64,828.10",,,"628,400.00"
06/07/2022,"68,617.20","68,823.88","65,999.28","65,999.28",,,"1,709,000.00"
05/07/2022,"75,093.13","76,333.20","70,270.63","70,959.56",,,"1,803,400.00"
04/07/2022,"77,228.80","77,504.37","74,748.66","74,817.55",,,"462,800.00"
01/07/2022,"76,989.20","77,659.84","73,770.14","75,782.05",,,"974,500.00"
30/06/2022,"78,129.29","80,141.20","77,458.65","77,458.65",,,"1,008,200.00"
29/06/2022,"77,793.97","79,135.24","76,653.88","78,464.60",,,"968,700.00"
28/06/2022,"78,129.29","78,866.99","77,391.58","77,793.97",,,"798,300.00"
27/06/2022,"77,123.33","78,934.05","76,452.69","76,720.95",,,"903,600.00"
24/06/2022,"78,330.48","78,934.05","76,318.56","76,452.69",,,"1,056,000.00"
23/06/2022,"73,770.14","79,738.82","73,770.14","78,330.48",,,"1,588,700.00"
22/06/2022,"79,470.56","80,476.52","74,574.91","74,574.91",,,"1,887,400.00"
21/06/2022,"83,159.07","85,372.17","77,793.97","80,141.20",,,"2,345,500.00"
20/06/2022,"87,853.53","88,524.17","83,628.51","83,628.51",,,"2,117,900.00"
17/06/2022,"83,829.70","89,865.44","83,494.39","89,865.44",,,"1,658,000.00"
16/06/2022,"83,896.77","88,457.10","82,354.30","85,841.62",,,"2,330,800.00"
15/06/2022,"83,159.07","85,908.68","81,013.03","83,159.07",,,"2,223,400.00"
14/06/2022,"80,476.52","84,500.34","79,202.31","84,500.34",,,"1,357,700.00"
13/06/2022,"77,123.33","81,884.86","76,788.01","79,135.24",,,"1,737,200.00"
10/06/2022,"84,835.66","85,573.36","79,604.69","79,604.69",,,"2,455,800.00"
09/06/2022,"86,445.19","87,317.02","85,305.11","85,573.36",,,"1,293,800.00"
08/06/2022,"87,182.89","88,457.10","86,042.81","86,445.19",,,"1,703,300.00"
07/06/2022,"87,115.83","87,853.53","83,226.13","87,182.89",,,"2,295,900.00"
06/06/2022,"84,165.02","88,859.49","84,165.02","87,115.83",,,"3,146,200.00"
03/06/2022,"79,135.24","83,829.70","79,135.24","83,293.19",,,"2,364,500.00"
02/06/2022,"80,476.52","82,488.43","79,001.11","79,738.82",,,"1,499,300.00"
01/06/2022,"79,604.69","83,092.00","78,464.60","81,147.15",,,"1,740,200.00"
31/05/2022,"74,306.65","78,934.05","73,434.82","78,934.05",,,"2,358,100.00"
30/05/2022,"74,910.22","75,312.61","73,636.01","73,770.14",,,"940,700.00"
27/05/2022,"72,764.18","74,574.91","72,764.18","73,770.14",,,"404,700.00"
26/05/2022,"73,770.14","74,574.91","71,087.59","72,160.61",,,"565,300.00"
25/05/2022,"71,288.78","72,697.12","70,953.46","72,697.12",,,"764,900.00"
24/05/2022,"69,411.00","71,691.16","68,807.42","70,953.46",,,"840,400.00"
23/05/2022,"70,752.27","70,886.40","68,941.55","69,411.00",,,"541,100.00"
20/05/2022,"70,752.27","71,557.04","69,478.06","70,081.63",,,"292,900.00"
19/05/2022,"66,728.45","71,422.91","66,728.45","70,953.46",,,"1,176,600.00"
18/05/2022,"67,734.40","71,355.84","67,264.96","70,416.95",,,"909,900.00"
17/05/2022,"63,710.58","67,667.34","63,039.94","67,667.34",,,"516,700.00"
16/05/2022,"69,075.68","69,478.06","63,710.58","63,710.58",,,"955,900.00"
13/05/2022,"69,947.51","71,422.91","67,063.76","67,063.76",,,"899,400.00"
12/05/2022,"72,428.87","72,428.87","69,478.06","70,819.33",,,"833,900.00"
11/05/2022,"71,959.42","73,434.82","71,087.59","73,032.44",,,"328,500.00"
10/05/2022,"67,399.08","72,495.93","67,063.76","72,428.87",,,"645,200.00"
09/05/2022,"73,099.50","73,099.50","69,075.68","70,349.89",,,"571,900.00"
06/05/2022,"71,422.91","73,703.08","71,422.91","73,636.01",,,"576,300.00"
05/05/2022,"74,440.78","74,440.78","73,032.44","73,367.76",,,"351,200.00"
04/05/2022,"72,160.61","73,770.14","71,892.35","72,428.87",,,"521,100.00"
29/04/2022,"71,758.23","72,697.12","70,416.95","71,087.59",,,"548,300.00"
28/04/2022,"73,971.33","73,971.33","72,227.67","72,227.67",,,"215,400.00"
27/04/2022,"70,416.95","74,776.10","69,746.31","74,440.78",,,"789,600.00"
26/04/2022,"68,405.04","73,099.50","65,789.55","73,099.50",,,"669,700.00"
25/04/2022,"73,099.50","75,312.61","70,081.63","70,081.63",,,"684,200.00"
22/04/2022,"70,484.02","75,312.61","67,063.76","75,312.61",,,"1,341,800.00"
21/04/2022,"69,746.31","72,630.06","69,075.68","70,416.95",,,"1,072,500.00"
20/04/2022,"76,184.44","76,184.44","71,422.91","71,489.97",,,"1,409,200.00"
19/04/2022,"78,799.92","78,799.92","76,385.63","76,385.63",,,"676,400.00"
18/04/2022,"78,330.48","79,068.18","76,586.82","77,324.52",,,"848,000.00"
15/04/2022,"75,446.73","79,135.24","75,111.42","77,190.39",,,"1,786,900.00"
14/04/2022,"74,709.03","75,446.73","74,641.97","74,843.16",,,"461,700.00"
13/04/2022,"73,166.57","74,105.46","72,361.80","73,837.20",,,"513,600.00"
12/04/2022,"74,239.59","75,446.73","71,758.23","73,032.44",,,"632,900.00"
08/04/2022,"76,318.56","76,788.01","73,904.27","73,904.27",,,"617,300.00"
07/04/2022,"76,251.50","77,123.33","75,044.35","75,647.93",,,"729,000.00"
06/04/2022,"76,720.95","78,129.29","75,916.18","76,251.50",,,"832,600.00"
05/04/2022,"75,580.86","76,989.20","74,440.78","76,653.88",,,"727,800.00"
04/04/2022,"73,837.20","75,714.99","73,703.08","75,379.67",,,"610,500.00"
01/04/2022,"72,294.74","74,373.71","71,758.23","73,568.95",,,"429,800.00"
31/03/2022,"73,770.14","75,044.35","72,562.99","72,630.06",,,"374,200.00"
30/03/2022,"74,373.71","74,709.03","73,166.57","73,837.20",,,"590,500.00"
29/03/2022,"73,770.14","75,782.05","73,032.44","75,044.35",,,"695,700.00"
28/03/2022,"74,306.65","75,782.05","73,971.33","74,105.46",,,"357,200.00"
25/03/2022,"76,385.63","76,452.69","72,428.87","74,239.59",,,"385,200.00"
24/03/2022,"77,056.26","77,123.33","75,044.35","75,312.61",,,"596,000.00"
23/03/2022,"76,653.88","77,257.46","75,178.48","75,312.61",,,"1,070,500.00"
22/03/2022,"77,123.33","78,129.29","76,117.37","77,123.33",,,"905,300.00"
21/03/2022,"73,367.76","77,123.33","73,032.44","76,452.69",,,"1,130,800.00"
,,,,,,,
,,,,,,,
SIMPLIZE,,,,,,,
"Số 5 ngõ 316 Lê Trọng Tấn, Phường Khương Mai, Quận Thanh Xuân, TP.Hà Nội
",,,,,,,
Website: simplize.vn,,,,,,,
Email: info@simplize.vn,,,,,,,
Tel: (+84) 38 840 8668,,,,,,,
