Tên công ty,Công ty Cổ phần Tập đoàn Hòa Phát,,,,,,
Tên báo cáo,Lịch sử giá,,,,,,
Ngày tải,24/03/2026,,,,,,
,,,,,,,
NGÀY,GIÁ MỞ CỬA,GIÁ CAO NHẤT,GIÁ THẤP NHẤT,GIÁ ĐÓNG CỬA,THAY ĐỔI GIÁ,% THAY ĐỔI,KHỐI LƯỢNG
24/03/2026,"26,000.00","26,300.00","25,900.00","25,950.00",450.00,0.02,"20,318,700.00"
23/03/2026,"25,650.00","26,200.00","25,250.00","25,500.00",-400.00,-0.02,"44,362,900.00"
20/03/2026,"26,500.00","26,550.00","25,900.00","25,900.00",-800.00,-0.03,"60,885,800.00"
19/03/2026,"26,500.00","26,850.00","26,350.00","26,700.00",-100.00,0.00,"36,837,300.00"
18/03/2026,"26,900.00","27,150.00","26,650.00","26,800.00",-100.00,0.00,"23,058,500.00"
17/03/2026,"27,000.00","27,350.00","26,900.00","26,900.00",150.00,0.01,"24,176,300.00"
16/03/2026,"26,650.00","26,950.00","26,550.00","26,750.00",100.00,0.00,"19,880,400.00"
13/03/2026,"26,700.00","27,200.00","26,500.00","26,650.00",-150.00,-0.01,"28,666,500.00"
12/03/2026,"27,000.00","27,150.00","26,650.00","26,800.00",-600.00,-0.02,"44,045,900.00"
11/03/2026,"27,150.00","27,650.00","26,950.00","27,400.00",300.00,0.01,"49,913,200.00"
10/03/2026,"26,800.00","27,100.00","26,150.00","27,100.00","1,750.00",0.07,"91,236,600.00"
09/03/2026,"25,500.00","26,150.00","25,350.00","25,350.00","-1,900.00",-0.07,"120,981,900.00"
06/03/2026,"27,000.00","27,600.00","26,850.00","27,250.00",0.00,0.00,"44,351,700.00"
05/03/2026,"27,950.00","28,150.00","27,100.00","27,250.00",-450.00,-0.02,"47,998,900.00"
04/03/2026,"27,600.00","27,850.00","26,800.00","27,700.00",0.00,0.00,"68,275,500.00"
03/03/2026,"28,800.00","28,850.00","27,600.00","27,700.00",-800.00,-0.03,"69,294,100.00"
02/03/2026,"28,200.00","29,250.00","28,050.00","28,500.00",-300.00,-0.01,"86,907,000.00"
27/02/2026,"29,350.00","29,400.00","28,800.00","28,800.00",-600.00,-0.02,"47,306,500.00"
26/02/2026,"29,500.00","29,550.00","28,800.00","29,400.00",100.00,0.00,"54,496,800.00"
25/02/2026,"28,400.00","29,700.00","28,400.00","29,300.00","1,000.00",0.04,"136,409,200.00"
24/02/2026,"27,500.00","28,400.00","27,350.00","28,300.00",800.00,0.03,"99,498,300.00"
23/02/2026,"27,100.00","27,500.00","27,100.00","27,500.00",650.00,0.02,"36,086,500.00"
13/02/2026,"26,900.00","27,150.00","26,800.00","26,850.00",-50.00,0.00,"24,069,800.00"
12/02/2026,"27,000.00","27,100.00","26,750.00","26,900.00",50.00,0.00,"13,137,000.00"
11/02/2026,"26,650.00","27,100.00","26,500.00","26,850.00",300.00,0.01,"26,495,200.00"
10/02/2026,"26,900.00","26,950.00","26,400.00","26,550.00",-200.00,-0.01,"32,543,400.00"
09/02/2026,"27,050.00","27,300.00","26,700.00","26,750.00",-50.00,0.00,"24,310,400.00"
06/02/2026,"27,350.00","28,100.00","26,800.00","26,800.00",-750.00,-0.03,"67,073,000.00"
05/02/2026,"28,300.00","28,350.00","27,550.00","27,550.00",-750.00,-0.03,"32,887,100.00"
04/02/2026,"26,850.00","28,600.00","26,850.00","28,300.00","1,550.00",0.06,"145,418,100.00"
03/02/2026,"26,650.00","27,100.00","26,650.00","26,750.00",200.00,0.01,"32,029,900.00"
02/02/2026,"26,800.00","26,800.00","26,250.00","26,550.00",-250.00,-0.01,"44,024,300.00"
30/01/2026,"27,300.00","27,500.00","26,750.00","26,800.00",-300.00,-0.01,"40,558,400.00"
29/01/2026,"26,800.00","27,100.00","26,800.00","27,100.00",400.00,0.01,"27,608,700.00"
28/01/2026,"26,550.00","27,100.00","26,550.00","26,700.00",250.00,0.01,"29,982,700.00"
27/01/2026,"26,350.00","26,550.00","26,200.00","26,450.00",150.00,0.01,"21,014,200.00"
26/01/2026,"26,750.00","26,800.00","26,150.00","26,300.00",-450.00,-0.02,"33,759,300.00"
23/01/2026,"27,100.00","27,150.00","26,750.00","26,750.00",-100.00,0.00,"24,233,600.00"
22/01/2026,"26,900.00","27,300.00","26,850.00","26,850.00",50.00,0.00,"27,732,600.00"
21/01/2026,"27,150.00","27,250.00","26,650.00","26,800.00",-450.00,-0.02,"37,234,300.00"
20/01/2026,"27,850.00","27,950.00","27,100.00","27,250.00",-450.00,-0.02,"44,169,600.00"
19/01/2026,"27,900.00","28,200.00","27,650.00","27,700.00",100.00,0.00,"40,465,900.00"
16/01/2026,"27,800.00","28,250.00","27,300.00","27,600.00",0.00,0.00,"65,577,000.00"
15/01/2026,"27,250.00","27,900.00","27,250.00","27,600.00",350.00,0.01,"61,937,700.00"
14/01/2026,"27,450.00","27,600.00","27,000.00","27,250.00",0.00,0.00,"53,908,300.00"
13/01/2026,"27,750.00","27,900.00","27,000.00","27,250.00",-250.00,-0.01,"45,777,400.00"
12/01/2026,"26,350.00","27,600.00","26,350.00","27,500.00","1,300.00",0.05,"83,534,900.00"
09/01/2026,"26,800.00","26,800.00","26,200.00","26,200.00",-200.00,-0.01,"35,089,300.00"
08/01/2026,"26,700.00","26,800.00","26,400.00","26,400.00",-200.00,-0.01,"37,518,600.00"
07/01/2026,"25,950.00","26,750.00","25,950.00","26,600.00",650.00,0.03,"37,249,700.00"
06/01/2026,"26,000.00","26,200.00","25,350.00","25,950.00",0.00,0.00,"39,616,600.00"
05/01/2026,"26,400.00","26,550.00","25,700.00","25,950.00",-450.00,-0.02,"46,487,900.00"
31/12/2025,"26,450.00","26,600.00","26,350.00","26,400.00",-100.00,0.00,"20,149,700.00"
30/12/2025,"26,700.00","26,850.00","26,500.00","26,500.00",-200.00,-0.01,"24,581,900.00"
29/12/2025,"27,000.00","27,000.00","26,650.00","26,700.00",-200.00,-0.01,"16,525,200.00"
26/12/2025,"27,100.00","27,700.00","26,650.00","26,900.00",650.00,0.02,"94,035,000.00"
25/12/2025,"26,550.00","26,650.00","26,250.00","26,250.00",-300.00,-0.01,"29,780,000.00"
24/12/2025,"26,850.00","26,850.00","26,500.00","26,550.00",-200.00,-0.01,"23,136,900.00"
23/12/2025,"27,050.00","27,200.00","26,650.00","26,750.00",-150.00,-0.01,"29,588,500.00"
22/12/2025,"26,700.00","27,100.00","26,600.00","26,900.00",200.00,0.01,"54,880,900.00"
19/12/2025,"26,400.00","26,700.00","26,400.00","26,700.00",300.00,0.01,"29,580,600.00"
18/12/2025,"26,400.00","26,550.00","26,250.00","26,400.00",0.00,0.00,"18,777,900.00"
17/12/2025,"26,700.00","26,700.00","26,400.00","26,400.00",-300.00,-0.01,"16,546,600.00"
16/12/2025,"26,350.00","26,950.00","26,250.00","26,700.00",450.00,0.02,"29,329,900.00"
15/12/2025,"26,250.00","26,400.00","26,050.00","26,250.00",250.00,0.01,"23,939,400.00"
12/12/2025,"26,600.00","26,700.00","26,000.00","26,000.00",-550.00,-0.02,"37,088,200.00"
11/12/2025,"26,700.00","26,900.00","26,500.00","26,550.00",-100.00,0.00,"17,142,200.00"
10/12/2025,"26,650.00","27,000.00","26,600.00","26,650.00",250.00,0.01,"19,708,000.00"
09/12/2025,"26,700.00","26,900.00","26,400.00","26,400.00",-350.00,-0.01,"39,911,800.00"
08/12/2025,"26,900.00","27,100.00","26,750.00","26,750.00",-250.00,-0.01,"24,323,432.00"
05/12/2025,"27,350.00","27,350.00","27,000.00","27,000.00",-300.00,-0.01,"17,992,124.00"
04/12/2025,"26,950.00","27,450.00","26,900.00","27,300.00",500.00,0.02,"35,161,224.00"
03/12/2025,"26,600.00","26,850.00","26,450.00","26,800.00",300.00,0.01,"23,457,633.00"
02/12/2025,"26,550.00","26,650.00","26,200.00","26,500.00",0.00,0.00,"27,653,228.00"
01/12/2025,"26,650.00","26,750.00","26,500.00","26,500.00",-50.00,0.00,"27,022,808.00"
28/11/2025,"26,900.00","27,050.00","26,550.00","26,550.00",-350.00,-0.01,"27,919,387.00"
27/11/2025,"27,200.00","27,300.00","26,900.00","26,900.00",-200.00,-0.01,"18,957,259.00"
26/11/2025,"26,950.00","27,200.00","26,850.00","27,100.00",200.00,0.01,"28,477,230.00"
25/11/2025,"27,150.00","27,350.00","26,900.00","26,900.00",-200.00,-0.01,"28,022,245.00"
24/11/2025,"27,400.00","27,550.00","27,100.00","27,100.00",-300.00,-0.01,"16,712,830.00"
21/11/2025,"27,150.00","27,450.00","26,900.00","27,400.00",150.00,0.01,"23,327,991.00"
20/11/2025,"27,700.00","27,800.00","27,150.00","27,250.00",-350.00,-0.01,"23,530,503.00"
19/11/2025,"27,500.00","28,350.00","27,450.00","27,600.00",100.00,0.00,"58,520,747.00"
18/11/2025,"27,250.00","27,600.00","27,150.00","27,500.00",200.00,0.01,"40,858,352.00"
17/11/2025,"27,050.00","27,350.00","27,050.00","27,300.00",400.00,0.01,"32,583,436.00"
14/11/2025,"26,500.00","26,950.00","26,500.00","26,900.00",350.00,0.01,"30,032,214.00"
13/11/2025,"27,000.00","27,050.00","26,550.00","26,550.00",-450.00,-0.02,"20,097,527.00"
12/11/2025,"26,650.00","27,100.00","26,650.00","27,000.00",400.00,0.02,"35,221,924.00"
11/11/2025,"26,600.00","26,900.00","26,450.00","26,600.00",150.00,0.01,"33,450,148.00"
10/11/2025,"26,200.00","26,750.00","26,100.00","26,450.00",400.00,0.02,"48,947,921.00"
07/11/2025,"26,150.00","26,550.00","26,000.00","26,050.00",-50.00,0.00,"57,218,252.00"
06/11/2025,"26,350.00","26,500.00","26,100.00","26,100.00",-200.00,-0.01,"21,467,663.00"
05/11/2025,"26,450.00","26,750.00","26,250.00","26,300.00",-450.00,-0.02,"24,325,384.00"
04/11/2025,"26,150.00","26,850.00","25,950.00","26,750.00",700.00,0.03,"38,730,314.00"
03/11/2025,"26,750.00","26,900.00","26,050.00","26,050.00",-650.00,-0.02,"30,456,766.00"
31/10/2025,"26,900.00","27,100.00","26,700.00","26,700.00",-200.00,-0.01,"20,881,221.00"
30/10/2025,"27,400.00","27,400.00","26,900.00","26,900.00",-350.00,-0.01,"24,323,686.00"
29/10/2025,"26,900.00","27,550.00","26,900.00","27,250.00",450.00,0.02,"44,173,956.00"
28/10/2025,"26,350.00","26,800.00","26,150.00","26,800.00",550.00,0.02,"28,732,128.00"
27/10/2025,"26,750.00","26,850.00","26,250.00","26,250.00",-150.00,-0.01,"28,103,328.00"
24/10/2025,"26,500.00","26,700.00","26,100.00","26,400.00",-100.00,0.00,"30,807,702.00"
23/10/2025,"26,750.00","27,000.00","26,500.00","26,500.00",-200.00,-0.01,"23,523,403.00"
22/10/2025,"26,900.00","26,900.00","26,150.00","26,700.00",-100.00,0.00,"38,988,811.00"
21/10/2025,"26,300.00","27,000.00","26,000.00","26,800.00",750.00,0.03,"76,553,809.00"
20/10/2025,"27,900.00","28,250.00","26,050.00","26,050.00","-1,950.00",-0.07,"103,183,114.00"
17/10/2025,"28,300.00","28,650.00","28,000.00","28,000.00",-250.00,-0.01,"47,488,213.00"
16/10/2025,"28,250.00","28,800.00","28,000.00","28,250.00",0.00,0.00,"47,415,309.00"
15/10/2025,"28,400.00","28,700.00","28,200.00","28,250.00",-100.00,0.00,"40,185,913.00"
14/10/2025,"29,050.00","29,250.00","28,300.00","28,350.00",-650.00,-0.02,"87,550,908.00"
13/10/2025,"29,050.00","29,250.00","28,850.00","29,000.00",-600.00,-0.02,"88,237,715.00"
10/10/2025,"29,000.00","29,750.00","28,900.00","29,600.00",650.00,0.02,"68,443,310.00"
09/10/2025,"29,400.00","29,400.00","28,850.00","28,950.00",-250.00,-0.01,"44,251,704.00"
08/10/2025,"29,250.00","29,400.00","28,750.00","29,200.00",200.00,0.01,"62,153,010.00"
07/10/2025,"29,200.00","29,350.00","29,000.00","29,000.00",-200.00,-0.01,"44,330,615.00"
06/10/2025,"28,100.00","29,200.00","28,100.00","29,200.00","1,550.00",0.06,"74,194,504.00"
03/10/2025,"28,100.00","28,100.00","27,350.00","27,650.00",-450.00,-0.02,"60,723,507.00"
02/10/2025,"28,350.00","28,650.00","28,050.00","28,100.00",-200.00,-0.01,"33,265,300.00"
01/10/2025,"28,300.00","28,500.00","28,100.00","28,300.00",150.00,0.01,"29,948,510.00"
30/09/2025,"28,550.00","28,600.00","27,900.00","28,150.00",-450.00,-0.02,"56,593,804.00"
29/09/2025,"28,550.00","28,900.00","28,400.00","28,600.00",50.00,0.00,"43,531,200.00"
26/09/2025,"28,850.00","29,200.00","28,550.00","28,550.00",-250.00,-0.01,"39,348,911.00"
25/09/2025,"29,150.00","29,300.00","28,750.00","28,800.00",-250.00,-0.01,"38,565,408.00"
24/09/2025,"28,650.00","29,050.00","28,250.00","29,050.00",400.00,0.01,"30,898,905.00"
23/09/2025,"28,550.00","28,850.00","28,450.00","28,650.00",250.00,0.01,"27,900,000.00"
22/09/2025,"29,250.00","29,250.00","28,300.00","28,400.00",-850.00,-0.03,"66,373,806.00"
19/09/2025,"29,300.00","29,400.00","28,800.00","29,250.00",100.00,0.00,"49,864,800.00"
18/09/2025,"29,350.00","29,400.00","28,600.00","29,150.00",-50.00,0.00,"75,817,002.00"
17/09/2025,"29,900.00","30,250.00","29,200.00","29,200.00",-750.00,-0.03,"135,116,611.00"
16/09/2025,"30,550.00","30,550.00","29,750.00","29,950.00",-400.00,-0.01,"68,587,103.00"
15/09/2025,"30,250.00","30,850.00","30,100.00","30,350.00",350.00,0.01,"96,216,503.00"
12/09/2025,"29,200.00","30,100.00","29,150.00","30,000.00",850.00,0.03,"108,883,212.00"
11/09/2025,"28,700.00","29,200.00","28,000.00","29,150.00",300.00,0.01,"74,820,410.00"
10/09/2025,"28,850.00","29,200.00","28,400.00","28,850.00",0.00,0.00,"52,962,101.00"
09/09/2025,"29,200.00","29,250.00","28,200.00","28,850.00",-50.00,0.00,"77,385,600.00"
08/09/2025,"28,700.00","29,750.00","28,650.00","28,900.00",100.00,0.00,"141,768,400.00"
05/09/2025,"30,000.00","30,100.00","28,800.00","28,800.00","-1,050.00",-0.04,"105,349,300.00"
04/09/2025,"28,450.00","29,900.00","28,350.00","29,850.00","1,700.00",0.06,"142,448,900.00"
03/09/2025,"27,400.00","29,000.00","27,250.00","28,150.00",650.00,0.02,"123,875,300.00"
29/08/2025,"27,200.00","27,850.00","27,050.00","27,500.00",400.00,0.01,"87,128,601.00"
28/08/2025,"26,950.00","27,500.00","26,850.00","27,100.00",350.00,0.01,"63,206,300.00"
27/08/2025,"27,250.00","27,250.00","26,750.00","26,750.00",-450.00,-0.02,"90,102,500.00"
26/08/2025,"26,100.00","27,200.00","26,100.00","27,200.00","1,250.00",0.05,"52,038,200.00"
25/08/2025,"26,500.00","26,750.00","25,850.00","25,950.00",-50.00,0.00,"68,457,101.00"
22/08/2025,"26,950.00","27,100.00","26,000.00","26,000.00","-1,400.00",-0.05,"136,206,200.00"
21/08/2025,"27,450.00","27,800.00","27,300.00","27,400.00",0.00,0.00,"70,790,702.00"
20/08/2025,"28,200.00","28,250.00","27,050.00","27,400.00",-750.00,-0.03,"104,787,032.00"
19/08/2025,"28,600.00","28,700.00","28,100.00","28,150.00",-250.00,-0.01,"63,121,902.00"
18/08/2025,"28,300.00","28,800.00","28,200.00","28,400.00",400.00,0.01,"69,044,601.00"
15/08/2025,"28,450.00","28,800.00","27,850.00","28,000.00",-200.00,-0.01,"108,659,803.00"
14/08/2025,"28,200.00","28,450.00","28,000.00","28,200.00",100.00,0.00,"78,844,900.00"
13/08/2025,"28,550.00","28,600.00","27,850.00","28,100.00",-400.00,-0.01,"79,795,002.00"
12/08/2025,"28,350.00","29,100.00","28,150.00","28,500.00",350.00,0.01,"84,330,902.00"
11/08/2025,"28,150.00","28,450.00","27,800.00","28,150.00",150.00,0.01,"67,690,904.00"
08/08/2025,"28,600.00","28,650.00","27,600.00","28,000.00",-500.00,-0.02,"121,062,502.00"
07/08/2025,"27,350.00","28,550.00","27,000.00","28,500.00","1,400.00",0.05,"141,136,306.00"
06/08/2025,"26,750.00","27,700.00","26,650.00","27,100.00",700.00,0.03,"96,234,211.00"
05/08/2025,"25,450.00","27,050.00","25,450.00","26,400.00","1,100.00",0.04,"216,259,124.00"
04/08/2025,"25,100.00","25,450.00","24,950.00","25,300.00",150.00,0.01,"39,243,103.00"
01/08/2025,"24,850.00","25,300.00","24,800.00","25,150.00",200.00,0.01,"51,200,605.00"
31/07/2025,"25,450.00","25,600.00","24,750.00","24,950.00",-450.00,-0.02,"86,732,509.00"
30/07/2025,"25,600.00","25,750.00","25,100.00","25,400.00",50.00,0.00,"51,586,000.00"
29/07/2025,"26,450.00","26,600.00","25,350.00","25,350.00","-1,000.00",-0.04,"82,733,300.00"
28/07/2025,"26,100.00","26,850.00","26,000.00","26,350.00",300.00,0.01,"100,967,800.00"
25/07/2025,"26,000.00","26,300.00","25,900.00","26,050.00",50.00,0.00,"51,247,400.00"
24/07/2025,"26,400.00","26,450.00","25,900.00","26,000.00",-400.00,-0.02,"52,134,401.00"
23/07/2025,"26,550.00","26,950.00","26,400.00","26,400.00",-50.00,0.00,"43,353,000.00"
22/07/2025,"26,150.00","26,450.00","26,000.00","26,450.00",250.00,0.01,"32,181,400.00"
21/07/2025,"26,400.00","27,000.00","26,100.00","26,200.00",300.00,0.01,"57,302,600.00"
18/07/2025,"26,000.00","26,100.00","25,750.00","25,900.00",-100.00,0.00,"40,934,600.00"
17/07/2025,"26,200.00","26,350.00","25,900.00","26,000.00",-100.00,0.00,"57,398,600.00"
16/07/2025,"25,450.00","26,200.00","25,400.00","26,100.00",600.00,0.02,"42,744,200.00"
15/07/2025,"25,800.00","26,000.00","25,500.00","25,500.00",-250.00,-0.01,"48,157,000.00"
14/07/2025,"26,200.00","26,450.00","25,550.00","25,750.00",-250.00,-0.01,"49,689,701.00"
11/07/2025,"25,250.00","26,250.00","25,050.00","26,000.00",850.00,0.03,"65,610,300.00"
10/07/2025,"24,850.00","25,200.00","24,550.00","25,150.00",400.00,0.02,"86,011,300.00"
09/07/2025,"24,800.00","25,100.00","24,600.00","24,750.00",50.00,0.00,"46,729,600.00"
08/07/2025,"23,650.00","24,800.00","23,550.00","24,700.00","1,100.00",0.05,"77,477,101.00"
07/07/2025,"23,700.00","23,700.00","23,400.00","23,600.00",350.00,0.02,"36,284,600.00"
04/07/2025,"23,150.00","23,250.00","23,100.00","23,250.00",150.00,0.01,"21,431,100.00"
03/07/2025,"23,000.00","23,650.00","23,000.00","23,100.00",200.00,0.01,"48,016,961.00"
02/07/2025,"22,650.00","22,900.00","22,550.00","22,900.00",250.00,0.01,"26,752,100.00"
01/07/2025,"22,750.00","22,900.00","22,600.00","22,650.00",-50.00,0.00,"22,227,201.00"
30/06/2025,"22,900.00","22,950.00","22,700.00","22,700.00",-150.00,-0.01,"19,935,300.00"
27/06/2025,"22,950.00","22,950.00","22,750.00","22,850.00",50.00,0.00,"18,552,600.00"
26/06/2025,"23,050.00","23,150.00","22,750.00","22,800.00",150.00,0.01,"41,471,000.00"
25/06/2025,"22,583.33","22,875.00","22,458.33","22,666.67",200.00,0.01,"45,638,801.00"
24/06/2025,"22,541.67","22,666.67","22,458.33","22,500.00",150.00,0.01,"27,870,000.00"
23/06/2025,"22,375.00","22,500.00","22,166.67","22,375.00",-150.00,-0.01,"24,710,800.00"
20/06/2025,"22,500.00","22,583.33","22,375.00","22,500.00",100.00,0.00,"23,936,403.00"
19/06/2025,"22,625.00","22,666.67","22,333.33","22,416.67",-250.00,-0.01,"23,408,200.00"
18/06/2025,"22,416.67","22,666.67","22,333.33","22,625.00",300.00,0.01,"33,253,200.00"
17/06/2025,"22,416.67","22,583.33","22,291.67","22,375.00",100.00,0.00,"26,721,800.00"
16/06/2025,"21,958.33","22,500.00","21,958.33","22,291.67",350.00,0.01,"31,985,397.00"
13/06/2025,"22,166.67","22,291.67","21,916.67","22,000.00",-400.00,-0.01,"38,771,923.00"
12/06/2025,"21,791.67","22,583.33","21,791.67","22,333.33",700.00,0.03,"55,525,923.00"
11/06/2025,"21,916.67","21,958.33","21,666.67","21,750.00",-100.00,0.00,"17,178,100.00"
10/06/2025,"22,083.33","22,375.00","21,833.33","21,833.33",-100.00,0.00,"32,718,924.00"
09/06/2025,"21,750.00","22,000.00","21,625.00","21,916.67",250.00,0.01,"25,242,900.00"
06/06/2025,"21,708.33","22,083.33","21,583.33","21,708.33",300.00,0.01,"42,244,000.00"
05/06/2025,"21,666.67","21,708.33","21,416.67","21,458.33",-200.00,-0.01,"19,487,300.00"
04/06/2025,"21,750.00","22,000.00","21,625.00","21,625.00",-50.00,0.00,"25,985,700.00"
03/06/2025,"21,500.00","21,833.33","21,458.33","21,666.67",450.00,0.02,"31,538,500.00"
02/06/2025,"21,333.33","21,375.00","21,125.00","21,291.67",-200.00,-0.01,"22,333,200.00"
30/05/2025,"21,375.00","22,208.33","21,375.00","21,458.33",200.00,0.01,"64,975,400.00"
29/05/2025,"21,416.67","21,500.00","21,250.00","21,291.67",-50.00,0.00,"16,530,300.00"
28/05/2025,"21,458.33","21,583.33","21,291.67","21,333.33",50.00,0.00,"15,604,800.00"
27/05/2025,"21,291.67","21,791.67","21,291.67","21,291.67",0.00,0.00,"26,892,800.00"
26/05/2025,"21,375.00","21,375.00","20,875.00","21,291.67",-50.00,0.00,"27,433,800.00"
23/05/2025,"21,458.33","21,541.67","21,291.67","21,333.33",-50.00,0.00,"11,096,000.00"
22/05/2025,"21,458.33","21,625.00","21,291.67","21,375.00",-100.00,0.00,"26,535,702.00"
21/05/2025,"21,458.33","21,750.00","21,375.00","21,458.33",100.00,0.00,"21,313,500.00"
20/05/2025,"21,333.33","21,500.00","21,333.33","21,375.00",0.00,0.00,"20,752,523.00"
19/05/2025,"21,458.33","21,625.00","21,291.67","21,375.00",-150.00,-0.01,"16,158,700.00"
16/05/2025,"21,791.67","21,833.33","21,500.00","21,500.00",-350.00,-0.01,"18,779,200.00"
15/05/2025,"21,833.33","21,833.33","21,541.67","21,791.67",0.00,0.00,"22,616,701.00"
14/05/2025,"21,583.33","22,125.00","21,541.67","21,791.67",350.00,0.01,"44,844,101.00"
13/05/2025,"21,333.33","21,666.67","21,333.33","21,500.00",400.00,0.02,"21,284,600.00"
12/05/2025,"21,291.67","21,458.33","20,625.00","21,166.67",-250.00,-0.01,"65,862,901.00"
09/05/2025,"21,416.67","21,458.33","21,250.00","21,375.00",-50.00,0.00,"11,008,000.00"
08/05/2025,"21,166.67","21,541.67","21,083.33","21,416.67",300.00,0.01,"20,560,200.00"
07/05/2025,"21,125.00","21,250.00","21,125.00","21,166.67",-50.00,0.00,"11,835,800.00"
06/05/2025,"21,458.33","21,708.33","21,208.33","21,208.33",-250.00,-0.01,"21,167,300.00"
05/05/2025,"21,375.00","21,458.33","21,125.00","21,416.67",200.00,0.01,"12,919,300.00"
29/04/2025,"21,375.00","21,416.67","21,166.67","21,250.00",-150.00,-0.01,"27,916,600.00"
28/04/2025,"21,416.67","21,416.67","21,125.00","21,375.00",-50.00,0.00,"13,684,060.00"
25/04/2025,"21,208.33","21,416.67","21,041.67","21,416.67",100.00,0.00,"29,534,000.00"
24/04/2025,"21,416.67","21,416.67","21,000.00","21,333.33",50.00,0.00,"21,600,060.00"
23/04/2025,"21,250.00","21,416.67","21,125.00","21,291.67",500.00,0.02,"22,435,700.00"
22/04/2025,"20,666.67","20,916.67","19,500.00","20,875.00",100.00,0.00,"47,747,000.00"
21/04/2025,"21,208.33","21,208.33","20,791.67","20,791.67",-500.00,-0.02,"19,076,200.00"
18/04/2025,"21,375.00","21,458.33","21,208.33","21,208.33",-50.00,0.00,"21,081,700.00"
17/04/2025,"21,000.00","21,333.33","20,666.67","21,250.00",0.00,0.00,"24,691,000.00"
16/04/2025,"21,583.33","21,666.67","20,875.00","21,250.00",-350.00,-0.01,"26,086,501.00"
15/04/2025,"20,958.33","21,791.67","20,875.00","21,541.67",500.00,0.02,"50,746,800.00"
14/04/2025,"20,666.67","21,458.33","20,625.00","21,125.00","1,050.00",0.04,"55,212,280.00"
11/04/2025,"20,166.67","20,250.00","19,583.33","20,250.00","1,550.00",0.07,"76,877,400.00"
10/04/2025,"18,958.33","18,958.33","18,958.33","18,958.33","1,450.00",0.07,"3,475,609.00"
09/04/2025,"17,750.00","18,583.33","17,750.00","17,750.00","-1,600.00",-0.07,"77,553,004.00"
08/04/2025,"19,583.33","20,000.00","19,083.33","19,083.33","-1,700.00",-0.07,"36,625,305.00"
04/04/2025,"19,666.67","20,708.33","19,666.67","20,500.00",-750.00,-0.03,"73,385,603.00"
03/04/2025,"21,500.00","22,041.67","21,125.00","21,125.00","-1,900.00",-0.07,"81,437,802.00"
02/04/2025,"22,625.00","22,833.33","22,583.33","22,708.33",250.00,0.01,"16,872,403.00"
01/04/2025,"22,333.33","22,541.67","22,291.67","22,500.00",250.00,0.01,"14,420,607.00"
31/03/2025,"22,541.67","22,583.33","22,291.67","22,291.67",-400.00,-0.01,"27,439,500.00"
28/03/2025,"22,875.00","22,916.67","22,583.33","22,625.00",-350.00,-0.01,"17,472,400.00"
27/03/2025,"23,083.33","23,083.33","22,875.00","22,916.67",-50.00,0.00,"21,572,700.00"
26/03/2025,"22,666.67","23,291.67","22,625.00","22,958.33",350.00,0.01,"44,230,000.00"
25/03/2025,"22,708.33","22,833.33","22,583.33","22,666.67",50.00,0.00,"32,161,000.00"
24/03/2025,"22,625.00","22,708.33","22,416.67","22,625.00",0.00,0.00,"19,489,800.00"
21/03/2025,"22,583.33","22,708.33","22,541.67","22,625.00",0.00,0.00,"22,219,412.00"
20/03/2025,"22,750.00","22,875.00","22,541.67","22,625.00",-100.00,0.00,"25,022,514.00"
19/03/2025,"23,000.00","23,000.00","22,583.33","22,708.33",-350.00,-0.01,"38,755,807.00"
18/03/2025,"23,250.00","23,375.00","23,000.00","23,000.00",-250.00,-0.01,"18,741,791.00"
17/03/2025,"23,250.00","23,458.33","23,125.00","23,208.33",300.00,0.01,"19,739,705.00"
14/03/2025,"23,083.33","23,208.33","22,958.33","22,958.33",-150.00,-0.01,"19,079,904.00"
13/03/2025,"23,208.33","23,375.00","23,083.33","23,083.33",-100.00,0.00,"24,829,403.00"
12/03/2025,"23,500.00","23,500.00","23,166.67","23,166.67",-350.00,-0.01,"20,820,604.00"
11/03/2025,"23,000.00","23,458.33","23,000.00","23,458.33",200.00,0.01,"26,088,505.00"
10/03/2025,"23,416.67","23,500.00","23,291.67","23,291.67",-100.00,0.00,"23,863,523.00"
07/03/2025,"23,333.33","23,416.67","23,125.00","23,375.00",100.00,0.00,"33,131,214.00"
06/03/2025,"23,000.00","23,291.67","23,000.00","23,291.67",400.00,0.01,"37,159,607.00"
05/03/2025,"23,208.33","23,250.00","22,958.33","22,958.33",-300.00,-0.01,"30,385,500.00"
04/03/2025,"23,375.00","23,375.00","23,041.67","23,208.33",-200.00,-0.01,"27,704,100.00"
03/03/2025,"23,375.00","23,541.67","23,333.33","23,375.00",50.00,0.00,"22,228,701.00"
28/02/2025,"23,666.67","23,666.67","23,291.67","23,333.33",-450.00,-0.02,"25,182,609.00"
27/02/2025,"23,166.67","23,708.33","23,000.00","23,708.33",700.00,0.03,"52,685,805.00"
26/02/2025,"23,000.00","23,291.67","22,958.33","23,125.00",250.00,0.01,"32,319,608.00"
25/02/2025,"23,000.00","23,083.33","22,666.67","22,916.67",-200.00,-0.01,"33,168,804.00"
24/02/2025,"23,583.33","23,583.33","22,958.33","23,083.33","1,250.00",0.05,"74,091,112.00"
21/02/2025,"22,125.00","22,166.67","22,000.00","22,041.67",-100.00,0.00,"13,143,809.00"
20/02/2025,"22,125.00","22,166.67","22,083.33","22,125.00",50.00,0.00,"11,910,417.00"
19/02/2025,"22,166.67","22,166.67","22,000.00","22,083.33",-50.00,0.00,"13,863,015.00"
18/02/2025,"21,958.33","22,166.67","21,916.67","22,125.00",400.00,0.02,"25,031,113.00"
17/02/2025,"21,791.67","21,875.00","21,708.33","21,791.67",50.00,0.00,"18,769,406.00"
14/02/2025,"21,750.00","21,916.67","21,666.67","21,750.00",200.00,0.01,"18,580,680.00"
13/02/2025,"21,625.00","21,666.67","21,541.67","21,583.33",50.00,0.00,"12,700,108.00"
12/02/2025,"21,833.33","21,833.33","21,541.67","21,541.67",-250.00,-0.01,"16,386,311.00"
11/02/2025,"21,208.33","21,750.00","21,208.33","21,750.00",700.00,0.03,"32,437,010.00"
10/02/2025,"22,083.33","22,083.33","21,166.67","21,166.67","-1,250.00",-0.05,"61,151,520.00"
07/02/2025,"22,333.33","22,333.33","22,166.67","22,208.33",-150.00,-0.01,"14,287,715.00"
06/02/2025,"22,333.33","22,458.33","22,291.67","22,333.33",0.00,0.00,"13,565,008.00"
05/02/2025,"22,375.00","22,500.00","22,291.67","22,333.33",-50.00,0.00,"16,028,803.00"
04/02/2025,"22,083.33","22,500.00","22,041.67","22,375.00",450.00,0.02,"18,528,200.00"
03/02/2025,"22,083.33","22,166.67","21,875.00","22,000.00",-150.00,-0.01,"18,136,000.00"
24/01/2025,"22,208.33","22,208.33","22,041.67","22,125.00",-100.00,0.00,"10,796,320.00"
23/01/2025,"21,833.33","22,291.67","21,791.67","22,208.33",500.00,0.02,"16,188,220.00"
22/01/2025,"22,000.00","22,000.00","21,791.67","21,791.67",-150.00,-0.01,"11,088,022.00"
21/01/2025,"22,166.67","22,166.67","21,833.33","21,916.67",-150.00,-0.01,"13,008,662.00"
20/01/2025,"22,083.33","22,291.67","22,041.67","22,041.67",-50.00,0.00,"10,576,258.00"
17/01/2025,"21,916.67","22,083.33","21,750.00","22,083.33",200.00,0.01,"18,046,028.00"
16/01/2025,"21,916.67","22,041.67","21,708.33","21,916.67",100.00,0.00,"11,633,728.00"
15/01/2025,"21,666.67","21,875.00","21,583.33","21,833.33",350.00,0.01,"11,851,636.00"
14/01/2025,"21,625.00","21,666.67","21,500.00","21,541.67",-50.00,0.00,"7,870,725.00"
13/01/2025,"21,291.67","21,708.33","21,208.33","21,583.33",350.00,0.01,"14,206,048.00"
10/01/2025,"21,666.67","21,750.00","21,291.67","21,291.67",-450.00,-0.02,"14,273,636.00"
09/01/2025,"21,916.67","21,916.67","21,583.33","21,666.67",-250.00,-0.01,"9,718,937.00"
08/01/2025,"21,708.33","21,875.00","21,625.00","21,875.00",200.00,0.01,"12,957,634.00"
07/01/2025,"21,791.67","22,000.00","21,708.33","21,708.33",0.00,0.00,"15,263,754.00"
06/01/2025,"22,166.67","22,250.00","21,708.33","21,708.33",-550.00,-0.02,"15,250,533.00"
03/01/2025,"22,416.67","22,500.00","22,166.67","22,166.67",-400.00,-0.01,"13,540,125.00"
02/01/2025,"22,250.00","22,541.67","22,250.00","22,500.00",350.00,0.01,"20,279,243.00"
31/12/2024,"22,291.67","22,291.67","22,166.67","22,208.33",-100.00,0.00,"11,113,438.00"
30/12/2024,"22,333.33","22,375.00","22,208.33","22,291.67",-100.00,0.00,"15,140,790.00"
27/12/2024,"22,500.00","22,500.00","22,333.33","22,375.00",-150.00,-0.01,"15,379,238.00"
26/12/2024,"22,625.00","22,666.67","22,375.00","22,500.00",-150.00,-0.01,"10,485,039.00"
25/12/2024,"22,291.67","22,625.00","22,291.67","22,625.00",450.00,0.02,"19,634,326.00"
24/12/2024,"22,416.67","22,416.67","22,166.67","22,250.00",-300.00,-0.01,"14,495,426.00"
23/12/2024,"22,291.67","22,541.67","22,291.67","22,500.00",300.00,0.01,"13,408,866.00"
20/12/2024,"22,375.00","22,458.33","22,250.00","22,250.00",-150.00,-0.01,"13,990,933.00"
19/12/2024,"22,500.00","22,625.00","22,333.33","22,375.00",-500.00,-0.02,"35,259,336.00"
18/12/2024,"22,500.00","22,791.67","22,458.33","22,791.67",350.00,0.01,"16,439,097.00"
17/12/2024,"22,500.00","22,583.33","22,375.00","22,500.00",0.00,0.00,"13,820,439.00"
16/12/2024,"22,666.67","22,791.67","22,375.00","22,500.00",-200.00,-0.01,"19,567,782.00"
13/12/2024,"22,750.00","22,833.33","22,583.33","22,666.67",-300.00,-0.01,"18,575,489.00"
12/12/2024,"23,125.00","23,250.00","22,791.67","22,916.67",-250.00,-0.01,"21,420,145.00"
11/12/2024,"23,250.00","23,458.33","23,000.00","23,125.00",-150.00,-0.01,"17,571,559.00"
10/12/2024,"23,083.33","23,500.00","23,000.00","23,250.00",250.00,0.01,"34,226,323.00"
09/12/2024,"23,041.67","23,250.00","22,916.67","23,041.67",50.00,0.00,"16,348,731.00"
06/12/2024,"23,208.33","23,250.00","22,916.67","23,000.00",-250.00,-0.01,"25,678,301.00"
05/12/2024,"22,250.00","23,208.33","22,000.00","23,208.33","1,150.00",0.04,"49,146,701.00"
04/12/2024,"22,375.00","22,375.00","22,208.33","22,250.00",-300.00,-0.01,"12,898,500.00"
03/12/2024,"22,375.00","22,500.00","22,166.67","22,500.00",100.00,0.00,"19,844,800.00"
02/12/2024,"22,458.33","22,625.00","22,291.67","22,416.67",150.00,0.01,"20,478,407.00"
29/11/2024,"22,041.67","22,291.67","21,916.67","22,291.67",350.00,0.01,"21,016,000.00"
28/11/2024,"22,041.67","22,291.67","21,916.67","22,000.00",100.00,0.00,"16,436,002.00"
27/11/2024,"21,958.33","22,041.67","21,750.00","21,916.67",-50.00,0.00,"14,661,600.00"
26/11/2024,"21,916.67","22,083.33","21,833.33","21,958.33",50.00,0.00,"14,565,700.00"
25/11/2024,"21,750.00","21,916.67","21,708.33","21,916.67",200.00,0.01,"18,869,401.00"
22/11/2024,"21,583.33","21,875.00","21,541.67","21,750.00",250.00,0.01,"18,451,400.00"
21/11/2024,"21,375.00","21,625.00","21,291.67","21,541.67",250.00,0.01,"18,112,600.00"
20/11/2024,"21,166.67","21,666.67","21,041.67","21,333.33",150.00,0.01,"23,710,500.00"
19/11/2024,"21,541.67","21,666.67","21,208.33","21,208.33",-350.00,-0.01,"16,292,800.00"
18/11/2024,"21,666.67","21,708.33","21,250.00","21,500.00",-100.00,0.00,"22,084,400.00"
15/11/2024,"21,916.67","21,958.33","21,583.33","21,583.33",-400.00,-0.02,"28,054,300.00"
14/11/2024,"22,541.67","22,583.33","21,916.67","21,916.67",-750.00,-0.03,"26,964,300.00"
13/11/2024,"22,666.67","22,833.33","22,375.00","22,541.67",-450.00,-0.02,"24,632,300.00"
12/11/2024,"23,125.00","23,250.00","22,750.00","22,916.67",-200.00,-0.01,"23,983,201.00"
11/11/2024,"22,541.67","23,083.33","22,458.33","23,083.33",700.00,0.03,"42,528,700.00"
08/11/2024,"22,666.67","22,916.67","22,500.00","22,500.00",50.00,0.00,"24,762,901.00"
07/11/2024,"22,583.33","22,750.00","22,458.33","22,458.33",0.00,0.00,"16,181,001.00"
06/11/2024,"22,208.33","22,625.00","22,125.00","22,458.33",450.00,0.02,"22,375,500.00"
05/11/2024,"21,916.67","22,125.00","21,833.33","22,083.33",200.00,0.01,"8,490,315.00"
04/11/2024,"22,125.00","22,125.00","21,791.67","21,916.67",-250.00,-0.01,"20,123,400.00"
01/11/2024,"22,333.33","22,375.00","22,041.67","22,125.00",-350.00,-0.01,"13,351,405.00"
31/10/2024,"22,541.67","22,541.67","22,333.33","22,416.67",-100.00,0.00,"14,550,100.00"
30/10/2024,"22,541.67","22,583.33","22,333.33","22,500.00",-50.00,0.00,"11,066,500.00"
29/10/2024,"22,333.33","22,625.00","22,250.00","22,541.67",300.00,0.01,"16,678,100.00"
28/10/2024,"22,083.33","22,458.33","22,083.33","22,291.67",300.00,0.01,"11,933,000.00"
25/10/2024,"22,166.67","22,208.33","22,041.67","22,041.67",0.00,0.00,"11,172,600.00"
24/10/2024,"22,083.33","22,250.00","21,958.33","22,041.67",0.00,0.00,"16,224,900.00"
23/10/2024,"22,208.33","22,250.00","21,958.33","22,041.67",-200.00,-0.01,"14,454,700.00"
22/10/2024,"22,208.33","22,375.00","22,083.33","22,208.33",-100.00,0.00,"18,335,001.00"
21/10/2024,"22,458.33","22,541.67","22,250.00","22,291.67",-200.00,-0.01,"13,914,500.00"
18/10/2024,"22,708.33","22,750.00","22,458.33","22,458.33",-300.00,-0.01,"16,643,613.00"
17/10/2024,"22,625.00","22,708.33","22,291.67","22,708.33",150.00,0.01,"20,662,033.00"
16/10/2024,"22,625.00","22,750.00","22,583.33","22,583.33",-50.00,0.00,"11,933,300.00"
15/10/2024,"22,833.33","22,875.00","22,625.00","22,625.00",100.00,0.00,"20,160,927.00"
14/10/2024,"22,791.67","22,875.00","22,541.67","22,541.67",-250.00,-0.01,"18,323,700.00"
11/10/2024,"22,791.67","22,875.00","22,500.00","22,750.00",50.00,0.00,"19,451,868.00"
10/10/2024,"23,000.00","23,083.33","22,708.33","22,708.33",-250.00,-0.01,"23,887,145.00"
09/10/2024,"22,625.00","22,916.67","22,541.67","22,916.67",550.00,0.02,"45,841,749.00"
08/10/2024,"22,000.00","22,583.33","21,958.33","22,458.33",550.00,0.02,"38,318,987.00"
07/10/2024,"22,000.00","22,083.33","21,833.33","22,000.00",200.00,0.01,"12,466,400.00"
04/10/2024,"21,833.33","22,083.33","21,750.00","21,833.33",0.00,0.00,"17,555,300.00"
03/10/2024,"22,041.67","22,208.33","21,750.00","21,833.33",-100.00,0.00,"26,798,500.00"
02/10/2024,"22,250.00","22,250.00","21,916.67","21,916.67",-450.00,-0.02,"21,285,700.00"
01/10/2024,"22,333.33","22,500.00","22,208.33","22,291.67",400.00,0.02,"38,139,200.00"
30/09/2024,"21,833.33","22,166.67","21,791.67","21,958.33",300.00,0.01,"37,965,219.00"
27/09/2024,"21,791.67","21,916.67","21,583.33","21,708.33",0.00,0.00,"31,021,600.00"
26/09/2024,"21,916.67","22,041.67","21,708.33","21,708.33",-150.00,-0.01,"26,321,128.00"
25/09/2024,"21,750.00","22,000.00","21,708.33","21,833.33",350.00,0.01,"41,289,216.00"
24/09/2024,"21,416.67","21,541.67","21,375.00","21,541.67",150.00,0.01,"15,408,007.00"
23/09/2024,"21,500.00","21,750.00","21,416.67","21,416.67",50.00,0.00,"18,756,600.00"
20/09/2024,"21,250.00","21,708.33","21,208.33","21,375.00",400.00,0.02,"55,737,814.00"
19/09/2024,"21,083.33","21,250.00","21,000.00","21,041.67",150.00,0.01,"13,854,311.00"
18/09/2024,"21,041.67","21,125.00","20,916.67","20,916.67",-150.00,-0.01,"15,748,523.00"
17/09/2024,"20,750.00","21,041.67","20,666.67","21,041.67",400.00,0.02,"13,250,409.00"
16/09/2024,"20,833.33","21,041.67","20,708.33","20,708.33",-150.00,-0.01,"14,733,600.00"
13/09/2024,"20,958.33","21,083.33","20,833.33","20,833.33",-100.00,0.00,"12,460,214.00"
12/09/2024,"21,166.67","21,291.67","20,916.67","20,916.67",-250.00,-0.01,"9,035,828.00"
11/09/2024,"20,958.33","21,291.67","20,875.00","21,125.00",200.00,0.01,"14,822,739.00"
10/09/2024,"21,458.33","21,541.67","20,958.33","20,958.33",-450.00,-0.02,"15,019,243.00"
09/09/2024,"21,166.67","21,833.33","21,083.33","21,333.33",200.00,0.01,"33,705,800.00"
06/09/2024,"20,875.00","21,166.67","20,625.00","21,166.67",350.00,0.01,"24,006,400.00"
05/09/2024,"21,125.00","21,125.00","20,833.33","20,875.00",-200.00,-0.01,"23,093,648.00"
04/09/2024,"21,083.33","21,208.33","20,916.67","21,041.67",-250.00,-0.01,"19,117,528.00"
30/08/2024,"21,416.67","21,458.33","21,250.00","21,250.00",-100.00,0.00,"18,554,700.00"
29/08/2024,"21,500.00","21,625.00","21,333.33","21,333.33",-100.00,0.00,"16,483,474.00"
28/08/2024,"21,541.67","21,625.00","21,375.00","21,416.67",-50.00,0.00,"18,829,317.00"
27/08/2024,"21,666.67","21,708.33","21,416.67","21,458.33",-250.00,-0.01,"14,121,527.00"
26/08/2024,"21,791.67","22,000.00","21,625.00","21,666.67",-50.00,0.00,"21,739,740.00"
23/08/2024,"21,458.33","21,708.33","21,166.67","21,708.33",300.00,0.01,"23,974,352.00"
22/08/2024,"21,833.33","21,875.00","21,416.67","21,458.33",-400.00,-0.02,"24,750,054.00"
21/08/2024,"21,541.67","21,875.00","21,500.00","21,791.67",350.00,0.01,"25,310,619.00"
20/08/2024,"21,666.67","21,833.33","21,500.00","21,500.00",-50.00,0.00,"20,447,937.00"
19/08/2024,"21,500.00","21,958.33","21,416.67","21,541.67",250.00,0.01,"24,830,544.00"
16/08/2024,"21,000.00","21,416.67","20,833.33","21,333.33",400.00,0.02,"36,501,948.00"
15/08/2024,"21,208.33","21,208.33","21,000.00","21,000.00",-250.00,-0.01,"17,264,458.00"
14/08/2024,"21,250.00","21,416.67","21,083.33","21,208.33",50.00,0.00,"14,953,422.00"
13/08/2024,"21,583.33","21,625.00","21,000.00","21,166.67",-450.00,-0.02,"27,064,600.00"
12/08/2024,"21,708.33","21,750.00","21,416.67","21,541.67",-200.00,-0.01,"13,266,000.00"
09/08/2024,"21,583.33","21,750.00","21,416.67","21,708.33",450.00,0.02,"13,383,201.00"
08/08/2024,"21,625.00","21,750.00","21,291.67","21,333.33",-450.00,-0.02,"21,915,800.00"
07/08/2024,"22,041.67","22,041.67","21,625.00","21,708.33",-250.00,-0.01,"16,249,700.00"
06/08/2024,"21,708.33","22,041.67","21,541.67","21,916.67",350.00,0.01,"20,427,400.00"
05/08/2024,"22,333.33","22,375.00","21,500.00","21,625.00","-1,300.00",-0.05,"46,010,000.00"
02/08/2024,"22,208.33","22,750.00","22,083.33","22,708.33",550.00,0.02,"17,642,000.00"
01/08/2024,"22,916.67","23,041.67","22,166.67","22,250.00",-500.00,-0.02,"31,450,400.00"
31/07/2024,"23,250.00","23,250.00","22,583.33","22,666.67",-700.00,-0.03,"24,578,900.00"
30/07/2024,"23,333.33","23,500.00","23,250.00","23,250.00",0.00,0.00,"15,612,800.00"
29/07/2024,"23,041.67","23,416.67","23,000.00","23,250.00",450.00,0.02,"16,736,740.00"
26/07/2024,"22,791.67","23,041.67","22,791.67","22,875.00",100.00,0.00,"8,866,900.00"
25/07/2024,"23,000.00","23,041.67","22,750.00","22,791.67",-350.00,-0.01,"13,419,700.00"
24/07/2024,"23,125.00","23,291.67","22,583.33","23,083.33",-100.00,0.00,"19,263,100.00"
23/07/2024,"23,375.00","23,500.00","23,166.67","23,166.67",-250.00,-0.01,"15,840,901.00"
22/07/2024,"23,416.67","23,500.00","23,125.00","23,375.00",-150.00,-0.01,"20,109,400.00"
19/07/2024,"23,666.67","23,666.67","23,500.00","23,500.00",-200.00,-0.01,"15,130,279.00"
18/07/2024,"23,500.00","23,708.33","23,375.00","23,666.67",200.00,0.01,"20,987,442.00"
17/07/2024,"23,791.67","23,833.33","23,000.00","23,500.00",-250.00,-0.01,"26,071,115.00"
16/07/2024,"23,750.00","23,875.00","23,666.67","23,708.33",0.00,0.00,"12,840,623.00"
15/07/2024,"23,791.67","23,958.33","23,500.00","23,708.33",-50.00,0.00,"16,511,707.00"
12/07/2024,"24,083.33","24,125.00","23,708.33","23,750.00",-350.00,-0.01,"18,403,524.00"
11/07/2024,"24,291.67","24,375.00","24,041.67","24,041.67",-100.00,0.00,"14,788,177.00"
10/07/2024,"24,250.00","24,583.33","24,125.00","24,125.00",-50.00,0.00,"31,339,963.00"
09/07/2024,"24,000.00","24,333.33","23,958.33","24,166.67",200.00,0.01,"22,824,391.00"
08/07/2024,"23,916.67","24,208.33","23,875.00","24,000.00",150.00,0.01,"19,549,369.00"
05/07/2024,"23,916.67","24,125.00","23,833.33","23,875.00",-50.00,0.00,"15,620,615.00"
04/07/2024,"24,041.67","24,208.33","23,833.33","23,916.67",-50.00,0.00,"9,373,180.00"
03/07/2024,"24,166.67","24,250.00","23,916.67","23,958.33",50.00,0.00,"19,520,980.00"
02/07/2024,"23,625.00","24,041.67","23,541.67","23,916.67",350.00,0.01,"21,378,622.00"
01/07/2024,"23,583.33","23,750.00","23,375.00","23,625.00",50.00,0.00,"13,725,538.00"
28/06/2024,"23,958.33","24,083.33","23,583.33","23,583.33",-550.00,-0.02,"23,362,342.00"
27/06/2024,"24,166.67","24,208.33","23,916.67","24,041.67",-50.00,0.00,"10,080,698.00"
26/06/2024,"23,958.33","24,333.33","23,833.33","24,083.33",200.00,0.01,"20,279,162.00"
25/06/2024,"23,833.33","24,208.33","23,750.00","23,916.67",0.00,0.00,"17,801,134.00"
24/06/2024,"24,166.67","24,250.00","23,541.67","23,916.67",-350.00,-0.01,"38,366,667.00"
21/06/2024,"24,458.33","24,458.33","24,166.67","24,208.33",-300.00,-0.01,"15,503,499.00"
20/06/2024,"24,375.00","24,500.00","24,125.00","24,458.33",0.00,0.00,"27,913,363.00"
19/06/2024,"24,583.33","24,625.00","24,375.00","24,458.33",-50.00,0.00,"19,834,502.00"
18/06/2024,"24,583.33","24,750.00","24,500.00","24,500.00",-50.00,0.00,"20,193,100.00"
17/06/2024,"24,250.00","24,958.33","24,166.67","24,541.67",350.00,0.01,"34,436,100.00"
14/06/2024,"24,583.33","24,958.33","24,250.00","24,250.00",-400.00,-0.01,"43,195,900.00"
13/06/2024,"24,708.33","24,750.00","24,416.67","24,583.33",-100.00,0.00,"22,548,700.00"
12/06/2024,"24,166.67","24,666.67","24,166.67","24,666.67",500.00,0.02,"24,902,100.00"
11/06/2024,"24,500.00","24,708.33","24,208.33","24,250.00",-200.00,-0.01,"28,986,575.00"
10/06/2024,"24,500.00","24,541.67","24,291.67","24,416.67",0.00,0.00,"20,655,107.00"
07/06/2024,"24,458.33","24,500.00","24,250.00","24,416.67",0.00,0.00,"16,383,053.00"
06/06/2024,"24,375.00","24,708.33","24,083.33","24,416.67",50.00,0.00,"27,536,775.00"
05/06/2024,"24,416.67","24,583.33","24,250.00","24,375.00",-50.00,0.00,"19,195,959.00"
04/06/2024,"24,166.67","24,833.33","24,166.67","24,416.67",300.00,0.01,"44,847,351.00"
03/06/2024,"24,000.00","24,250.00","24,000.00","24,166.67",400.00,0.01,"20,654,619.00"
31/05/2024,"23,666.67","24,000.00","23,375.00","23,833.33",350.00,0.01,"17,796,997.00"
30/05/2024,"23,750.00","23,791.67","23,333.33","23,541.67",-350.00,-0.01,"27,449,780.00"
29/05/2024,"24,250.00","24,375.00","23,833.33","23,833.33",-550.00,-0.02,"24,119,540.00"
28/05/2024,"24,166.67","24,333.33","24,000.00","24,291.67",250.00,0.01,"17,736,772.00"
27/05/2024,"24,083.33","24,416.67","23,875.00","24,083.33",0.00,0.00,"17,344,232.00"
24/05/2024,"24,416.67","24,583.33","23,750.00","24,083.33",-600.00,-0.02,"30,353,772.00"
23/05/2024,"24,041.67","24,583.33","23,833.33","24,583.33","1,050.00",0.04,"39,455,295.00"
22/05/2024,"24,128.79","24,204.55","23,598.48","23,712.12",-550.00,-0.02,"40,508,723.00"
21/05/2024,"24,242.42","24,242.42","23,825.76","24,128.79",-150.00,0.00,"20,883,641.00"
20/05/2024,"23,977.27","24,356.06","23,939.39","24,242.42",400.00,0.01,"46,797,106.00"
17/05/2024,"23,939.39","23,939.39","23,598.48","23,939.39",0.00,0.00,"29,140,985.00"
16/05/2024,"23,939.39","24,128.79","23,825.76","23,939.39",400.00,0.01,"27,705,927.00"
15/05/2024,"22,916.67","23,750.00","22,916.67","23,636.36","1,000.00",0.03,"45,635,336.00"
14/05/2024,"23,030.30","23,257.58","22,803.03","22,878.79",0.00,0.00,"16,274,084.00"
13/05/2024,"23,143.94","23,219.70","22,803.03","22,878.79",-250.00,-0.01,"13,171,595.00"
10/05/2024,"23,181.82","23,219.70","22,689.39","23,068.18",0.00,0.00,"19,161,936.00"
09/05/2024,"23,409.09","23,409.09","22,765.15","23,068.18",-250.00,-0.01,"19,442,715.00"
08/05/2024,"22,840.91","23,484.85","22,537.88","23,257.58",550.00,0.02,"34,770,500.00"
07/05/2024,"22,272.73","22,878.79","22,159.09","22,840.91",850.00,0.03,"31,399,200.00"
06/05/2024,"21,856.06","22,234.85","21,818.18","22,196.97",650.00,0.02,"29,599,900.00"
03/05/2024,"21,477.27","22,045.45","21,477.27","21,704.55",300.00,0.01,"16,754,800.00"
02/05/2024,"21,515.15","21,515.15","21,250.00","21,477.27",-50.00,0.00,"7,463,100.00"
26/04/2024,"21,439.39","21,628.79","21,250.00","21,515.15",-150.00,-0.01,"18,910,000.00"
25/04/2024,"21,742.42","21,742.42","21,439.39","21,628.79",-250.00,-0.01,"11,424,400.00"
24/04/2024,"21,136.36","21,931.82","21,022.73","21,818.18","1,200.00",0.04,"23,432,001.00"
23/04/2024,"21,212.12","21,250.00","20,795.45","20,909.09",-400.00,-0.01,"18,547,900.00"
22/04/2024,"21,363.64","21,363.64","21,098.48","21,212.12",200.00,0.01,"12,410,900.00"
19/04/2024,"21,060.61","21,477.27","20,833.33","21,060.61",-200.00,-0.01,"26,326,500.00"
17/04/2024,"21,590.91","21,628.79","21,136.36","21,212.12",-350.00,-0.01,"16,265,300.00"
16/04/2024,"21,590.91","21,628.79","21,098.48","21,477.27",-150.00,-0.01,"33,612,272.00"
15/04/2024,"22,613.64","22,689.39","21,287.88","21,590.91","-1,450.00",-0.05,"31,127,300.00"
12/04/2024,"22,727.27","22,803.03","22,613.64","22,689.39",50.00,0.00,"14,006,900.00"
11/04/2024,"22,310.61","22,840.91","22,310.61","22,651.52",250.00,0.01,"19,476,200.00"
10/04/2024,"22,689.39","22,803.03","22,462.12","22,462.12",-250.00,-0.01,"11,134,400.00"
09/04/2024,"22,424.24","22,651.52","22,386.36","22,651.52",300.00,0.01,"10,238,000.00"
08/04/2024,"22,310.61","22,575.76","22,196.97","22,424.24",150.00,0.01,"16,788,800.00"
05/04/2024,"22,310.61","22,537.88","22,159.09","22,310.61",-150.00,-0.01,"24,098,800.00"
04/04/2024,"22,689.39","22,765.15","22,386.36","22,424.24",-350.00,-0.01,"27,732,300.00"
03/04/2024,"22,992.42","23,068.18","22,689.39","22,689.39",-450.00,-0.01,"21,639,800.00"
02/04/2024,"22,651.52","23,030.30","22,575.76","23,030.30",300.00,0.01,"28,467,100.00"
01/04/2024,"22,878.79","22,992.42","22,689.39","22,803.03",-150.00,0.00,"21,419,400.00"
29/03/2024,"23,181.82","23,181.82","22,916.67","22,916.67",-300.00,-0.01,"17,762,200.00"
28/03/2024,"23,371.21","23,371.21","23,068.18","23,143.94",-50.00,0.00,"20,145,700.00"
27/03/2024,"23,409.09","23,560.61","23,181.82","23,181.82",50.00,0.00,"25,724,600.00"
26/03/2024,"22,878.79","23,143.94","22,803.03","23,143.94",350.00,0.01,"12,175,700.00"
25/03/2024,"23,143.94","23,446.97","22,765.15","22,878.79",-350.00,-0.01,"22,880,600.00"
22/03/2024,"22,992.42","23,257.58","22,878.79","23,143.94",300.00,0.01,"37,701,300.00"
21/03/2024,"22,992.42","23,143.94","22,803.03","22,916.67",250.00,0.01,"20,967,600.00"
20/03/2024,"22,613.64","22,803.03","22,537.88","22,727.27",200.00,0.01,"13,375,700.00"
19/03/2024,"22,348.48","23,181.82","22,272.73","22,575.76",200.00,0.01,"27,118,100.00"
18/03/2024,"22,840.91","22,878.79","21,969.70","22,424.24",-500.00,-0.02,"50,215,700.00"
15/03/2024,"22,992.42","23,257.58","22,727.27","22,803.03",-250.00,-0.01,"35,823,700.00"
14/03/2024,"23,409.09","23,409.09","22,916.67","22,992.42",-450.00,-0.01,"31,392,900.00"
13/03/2024,"22,878.79","23,371.21","22,803.03","23,333.33",600.00,0.02,"29,606,000.00"
12/03/2024,"22,613.64","23,030.30","22,575.76","22,878.79",300.00,0.01,"30,690,400.00"
11/03/2024,"22,954.55","23,181.82","22,575.76","22,651.52",-400.00,-0.01,"30,950,100.00"
08/03/2024,"23,484.85","23,522.73","22,916.67","22,954.55",-700.00,-0.02,"49,537,200.00"
07/03/2024,"23,257.58","23,750.00","23,181.82","23,484.85",200.00,0.01,"33,396,039.00"
06/03/2024,"23,560.61","23,598.48","23,106.06","23,333.33",-350.00,-0.01,"31,501,502.00"
05/03/2024,"23,333.33","23,712.12","23,257.58","23,598.48",350.00,0.01,"30,224,001.00"
04/03/2024,"23,484.85","23,787.88","23,257.58","23,333.33",-50.00,0.00,"28,969,076.00"
01/03/2024,"23,636.36","23,636.36","23,219.70","23,371.21",-150.00,0.00,"27,438,700.00"
29/02/2024,"23,295.45","23,598.48","23,106.06","23,484.85",400.00,0.01,"34,075,500.00"
28/02/2024,"23,030.30","23,446.97","22,840.91","23,181.82",250.00,0.01,"37,000,002.00"
27/02/2024,"21,893.94","23,068.18","21,818.18","22,992.42","1,550.00",0.05,"87,561,100.00"
26/02/2024,"21,515.15","21,818.18","21,439.39","21,818.18",400.00,0.01,"20,376,700.00"
23/02/2024,"21,628.79","21,856.06","21,515.15","21,515.15",-150.00,-0.01,"28,538,800.00"
22/02/2024,"21,742.42","21,818.18","21,628.79","21,628.79",-250.00,-0.01,"22,608,301.00"
21/02/2024,"22,045.45","22,083.33","21,742.42","21,818.18",-400.00,-0.01,"32,837,600.00"
20/02/2024,"22,121.21","22,234.85","22,007.58","22,121.21",0.00,0.00,"21,739,700.00"
19/02/2024,"21,704.55","22,272.73","21,553.03","22,121.21",600.00,0.02,"47,187,940.00"
16/02/2024,"21,780.30","21,818.18","21,666.67","21,666.67",-100.00,0.00,"17,567,800.00"
15/02/2024,"21,439.39","21,893.94","21,401.52","21,742.42",550.00,0.02,"37,489,800.00"
07/02/2024,"21,250.00","21,439.39","21,250.00","21,325.76",100.00,0.00,"13,808,300.00"
06/02/2024,"21,325.76","21,401.52","21,212.12","21,250.00",50.00,0.00,"15,315,500.00"
05/02/2024,"21,136.36","21,439.39","21,136.36","21,212.12",100.00,0.00,"16,271,201.00"
02/02/2024,"20,984.85","21,287.88","20,984.85","21,136.36",50.00,0.00,"15,092,200.00"
01/02/2024,"21,022.73","21,287.88","20,984.85","21,098.48",100.00,0.00,"10,636,100.00"
31/01/2024,"21,174.24","21,287.88","21,022.73","21,022.73",-250.00,-0.01,"25,296,900.00"
30/01/2024,"21,212.12","21,287.88","21,098.48","21,212.12",0.00,0.00,"17,621,200.00"
29/01/2024,"21,477.27","21,515.15","21,212.12","21,212.12",-350.00,-0.01,"21,859,000.00"
26/01/2024,"21,515.15","21,590.91","21,401.52","21,477.27",100.00,0.00,"21,640,300.00"
25/01/2024,"21,401.52","21,515.15","21,212.12","21,401.52",0.00,0.00,"15,727,000.00"
24/01/2024,"21,439.39","21,590.91","21,401.52","21,401.52",-100.00,0.00,"16,418,900.00"
23/01/2024,"21,553.03","21,590.91","21,401.52","21,477.27",50.00,0.00,"25,318,300.00"
22/01/2024,"21,212.12","21,704.55","21,098.48","21,439.39",500.00,0.02,"66,771,300.00"
19/01/2024,"21,022.73","21,136.36","20,909.09","21,060.61",150.00,0.01,"15,006,900.00"
18/01/2024,"20,984.85","21,098.48","20,909.09","20,946.97",0.00,0.00,"13,034,000.00"
17/01/2024,"21,098.48","21,174.24","20,946.97","20,946.97",-150.00,-0.01,"23,596,200.00"
16/01/2024,"20,530.30","21,060.61","20,492.42","21,060.61",700.00,0.03,"20,767,200.00"
15/01/2024,"20,606.06","20,795.45","20,530.30","20,530.30",-50.00,0.00,"12,620,150.00"
12/01/2024,"20,719.70","20,795.45","20,492.42","20,568.18",-350.00,-0.01,"28,841,500.00"
11/01/2024,"20,795.45","20,946.97","20,757.58","20,833.33",150.00,0.01,"15,339,900.00"
10/01/2024,"20,984.85","21,022.73","20,643.94","20,719.70",-350.00,-0.01,"32,696,500.00"
09/01/2024,"21,136.36","21,174.24","20,833.33","20,984.85",-150.00,-0.01,"29,840,900.00"
08/01/2024,"21,174.24","21,401.52","21,098.48","21,098.48",50.00,0.00,"32,914,400.00"
05/01/2024,"21,022.73","21,136.36","20,871.21","21,060.61",50.00,0.00,"17,387,400.00"
04/01/2024,"21,060.61","21,287.88","20,984.85","21,022.73",-50.00,0.00,"39,592,700.00"
03/01/2024,"20,757.58","21,060.61","20,757.58","21,060.61",350.00,0.01,"18,575,400.00"
02/01/2024,"21,287.88","21,325.76","20,795.45","20,795.45",-500.00,-0.02,"22,187,200.00"
29/12/2023,"21,174.24","21,287.88","21,060.61","21,174.24",0.00,0.00,"22,675,010.00"
28/12/2023,"21,022.73","21,363.64","20,946.97","21,174.24",200.00,0.01,"32,506,200.00"
27/12/2023,"21,098.48","21,212.12","21,022.73","21,022.73",-50.00,0.00,"20,976,900.00"
26/12/2023,"20,757.58","21,136.36","20,757.58","21,060.61",350.00,0.01,"33,842,900.00"
25/12/2023,"20,568.18","20,909.09","20,568.18","20,795.45",400.00,0.01,"22,195,500.00"
22/12/2023,"20,606.06","20,719.70","20,492.42","20,492.42",-150.00,-0.01,"17,526,100.00"
21/12/2023,"20,530.30","20,681.82","20,416.67","20,606.06",0.00,0.00,"15,202,400.00"
20/12/2023,"20,606.06","20,719.70","20,530.30","20,606.06",0.00,0.00,"17,987,600.00"
19/12/2023,"20,151.52","20,606.06","20,113.64","20,606.06",600.00,0.02,"21,348,200.00"
18/12/2023,"20,378.79","20,454.55","20,151.52","20,151.52",-200.00,-0.01,"15,457,800.00"
15/12/2023,"20,530.30","20,606.06","20,265.15","20,303.03",-250.00,-0.01,"36,181,700.00"
14/12/2023,"20,871.21","20,871.21","20,492.42","20,492.42",-300.00,-0.01,"32,333,500.00"
13/12/2023,"21,287.88","21,363.64","20,681.82","20,719.70",-600.00,-0.02,"33,557,700.00"
12/12/2023,"20,833.33","21,363.64","20,833.33","21,174.24",450.00,0.02,"32,231,800.00"
11/12/2023,"20,984.85","21,060.61","20,681.82","20,833.33",-200.00,-0.01,"17,990,400.00"
08/12/2023,"21,060.61","21,401.52","20,833.33","20,984.85",100.00,0.00,"52,783,700.00"
07/12/2023,"20,946.97","21,136.36","20,416.67","20,909.09",0.00,0.00,"50,275,900.00"
06/12/2023,"20,643.94","20,909.09","20,606.06","20,909.09",350.00,0.01,"18,648,100.00"
05/12/2023,"20,833.33","20,871.21","20,568.18","20,643.94",-250.00,-0.01,"22,656,100.00"
04/12/2023,"20,606.06","21,022.73","20,492.42","20,833.33",600.00,0.02,"42,381,800.00"
01/12/2023,"20,303.03","20,530.30","20,037.88","20,378.79",350.00,0.01,"17,483,301.00"
30/11/2023,"20,530.30","20,606.06","20,113.64","20,113.64",-450.00,-0.02,"21,381,100.00"
29/11/2023,"20,227.27","20,530.30","20,189.39","20,454.55",300.00,0.01,"23,003,000.00"
28/11/2023,"20,000.00","20,227.27","19,734.85","20,227.27",400.00,0.02,"19,323,600.00"
27/11/2023,"20,075.76","20,265.15","19,848.48","19,924.24",-100.00,0.00,"16,724,600.00"
24/11/2023,"19,696.97","20,000.00","19,356.06","20,000.00",550.00,0.02,"26,228,500.00"
23/11/2023,"20,681.82","20,719.70","19,583.33","19,583.33","-1,350.00",-0.05,"21,804,500.00"
22/11/2023,"20,454.55","20,606.06","20,378.79","20,606.06",150.00,0.01,"17,945,500.00"
21/11/2023,"20,454.55","20,833.33","20,416.67","20,492.42",400.00,0.02,"26,772,700.00"
20/11/2023,"19,772.73","20,378.79","19,772.73","20,189.39",150.00,0.01,"18,250,000.00"
17/11/2023,"20,606.06","20,757.58","19,924.24","20,075.76",-700.00,-0.03,"43,368,900.00"
16/11/2023,"20,340.91","20,606.06","20,303.03","20,606.06",200.00,0.01,"16,331,000.00"
15/11/2023,"20,871.21","21,060.61","20,454.55","20,454.55",0.00,0.00,"34,793,000.00"
14/11/2023,"20,757.58","20,833.33","20,227.27","20,454.55",-200.00,-0.01,"24,170,000.00"
13/11/2023,"20,075.76","20,909.09","20,075.76","20,606.06",700.00,0.03,"44,047,300.00"
10/11/2023,"20,000.00","20,530.30","19,962.12","20,075.76",-200.00,-0.01,"29,080,100.00"
09/11/2023,"20,416.67","20,757.58","20,151.52","20,227.27",-250.00,-0.01,"31,361,600.00"
08/11/2023,"19,545.45","20,416.67","19,393.94","20,416.67","1,150.00",0.04,"35,518,700.00"
07/11/2023,"19,545.45","19,848.48","19,280.30","19,545.45",50.00,0.00,"19,881,700.00"
06/11/2023,"19,204.55","19,621.21","19,090.91","19,507.58",650.00,0.03,"47,070,500.00"
03/11/2023,"19,242.42","19,318.18","18,750.00","19,015.15",-150.00,-0.01,"20,498,300.00"
02/11/2023,"18,333.33","19,393.94","18,257.58","19,128.79","1,300.00",0.05,"27,571,800.00"
01/11/2023,"17,424.24","18,143.94","17,386.36","18,143.94",950.00,0.04,"35,559,800.00"
31/10/2023,"17,803.03","17,803.03","17,348.48","17,424.24",0.00,0.00,"20,972,000.00"
30/10/2023,"17,689.39","17,992.42","17,424.24","17,424.24",-350.00,-0.01,"16,203,500.00"
27/10/2023,"17,613.64","17,803.03","17,310.61","17,689.39",550.00,0.02,"21,751,200.00"
26/10/2023,"18,030.30","18,068.18","17,121.21","17,272.73","-1,250.00",-0.05,"31,110,601.00"
25/10/2023,"18,219.70","18,636.36","18,219.70","18,219.70",50.00,0.00,"12,062,100.00"
24/10/2023,"18,219.70","18,484.85","17,916.67","18,181.82",0.00,0.00,"9,913,100.00"
23/10/2023,"18,446.97","18,446.97","17,954.55","18,181.82",-350.00,-0.01,"11,978,700.00"
20/10/2023,"17,954.55","18,446.97","17,689.39","18,446.97",650.00,0.03,"16,576,100.00"
19/10/2023,"18,257.58","18,333.33","17,765.15","17,954.55",-300.00,-0.01,"20,934,100.00"
18/10/2023,"18,787.88","18,901.52","17,575.76","18,181.82",-800.00,-0.03,"31,519,100.00"
17/10/2023,"19,090.91","19,280.30","18,787.88","18,787.88",-200.00,-0.01,"15,321,500.00"
16/10/2023,"19,507.58","19,545.45","18,939.39","18,939.39",-750.00,-0.03,"16,265,000.00"
13/10/2023,"19,393.94","19,507.58","18,977.27","19,507.58",-50.00,0.00,"20,448,000.00"
12/10/2023,"19,924.24","19,924.24","19,393.94","19,545.45",-400.00,-0.02,"23,114,300.00"
11/10/2023,"19,810.61","19,886.36","19,545.45","19,848.48",200.00,0.01,"13,818,200.00"
10/10/2023,"19,469.70","19,886.36","19,393.94","19,696.97",500.00,0.02,"20,145,700.00"
09/10/2023,"18,901.52","19,393.94","18,901.52","19,318.18",550.00,0.02,"11,637,850.00"
06/10/2023,"18,825.76","19,166.67","18,674.24","18,901.52",50.00,0.00,"20,850,000.00"
05/10/2023,"19,242.42","19,318.18","18,825.76","18,863.64",-350.00,-0.01,"10,524,150.00"
04/10/2023,"18,560.61","19,318.18","18,181.82","19,128.79",450.00,0.02,"21,145,200.00"
03/10/2023,"19,772.73","19,772.73","18,712.12","18,787.88","-1,400.00",-0.05,"40,668,000.00"
02/10/2023,"19,924.24","20,037.88","19,696.97","19,848.48",-100.00,0.00,"11,880,051.00"
29/09/2023,"20,303.03","20,340.91","19,886.36","19,924.24",-300.00,-0.01,"16,242,100.00"
28/09/2023,"20,151.52","20,340.91","19,848.48","20,151.52",100.00,0.00,"17,462,600.00"
27/09/2023,"19,810.61","20,227.27","19,810.61","20,075.76",300.00,0.01,"22,287,101.00"
26/09/2023,"19,583.33","20,303.03","19,583.33","19,848.48",200.00,0.01,"31,033,600.00"
25/09/2023,"20,454.55","20,833.33","19,469.70","19,696.97","-1,300.00",-0.05,"36,873,300.00"
22/09/2023,"21,022.73","21,174.24","20,265.15","20,681.82","-1,100.00",-0.04,"51,375,500.00"
21/09/2023,"21,515.15","22,045.45","21,325.76","21,515.15",0.00,0.00,"42,961,200.00"
20/09/2023,"21,325.76","21,628.79","21,250.00","21,515.15",250.00,0.01,"26,862,700.00"
19/09/2023,"21,212.12","21,325.76","20,833.33","21,325.76",550.00,0.02,"22,032,900.00"
18/09/2023,"20,909.09","21,287.88","20,606.06","20,909.09",0.00,0.00,"21,241,200.00"
15/09/2023,"21,136.36","21,287.88","20,909.09","20,909.09",-200.00,-0.01,"25,750,600.00"
14/09/2023,"21,515.15","21,628.79","21,022.73","21,060.61",-600.00,-0.02,"36,127,400.00"
13/09/2023,"21,818.18","22,272.73","21,401.52","21,515.15",-350.00,-0.01,"49,263,400.00"
12/09/2023,"21,212.12","21,780.30","20,984.85","21,780.30",750.00,0.03,"22,795,529.00"
11/09/2023,"21,969.70","22,007.58","21,022.73","21,212.12",-750.00,-0.03,"47,697,600.00"
08/09/2023,"21,590.91","22,083.33","21,515.15","21,780.30",100.00,0.00,"35,945,480.00"
07/09/2023,"21,969.70","22,196.97","21,590.91","21,704.55",-350.00,-0.01,"33,992,812.00"
06/09/2023,"21,022.73","21,969.70","20,757.58","21,969.70","1,200.00",0.04,"52,984,608.00"
05/09/2023,"21,060.61","21,174.24","20,643.94","21,060.61",200.00,0.01,"24,602,611.00"
31/08/2023,"20,757.58","21,136.36","20,681.82","20,909.09",400.00,0.01,"25,934,105.00"
30/08/2023,"20,454.55","20,643.94","20,265.15","20,606.06",200.00,0.01,"20,440,601.00"
29/08/2023,"20,378.79","20,568.18","20,227.27","20,454.55",150.00,0.01,"18,000,604.00"
28/08/2023,"19,696.97","20,340.91","19,696.97","20,340.91",900.00,0.03,"23,121,805.00"
25/08/2023,"19,848.48","20,000.00","19,659.09","19,659.09",-350.00,-0.01,"21,878,713.00"
24/08/2023,"19,431.82","19,924.24","19,393.94","19,924.24",650.00,0.03,"16,636,913.00"
23/08/2023,"19,962.12","20,037.88","19,431.82","19,431.82",-500.00,-0.02,"21,853,330.00"
22/08/2023,"19,848.48","19,962.12","19,015.15","19,810.61",-50.00,0.00,"37,542,816.00"
21/08/2023,"20,037.88","20,113.64","19,621.21","19,848.48",-300.00,-0.01,"31,481,379.00"
18/08/2023,"21,136.36","21,212.12","19,848.48","20,075.76","-1,600.00",-0.06,"46,397,415.00"
17/08/2023,"21,212.12","21,742.42","21,212.12","21,287.88",150.00,0.01,"47,261,778.00"
16/08/2023,"21,174.24","21,212.12","20,946.97","21,174.24",0.00,0.00,"14,994,629.00"
15/08/2023,"21,325.76","21,401.52","21,098.48","21,174.24",-200.00,-0.01,"18,301,649.00"
14/08/2023,"21,060.61","21,477.27","20,946.97","21,325.76",450.00,0.02,"45,175,526.00"
11/08/2023,"20,757.58","21,022.73","20,568.18","20,984.85",350.00,0.01,"23,577,117.00"
10/08/2023,"21,136.36","21,136.36","20,681.82","20,719.70",-450.00,-0.02,"17,064,830.00"
09/08/2023,"20,606.06","21,098.48","20,492.42","21,060.61",600.00,0.02,"42,762,954.00"
08/08/2023,"20,909.09","21,136.36","20,568.18","20,606.06",-350.00,-0.01,"25,958,519.00"
07/08/2023,"20,871.21","21,022.73","20,681.82","20,871.21",200.00,0.01,"23,770,019.00"
04/08/2023,"20,303.03","20,833.33","20,303.03","20,719.70",500.00,0.02,"22,170,814.00"
03/08/2023,"20,719.70","20,833.33","20,075.76","20,340.91",-650.00,-0.02,"58,359,718.00"
02/08/2023,"20,757.58","21,098.48","20,643.94","20,833.33",0.00,0.00,"18,524,135.00"
01/08/2023,"21,287.88","21,287.88","20,833.33","20,833.33",-700.00,-0.02,"28,163,521.00"
31/07/2023,"21,363.64","21,401.52","20,719.70","21,363.64",-100.00,0.00,"46,549,545.00"
28/07/2023,"21,515.15","21,666.67","21,325.76","21,439.39",-100.00,0.00,"23,039,306.00"
27/07/2023,"21,515.15","21,742.42","21,287.88","21,515.15",0.00,0.00,"21,315,975.00"
26/07/2023,"21,401.52","21,553.03","21,325.76","21,515.15",150.00,0.01,"23,078,668.00"
25/07/2023,"21,401.52","21,477.27","21,212.12","21,401.52",0.00,0.00,"20,225,274.00"
24/07/2023,"21,553.03","21,666.67","21,212.12","21,401.52",50.00,0.00,"17,447,926.00"
21/07/2023,"21,477.27","21,515.15","21,287.88","21,515.15",200.00,0.01,"18,455,977.00"
20/07/2023,"20,681.82","21,363.64","20,681.82","21,363.64",800.00,0.03,"31,095,334.00"
19/07/2023,"20,530.30","20,984.85","20,492.42","20,757.58",200.00,0.01,"15,378,301.00"
18/07/2023,"20,681.82","20,719.70","20,492.42","20,606.06",-100.00,0.00,"12,492,500.00"
17/07/2023,"20,984.85","21,022.73","20,606.06","20,681.82",-200.00,-0.01,"12,593,900.00"
14/07/2023,"20,568.18","20,833.33","20,492.42","20,833.33",450.00,0.02,"17,078,400.00"
13/07/2023,"20,833.33","20,833.33","20,378.79","20,492.42",50.00,0.00,"14,212,701.00"
12/07/2023,"20,681.82","20,795.45","20,189.39","20,454.55",-300.00,-0.01,"27,758,201.00"
11/07/2023,"21,060.61","21,250.00","20,643.94","20,681.82",-400.00,-0.01,"24,220,101.00"
10/07/2023,"20,795.45","21,174.24","20,719.70","20,984.85",250.00,0.01,"24,267,702.00"
07/07/2023,"20,378.79","20,795.45","20,075.76","20,795.45",450.00,0.02,"25,229,200.00"
06/07/2023,"20,378.79","20,568.18","20,075.76","20,454.55",50.00,0.00,"28,121,301.00"
05/07/2023,"20,000.00","20,606.06","19,886.36","20,416.67",700.00,0.03,"33,534,000.00"
04/07/2023,"19,810.61","19,886.36","19,621.21","19,886.36",50.00,0.00,"21,728,200.00"
03/07/2023,"19,848.48","20,037.88","19,621.21","19,848.48",50.00,0.00,"17,327,101.00"
30/06/2023,"19,469.70","19,848.48","19,431.82","19,810.61",350.00,0.01,"32,968,600.00"
29/06/2023,"20,189.39","20,227.27","19,545.45","19,545.45",-800.00,-0.03,"39,472,700.00"
28/06/2023,"19,696.97","20,227.27","19,621.21","20,151.52",800.00,0.03,"32,468,901.00"
27/06/2023,"19,204.55","19,545.45","19,015.15","19,545.45",600.00,0.02,"20,048,100.00"
26/06/2023,"19,242.42","19,318.18","18,712.12","19,090.91",-200.00,-0.01,"20,399,201.00"
23/06/2023,"18,825.76","19,356.06","18,750.00","19,242.42",550.00,0.02,"29,639,240.00"
22/06/2023,"18,712.12","18,901.52","18,446.97","18,825.76",250.00,0.01,"23,036,300.00"
21/06/2023,"17,954.55","18,674.24","17,803.03","18,636.36",950.00,0.04,"37,992,000.00"
20/06/2023,"17,689.39","17,916.67","17,651.52","17,916.67",300.00,0.01,"14,608,300.00"
19/06/2023,"17,765.15","17,803.03","17,651.52","17,689.39",-100.00,0.00,"13,360,900.00"
16/06/2023,"17,613.64","18,030.30","17,537.88","17,765.15",300.00,0.01,"33,073,500.00"
15/06/2023,"17,424.24","17,613.64","17,424.24","17,537.88",50.00,0.00,"17,698,300.00"
14/06/2023,"17,765.15","17,765.15","17,500.00","17,500.00",-300.00,-0.01,"25,675,800.00"
13/06/2023,"17,424.24","17,765.15","17,348.48","17,727.27",450.00,0.02,"37,149,400.00"
12/06/2023,"17,500.00","17,537.88","17,045.45","17,386.36",50.00,0.00,"22,219,201.00"
09/06/2023,"17,272.73","17,348.48","17,045.45","17,348.48",100.00,0.00,"24,255,300.00"
08/06/2023,"17,196.97","17,537.88","17,196.97","17,272.73",200.00,0.01,"42,733,900.00"
07/06/2023,"16,666.67","17,272.73","16,666.67","17,121.21",850.00,0.04,"55,514,600.00"
06/06/2023,"16,439.39","16,553.03","16,325.76","16,477.27",100.00,0.00,"11,799,901.00"
05/06/2023,"16,515.15","16,704.55","16,363.64","16,401.52",50.00,0.00,"20,094,300.00"
02/06/2023,"16,287.88","16,515.15","16,250.00","16,363.64",200.00,0.01,"19,016,500.00"
01/06/2023,"16,022.73","16,212.12","15,946.97","16,212.12",200.00,0.01,"10,836,200.00"
31/05/2023,"16,212.12","16,250.00","16,022.73","16,060.61",-150.00,-0.01,"13,565,700.00"
30/05/2023,"16,287.88","16,363.64","16,098.48","16,174.24",-100.00,0.00,"13,457,900.00"
29/05/2023,"16,136.36","16,250.00","16,060.61","16,250.00",350.00,0.02,"11,091,800.00"
26/05/2023,"16,136.36","16,212.12","15,795.45","15,984.85",-100.00,0.00,"16,088,200.00"
25/05/2023,"16,136.36","16,250.00","16,060.61","16,060.61",-100.00,0.00,"13,531,500.00"
24/05/2023,"16,590.91","16,590.91","16,136.36","16,136.36",-400.00,-0.02,"20,320,100.00"
23/05/2023,"16,628.79","16,704.55","16,363.64","16,439.39",-200.00,-0.01,"13,893,100.00"
22/05/2023,"16,515.15","16,742.42","16,477.27","16,590.91",100.00,0.00,"14,917,401.00"
19/05/2023,"16,666.67","16,742.42","16,401.52","16,515.15",-150.00,-0.01,"12,964,435.00"
18/05/2023,"16,590.91","16,818.18","16,515.15","16,628.79",150.00,0.01,"18,640,700.00"
17/05/2023,"16,666.67","16,742.42","16,477.27","16,515.15",-200.00,-0.01,"29,314,700.00"
16/05/2023,"16,742.42","16,893.94","16,590.91","16,666.67",-100.00,0.00,"18,504,800.00"
15/05/2023,"17,007.58","17,121.21","16,742.42","16,742.42",-250.00,-0.01,"17,873,101.00"
12/05/2023,"16,477.27","17,045.45","16,363.64","16,931.82",600.00,0.03,"45,200,300.00"
11/05/2023,"16,515.15","16,628.79","16,363.64","16,477.27",50.00,0.00,"13,740,100.00"
10/05/2023,"16,515.15","16,590.91","16,401.52","16,439.39",-100.00,0.00,"8,834,008.00"
09/05/2023,"16,363.64","16,780.30","16,363.64","16,515.15",200.00,0.01,"22,413,800.00"
08/05/2023,"16,325.76","16,477.27","16,250.00","16,363.64",150.00,0.01,"11,448,600.00"
05/05/2023,"16,136.36","16,439.39","16,060.61","16,250.00",150.00,0.01,"12,826,300.00"
04/05/2023,"16,250.00","16,363.64","16,060.61","16,136.36",-350.00,-0.02,"16,642,400.00"
28/04/2023,"16,439.39","16,515.15","16,212.12","16,401.52",-50.00,0.00,"16,691,600.00"
27/04/2023,"16,666.67","16,666.67","16,363.64","16,439.39",-300.00,-0.01,"19,201,300.00"
26/04/2023,"15,946.97","16,666.67","15,833.33","16,666.67",950.00,0.05,"43,339,656.00"
25/04/2023,"15,757.58","16,098.48","15,681.82","15,946.97",400.00,0.02,"21,036,200.00"
24/04/2023,"15,681.82","15,757.58","15,568.18","15,643.94",-50.00,0.00,"16,360,500.00"
21/04/2023,"15,757.58","15,795.45","15,681.82","15,681.82",-100.00,0.00,"13,415,658.00"
20/04/2023,"15,757.58","15,833.33","15,719.70","15,757.58",0.00,0.00,"6,641,700.00"
19/04/2023,"15,946.97","15,946.97","15,757.58","15,757.58",-150.00,-0.01,"10,479,100.00"
18/04/2023,"15,833.33","15,909.09","15,757.58","15,871.21",100.00,0.00,"11,571,700.00"
17/04/2023,"15,606.06","15,833.33","15,606.06","15,795.45",200.00,0.01,"9,275,500.00"
14/04/2023,"15,568.18","15,795.45","15,530.30","15,643.94",200.00,0.01,"13,807,900.00"
13/04/2023,"15,757.58","15,757.58","15,416.67","15,492.42",-300.00,-0.01,"15,077,808.00"
12/04/2023,"15,833.33","15,833.33","15,643.94","15,719.70",-50.00,0.00,"10,788,200.00"
11/04/2023,"15,681.82","15,795.45","15,606.06","15,757.58",100.00,0.00,"14,666,216.00"
10/04/2023,"16,098.48","16,174.24","15,606.06","15,681.82",-500.00,-0.02,"26,845,700.00"
07/04/2023,"16,287.88","16,363.64","15,984.85","16,060.61",-300.00,-0.01,"18,563,008.00"
06/04/2023,"16,325.76","16,590.91","16,212.12","16,287.88",0.00,0.00,"27,888,900.00"
05/04/2023,"15,984.85","16,287.88","15,871.21","16,287.88",400.00,0.02,"25,522,700.00"
04/04/2023,"16,022.73","16,060.61","15,871.21","15,984.85",100.00,0.00,"19,864,400.00"
03/04/2023,"15,946.97","15,984.85","15,795.45","15,909.09",200.00,0.01,"21,370,500.00"
31/03/2023,"15,757.58","15,833.33","15,416.67","15,757.58",0.00,0.00,"23,770,300.00"
30/03/2023,"15,909.09","16,022.73","15,719.70","15,757.58",0.00,0.00,"21,101,100.00"
29/03/2023,"15,681.82","15,984.85","15,681.82","15,757.58",100.00,0.00,"18,258,840.00"
28/03/2023,"15,833.33","15,909.09","15,681.82","15,681.82",-100.00,0.00,"12,501,100.00"
27/03/2023,"15,454.55","15,833.33","15,416.67","15,757.58",400.00,0.02,"20,583,800.00"
24/03/2023,"15,492.42","15,530.30","15,378.79","15,454.55",0.00,0.00,"15,349,600.00"
23/03/2023,"15,303.03","15,454.55","15,189.39","15,454.55",100.00,0.00,"14,219,700.00"
22/03/2023,"15,568.18","15,606.06","15,265.15","15,378.79",-150.00,-0.01,"12,937,700.00"
21/03/2023,"15,303.03","15,568.18","15,037.88","15,492.42",450.00,0.02,"19,836,400.00"
20/03/2023,"15,454.55","15,606.06","15,151.52","15,151.52",-400.00,-0.02,"22,988,900.00"
17/03/2023,"15,946.97","15,946.97","15,454.55","15,454.55",-450.00,-0.02,"34,214,400.00"
16/03/2023,"15,909.09","15,984.85","15,530.30","15,795.45",-450.00,-0.02,"30,247,400.00"
15/03/2023,"15,757.58","16,136.36","15,606.06","16,136.36","1,000.00",0.05,"27,456,500.00"
14/03/2023,"15,946.97","15,984.85","15,303.03","15,378.79",-800.00,-0.04,"30,915,700.00"
13/03/2023,"15,946.97","16,212.12","15,833.33","15,984.85",-200.00,-0.01,"21,069,900.00"
10/03/2023,"16,022.73","16,250.00","15,909.09","16,136.36",100.00,0.00,"22,508,300.00"
09/03/2023,"16,060.61","16,325.76","16,060.61","16,060.61",0.00,0.00,"23,570,600.00"
08/03/2023,"15,833.33","16,060.61","15,757.58","16,060.61",100.00,0.00,"16,210,400.00"
07/03/2023,"15,606.06","16,174.24","15,568.18","15,984.85",700.00,0.03,"29,581,700.00"
06/03/2023,"15,643.94","15,795.45","15,454.55","15,454.55",50.00,0.00,"11,739,800.00"
03/03/2023,"15,757.58","15,984.85","15,416.67","15,416.67",-250.00,-0.01,"21,612,500.00"
02/03/2023,"15,909.09","15,984.85","15,606.06","15,606.06",-300.00,-0.01,"9,633,300.00"
01/03/2023,"15,151.52","15,833.33","15,000.00","15,833.33",900.00,0.04,"19,455,400.00"
28/02/2023,"15,492.42","15,530.30","15,075.76","15,151.52",-100.00,0.00,"16,329,800.00"
27/02/2023,"15,454.55","15,568.18","15,113.64","15,227.27",-700.00,-0.03,"31,386,100.00"
24/02/2023,"16,287.88","16,287.88","15,643.94","15,757.58",-700.00,-0.03,"15,160,800.00"
23/02/2023,"16,022.73","16,287.88","15,454.55","16,287.88",300.00,0.01,"33,590,000.00"
22/02/2023,"16,212.12","16,742.42","16,060.61","16,060.61",-400.00,-0.02,"34,304,400.00"
21/02/2023,"16,704.55","16,893.94","16,363.64","16,363.64",-300.00,-0.01,"21,439,100.00"
20/02/2023,"15,909.09","16,590.91","15,909.09","16,590.91",900.00,0.04,"25,741,700.00"
17/02/2023,"16,136.36","16,174.24","15,909.09","15,909.09",-300.00,-0.01,"13,693,700.00"
16/02/2023,"15,871.21","16,212.12","15,606.06","16,136.36",500.00,0.02,"23,914,900.00"
15/02/2023,"15,606.06","15,946.97","15,340.91","15,757.58",200.00,0.01,"20,076,200.00"
14/02/2023,"15,378.79","15,833.33","15,340.91","15,606.06",400.00,0.02,"17,294,600.00"
13/02/2023,"15,454.55","15,454.55","14,962.12","15,303.03",-300.00,-0.01,"18,841,800.00"
10/02/2023,"15,681.82","15,757.58","15,265.15","15,530.30",-100.00,0.00,"15,992,000.00"
09/02/2023,"15,909.09","16,098.48","15,606.06","15,606.06",-250.00,-0.01,"16,442,900.00"
08/02/2023,"14,962.12","15,984.85","14,962.12","15,795.45","1,100.00",0.06,"33,812,500.00"
07/02/2023,"16,022.73","16,060.61","14,924.24","14,962.12","-1,400.00",-0.07,"43,379,400.00"
06/02/2023,"15,984.85","16,022.73","15,568.18","16,022.73",50.00,0.00,"23,062,300.00"
03/02/2023,"16,250.00","16,325.76","15,909.09","15,984.85",-200.00,-0.01,"21,016,300.00"
02/02/2023,"16,060.61","16,439.39","15,984.85","16,136.36",200.00,0.01,"25,682,600.00"
01/02/2023,"16,818.18","17,159.09","15,909.09","15,984.85","-1,000.00",-0.05,"51,905,400.00"
31/01/2023,"16,590.91","16,742.42","16,439.39","16,742.42",350.00,0.02,"28,400,900.00"
30/01/2023,"16,439.39","16,818.18","16,174.24","16,477.27",250.00,0.01,"42,541,300.00"
27/01/2023,"15,909.09","16,325.76","15,795.45","16,287.88",350.00,0.02,"26,574,400.00"
19/01/2023,"16,363.64","16,553.03","15,795.45","16,022.73",-550.00,-0.03,"45,480,200.00"
18/01/2023,"16,666.67","16,704.55","16,325.76","16,439.39",50.00,0.00,"26,450,200.00"
17/01/2023,"15,492.42","16,401.52","15,492.42","16,401.52","1,400.00",0.07,"42,049,700.00"
16/01/2023,"15,151.52","15,643.94","15,113.64","15,340.91",300.00,0.02,"24,891,420.00"
13/01/2023,"15,340.91","15,416.67","15,075.76","15,113.64",-100.00,0.00,"20,972,700.00"
12/01/2023,"15,227.27","15,340.91","15,075.76","15,189.39",-150.00,-0.01,"23,196,900.00"
11/01/2023,"15,151.52","15,568.18","15,075.76","15,303.03",400.00,0.02,"25,709,300.00"
10/01/2023,"14,848.48","15,227.27","14,545.45","15,000.00",200.00,0.01,"27,271,100.00"
09/01/2023,"15,000.00","15,227.27","14,772.73","14,848.48",200.00,0.01,"16,185,000.00"
06/01/2023,"14,924.24","15,227.27","14,545.45","14,696.97",-400.00,-0.02,"19,905,100.00"
05/01/2023,"14,696.97","15,151.52","14,507.58","15,000.00",400.00,0.02,"21,722,200.00"
04/01/2023,"14,734.85","15,000.00","14,621.21","14,696.97",150.00,0.01,"20,476,000.00"
03/01/2023,"13,863.64","14,583.33","13,787.88","14,583.33","1,250.00",0.07,"27,990,600.00"
30/12/2022,"13,712.12","13,977.27","13,560.61","13,636.36",0.00,0.00,"15,167,800.00"
29/12/2022,"13,863.64","14,015.15","13,522.73","13,636.36",,,"17,469,800.00"
28/12/2022,"13,939.39","14,015.15","13,598.48","13,787.88",,,"15,786,200.00"
27/12/2022,"12,954.55","13,825.76","12,954.55","13,825.76",,,"24,390,000.00"
26/12/2022,"13,863.64","13,863.64","12,954.55","12,954.55",,,"36,845,000.00"
23/12/2022,"14,280.30","14,318.18","13,712.12","13,901.52",,,"27,380,080.00"
22/12/2022,"14,469.70","14,848.48","14,166.67","14,318.18",,,"19,345,200.00"
21/12/2022,"14,696.97","14,734.85","13,712.12","14,318.18",,,"27,787,200.00"
20/12/2022,"15,000.00","15,227.27","14,204.55","14,393.94",,,"45,814,800.00"
19/12/2022,"15,606.06","16,098.48","15,151.52","15,151.52",,,"50,135,200.00"
16/12/2022,"14,545.45","15,492.42","14,356.06","15,454.55",,,"55,383,800.00"
15/12/2022,"14,469.70","14,886.36","14,469.70","14,659.09",,,"21,206,100.00"
14/12/2022,"14,659.09","14,848.48","14,393.94","14,545.45",,,"34,450,300.00"
13/12/2022,"14,090.91","14,393.94","13,825.76","14,393.94",,,"24,634,000.00"
12/12/2022,"14,545.45","14,810.61","14,090.91","14,090.91",,,"35,832,500.00"
09/12/2022,"14,318.18","14,734.85","14,015.15","14,545.45",,,"34,844,800.00"
08/12/2022,"14,318.18","14,659.09","14,015.15","14,318.18",,,"30,963,600.00"
07/12/2022,"13,636.36","14,507.58","13,409.09","13,825.76",,,"34,739,700.00"
06/12/2022,"15,075.76","15,113.64","14,090.91","14,090.91",,,"66,581,300.00"
05/12/2022,"15,000.00","15,454.55","14,772.73","15,151.52",,,"50,173,800.00"
02/12/2022,"13,636.36","14,734.85","13,484.85","14,734.85",,,"45,683,100.00"
01/12/2022,"14,204.55","14,886.36","13,636.36","13,787.88",,,"66,872,501.00"
30/11/2022,"13,295.45","13,939.39","13,030.30","13,939.39",,,"57,899,300.00"
29/11/2022,"12,575.76","13,219.70","12,386.36","13,181.82",,,"65,780,600.00"
28/11/2022,"11,818.18","12,386.36","11,818.18","12,386.36",,,"58,921,900.00"
25/11/2022,"11,060.61","11,590.91","10,871.21","11,590.91",,,"26,533,900.00"
24/11/2022,"10,378.79","10,909.09","10,303.03","10,871.21",,,"31,115,600.00"
23/11/2022,"11,136.36","11,250.00","10,454.55","10,454.55",,,"30,383,500.00"
22/11/2022,"11,098.48","11,704.55","10,946.97","11,212.12",,,"43,346,700.00"
21/11/2022,"11,515.15","11,553.03","11,174.24","11,325.76",,,"31,604,900.00"
18/11/2022,"11,060.61","11,515.15","10,795.45","11,439.39",,,"99,658,800.00"
17/11/2022,"10,530.30","10,795.45","10,454.55","10,795.45",,,"33,938,100.00"
16/11/2022,"9,318.18","10,113.64","8,939.39","10,113.64",,,"55,883,300.00"
15/11/2022,"9,090.91","9,507.58","9,090.91","9,469.70",,,"44,416,800.00"
14/11/2022,"9,204.55","9,431.82","8,977.27","9,242.42",,,"60,270,100.00"
11/11/2022,"9,318.18","9,583.33","9,090.91","9,318.18",,,"63,839,100.00"
10/11/2022,"9,621.21","9,696.97","9,166.67","9,166.67",,,"79,819,500.00"
09/11/2022,"10,000.00","10,303.03","9,810.61","9,848.48",,,"32,786,100.00"
08/11/2022,"9,924.24","10,378.79","9,848.48","9,962.12",,,"46,273,800.00"
07/11/2022,"11,022.73","11,212.12","10,378.79","10,378.79",,,"39,953,100.00"
04/11/2022,"11,363.64","11,477.27","10,984.85","11,098.48",,,"43,889,600.00"
03/11/2022,"11,553.03","11,704.55","11,439.39","11,515.15",,,"20,629,700.00"
02/11/2022,"11,363.64","11,893.94","11,363.64","11,628.79",,,"40,121,700.00"
01/11/2022,"11,931.82","12,121.21","11,212.12","11,363.64",,,"81,552,300.00"
31/10/2022,"11,856.06","12,121.21","11,856.06","11,856.06",,,"66,353,200.00"
28/10/2022,"13,181.82","13,371.21","12,727.27","12,727.27",,,"31,404,900.00"
27/10/2022,"12,840.91","13,333.33","12,803.03","13,181.82",,,"21,366,800.00"
26/10/2022,"12,878.79","13,181.82","12,765.15","12,803.03",,,"12,022,500.00"
25/10/2022,"12,424.24","13,257.58","12,159.09","12,954.55",,,"31,189,500.00"
24/10/2022,"12,878.79","12,916.67","12,272.73","12,424.24",,,"28,145,800.00"
21/10/2022,"13,863.64","13,863.64","12,803.03","12,803.03",,,"45,155,900.00"
20/10/2022,"13,901.52","14,090.91","13,674.24","13,712.12",,,"26,033,000.00"
19/10/2022,"14,280.30","14,280.30","13,901.52","13,939.39",,,"20,235,600.00"
18/10/2022,"14,772.73","14,924.24","14,166.67","14,280.30",,,"28,506,600.00"
17/10/2022,"14,583.33","14,659.09","14,318.18","14,583.33",,,"22,831,850.00"
14/10/2022,"14,962.12","15,075.76","14,621.21","14,734.85",,,"23,588,600.00"
13/10/2022,"14,242.42","14,848.48","14,053.03","14,772.73",,,"24,463,100.00"
12/10/2022,"13,484.85","14,166.67","13,257.58","14,166.67",,,"28,996,700.00"
11/10/2022,"13,939.39","13,939.39","13,143.94","13,257.58",,,"26,759,700.00"
10/10/2022,"13,106.06","14,090.91","13,030.30","13,901.52",,,"25,181,300.00"
07/10/2022,"13,371.21","13,484.85","12,916.67","13,333.33",,,"37,232,300.00"
06/10/2022,"14,621.21","14,621.21","13,636.36","13,636.36",,,"37,610,800.00"
05/10/2022,"14,545.45","14,659.09","14,280.30","14,545.45",,,"25,667,500.00"
04/10/2022,"15,227.27","15,340.91","14,128.79","14,280.30",,,"32,115,400.00"
03/10/2022,"16,060.61","16,060.61","14,962.12","14,962.12",,,"34,133,600.00"
30/09/2022,"16,287.88","16,401.52","15,681.82","16,060.61",,,"23,369,500.00"
29/09/2022,"16,780.30","16,893.94","16,401.52","16,401.52",,,"10,331,300.00"
28/09/2022,"16,818.18","17,007.58","16,363.64","16,515.15",,,"14,067,800.00"
27/09/2022,"17,007.58","17,045.45","16,742.42","16,969.70",,,"9,591,600.00"
26/09/2022,"17,007.58","17,121.21","16,553.03","16,969.70",,,"26,407,400.00"
23/09/2022,"17,462.12","17,575.76","17,196.97","17,196.97",,,"15,367,100.00"
22/09/2022,"17,196.97","17,500.00","17,159.09","17,424.24",,,"12,159,400.00"
21/09/2022,"17,348.48","17,386.36","17,196.97","17,348.48",,,"10,096,300.00"
20/09/2022,"17,272.73","17,424.24","17,121.21","17,424.24",,,"13,011,000.00"
19/09/2022,"17,500.00","17,613.64","17,007.58","17,159.09",,,"27,479,100.00"
16/09/2022,"17,727.27","17,878.79","17,424.24","17,424.24",,,"27,510,700.00"
15/09/2022,"18,106.06","18,106.06","17,765.15","17,878.79",,,"13,730,400.00"
14/09/2022,"17,613.64","18,030.30","17,613.64","17,954.55",,,"29,192,300.00"
13/09/2022,"17,992.42","18,181.82","17,803.03","17,954.55",,,"17,390,100.00"
12/09/2022,"18,106.06","18,409.09","18,030.30","18,030.30",,,"26,490,900.00"
09/09/2022,"17,689.39","18,030.30","17,500.00","18,030.30",,,"26,518,100.00"
08/09/2022,"17,575.76","17,765.15","17,348.48","17,500.00",,,"20,565,500.00"
07/09/2022,"17,840.91","18,030.30","17,424.24","17,424.24",,,"25,495,500.00"
06/09/2022,"18,181.82","18,333.33","17,840.91","17,840.91",,,"15,532,900.00"
05/09/2022,"17,462.12","18,257.58","17,462.12","18,106.06",,,"26,282,100.00"
31/08/2022,"17,424.24","17,537.88","17,234.85","17,424.24",,,"15,857,200.00"
30/08/2022,"17,500.00","17,651.52","17,386.36","17,462.12",,,"15,413,700.00"
29/08/2022,"17,462.12","17,613.64","17,159.09","17,424.24",,,"32,793,800.00"
26/08/2022,"18,181.82","18,181.82","17,803.03","17,803.03",,,"16,469,800.00"
25/08/2022,"17,992.42","18,219.70","17,878.79","18,068.18",,,"18,559,100.00"
24/08/2022,"17,916.67","17,992.42","17,803.03","17,803.03",,,"12,225,400.00"
23/08/2022,"17,500.00","17,916.67","17,500.00","17,916.67",,,"16,687,400.00"
22/08/2022,"17,916.67","17,992.42","17,537.88","17,689.39",,,"24,098,700.00"
19/08/2022,"18,257.58","18,371.21","17,916.67","17,992.42",,,"32,257,200.00"
18/08/2022,"18,257.58","18,446.97","18,219.70","18,295.45",,,"23,768,100.00"
17/08/2022,"18,636.36","18,674.24","18,295.45","18,409.09",,,"27,796,741.00"
16/08/2022,"18,181.82","18,712.12","18,181.82","18,598.48",,,"66,960,300.00"
15/08/2022,"18,257.58","18,333.33","18,030.30","18,181.82",,,"33,213,400.00"
12/08/2022,"17,651.52","18,219.70","17,613.64","18,143.94",,,"33,967,300.00"
11/08/2022,"18,219.70","18,295.45","17,651.52","17,727.27",,,"34,705,700.00"
10/08/2022,"18,181.82","18,484.85","18,030.30","18,030.30",,,"30,124,400.00"
09/08/2022,"18,106.06","18,409.09","17,916.67","18,257.58",,,"51,496,300.00"
08/08/2022,"17,727.27","18,106.06","17,651.52","17,878.79",,,"30,365,700.00"
05/08/2022,"17,727.27","17,916.67","17,537.88","17,651.52",,,"42,536,671.00"
04/08/2022,"18,106.06","18,143.94","17,803.03","17,916.67",,,"30,121,900.00"
03/08/2022,"17,196.97","18,068.18","17,121.21","17,992.42",,,"58,946,000.00"
02/08/2022,"17,348.48","17,537.88","17,196.97","17,348.48",,,"27,729,900.00"
01/08/2022,"16,439.39","17,310.61","16,363.64","17,272.73",,,"38,143,900.00"
29/07/2022,"16,363.64","16,628.79","16,287.88","16,287.88",,,"20,687,600.00"
28/07/2022,"16,287.88","16,439.39","16,098.48","16,212.12",,,"23,510,500.00"
27/07/2022,"16,250.00","16,287.88","15,946.97","16,098.48",,,"28,715,987.00"
26/07/2022,"16,515.15","16,666.67","16,363.64","16,401.52",,,"26,422,200.00"
25/07/2022,"16,818.18","16,893.94","16,515.15","16,590.91",,,"20,867,100.00"
22/07/2022,"17,196.97","17,272.73","16,818.18","16,818.18",,,"16,642,200.00"
21/07/2022,"16,931.82","17,424.24","16,893.94","17,196.97",,,"23,043,400.00"
20/07/2022,"16,931.82","17,234.85","16,893.94","16,931.82",,,"17,744,000.00"
19/07/2022,"17,045.45","17,121.21","16,742.42","16,780.30",,,"16,276,900.00"
18/07/2022,"17,575.76","17,651.52","17,045.45","17,121.21",,,"20,172,000.00"
15/07/2022,"16,931.82","17,803.03","16,931.82","17,575.76",,,"48,006,900.00"
14/07/2022,"16,818.18","16,969.70","16,742.42","16,818.18",,,"12,520,300.00"
13/07/2022,"16,818.18","17,272.73","16,780.30","16,893.94",,,"17,855,700.00"
12/07/2022,"16,704.55","17,045.45","16,628.79","16,893.94",,,"12,291,500.00"
11/07/2022,"16,969.70","17,159.09","16,628.79","16,704.55",,,"14,976,400.00"
08/07/2022,"16,666.67","17,083.33","16,666.67","17,007.58",,,"19,504,900.00"
07/07/2022,"16,250.00","16,477.27","16,212.12","16,477.27",,,"13,328,000.00"
06/07/2022,"16,439.39","16,856.06","16,136.36","16,250.00",,,"18,233,600.00"
05/07/2022,"16,742.42","16,931.82","16,477.27","16,590.91",,,"15,593,400.00"
04/07/2022,"17,159.09","17,159.09","16,666.67","16,666.67",,,"12,603,200.00"
01/07/2022,"16,893.94","17,121.21","16,325.76","16,969.70",,,"15,805,000.00"
30/06/2022,"17,348.48","17,727.27","16,893.94","16,893.94",,,"19,950,600.00"
29/06/2022,"16,893.94","17,537.88","16,742.42","17,234.85",,,"22,114,300.00"
28/06/2022,"17,310.61","17,310.61","16,856.06","17,045.45",,,"17,838,300.00"
27/06/2022,"16,666.67","17,348.48","16,174.24","17,348.48",,,"20,739,600.00"
24/06/2022,"16,553.03","17,045.45","16,439.39","16,515.15",,,"14,244,100.00"
23/06/2022,"16,287.88","16,553.03","16,287.88","16,515.15",,,"6,926,200.00"
22/06/2022,"15,795.45","16,666.67","15,795.45","16,287.88",,,"21,522,500.00"
21/06/2022,"16,174.24","16,287.88","15,530.30","15,757.58",,,"40,935,100.00"
20/06/2022,"17,234.85","17,424.24","16,363.64","16,363.64",,,"37,428,900.00"
17/06/2022,"17,765.15","17,803.03","16,628.79","17,575.76",,,"30,237,200.00"
16/06/2022,"17,286.54","17,974.57","17,143.21","17,773.89",,,"33,577,900.00"
15/06/2022,"17,257.88","17,716.56","16,541.19","16,856.53",,,"31,367,400.00"
14/06/2022,"18,060.57","18,089.24","17,315.21","17,372.55",,,"28,458,400.00"
13/06/2022,"18,920.60","19,207.27","18,175.24","18,232.57",,,"21,236,000.00"
10/06/2022,"19,379.28","19,637.28","19,264.61","19,264.61",,,"15,372,600.00"
09/06/2022,"18,863.26","19,809.29","18,777.26","19,379.28",,,"27,419,900.00"
08/06/2022,"19,092.60","19,178.60","18,777.26","18,863.26",,,"24,841,800.00"
07/06/2022,"19,092.60","19,235.94","18,719.92","19,035.27",,,"19,546,400.00"
06/06/2022,"19,579.95","19,637.28","18,977.93","19,092.60",,,"17,769,400.00"
03/06/2022,"19,092.60","19,493.95","19,063.93","19,149.94",,,"15,010,900.00"
02/06/2022,"19,493.95","19,665.95","18,949.26","19,006.60",,,"25,920,400.00"
01/06/2022,"19,780.62","19,952.63","19,379.28","19,694.62",,,"21,670,600.00"
31/05/2022,"20,267.97","20,267.97","19,780.62","19,895.29",,,"19,445,200.00"
30/05/2022,"20,353.97","20,554.65","20,239.30","20,325.31",,,"15,594,300.00"
27/05/2022,"20,067.30","20,583.31","19,952.63","20,325.31",,,"17,617,900.00"
26/05/2022,"20,067.30","20,411.31","19,809.29","20,067.30",,,"16,225,800.00"
25/05/2022,"19,780.62","20,038.63","18,949.26","19,751.96",,,"39,492,041.00"
24/05/2022,"21,070.66","21,214.00","19,608.62","20,009.96",,,"43,221,300.00"
23/05/2022,"21,758.68","21,902.02","20,812.66","21,070.66",,,"10,555,700.00"
20/05/2022,"21,615.35","21,672.68","21,357.34","21,586.68",,,"13,929,400.00"
19/05/2022,"21,386.01","21,844.69","21,128.00","21,730.02",,,"16,876,000.00"
18/05/2022,"22,016.69","22,188.70","21,701.35","21,902.02",,,"17,845,900.00"
17/05/2022,"20,755.32","21,902.02","20,640.65","21,902.02",,,"23,540,100.00"
16/05/2022,"21,242.67","21,500.68","20,812.66","20,812.66",,,"29,525,700.00"
13/05/2022,"21,873.36","22,102.70","20,497.31","20,583.31",,,"43,297,700.00"
12/05/2022,"23,278.07","23,306.73","21,930.69","21,930.69",,,"28,149,600.00"
11/05/2022,"23,507.41","23,679.41","23,249.40","23,306.73",,,"9,971,700.00"
10/05/2022,"22,647.38","23,564.74","22,188.70","23,564.74",,,"19,840,000.00"
09/05/2022,"23,794.08","24,023.42","22,905.39","22,905.39",,,"26,383,600.00"
06/05/2022,"23,736.75","24,654.11","23,736.75","23,966.09",,,"15,210,600.00"
05/05/2022,"24,424.77","24,424.77","23,794.08","24,109.43",,,"15,878,100.00"
04/05/2022,"24,826.11","24,826.11","24,080.76","24,080.76",,,"16,730,300.00"
29/04/2022,"24,596.77","24,883.45","24,568.11","24,826.11",,,"13,547,800.00"
28/04/2022,"24,367.43","24,912.12","24,367.43","24,711.44",,,"13,634,800.00"
27/04/2022,"23,622.08","24,596.77","23,564.74","24,367.43",,,"19,530,500.00"
26/04/2022,"23,020.06","23,736.75","22,704.71","23,622.08",,,"23,450,100.00"
25/04/2022,"25,112.79","25,112.79","23,364.07","23,364.07",,,"30,341,441.00"
22/04/2022,"25,227.46","25,256.13","24,281.43","25,112.79",,,"12,698,000.00"
21/04/2022,"24,654.11","25,284.80","24,138.09","24,854.78",,,"17,812,100.00"
20/04/2022,"24,940.79","25,227.46","24,711.44","24,768.78",,,"13,442,500.00"
19/04/2022,"24,654.11","25,170.13","24,596.77","24,826.11",,,"19,239,800.00"
18/04/2022,"25,256.13","25,542.80","24,453.44","24,453.44",,,"23,436,000.00"
15/04/2022,"25,743.48","25,800.81","25,313.46","25,342.13",,,"18,398,500.00"
14/04/2022,"25,972.82","26,116.16","25,743.48","25,743.48",,,"13,418,800.00"
13/04/2022,"25,972.82","26,058.82","25,628.81","25,915.48",,,"14,367,600.00"
12/04/2022,"26,660.84","26,660.84","25,829.48","25,858.15",,,"18,533,500.00"
08/04/2022,"26,804.18","26,976.18","26,574.84","26,603.50",,,"14,017,800.00"
07/04/2022,"27,234.19","27,291.53","26,689.51","26,689.51",,,"14,512,900.00"
06/04/2022,"26,374.16","27,492.20","26,374.16","27,090.85",,,"29,707,400.00"
05/04/2022,"26,374.16","26,603.50","26,345.50","26,431.50",,,"12,124,200.00"
04/04/2022,"26,374.16","26,546.17","26,230.83","26,288.16",,,"13,712,380.00"
01/04/2022,"25,800.81","26,374.16","25,514.14","26,202.16",,,"22,150,925.00"
31/03/2022,"26,173.49","26,345.50","25,686.14","25,858.15",,,"19,047,300.00"
30/03/2022,"26,259.49","26,603.50","26,030.15","26,087.49",,,"16,070,400.00"
29/03/2022,"26,488.83","26,517.50","26,259.49","26,288.16",,,"14,440,873.00"
28/03/2022,"26,431.50","26,861.51","26,259.49","26,316.83",,,"21,064,841.00"
25/03/2022,"26,689.51","26,918.85","26,488.83","26,603.50",,,"14,699,800.00"
24/03/2022,"26,947.51","26,947.51","26,574.84","26,603.50",,,"15,613,373.00"
23/03/2022,"27,062.19","27,205.52","26,832.84","26,832.84",,,"19,299,200.00"
22/03/2022,"26,890.18","26,918.85","26,546.17","26,890.18",,,"23,789,600.00"
21/03/2022,"26,775.51","27,062.19","26,603.50","26,861.51",,,"19,333,200.00"
,,,,,,,
,,,,,,,
SIMPLIZE,,,,,,,
"Số 5 ngõ 316 Lê Trọng Tấn, Phường Khương Mai, Quận Thanh Xuân, TP.Hà Nội
",,,,,,,
Website: simplize.vn,,,,,,,
Email: info@simplize.vn,,,,,,,
Tel: (+84) 38 840 8668,,,,,,,
