Tên công ty,CTCP Hàng tiêu dùng Masan,,,,,,
Tên báo cáo,Lịch sử giá,,,,,,
Ngày tải,24/03/2026,,,,,,
,,,,,,,
NGÀY,GIÁ MỞ CỬA,GIÁ CAO NHẤT,GIÁ THẤP NHẤT,GIÁ ĐÓNG CỬA,THAY ĐỔI GIÁ,% THAY ĐỔI,KHỐI LƯỢNG
24/03/2026,"149,100.00","150,000.00","143,500.00","145,900.00",300.00,0.00,"77,400.00"
23/03/2026,"147,500.00","150,000.00","144,200.00","145,600.00","-9,400.00",-0.06,"485,800.00"
20/03/2026,"158,000.00","159,000.00","155,000.00","155,000.00","-6,000.00",-0.04,"2,211,200.00"
19/03/2026,"155,500.00","161,000.00","154,000.00","161,000.00",0.00,0.00,"820,800.00"
18/03/2026,"162,000.00","163,000.00","150,200.00","161,000.00",800.00,0.00,"413,100.00"
17/03/2026,"153,900.00","160,200.00","150,300.00","160,200.00","10,400.00",0.07,"2,588,200.00"
16/03/2026,"149,800.00","149,800.00","148,100.00","149,800.00","9,800.00",0.07,"1,482,800.00"
13/03/2026,"139,000.00","140,400.00","135,200.00","140,000.00",-400.00,0.00,"383,200.00"
12/03/2026,"145,200.00","145,200.00","138,500.00","140,400.00","-4,600.00",-0.03,"118,400.00"
11/03/2026,"136,500.00","145,000.00","136,500.00","145,000.00","7,000.00",0.05,"94,000.00"
10/03/2026,"132,300.00","141,400.00","132,300.00","138,000.00","5,800.00",0.04,"325,900.00"
09/03/2026,"132,500.00","133,400.00","132,200.00","132,200.00","-9,900.00",-0.07,"208,800.00"
06/03/2026,"149,500.00","149,500.00","141,800.00","142,100.00","-8,000.00",-0.05,"217,700.00"
05/03/2026,"165,000.00","166,000.00","150,000.00","150,100.00","-9,900.00",-0.06,"322,900.00"
04/03/2026,"152,000.00","160,000.00","151,100.00","160,000.00","9,200.00",0.06,"808,500.00"
03/03/2026,"137,000.00","150,800.00","137,000.00","150,800.00","9,800.00",0.07,"439,500.00"
02/03/2026,"135,000.00","141,000.00","134,800.00","141,000.00",0.00,0.00,"259,700.00"
27/02/2026,"144,100.00","144,500.00","139,000.00","141,000.00","-5,000.00",-0.03,"325,500.00"
26/02/2026,"146,000.00","146,000.00","144,000.00","146,000.00","-1,000.00",-0.01,"49,000.00"
25/02/2026,"146,800.00","148,500.00","138,600.00","147,000.00","-2,000.00",-0.01,"216,100.00"
24/02/2026,"147,000.00","149,000.00","145,800.00","149,000.00",0.00,0.00,"52,500.00"
23/02/2026,"149,000.00","149,000.00","145,600.00","149,000.00",0.00,0.00,"84,400.00"
13/02/2026,"145,000.00","149,000.00","145,000.00","149,000.00",0.00,0.00,"70,200.00"
12/02/2026,"145,700.00","150,000.00","144,700.00","149,000.00","-1,000.00",-0.01,"225,300.00"
11/02/2026,"150,000.00","150,000.00","143,100.00","150,000.00",0.00,0.00,"107,200.00"
10/02/2026,"152,200.00","152,200.00","141,700.00","150,000.00","-2,300.00",-0.02,"349,800.00"
09/02/2026,"152,300.00","152,400.00","151,200.00","152,300.00",0.00,0.00,"122,300.00"
06/02/2026,"154,600.00","154,600.00","151,800.00","152,300.00","-2,300.00",-0.01,"113,500.00"
05/02/2026,"157,200.00","158,000.00","154,600.00","154,600.00","-2,600.00",-0.02,"114,100.00"
04/02/2026,"155,600.00","158,200.00","155,000.00","157,200.00","1,600.00",0.01,"177,600.00"
03/02/2026,"153,900.00","156,900.00","152,100.00","155,600.00","1,700.00",0.01,"220,900.00"
02/02/2026,"159,000.00","159,200.00","152,900.00","153,900.00","-5,200.00",-0.03,"195,300.00"
30/01/2026,"161,900.00","161,900.00","158,200.00","159,100.00","1,000.00",0.01,"203,900.00"
29/01/2026,"156,500.00","162,000.00","156,500.00","158,100.00","1,000.00",0.01,"471,000.00"
28/01/2026,"158,500.00","159,100.00","156,500.00","157,100.00","-1,400.00",-0.01,"200,500.00"
27/01/2026,"158,500.00","158,900.00","156,000.00","158,500.00",0.00,0.00,"148,900.00"
26/01/2026,"160,700.00","160,800.00","157,000.00","158,500.00",-300.00,0.00,"130,600.00"
23/01/2026,"158,900.00","160,000.00","157,500.00","158,800.00",0.00,0.00,"166,700.00"
22/01/2026,"160,500.00","160,500.00","156,000.00","158,800.00","-1,000.00",-0.01,"214,200.00"
21/01/2026,"161,800.00","162,000.00","158,000.00","159,800.00","-2,000.00",-0.01,"188,700.00"
20/01/2026,"160,000.00","165,000.00","160,000.00","161,800.00","1,800.00",0.01,"244,400.00"
19/01/2026,"160,000.00","160,000.00","155,000.00","160,000.00",0.00,0.00,"306,300.00"
16/01/2026,"165,000.00","165,000.00","156,000.00","160,000.00","-5,000.00",-0.03,"488,100.00"
15/01/2026,"165,500.00","167,900.00","163,900.00","165,000.00","-3,000.00",-0.02,"373,200.00"
14/01/2026,"165,200.00","169,700.00","165,200.00","168,000.00","-1,900.00",-0.01,"96,300.00"
13/01/2026,"171,500.00","172,800.00","164,000.00","169,900.00","-2,900.00",-0.02,"321,200.00"
12/01/2026,"172,500.00","173,100.00","170,000.00","172,800.00","-3,200.00",-0.02,"110,800.00"
09/01/2026,"175,000.00","179,100.00","170,000.00","176,000.00",-200.00,0.00,"189,200.00"
08/01/2026,"177,558.55","177,558.55","175,280.07","176,175.19","-3,500.00",-0.02,"3,234,980.00"
07/01/2026,"177,639.92","179,023.29","176,337.94","179,023.29",0.00,0.00,"403,200.00"
06/01/2026,"179,511.53","179,511.53","178,046.79","179,023.29","-1,200.00",-0.01,"1,348,900.00"
05/01/2026,"182,196.88","182,196.88","175,605.57","179,999.78",-800.00,0.00,"458,700.00"
31/12/2025,"179,999.78","183,092.00","179,999.78","180,650.77",800.00,0.00,"142,000.00"
30/12/2025,"178,941.91","179,999.78","178,209.54","179,999.78","1,100.00",0.00,"382,800.00"
29/12/2025,"179,023.29","179,104.66","174,140.83","179,104.66",100.00,0.00,"1,793,900.00"
26/12/2025,"175,768.32","180,243.90","175,768.32","179,023.29","-3,500.00",-0.02,"421,000.00"
25/12/2025,"179,023.29","181,871.38","173,164.34","181,871.38","10,700.00",0.05,"1,009,000.00"
17/12/2025,"174,140.83","174,222.21","172,594.72","172,920.22",-500.00,0.00,"1,153,600.00"
16/12/2025,"171,699.61","174,873.20","171,699.61","173,978.08",200.00,0.00,"2,418,200.00"
15/12/2025,"173,408.46","175,361.45","171,699.61","172,350.60","-3,700.00",-0.02,"330,100.00"
12/12/2025,"176,175.19","177,395.80","173,327.09","173,327.09","-3,200.00",-0.01,"304,300.00"
11/12/2025,"172,513.35","177,395.80","172,513.35","176,419.31","2,400.00",0.01,"179,400.00"
10/12/2025,"174,791.83","174,791.83","174,059.46","174,547.70",-300.00,0.00,"135,500.00"
09/12/2025,"174,547.70","175,768.32","174,140.83","174,710.45",0.00,0.00,"115,700.00"
08/12/2025,"174,954.57","175,768.32","174,140.83","174,710.45","-1,800.00",-0.01,"112,400.00"
05/12/2025,"180,813.52","182,278.25","171,699.61","176,663.43","-3,800.00",-0.02,"230,600.00"
04/12/2025,"179,267.41","181,057.64","178,616.41","179,674.28",100.00,0.00,"1,182,100.00"
03/12/2025,"180,650.77","181,220.39","179,023.29","179,267.41","-2,400.00",-0.01,"471,700.00"
02/12/2025,"176,093.81","187,160.71","176,093.81","178,779.16","3,500.00",0.02,"773,400.00"
01/12/2025,"175,768.32","176,582.06","175,768.32","176,093.81",200.00,0.00,"340,300.00"
28/11/2025,"176,500.68","176,988.93","174,629.08","175,849.69",0.00,0.00,"211,700.00"
27/11/2025,"176,582.06","176,582.06","175,524.19","176,093.81",-400.00,0.00,"82,100.00"
26/11/2025,"174,710.45","179,023.29","174,710.45","175,524.19","1,000.00",0.00,"1,035,000.00"
25/11/2025,"174,954.57","175,117.32","174,140.83","174,222.21",100.00,0.00,"351,300.00"
24/11/2025,"171,374.11","174,954.57","170,723.11","174,140.83","1,100.00",0.01,"389,100.00"
21/11/2025,"174,873.20","175,035.95","171,129.99","171,374.11","-4,500.00",-0.02,"780,000.00"
20/11/2025,"173,327.09","175,768.32","173,327.09","174,791.83",-300.00,0.00,"334,800.00"
19/11/2025,"170,885.86","178,128.17","170,885.86","173,489.84","-3,900.00",-0.02,"633,000.00"
18/11/2025,"179,023.29","179,023.29","174,140.83","174,954.57","-4,700.00",-0.02,"457,700.00"
17/11/2025,"176,582.06","179,837.03","176,582.06","178,209.54",600.00,0.00,"499,500.00"
14/11/2025,"177,395.80","180,488.02","176,582.06","177,314.43",-400.00,0.00,"723,100.00"
13/11/2025,"174,954.57","179,430.16","174,954.57","176,256.56","4,100.00",0.02,"1,217,600.00"
12/11/2025,"168,444.64","175,686.94","168,444.64","175,686.94","10,300.00",0.05,"766,700.00"
11/11/2025,"163,562.18","169,258.38","161,934.70","167,630.89","5,000.00",0.02,"877,900.00"
10/11/2025,"158,516.98","166,817.15","157,865.99","162,748.44","6,500.00",0.03,"1,173,800.00"
07/11/2025,"151,356.05","160,307.21","147,775.58","158,516.98","6,500.00",0.03,"1,730,800.00"
06/11/2025,"154,529.64","161,120.96","142,404.89","147,775.58","-8,300.00",-0.04,"1,216,200.00"
05/11/2025,"148,914.82","158,679.73","148,101.08","152,088.42","4,700.00",0.03,"1,239,200.00"
04/11/2025,"139,556.79","151,356.05","139,556.79","148,589.33","11,100.00",0.06,"1,799,900.00"
03/11/2025,"129,710.51","143,706.87","129,710.51","142,323.51","15,500.00",0.10,"1,311,000.00"
31/10/2025,"131,826.24","132,639.98","128,571.27","129,791.88",700.00,0.00,"343,700.00"
30/10/2025,"125,641.80","132,639.98","125,641.80","129,710.51","5,000.00",0.03,"726,000.00"
29/10/2025,"121,898.58","126,943.78","121,898.58","126,048.67","5,300.00",0.04,"593,500.00"
28/10/2025,"120,840.72","122,875.07","120,840.72","121,979.96","1,300.00",0.01,"485,900.00"
27/10/2025,"105,786.49","122,061.33","105,786.49","121,166.21","4,100.00",0.03,"451,700.00"
24/10/2025,"117,178.88","118,724.99","116,365.14","117,992.62","1,100.00",0.01,"356,920.00"
23/10/2025,"116,934.75","117,585.75","116,365.14","116,772.01",900.00,0.01,"204,827.00"
22/10/2025,"113,679.79","117,829.87","113,679.79","116,365.14","3,700.00",0.03,"186,200.00"
21/10/2025,"101,717.78","115,144.52","101,717.78","114,493.53",200.00,0.00,"316,400.00"
20/10/2025,"117,667.12","117,667.12","112,296.42","112,703.30","-7,900.00",-0.05,"648,213.00"
17/10/2025,"121,084.84","121,491.71","116,772.01","118,480.86","-3,200.00",-0.02,"229,200.00"
16/10/2025,"121,166.21","122,793.70","119,620.10","120,271.10",-600.00,0.00,"662,500.00"
15/10/2025,"121,735.83","121,979.96","118,887.74","121,166.21",-900.00,-0.01,"1,219,392.00"
14/10/2025,"123,526.07","125,316.30","119,620.10","121,328.96",0.00,0.00,"498,600.00"
13/10/2025,"117,260.25","124,502.56","114,737.65","123,526.07","11,300.00",0.08,"721,200.00"
10/10/2025,"109,204.20","118,806.36","109,041.46","117,260.25","10,600.00",0.08,"886,600.00"
09/10/2025,"107,820.84","109,204.20","107,820.84","109,204.20","1,900.00",0.01,"269,996.00"
08/10/2025,"108,634.58","109,041.46","106,925.73","107,251.22",-800.00,-0.01,"75,845.00"
07/10/2025,"105,542.36","109,855.20","105,298.24","107,820.84","3,900.00",0.03,"252,300.00"
06/10/2025,"104,728.62","105,786.49","103,996.25","105,542.36","1,700.00",0.01,"153,455.00"
03/10/2025,"104,159.00","104,565.87","102,938.39","104,159.00",-500.00,0.00,"199,500.00"
02/10/2025,"104,159.00","104,972.74","104,159.00","104,240.38",-700.00,-0.01,"172,951.00"
01/10/2025,"104,972.74","105,460.99","104,403.12","104,810.00",0.00,0.00,"51,000.00"
30/09/2025,"105,949.24","105,949.24","103,833.51","105,135.49","-1,200.00",-0.01,"188,400.00"
29/09/2025,"105,867.86","106,600.23","105,867.86","106,111.98",100.00,0.00,"172,773.00"
26/09/2025,"104,972.74","106,600.23","104,972.74","105,867.86","1,400.00",0.01,"204,500.00"
25/09/2025,"104,565.87","105,379.62","103,914.88","105,379.62","1,000.00",0.01,"184,500.00"
24/09/2025,"104,484.50","105,542.36","103,833.51","105,379.62","1,100.00",0.01,"162,212.00"
23/09/2025,"104,321.75","104,972.74","103,996.25","104,159.00",-100.00,0.00,"195,100.00"
22/09/2025,"105,623.74","105,623.74","103,670.76","104,159.00",-700.00,-0.01,"127,800.00"
19/09/2025,"104,159.00","106,193.36","103,670.76","105,379.62","1,500.00",0.01,"246,600.00"
18/09/2025,"104,159.00","104,484.50","103,426.63","104,159.00",0.00,0.00,"168,100.00"
17/09/2025,"104,891.37","104,891.37","103,508.01","104,240.38",-100.00,0.00,"220,500.00"
16/09/2025,"104,891.37","105,379.62","103,345.26","104,891.37",100.00,0.00,"458,900.00"
15/09/2025,"104,484.50","105,216.87","104,484.50","104,728.62",300.00,0.00,"204,338.00"
12/09/2025,"104,159.00","104,810.00","103,508.01","104,810.00",800.00,0.01,"202,000.00"
11/09/2025,"105,379.62","105,379.62","102,531.52","103,508.01","-2,000.00",-0.02,"411,857.00"
10/09/2025,"105,379.62","105,542.36","104,159.00","105,379.62",300.00,0.00,"243,000.00"
09/09/2025,"104,972.74","105,379.62","104,159.00","105,054.12",-400.00,0.00,"331,900.00"
08/09/2025,"106,111.98","107,007.10","104,159.00","104,972.74","-2,000.00",-0.02,"379,600.00"
05/09/2025,"107,332.60","107,576.72","106,030.61","106,193.36",-900.00,-0.01,"493,600.00"
04/09/2025,"106,030.61","107,413.97","106,030.61","107,169.85",800.00,0.01,"278,500.00"
03/09/2025,"105,949.24","107,576.72","104,972.74","106,030.61",-600.00,0.00,"430,200.00"
29/08/2025,"104,565.87","107,007.10","104,565.87","105,949.24","3,900.00",0.03,"674,200.00"
28/08/2025,"99,276.55","104,647.25","99,276.55","104,159.00","7,100.00",0.06,"763,100.00"
27/08/2025,"97,242.19","99,357.92","97,242.19","99,276.55","3,700.00",0.03,"504,900.00"
26/08/2025,"96,428.45","97,079.45","95,207.84","96,835.32","1,000.00",0.01,"355,000.00"
25/08/2025,"96,021.58","96,835.32","95,126.46","96,509.83",700.00,0.01,"328,600.00"
22/08/2025,"94,556.84","97,486.32","94,231.35","96,021.58","2,200.00",0.02,"492,300.00"
21/08/2025,"93,173.48","94,556.84","93,173.48","94,556.84","1,600.00",0.01,"884,000.00"
20/08/2025,"93,010.73","94,394.10","92,034.24","93,173.48",200.00,0.00,"703,600.00"
19/08/2025,"91,952.87","93,580.35","89,511.64","93,010.73","1,800.00",0.02,"735,800.00"
18/08/2025,"92,034.24","95,207.84","90,325.38","91,952.87",0.00,0.00,"700,200.00"
15/08/2025,"92,359.74","93,173.48","91,546.00","92,034.24",-400.00,0.00,"439,700.00"
14/08/2025,"92,766.61","93,254.86","91,546.00","92,441.11",-100.00,0.00,"402,100.00"
13/08/2025,"93,336.23","94,312.72","91,627.37","92,929.36",-700.00,-0.01,"612,100.00"
12/08/2025,"93,905.85","94,556.84","92,766.61","93,173.48",500.00,0.00,"253,600.00"
11/08/2025,"91,139.13","94,149.97","90,325.38","93,580.35","4,200.00",0.04,"583,000.00"
08/08/2025,"90,732.26","90,732.26","89,186.15","90,325.38",-300.00,0.00,"361,900.00"
07/08/2025,"90,895.00","91,220.50","89,674.39","90,488.13","1,400.00",0.01,"339,200.00"
06/08/2025,"87,884.16","90,650.88","87,151.79","89,593.02","2,200.00",0.02,"1,117,900.00"
05/08/2025,"87,477.29","88,697.90","86,826.29","87,721.41",800.00,0.01,"596,000.00"
04/08/2025,"85,524.31","88,209.65","84,873.31","87,070.42","3,000.00",0.03,"336,400.00"
01/08/2025,"85,036.06","85,687.05","83,652.70","85,442.93",500.00,0.00,"503,500.00"
31/07/2025,"88,128.28","88,616.53","82,838.96","85,524.31","-3,400.00",-0.03,"972,600.00"
30/07/2025,"88,697.90","90,162.64","86,907.67","88,128.28","-3,100.00",-0.03,"589,400.00"
29/07/2025,"93,987.22","93,987.22","87,070.42","88,697.90","-6,200.00",-0.05,"1,352,760.00"
28/07/2025,"94,475.47","95,045.09","93,336.23","93,987.22",0.00,0.00,"764,569.00"
25/07/2025,"94,231.35","95,207.84","93,580.35","94,475.47",100.00,0.00,"356,100.00"
24/07/2025,"94,882.34","96,102.95","93,580.35","94,231.35",0.00,0.00,"811,100.00"
23/07/2025,"93,580.35","95,533.33","93,498.98","94,963.72","1,900.00",0.02,"496,100.00"
22/07/2025,"94,312.72","94,394.10","93,010.73","93,580.35","-1,700.00",-0.01,"335,100.00"
21/07/2025,"96,021.58","96,753.95","93,580.35","94,231.35","-2,800.00",-0.02,"546,849.00"
18/07/2025,"97,079.45","98,462.81","95,696.08","96,021.58","-1,500.00",-0.01,"719,000.00"
17/07/2025,"97,974.56","98,381.43","96,591.20","96,753.95","-1,500.00",-0.01,"427,200.00"
16/07/2025,"97,486.32","98,788.30","97,242.19","98,137.31",800.00,0.01,"146,600.00"
15/07/2025,"98,462.81","98,462.81","97,242.19","97,323.57",-300.00,0.00,"288,500.00"
14/07/2025,"97,242.19","98,788.30","96,916.70","98,218.68","1,300.00",0.01,"207,100.00"
11/07/2025,"98,055.94","98,300.06","96,753.95","97,242.19",-900.00,-0.01,"276,200.00"
10/07/2025,"98,055.94","100,090.29","97,486.32","97,649.06",-500.00,0.00,"408,400.00"
09/07/2025,"99,520.67","100,008.92","97,649.06","97,730.44","-1,100.00",-0.01,"327,200.00"
08/07/2025,"100,904.03","100,904.03","97,893.19","98,706.93","-2,000.00",-0.02,"424,800.00"
07/07/2025,"102,531.52","102,531.52","99,357.92","100,253.04","-2,200.00",-0.02,"340,600.00"
04/07/2025,"101,963.49","102,521.97","100,607.17","102,282.62","1,000.00",0.01,"248,700.00"
03/07/2025,"100,048.68","102,521.97","100,048.68","102,043.27","2,900.00",0.02,"212,900.00"
02/07/2025,"99,968.90","100,048.68","99,330.63","100,048.68",0.00,0.00,"136,315.00"
01/07/2025,"101,484.79","101,724.14","99,410.41","99,968.90","-2,200.00",-0.02,"173,000.00"
30/06/2025,"101,724.14","103,718.73","100,846.52","101,085.87",-200.00,0.00,"190,500.00"
27/06/2025,"101,325.22","102,123.06","100,527.38","101,405.00","1,000.00",0.01,"298,500.00"
26/06/2025,"98,931.71","102,123.06","98,931.71","100,686.95","2,500.00",0.02,"215,800.00"
25/06/2025,"98,612.58","99,250.85","98,453.01","99,011.49",500.00,0.00,"95,200.00"
24/06/2025,"98,692.36","99,250.85","98,453.01","98,453.01",-200.00,0.00,"276,800.00"
23/06/2025,"98,772.14","99,649.76","95,740.37","98,692.36",-500.00,0.00,"152,200.00"
20/06/2025,"98,692.36","100,447.60","98,293.44","98,772.14",600.00,0.00,"55,400.00"
19/06/2025,"99,649.76","99,649.76","97,256.25","98,692.36","-1,700.00",-0.01,"187,700.00"
18/06/2025,"101,245.44","101,325.22","99,330.63","99,649.76","-2,000.00",-0.02,"131,100.00"
17/06/2025,"101,325.22","101,883.71","100,926.30","101,325.22",400.00,0.00,"50,102.00"
16/06/2025,"101,085.87","101,245.44","100,527.38","101,245.44",100.00,0.00,"38,000.00"
13/06/2025,"101,963.49","102,920.89","100,527.38","101,245.44","-1,000.00",-0.01,"83,700.00"
12/06/2025,"101,644.35","102,521.97","101,644.35","102,123.06",600.00,0.00,"38,000.00"
11/06/2025,"102,362.41","102,362.41","101,325.22","101,484.79","-1,100.00",-0.01,"32,400.00"
10/06/2025,"101,325.22","102,841.11","101,325.22","102,043.27",-500.00,0.00,"68,400.00"
09/06/2025,"102,681.54","102,920.89","101,724.14","101,803.92","-1,800.00",-0.01,"61,100.00"
06/06/2025,"102,043.27","104,357.00","102,043.27","102,681.54",900.00,0.01,"130,100.00"
05/06/2025,"102,521.97","102,521.97","101,644.35","102,123.06",-400.00,0.00,"67,200.00"
04/06/2025,"101,724.14","102,920.89","101,724.14","102,362.41",-200.00,0.00,"57,700.00"
03/06/2025,"101,724.14","103,638.95","101,724.14","102,521.97","1,600.00",0.01,"101,200.00"
02/06/2025,"101,405.00","101,564.57","100,926.30","101,325.22",-100.00,0.00,"68,553.00"
30/05/2025,"102,362.41","102,362.41","100,926.30","101,724.14",-900.00,-0.01,"95,300.00"
29/05/2025,"103,080.46","103,080.46","101,883.71","102,282.62",-900.00,-0.01,"40,200.00"
28/05/2025,"103,160.24","103,718.73","102,521.97","102,920.89",-300.00,0.00,"80,900.00"
27/05/2025,"102,521.97","104,117.65","102,282.62","102,521.97",500.00,0.00,"349,006.00"
26/05/2025,"101,644.35","103,479.38","100,367.82","103,479.38","1,700.00",0.01,"101,700.00"
23/05/2025,"101,803.92","102,442.19","101,484.79","101,564.57","-1,700.00",-0.01,"37,600.00"
22/05/2025,"103,718.73","104,117.65","102,123.06","102,761.33",-700.00,-0.01,"70,800.00"
21/05/2025,"100,527.38","105,075.05","100,527.38","103,718.73","3,500.00",0.03,"309,300.00"
20/05/2025,"101,803.92","101,803.92","100,048.68","101,325.22",-600.00,0.00,"83,000.00"
19/05/2025,"102,123.06","102,601.76","100,527.38","101,644.35","-2,600.00",-0.02,"85,700.00"
16/05/2025,"106,989.86","106,989.86","102,761.33","103,080.46","-4,900.00",-0.04,"162,000.00"
15/05/2025,"104,995.27","109,144.02","104,995.27","106,590.94","2,300.00",0.02,"250,300.00"
14/05/2025,"102,123.06","105,473.97","102,123.06","104,995.27","3,700.00",0.03,"282,500.00"
13/05/2025,"100,128.47","102,841.11","99,649.76","102,123.06","4,100.00",0.03,"7,843,303.00"
12/05/2025,"95,979.72","100,128.47","95,740.37","99,569.98","7,500.00",0.06,"7,494,682.00"
09/05/2025,"94,144.69","96,139.28","93,586.21","95,899.93","2,900.00",0.02,"764,300.00"
08/05/2025,"93,745.77","95,102.10","93,027.72","94,224.48",600.00,0.01,"83,500.00"
07/05/2025,"93,027.72","94,862.75","93,027.72","94,144.69",-300.00,0.00,"1,663,223.00"
06/05/2025,"95,341.45","95,341.45","93,825.56","94,144.69",-200.00,0.00,"78,684.00"
05/05/2025,"95,421.23","95,740.37","93,346.86","95,341.45",100.00,0.00,"22,399,799.00"
29/04/2025,"95,740.37","96,458.42","94,304.26","95,421.23",600.00,0.01,"212,185.00"
28/04/2025,"98,133.87","98,931.71","93,187.29","95,899.93","2,300.00",0.02,"167,812.00"
25/04/2025,"91,352.27","96,538.20","91,272.48","94,144.69","5,200.00",0.05,"239,700.00"
24/04/2025,"91,751.18","91,751.18","89,277.89","91,272.48","2,100.00",0.02,"668,800.00"
23/04/2025,"91,751.18","91,751.18","83,852.60","90,075.73","1,500.00",0.01,"100,900.00"
22/04/2025,"91,751.18","91,751.18","82,177.15","88,559.84","-5,100.00",-0.04,"230,600.00"
21/04/2025,"94,144.69","94,224.48","91,671.40","91,751.18","-3,800.00",-0.03,"46,500.00"
18/04/2025,"91,352.27","95,421.23","91,352.27","94,144.69","4,900.00",0.04,"55,200.00"
17/04/2025,"92,549.02","93,346.86","89,517.24","91,033.13","-3,800.00",-0.03,"110,700.00"
16/04/2025,"94,942.53","95,501.01","93,107.51","93,107.51","-2,900.00",-0.02,"123,900.00"
15/04/2025,"100,527.38","102,521.97","94,144.69","94,144.69","-4,300.00",-0.04,"120,900.00"
14/04/2025,"102,123.06","102,920.89","95,501.01","96,937.12","-4,900.00",-0.04,"258,000.00"
11/04/2025,"106,112.24","106,112.24","98,931.71","102,123.06","-2,800.00",-0.02,"168,700.00"
10/04/2025,"102,920.89","104,436.78","99,729.55","102,920.89","15,100.00",0.13,"1,468,800.00"
09/04/2025,"86,964.16","92,549.02","85,129.14","90,953.35","2,000.00",0.02,"149,200.00"
08/04/2025,"97,495.61","98,293.44","85,368.49","87,682.22","-8,500.00",-0.07,"218,500.00"
04/04/2025,"98,133.87","103,718.73","86,166.33","102,123.06","2,000.00",0.02,"115,800.00"
03/04/2025,"110,979.04","111,697.09","96,139.28","98,133.87","-18,100.00",-0.13,"230,700.00"
02/04/2025,"113,851.25","114,090.60","111,697.09","111,697.09","-2,700.00",-0.02,"45,600.00"
01/04/2025,"112,893.85","114,090.60","112,893.85","113,292.77",-800.00,-0.01,"69,500.00"
31/03/2025,"116,643.68","116,643.68","111,776.88","114,888.44","-2,200.00",-0.02,"98,500.00"
28/03/2025,"115,287.36","117,281.95","114,888.44","115,127.79",600.00,0.00,"102,100.00"
27/03/2025,"111,218.39","116,484.11","111,218.39","114,888.44","4,700.00",0.03,"43,800.00"
26/03/2025,"111,218.39","111,697.09","111,058.82","111,058.82",-200.00,0.00,"11,300.00"
25/03/2025,"111,697.09","111,697.09","110,899.26","110,899.26",-500.00,0.00,"36,400.00"
24/03/2025,"112,096.01","112,175.79","110,659.91","110,739.69","-1,500.00",-0.01,"23,800.00"
21/03/2025,"111,697.09","112,096.01","111,537.53","112,096.01","1,400.00",0.01,"20,800.00"
20/03/2025,"109,941.85","112,016.23","109,941.85","111,058.82",-500.00,0.00,"24,700.00"
19/03/2025,"113,372.55","113,372.55","110,101.42","110,101.42","-4,100.00",-0.03,"66,900.00"
18/03/2025,"114,090.60","114,649.09","111,697.09","111,776.88","-3,600.00",-0.03,"62,900.00"
17/03/2025,"117,281.95","117,281.95","113,292.77","113,611.90","-4,700.00",-0.03,"72,300.00"
14/03/2025,"118,877.62","118,877.62","116,404.33","116,404.33","-3,100.00",-0.02,"103,900.00"
13/03/2025,"118,159.57","119,436.11","117,680.87","118,319.13","1,100.00",0.01,"74,500.00"
12/03/2025,"117,281.95","119,675.46","116,484.11","119,675.46","3,400.00",0.02,"57,000.00"
11/03/2025,"118,079.78","118,079.78","116,803.25","117,202.16","-1,400.00",-0.01,"47,600.00"
10/03/2025,"118,478.70","119,196.75","117,760.65","117,920.22","-1,200.00",-0.01,"52,400.00"
07/03/2025,"118,478.70","119,675.46","118,478.70","118,797.84",0.00,0.00,"32,200.00"
06/03/2025,"118,877.62","120,074.37","118,079.78","118,478.70",-100.00,0.00,"113,000.00"
05/03/2025,"118,638.27","119,276.54","118,079.78","118,319.13",-400.00,0.00,"41,500.00"
04/03/2025,"119,116.97","119,116.97","118,398.92","118,718.05",0.00,0.00,"27,800.00"
03/03/2025,"118,957.40","119,356.32","118,319.13","118,877.62",-100.00,0.00,"36,300.00"
28/02/2025,"119,276.54","119,276.54","118,797.84","118,877.62",-600.00,0.00,"25,300.00"
27/02/2025,"118,718.05","119,675.46","118,718.05","119,276.54",0.00,0.00,"28,200.00"
26/02/2025,"119,276.54","119,595.67","118,718.05","118,718.05",-700.00,0.00,"29,700.00"
25/02/2025,"119,276.54","119,675.46","118,877.62","119,116.97",-200.00,0.00,"52,000.00"
24/02/2025,"120,632.86","120,632.86","118,877.62","119,196.75",-600.00,0.00,"42,800.00"
21/02/2025,"121,271.13","121,271.13","118,877.62","120,632.86",-800.00,-0.01,"36,200.00"
20/02/2025,"121,749.83","121,749.83","121,191.35","121,271.13",100.00,0.00,"53,300.00"
19/02/2025,"117,680.87","121,749.83","117,680.87","121,271.13","3,400.00",0.02,"79,500.00"
18/02/2025,"119,196.75","119,276.54","117,840.43","118,877.62",-400.00,0.00,"26,100.00"
17/02/2025,"120,872.21","120,951.99","117,840.43","118,558.49","-2,900.00",-0.02,"67,500.00"
14/02/2025,"121,271.13","121,749.83","120,473.29","120,632.86","-2,100.00",-0.01,"43,000.00"
13/02/2025,"123,026.37","123,425.29","120,792.43","122,787.02",-100.00,0.00,"97,700.00"
12/02/2025,"124,462.47","124,462.47","122,308.32","123,026.37","-2,400.00",-0.02,"41,700.00"
11/02/2025,"127,254.90","127,254.90","123,345.50","123,425.29",0.00,0.00,"408,000.00"
10/02/2025,"123,088.67","123,986.31","122,864.26","123,032.57",-100.00,0.00,"209,600.00"
07/02/2025,"123,986.31","124,210.72","122,359.34","123,425.29",-700.00,0.00,"137,700.00"
06/02/2025,"124,042.41","125,164.46","122,864.26","124,547.34","1,400.00",0.01,"139,483.00"
05/02/2025,"124,547.34","125,052.26","123,144.78","123,369.18",600.00,0.00,"104,600.00"
04/02/2025,"120,900.68","124,491.23","120,900.68","122,808.16","3,800.00",0.02,"115,700.00"
03/02/2025,"121,405.60","122,303.24","120,339.66","120,507.96","-1,600.00",-0.01,"37,800.00"
24/01/2025,"120,339.66","122,864.26","119,946.94","121,573.91","3,600.00",0.02,"62,900.00"
23/01/2025,"119,946.94","120,956.78","118,656.58","120,227.45",600.00,0.00,"104,250.00"
22/01/2025,"120,059.14","121,181.19","118,937.10","119,946.94",600.00,0.00,"198,200.00"
21/01/2025,"122,303.24","122,303.24","118,376.07","119,442.02","-6,000.00",-0.03,"324,600.00"
20/01/2025,"125,949.90","126,286.51","121,742.22","122,415.44","-5,700.00",-0.03,"90,500.00"
17/01/2025,"124,547.34","126,679.23","124,547.34","126,679.23","2,100.00",0.01,"17,600.00"
16/01/2025,"126,230.41","127,632.97","124,547.34","124,547.34","-2,700.00",-0.01,"34,100.00"
15/01/2025,"126,286.51","127,352.46","123,537.49","126,791.43","2,000.00",0.01,"40,600.00"
14/01/2025,"130,438.09","130,438.09","124,940.05","127,913.48","-2,200.00",-0.01,"55,800.00"
13/01/2025,"129,035.53","130,718.60","127,913.48","129,035.53","3,300.00",0.01,"17,000.00"
10/01/2025,"129,147.73","130,101.47","123,705.80","130,101.47","1,000.00",0.00,"34,200.00"
09/01/2025,"130,999.11","130,999.11","128,474.50","129,147.73","-3,300.00",-0.01,"23,500.00"
08/01/2025,"131,840.65","131,840.65","129,372.14","131,504.03",-700.00,0.00,"24,400.00"
07/01/2025,"133,523.72","133,523.72","130,718.60","132,457.77","-1,900.00",-0.01,"30,200.00"
06/01/2025,"133,972.54","134,589.67","131,840.65","133,804.23",700.00,0.00,"35,600.00"
03/01/2025,"138,572.94","138,572.94","130,157.58","133,243.21","-9,700.00",-0.04,"116,200.00"
02/01/2025,"145,810.15","145,866.25","136,328.84","138,572.94","-9,800.00",-0.04,"170,400.00"
31/12/2024,"137,450.89","145,866.25","137,450.89","143,061.13","15,300.00",0.06,"410,000.00"
30/12/2024,"132,682.18","145,866.25","131,616.24","145,866.25","25,300.00",0.11,"213,200.00"
27/12/2024,"130,157.58","132,682.18","129,035.53","132,682.18","4,700.00",0.02,"487,400.00"
26/12/2024,"129,091.63","130,718.60","128,642.81","130,550.29","1,700.00",0.01,"151,900.00"
25/12/2024,"129,035.53","130,718.60","128,193.99","129,989.27","2,500.00",0.01,"162,000.00"
24/12/2024,"127,857.38","131,223.52","127,240.25","130,718.60","7,100.00",0.03,"105,600.00"
23/12/2024,"125,388.87","127,913.48","125,388.87","127,913.48","4,900.00",0.02,"50,200.00"
20/12/2024,"123,256.98","126,062.10","123,256.98","125,781.59","4,500.00",0.02,"99,200.00"
19/12/2024,"128,362.30","128,362.30","121,742.22","123,144.78",-700.00,0.00,"47,100.00"
18/12/2024,"124,720.70","124,720.70","123,053.45","123,161.02","-1,000.00",0.00,"354,500.00"
17/12/2024,"125,097.17","125,204.74","122,354.29","124,720.70",-100.00,0.00,"66,400.00"
16/12/2024,"121,924.03","126,065.25","121,870.25","125,204.74","7,500.00",0.03,"97,600.00"
13/12/2024,"121,009.73","122,085.38","120,471.91","121,870.25","2,200.00",0.01,"361,600.00"
12/12/2024,"122,085.38","122,085.38","120,149.22","121,009.73","1,600.00",0.01,"68,800.00"
11/12/2024,"121,009.73","124,774.48","118,858.45","120,471.91","3,200.00",0.01,"147,100.00"
10/12/2024,"121,278.64","121,278.64","118,320.63","118,804.67",-600.00,0.00,"23,300.00"
09/12/2024,"119,450.05","121,439.99","118,858.45","121,278.64","3,100.00",0.01,"67,300.00"
06/12/2024,"122,623.20","122,623.20","118,858.45","121,009.73",100.00,0.00,"393,800.00"
05/12/2024,"119,396.27","122,623.20","119,396.27","122,623.20","4,600.00",0.02,"41,600.00"
04/12/2024,"121,009.73","121,009.73","119,396.27","119,396.27","-3,400.00",-0.02,"280,300.00"
03/12/2024,"121,009.73","123,161.02","121,009.73","121,009.73","-1,200.00",-0.01,"20,900.00"
02/12/2024,"119,934.09","123,161.02","119,934.09","120,902.17","2,100.00",0.01,"20,100.00"
29/11/2024,"117,782.81","123,698.84","117,621.46","123,591.27","10,800.00",0.05,"65,600.00"
28/11/2024,"117,782.81","117,836.59","117,460.11","117,729.02",-100.00,0.00,"20,300.00"
27/11/2024,"117,729.02","117,836.59","117,729.02","117,782.81",100.00,0.00,"6,300.00"
26/11/2024,"116,707.16","117,836.59","116,707.16","117,782.81",900.00,0.00,"141,200.00"
25/11/2024,"118,051.72","118,051.72","116,653.38","117,729.02",0.00,0.00,"12,700.00"
22/11/2024,"117,997.94","118,266.85","116,492.04","118,051.72","1,400.00",0.01,"42,200.00"
21/11/2024,"119,073.58","119,073.58","116,707.16","116,707.16","-4,400.00",-0.02,"32,600.00"
20/11/2024,"118,320.63","119,880.31","116,760.95","119,880.31","1,800.00",0.01,"17,600.00"
19/11/2024,"119,665.18","120,471.91","117,782.81","118,320.63","2,800.00",0.01,"1,091,900.00"
18/11/2024,"117,729.02","119,934.09","115,631.52","119,934.09","2,500.00",0.01,"43,700.00"
15/11/2024,"118,320.63","120,095.44","117,460.11","118,320.63","-3,700.00",-0.02,"25,900.00"
14/11/2024,"119,073.58","121,278.64","119,019.80","119,987.87","2,700.00",0.01,"1,127,200.00"
13/11/2024,"119,288.71","119,288.71","117,244.99","119,073.58",0.00,0.00,"154,800.00"
12/11/2024,"118,320.63","120,848.39","118,213.06","118,374.41","4,400.00",0.02,"28,500.00"
11/11/2024,"115,523.96","118,320.63","115,362.61","118,320.63","4,900.00",0.02,"31,200.00"
08/11/2024,"116,976.08","116,976.08","115,201.27","116,061.78","-2,300.00",-0.01,"101,700.00"
07/11/2024,"117,782.81","117,782.81","116,169.34","116,976.08",300.00,0.00,"26,000.00"
06/11/2024,"115,362.61","118,051.72","115,362.61","117,782.81","5,100.00",0.02,"83,900.00"
05/11/2024,"114,717.23","115,470.18","114,286.97","115,470.18","2,000.00",0.01,"13,400.00"
04/11/2024,"112,942.42","115,631.52","112,942.42","114,717.23","3,300.00",0.02,"106,000.00"
01/11/2024,"112,834.85","114,018.06","111,866.78","114,018.06","2,200.00",0.01,"38,700.00"
31/10/2024,"113,641.59","113,964.28","112,350.81","112,781.07",200.00,0.00,"43,000.00"
30/10/2024,"112,942.42","114,018.06","111,328.95","114,018.06","2,800.00",0.01,"54,600.00"
29/10/2024,"112,942.42","113,749.15","112,350.81","112,673.51",200.00,0.00,"21,700.00"
28/10/2024,"112,942.42","113,480.24","111,974.34","112,673.51",500.00,0.00,"14,200.00"
25/10/2024,"111,920.56","112,942.42","111,866.78","112,673.51",-400.00,0.00,"9,000.00"
24/10/2024,"111,597.87","114,018.06","111,597.87","113,372.67","4,700.00",0.02,"61,500.00"
23/10/2024,"110,522.22","111,597.87","109,177.67","111,597.87","2,100.00",0.01,"23,400.00"
22/10/2024,"110,791.13","110,898.70","109,715.49","109,715.49","-2,300.00",-0.01,"16,900.00"
21/10/2024,"112,081.90","112,081.90","110,253.31","111,328.95","-2,000.00",-0.01,"20,500.00"
18/10/2024,"112,888.64","112,942.42","112,081.90","112,081.90","-1,500.00",-0.01,"18,100.00"
17/10/2024,"113,749.15","114,502.10","112,404.60","112,673.51","1,100.00",0.01,"35,900.00"
16/10/2024,"107,295.30","114,286.97","106,757.48","113,480.24","12,600.00",0.06,"154,000.00"
15/10/2024,"106,488.57","107,026.39","106,058.31","107,026.39","1,000.00",0.01,"25,300.00"
14/10/2024,"106,004.53","106,972.60","106,004.53","106,811.26",300.00,0.00,"18,400.00"
11/10/2024,"106,542.35","107,617.99","106,488.57","107,402.86",800.00,0.00,"40,000.00"
10/10/2024,"106,757.48","107,564.21","106,488.57","107,564.21","2,200.00",0.01,"49,600.00"
09/10/2024,"106,273.44","107,510.43","103,853.24","107,510.43","1,000.00",0.01,"32,100.00"
08/10/2024,"107,026.39","107,187.73","106,219.65","107,133.95",500.00,0.00,"70,300.00"
07/10/2024,"106,488.57","107,564.21","105,843.18","106,165.87",-600.00,0.00,"16,900.00"
04/10/2024,"105,843.18","107,564.21","105,843.18","107,295.30","1,300.00",0.01,"139,400.00"
03/10/2024,"106,165.87","107,564.21","105,843.18","105,843.18","3,000.00",0.02,"328,900.00"
02/10/2024,"105,305.36","106,488.57","100,464.97","105,950.74",500.00,0.00,"115,600.00"
01/10/2024,"106,542.35","106,542.35","105,197.79","105,305.36",-900.00,0.00,"29,300.00"
30/09/2024,"107,617.99","107,617.99","105,412.92","107,026.39",900.00,0.00,"46,600.00"
27/09/2024,"107,671.77","107,725.55","105,950.74","107,564.21","1,900.00",0.01,"47,500.00"
26/09/2024,"108,639.85","108,639.85","105,681.83","107,564.21","-3,400.00",-0.02,"132,400.00"
25/09/2024,"118,320.63","118,320.63","107,564.21","109,123.89",-200.00,0.00,"103,000.00"
24/09/2024,"105,704.65","111,069.36","105,704.65","109,281.13","7,400.00",0.03,"241,600.00"
23/09/2024,"103,817.07","105,953.02","103,817.07","105,853.67","4,600.00",0.02,"356,400.00"
20/09/2024,"106,598.77","106,598.77","103,121.64","104,214.46","4,800.00",0.02,"88,200.00"
19/09/2024,"103,668.05","103,668.05","88,418.37","103,220.99",-900.00,0.00,"125,300.00"
18/09/2024,"103,817.07","103,866.74","103,171.32","103,767.40","1,800.00",0.01,"136,900.00"
17/09/2024,"101,830.14","103,568.70","101,432.75","102,823.60","3,000.00",0.01,"110,200.00"
16/09/2024,"101,383.08","101,830.14","101,184.39","101,482.43",200.00,0.00,"55,800.00"
13/09/2024,"101,581.77","101,830.14","100,836.68","101,830.14","4,000.00",0.02,"60,400.00"
12/09/2024,"102,823.60","102,823.60","95,869.35","101,283.73","-2,400.00",-0.01,"129,300.00"
11/09/2024,"103,071.97","103,071.97","100,985.69","103,071.97",-200.00,0.00,"39,900.00"
10/09/2024,"103,817.07","103,817.07","102,426.22","103,270.66",0.00,0.00,"46,600.00"
09/09/2024,"103,121.64","103,817.07","103,071.97","103,817.07","1,400.00",0.01,"15,300.00"
06/09/2024,"102,326.87","104,065.44","101,879.81","104,065.44","1,000.00",0.00,"34,500.00"
05/09/2024,"104,909.88","105,058.90","102,426.22","103,121.64","-3,900.00",-0.02,"36,800.00"
04/09/2024,"106,002.69","106,002.69","103,966.09","104,760.86","1,700.00",0.01,"60,700.00"
30/08/2024,"100,836.68","104,909.88","100,836.68","104,909.88","8,200.00",0.04,"226,800.00"
29/08/2024,"101,333.41","101,730.79","100,141.25","101,730.79",800.00,0.00,"38,800.00"
28/08/2024,"101,333.41","101,830.14","101,085.04","101,780.47",-300.00,0.00,"63,300.00"
27/08/2024,"100,339.94","102,326.87","100,339.94","102,326.87",-600.00,0.00,"38,300.00"
26/08/2024,"103,469.36","103,568.70","102,326.87","102,773.93","-1,600.00",-0.01,"66,900.00"
23/08/2024,"103,469.36","104,313.80","103,320.34","104,313.80",500.00,0.00,"84,700.00"
22/08/2024,"102,128.18","105,804.00","102,078.51","103,419.68","-2,800.00",-0.01,"26,600.00"
21/08/2024,"105,207.92","105,207.92","104,164.78","105,058.90",-300.00,0.00,"77,500.00"
20/08/2024,"105,654.98","105,754.33","104,711.19","105,754.33","1,000.00",0.00,"40,800.00"
19/08/2024,"105,754.33","105,754.33","104,313.80","105,754.33",0.00,0.00,"83,200.00"
16/08/2024,"104,860.21","106,052.37","104,860.21","105,754.33",900.00,0.00,"174,700.00"
15/08/2024,"105,307.27","105,804.00","104,860.21","105,804.00",400.00,0.00,"47,500.00"
14/08/2024,"106,300.73","106,300.73","103,817.07","105,804.00",-200.00,0.00,"162,600.00"
13/08/2024,"105,456.29","106,300.73","105,456.29","105,804.00",300.00,0.00,"50,600.00"
12/08/2024,"106,251.06","106,300.73","104,562.17","106,300.73","1,100.00",0.01,"24,900.00"
09/08/2024,"106,300.73","106,300.73","104,611.84","106,300.73","1,100.00",0.01,"21,400.00"
08/08/2024,"104,313.80","106,251.06","104,313.80","106,251.06",0.00,0.00,"20,300.00"
07/08/2024,"107,244.52","107,244.52","104,313.80","104,413.15","1,200.00",0.01,"104,900.00"
06/08/2024,"99,843.21","109,976.55","99,396.15","107,294.20","15,000.00",0.07,"116,200.00"
05/08/2024,"99,346.48","100,836.68","99,247.13","100,836.68","1,100.00",0.01,"50,200.00"
02/08/2024,"99,147.79","102,277.20","99,147.79","102,277.20","5,900.00",0.03,"62,100.00"
01/08/2024,"99,346.48","100,339.94","98,154.32","100,339.94","2,700.00",0.01,"65,600.00"
31/07/2024,"98,154.32","100,787.00","97,359.55","100,339.94","1,900.00",0.01,"145,300.00"
30/07/2024,"100,836.68","100,836.68","98,154.32","99,743.86","-2,700.00",-0.01,"96,300.00"
29/07/2024,"101,830.14","102,078.51","100,588.31","100,588.31","2,300.00",0.01,"52,500.00"
26/07/2024,"96,862.82","101,830.14","96,862.82","101,830.14","10,100.00",0.05,"99,300.00"
25/07/2024,"96,862.82","97,359.55","96,465.43","97,359.55","1,200.00",0.01,"11,300.00"
24/07/2024,"96,862.82","97,359.55","95,521.64","97,309.88",500.00,0.00,"33,200.00"
23/07/2024,"96,366.08","97,558.24","95,422.29","97,508.57","1,000.00",0.01,"58,800.00"
22/07/2024,"97,409.22","97,607.91","94,379.15","97,607.91",400.00,0.00,"99,700.00"
19/07/2024,"97,856.28","97,856.28","96,664.12","97,856.28","2,400.00",0.01,"55,900.00"
18/07/2024,"97,111.18","97,856.28","92,044.51","97,856.28",900.00,0.00,"134,600.00"
17/07/2024,"95,919.02","98,253.67","95,869.35","98,253.67","2,600.00",0.01,"180,100.00"
16/07/2024,"97,856.28","97,856.28","95,869.35","97,309.88",700.00,0.00,"113,800.00"
15/07/2024,"95,869.35","97,955.63","95,869.35","97,359.55","1,600.00",0.01,"60,700.00"
12/07/2024,"101,830.14","102,277.20","94,925.56","96,217.06","-13,700.00",-0.07,"254,700.00"
11/07/2024,"106,350.40","107,343.87","101,333.41","101,830.14","-11,200.00",-0.05,"289,800.00"
10/07/2024,"108,287.66","108,287.66","106,350.40","106,350.40","-3,400.00",-0.02,"67,000.00"
09/07/2024,"108,536.03","108,536.03","107,542.56","108,486.35","1,500.00",0.01,"86,300.00"
08/07/2024,"107,741.26","108,933.41","105,804.00","108,536.03",700.00,0.00,"276,400.00"
05/07/2024,"107,890.28","108,784.39","107,542.56","108,188.31","-1,000.00",0.00,"141,400.00"
04/07/2024,"108,933.41","108,933.41","107,592.24","108,585.70",-200.00,0.00,"107,600.00"
03/07/2024,"108,834.07","108,933.41","107,343.87","108,933.41",300.00,0.00,"248,500.00"
02/07/2024,"110,274.59","110,274.59","108,287.66","108,883.74","4,200.00",0.02,"399,300.00"
01/07/2024,"107,523.98","107,523.98","106,070.95","107,523.98","1,600.00",0.01,"494,900.00"
28/06/2024,"107,620.85","108,008.32","105,925.65","107,523.98",-300.00,0.00,"227,700.00"
27/06/2024,"107,039.63","109,170.74","106,070.95","108,008.32","4,700.00",0.02,"528,400.00"
26/06/2024,"106,216.25","107,039.63","104,617.92","107,039.63","1,700.00",0.01,"222,400.00"
25/06/2024,"106,700.60","107,136.50","105,586.61","106,506.86",-700.00,0.00,"86,300.00"
24/06/2024,"107,330.24","108,347.36","105,102.27","106,700.60",300.00,0.00,"585,800.00"
21/06/2024,"106,361.56","106,845.90","106,070.95","106,797.46","1,000.00",0.00,"219,400.00"
20/06/2024,"106,070.95","107,281.81","104,956.96","106,845.90","3,900.00",0.02,"368,000.00"
19/06/2024,"105,102.27","106,070.95","102,680.55","105,877.21","3,900.00",0.02,"445,800.00"
18/06/2024,"106,313.12","106,313.12","102,971.16","105,344.44",900.00,0.00,"557,200.00"
17/06/2024,"105,102.27","106,361.56","104,133.58","106,022.52",-700.00,0.00,"272,500.00"
14/06/2024,"105,828.78","106,749.03","104,375.75","105,828.78",0.00,0.00,"306,700.00"
13/06/2024,"107,281.81","107,281.81","105,150.70","105,828.78","-1,700.00",-0.01,"167,600.00"
12/06/2024,"96,868.45","108,250.49","96,868.45","107,039.63",-500.00,0.00,"130,300.00"
11/06/2024,"107,959.89","107,959.89","105,586.61","107,911.45",900.00,0.00,"174,500.00"
10/06/2024,"105,828.78","107,911.45","105,828.78","107,911.45","4,200.00",0.02,"403,100.00"
07/06/2024,"105,586.61","107,039.63","104,617.92","105,828.78","5,700.00",0.03,"457,500.00"
06/06/2024,"99,290.16","106,070.95","99,290.16","105,586.61","13,700.00",0.07,"386,900.00"
05/06/2024,"99,290.16","100,258.84","98,030.87","100,210.41","4,900.00",0.02,"237,100.00"
04/06/2024,"98,805.82","99,290.16","96,384.11","99,290.16","2,500.00",0.01,"339,500.00"
03/06/2024,"95,173.25","103,649.24","94,931.08","98,563.65","12,100.00",0.06,"154,500.00"
31/05/2024,"88,876.80","94,931.08","88,876.80","94,931.08","12,900.00",0.07,"740,500.00"
30/05/2024,"86,697.26","89,845.49","86,697.26","89,845.49","1,100.00",0.01,"132,700.00"
29/05/2024,"90,039.22","90,039.22","88,150.29","88,634.63","-1,300.00",-0.01,"141,900.00"
28/05/2024,"87,181.60","89,797.05","87,181.60","89,651.75","5,300.00",0.03,"246,600.00"
27/05/2024,"88,683.06","89,554.88","84,759.89","86,697.26","-5,900.00",-0.03,"195,500.00"
24/05/2024,"87,617.51","89,603.31","87,181.60","89,554.88","4,900.00",0.03,"552,900.00"
23/05/2024,"85,728.58","88,150.29","85,244.23","87,665.95","3,400.00",0.02,"248,500.00"
22/05/2024,"84,759.89","86,697.26","84,033.38","86,212.92","1,400.00",0.01,"331,600.00"
21/05/2024,"84,759.89","86,648.83","83,791.21","84,759.89","-2,200.00",-0.01,"374,500.00"
20/05/2024,"87,181.60","87,181.60","83,791.21","86,358.22","5,000.00",0.03,"449,100.00"
17/05/2024,"78,947.79","85,534.84","78,947.79","84,517.72","16,700.00",0.11,"257,500.00"
16/05/2024,"74,588.70","79,432.13","74,588.70","78,947.79","10,400.00",0.07,"497,600.00"
15/05/2024,"70,713.97","75,073.05","70,713.97","73,620.02","7,200.00",0.05,"371,000.00"
14/05/2024,"70,423.36","70,520.23","69,842.15","70,035.89",-500.00,0.00,"69,200.00"
13/05/2024,"71,488.91","71,488.91","69,793.72","70,423.36","-1,600.00",-0.01,"88,000.00"
10/05/2024,"70,762.40","71,682.65","70,762.40","71,198.31","-1,100.00",-0.01,"71,000.00"
09/05/2024,"71,682.65","72,070.13","71,343.61","71,488.91",500.00,0.00,"107,100.00"
08/05/2024,"70,181.19","72,118.56","69,454.68","71,682.65","2,300.00",0.02,"130,000.00"
07/05/2024,"72,070.13","72,118.56","69,745.28","69,793.72","-4,700.00",-0.03,"441,600.00"
06/05/2024,"72,215.43","73,038.81","70,956.14","72,070.13",-800.00,-0.01,"150,700.00"
03/05/2024,"70,665.53","74,201.23","70,229.62","70,278.06","1,300.00",0.01,"282,100.00"
02/05/2024,"67,807.91","70,956.14","67,565.74","70,956.14","7,200.00",0.05,"165,800.00"
26/04/2024,"67,372.01","67,807.91","67,323.57","67,807.91",500.00,0.00,"41,200.00"
25/04/2024,"67,711.05","69,503.11","67,275.14","67,759.48",300.00,0.00,"51,700.00"
24/04/2024,"67,807.91","68,243.82","66,354.89","67,323.57","-1,400.00",-0.01,"33,600.00"
23/04/2024,"69,115.64","69,115.64","67,323.57","67,323.57","-3,400.00",-0.02,"25,300.00"
22/04/2024,"69,745.28","69,745.28","67,323.57","69,260.94",900.00,0.01,"67,600.00"
19/04/2024,"67,372.01","71,295.18","66,064.28","67,565.74","1,400.00",0.01,"56,700.00"
17/04/2024,"66,839.23","67,420.44","65,870.54","67,275.14","5,800.00",0.04,"78,100.00"
16/04/2024,"61,995.81","66,839.23","61,511.46","66,839.23","8,100.00",0.06,"105,200.00"
15/04/2024,"63,012.93","63,933.18","61,995.81","61,995.81","-6,100.00",-0.05,"12,200.00"
12/04/2024,"64,417.52","65,725.24","62,964.49","63,545.70","-3,500.00",-0.03,"59,900.00"
11/04/2024,"61,511.46","66,354.89","61,027.12","64,465.95","4,800.00",0.04,"49,100.00"
10/04/2024,"63,933.18","66,354.89","60,591.21","60,591.21","-8,800.00",-0.07,"121,900.00"
09/04/2024,"66,839.23","66,839.23","63,448.83","64,901.86","-4,000.00",-0.03,"59,400.00"
08/04/2024,"66,597.06","67,226.70","66,354.89","66,839.23","2,300.00",0.02,"43,000.00"
05/04/2024,"65,386.20","66,354.89","65,289.33","65,918.98",-800.00,-0.01,"23,500.00"
04/04/2024,"65,531.51","66,597.06","64,708.12","66,597.06","1,000.00",0.01,"31,000.00"
03/04/2024,"66,403.32","66,887.66","65,628.37","65,870.54","-1,100.00",-0.01,"33,900.00"
02/04/2024,"66,354.89","66,839.23","65,579.94","66,790.79","1,900.00",0.01,"16,800.00"
01/04/2024,"64,514.39","66,548.62","64,465.95","66,354.89","2,300.00",0.02,"34,400.00"
29/03/2024,"63,787.87","66,258.02","63,787.87","64,514.39","3,100.00",0.02,"42,900.00"
28/03/2024,"61,511.46","63,933.18","60,881.82","63,206.66","4,400.00",0.03,"56,600.00"
27/03/2024,"60,833.39","61,463.03","60,833.39","60,881.82",100.00,0.00,"6,500.00"
26/03/2024,"61,027.12","61,075.56","60,445.91","60,930.25",-300.00,0.00,"22,600.00"
25/03/2024,"61,947.37","61,947.37","60,784.95","61,027.12","-3,000.00",-0.02,"25,700.00"
22/03/2024,"63,448.83","63,545.70","61,898.94","61,898.94","-3,200.00",-0.02,"32,100.00"
21/03/2024,"63,691.00","63,787.87","62,480.15","63,497.27",-200.00,0.00,"33,300.00"
20/03/2024,"63,206.66","63,933.18","63,061.36","63,691.00","1,300.00",0.01,"49,400.00"
19/03/2024,"60,784.95","64,030.04","60,784.95","63,206.66","4,800.00",0.04,"78,200.00"
18/03/2024,"62,964.49","62,964.49","57,878.90","60,542.78","-5,500.00",-0.04,"183,600.00"
15/03/2024,"66,112.72","66,354.89","61,995.81","63,448.83","-6,200.00",-0.05,"482,800.00"
14/03/2024,"67,323.57","67,323.57","65,918.98","65,967.41","-1,700.00",-0.01,"68,400.00"
13/03/2024,"68,389.12","70,229.62","65,918.98","67,323.57","-6,200.00",-0.04,"101,000.00"
12/03/2024,"70,229.62","71,004.57","68,292.26","68,340.69","-5,400.00",-0.04,"139,300.00"
11/03/2024,"70,229.62","72,409.16","69,599.98","70,229.62","2,000.00",0.01,"146,500.00"
08/03/2024,"67,081.40","70,229.62","67,081.40","69,987.45","7,000.00",0.05,"246,000.00"
07/03/2024,"65,870.54","67,323.57","65,386.20","67,323.57","3,500.00",0.03,"95,800.00"
06/03/2024,"65,386.20","67,226.70","63,884.74","65,870.54","4,900.00",0.04,"129,100.00"
05/03/2024,"61,269.29","65,386.20","61,269.29","65,386.20","10,700.00",0.09,"119,200.00"
04/03/2024,"59,574.10","60,784.95","59,574.10","60,542.78","2,400.00",0.02,"69,200.00"
01/03/2024,"58,605.41","59,816.27","58,266.37","59,574.10","2,700.00",0.02,"41,800.00"
29/02/2024,"58,605.41","58,702.28","57,830.46","58,605.41","1,600.00",0.01,"52,500.00"
28/02/2024,"56,183.70","58,556.98","56,183.70","58,556.98","5,600.00",0.05,"115,600.00"
27/02/2024,"55,505.62","56,183.70","55,505.62","56,183.70","1,400.00",0.01,"47,800.00"
26/02/2024,"55,215.02","56,038.40","55,166.58","55,747.79","1,100.00",0.01,"78,000.00"
23/02/2024,"54,730.67","56,183.70","54,391.63","55,215.02","1,700.00",0.02,"130,600.00"
22/02/2024,"54,246.33","55,166.58","54,246.33","54,730.67","1,300.00",0.01,"19,000.00"
21/02/2024,"53,761.99","55,215.02","53,761.99","55,166.58","2,800.00",0.03,"78,500.00"
20/02/2024,"54,197.90","54,246.33","53,761.99","54,246.33",600.00,0.01,"722,400.00"
19/02/2024,"51,824.62","55,699.36","51,824.62","54,197.90","4,600.00",0.04,"105,900.00"
16/02/2024,"52,260.53","52,793.30","47,078.07","52,551.13",300.00,0.00,"71,100.00"
15/02/2024,"53,277.65","53,277.65","51,824.62","52,260.53","-1,300.00",-0.01,"92,500.00"
07/02/2024,"52,308.96","53,229.21","51,921.49","52,260.53","1,100.00",0.01,"54,200.00"
06/02/2024,"50,952.80","52,308.96","50,952.80","52,308.96","2,800.00",0.03,"67,700.00"
05/02/2024,"50,129.42","51,340.28","50,032.55","51,291.84","2,600.00",0.03,"141,900.00"
02/02/2024,"49,838.82","50,371.59","49,645.08","50,129.42","2,300.00",0.02,"129,100.00"
01/02/2024,"47,949.88","50,323.16","47,949.88","49,838.82","5,400.00",0.06,"112,200.00"
31/01/2024,"46,496.86","47,949.88","46,448.42","47,949.88","4,600.00",0.05,"203,600.00"
30/01/2024,"38,311.47","46,545.29","38,311.47","46,496.86","3,000.00",0.03,"70,900.00"
29/01/2024,"44,946.96","45,140.70","44,850.09","45,043.83",600.00,0.01,"112,400.00"
26/01/2024,"44,704.79","44,850.09","44,704.79","44,850.09",300.00,0.00,"20,400.00"
25/01/2024,"44,559.49","44,801.66","44,511.05","44,801.66","1,000.00",0.01,"40,900.00"
24/01/2024,"44,317.31","44,365.75","44,317.31","44,317.31",0.00,0.00,"27,200.00"
23/01/2024,"44,123.58","44,365.75","44,123.58","44,365.75",400.00,0.00,"30,700.00"
22/01/2024,"44,123.58","44,365.75","44,123.58","44,365.75",500.00,0.01,"20,000.00"
19/01/2024,"44,123.58","44,268.88","44,075.14","44,075.14",100.00,0.00,"12,200.00"
18/01/2024,"44,075.14","44,123.58","43,736.10","44,075.14",400.00,0.00,"31,000.00"
17/01/2024,"43,832.97","44,220.45","43,832.97","43,929.84",400.00,0.00,"12,300.00"
16/01/2024,"43,639.24","43,832.97","43,590.80","43,832.97",400.00,0.00,"56,800.00"
15/01/2024,"43,590.80","43,736.10","43,590.80","43,736.10",-100.00,0.00,"8,000.00"
12/01/2024,"43,639.24","43,832.97","43,590.80","43,832.97",400.00,0.00,"27,200.00"
11/01/2024,"43,590.80","44,075.14","43,590.80","43,590.80","-1,000.00",-0.01,"4,000.00"
10/01/2024,"44,075.14","44,220.45","43,978.28","44,026.71",0.00,0.00,"13,200.00"
09/01/2024,"42,622.12","44,317.31","42,622.12","44,220.45",300.00,0.00,"21,800.00"
08/01/2024,"44,075.14","44,511.05","44,026.71","44,075.14",500.00,0.01,"14,800.00"
05/01/2024,"43,881.41","43,881.41","43,590.80","43,881.41",0.00,0.00,"24,500.00"
04/01/2024,"44,317.31","44,317.31","43,832.97","43,832.97",300.00,0.00,"38,400.00"
03/01/2024,"43,106.46","44,317.31","43,106.46","44,317.31","3,100.00",0.04,"49,200.00"
02/01/2024,"42,234.64","43,300.20","42,234.64","43,203.33","2,000.00",0.02,"24,600.00"
29/12/2023,"42,234.64","42,234.64","42,234.64","42,234.64",300.00,0.00,"4,500.00"
28/12/2023,"41,992.47","42,186.21","41,895.60","42,137.77",400.00,0.00,"15,800.00"
27/12/2023,"41,895.60","42,137.77","41,847.17","41,895.60",100.00,0.00,"44,900.00"
26/12/2023,"41,798.74","42,089.34","41,798.74","41,798.74",-600.00,-0.01,"54,200.00"
25/12/2023,"42,089.34","42,137.77","41,944.04","42,137.77",0.00,0.00,"24,600.00"
22/12/2023,"41,314.39","42,379.95","41,314.39","42,186.21",900.00,0.01,"12,300.00"
21/12/2023,"41,847.17","42,137.77","41,653.43","41,895.60",-200.00,0.00,"8,600.00"
20/12/2023,"41,895.60","42,379.95","41,847.17","41,847.17",500.00,0.01,"20,600.00"
19/12/2023,"40,926.92","42,089.34","40,926.92","42,089.34","2,600.00",0.03,"15,300.00"
18/12/2023,"40,200.41","42,137.77","37,245.92","41,411.26",100.00,0.00,"38,100.00"
15/12/2023,"40,200.41","42,186.21","40,200.41","41,508.13",0.00,0.00,"27,200.00"
14/12/2023,"41,653.43","41,653.43","41,169.09","41,508.13",-200.00,0.00,"8,600.00"
13/12/2023,"41,847.17","41,944.04","35,696.02","41,653.43",-500.00,-0.01,"20,500.00"
12/12/2023,"41,750.30","41,992.47","41,750.30","41,895.60",300.00,0.00,"24,900.00"
11/12/2023,"41,944.04","41,944.04","41,750.30","41,750.30",-500.00,-0.01,"11,300.00"
08/12/2023,"42,137.77","42,137.77","41,653.43","41,653.43","-1,000.00",-0.01,"33,600.00"
07/12/2023,"42,234.64","42,331.51","41,847.17","42,137.77",-100.00,0.00,"29,300.00"
06/12/2023,"42,040.91","42,379.95","41,944.04","42,137.77",400.00,0.00,"9,500.00"
05/12/2023,"41,169.09","42,379.95","41,169.09","42,331.51","1,800.00",0.02,"96,900.00"
04/12/2023,"40,926.92","41,895.60","40,926.92","41,653.43","2,000.00",0.02,"69,500.00"
01/12/2023,"39,231.72","41,217.52","39,231.72","40,926.92","3,500.00",0.04,"168,200.00"
30/11/2023,"38,263.04","39,473.89","38,263.04","39,473.89","1,700.00",0.02,"108,400.00"
29/11/2023,"38,263.04","38,892.68","37,827.13","38,892.68","2,200.00",0.03,"28,100.00"
28/11/2023,"37,681.83","38,263.04","37,584.96","38,069.30",800.00,0.01,"106,000.00"
27/11/2023,"37,584.96","38,747.38","37,294.35","37,778.69",400.00,0.01,"17,700.00"
24/11/2023,"37,875.56","38,263.04","37,294.35","37,294.35","-2,600.00",-0.03,"108,700.00"
23/11/2023,"38,989.55","38,989.55","38,311.47","38,311.47","-1,600.00",-0.02,"15,200.00"
22/11/2023,"39,231.72","39,280.16","38,263.04","38,505.21",-600.00,-0.01,"188,700.00"
21/11/2023,"38,505.21","38,892.68","38,505.21","38,892.68",300.00,0.00,"10,300.00"
20/11/2023,"38,747.38","39,183.29","38,698.94","38,747.38",200.00,0.00,"21,600.00"
17/11/2023,"38,747.38","38,795.81","37,778.69","38,747.38",-400.00,0.00,"10,100.00"
16/11/2023,"38,941.12","39,231.72","38,747.38","39,231.72",900.00,0.01,"25,400.00"
15/11/2023,"37,730.26","38,989.55","37,730.26","38,892.68","3,200.00",0.04,"57,700.00"
14/11/2023,"37,778.69","37,778.69","37,052.18","37,294.35","-1,000.00",-0.01,"22,900.00"
13/11/2023,"37,778.69","38,263.04","37,633.39","37,633.39",-800.00,-0.01,"12,800.00"
10/11/2023,"37,536.52","38,747.38","37,245.92","38,214.60","2,000.00",0.03,"47,400.00"
09/11/2023,"36,761.58","37,536.52","36,761.58","37,536.52","2,100.00",0.03,"36,300.00"
08/11/2023,"36,325.67","36,810.01","36,325.67","36,810.01","1,100.00",0.01,"12,400.00"
07/11/2023,"35,841.33","37,391.22","35,647.59","36,470.97","1,400.00",0.02,"72,400.00"
06/11/2023,"35,405.42","35,841.33","35,405.42","35,841.33",700.00,0.01,"39,500.00"
03/11/2023,"35,889.76","35,889.76","35,114.81","35,260.12","-1,500.00",-0.02,"42,500.00"
02/11/2023,"36,180.37","36,325.67","35,792.89","35,841.33",-200.00,0.00,"42,500.00"
01/11/2023,"36,761.58","36,810.01","35,114.81","35,841.33","-2,000.00",-0.03,"97,700.00"
31/10/2023,"37,778.69","37,778.69","36,325.67","36,470.97",-200.00,0.00,"64,500.00"
30/10/2023,"36,422.54","37,052.18","36,131.93","36,810.01",800.00,0.01,"38,500.00"
27/10/2023,"36,567.84","36,713.14","36,228.80","36,325.67",-800.00,-0.01,"87,900.00"
26/10/2023,"37,294.35","37,342.79","36,083.50","36,567.84","-1,600.00",-0.02,"30,600.00"
25/10/2023,"37,294.35","37,391.22","37,294.35","37,294.35",0.00,0.00,"37,700.00"
24/10/2023,"36,810.01","37,439.66","36,810.01","37,294.35",0.00,0.00,"40,800.00"
23/10/2023,"37,584.96","37,584.96","37,294.35","37,294.35",-100.00,0.00,"37,400.00"
20/10/2023,"37,294.35","37,778.69","37,294.35","37,294.35",-100.00,0.00,"18,100.00"
19/10/2023,"37,584.96","37,584.96","37,294.35","37,294.35",-400.00,-0.01,"16,700.00"
18/10/2023,"37,439.66","37,875.56","37,052.18","37,633.39",800.00,0.01,"38,800.00"
17/10/2023,"37,052.18","37,342.79","37,052.18","37,294.35",300.00,0.00,"13,700.00"
16/10/2023,"37,197.48","37,294.35","37,003.75","37,197.48",0.00,0.00,"9,500.00"
13/10/2023,"37,149.05","37,536.52","36,955.31","37,536.52","1,100.00",0.01,"2,600.00"
12/10/2023,"37,052.18","37,681.83","36,906.88","36,955.31",100.00,0.00,"4,900.00"
11/10/2023,"37,875.56","37,875.56","36,810.01","36,858.44","-2,100.00",-0.03,"5,800.00"
10/10/2023,"37,972.43","37,972.43","37,778.69","37,778.69","1,800.00",0.02,400.00
09/10/2023,"36,761.58","37,730.26","36,761.58","37,052.18",600.00,0.01,"10,200.00"
06/10/2023,"36,810.01","36,810.01","36,567.84","36,761.58",-100.00,0.00,"6,100.00"
05/10/2023,"36,664.71","36,810.01","36,664.71","36,761.58",200.00,0.00,"47,400.00"
04/10/2023,"36,761.58","36,761.58","36,567.84","36,567.84",-500.00,-0.01,"37,627.00"
03/10/2023,"36,858.44","36,858.44","36,616.27","36,810.01",0.00,0.00,"46,700.00"
02/10/2023,"36,810.01","36,858.44","36,810.01","36,858.44",100.00,0.00,"13,074.00"
29/09/2023,"36,906.88","37,052.18","36,713.14","36,810.01",0.00,0.00,"7,800.00"
28/09/2023,"36,810.01","36,906.88","36,810.01","36,810.01",400.00,0.01,"26,400.00"
27/09/2023,"36,374.10","37,294.35","36,374.10","37,294.35","1,900.00",0.03,"4,700.00"
26/09/2023,"37,149.05","37,149.05","35,841.33","36,761.58",-800.00,-0.01,"17,600.00"
25/09/2023,"38,020.87","38,214.60","34,000.83","37,536.52","-1,400.00",-0.02,"9,400.00"
22/09/2023,"38,359.91","38,359.91","38,117.73","38,214.60",-400.00,-0.01,"6,100.00"
21/09/2023,"38,408.34","38,408.34","38,408.34","38,408.34",0.00,0.00,"7,100.00"
20/09/2023,"38,311.47","38,456.77","38,311.47","38,456.77",0.00,0.00,"6,200.00"
19/09/2023,"38,505.21","38,553.64","38,359.91","38,553.64",100.00,0.00,"20,354.00"
18/09/2023,"38,505.21","38,650.51","38,505.21","38,553.64",-200.00,0.00,"11,123.00"
15/09/2023,"38,505.21","38,747.38","38,505.21","38,747.38",500.00,0.01,"6,000.00"
14/09/2023,"38,456.77","38,602.08","38,456.77","38,553.64",200.00,0.00,"36,818.00"
13/09/2023,"38,602.08","38,602.08","38,311.47","38,505.21",-200.00,0.00,"17,000.00"
12/09/2023,"38,698.94","38,795.81","38,505.21","38,698.94",-300.00,0.00,"12,700.00"
11/09/2023,"38,989.55","39,037.98","38,698.94","38,698.94",-900.00,-0.01,"3,200.00"
08/09/2023,"38,650.51","39,280.16","38,650.51","39,037.98",-500.00,-0.01,"8,200.00"
07/09/2023,"39,473.89","39,473.89","38,214.60","38,214.60","-2,600.00",-0.03,"31,700.00"
06/09/2023,"39,377.02","39,522.33","39,328.59","39,473.89",-100.00,0.00,"18,300.00"
05/09/2023,"39,328.59","39,667.63","39,328.59","39,473.89",300.00,0.00,"72,000.00"
31/08/2023,"39,522.33","39,522.33","39,183.29","39,425.46",200.00,0.00,"9,800.00"
30/08/2023,"39,231.72","39,716.06","39,231.72","39,570.76",800.00,0.01,"17,400.00"
29/08/2023,"38,941.12","39,280.16","38,941.12","39,231.72",600.00,0.01,"12,300.00"
28/08/2023,"38,892.68","38,989.55","38,892.68","38,989.55",200.00,0.00,"10,900.00"
25/08/2023,"38,505.21","39,231.72","38,505.21","38,941.12","1,100.00",0.01,"4,300.00"
24/08/2023,"38,214.60","38,505.21","38,214.60","38,505.21",400.00,0.01,"3,300.00"
23/08/2023,"38,359.91","38,408.34","38,263.04","38,311.47",-100.00,0.00,"9,900.00"
22/08/2023,"38,020.87","38,747.38","37,827.13","38,747.38","1,500.00",0.02,"56,200.00"
21/08/2023,"38,166.17","38,747.38","37,827.13","38,020.87",-900.00,-0.01,"48,500.00"
18/08/2023,"39,473.89","39,522.33","37,536.52","38,069.30","-3,700.00",-0.04,"36,500.00"
17/08/2023,"39,861.37","40,151.97","39,716.06","39,716.06",-100.00,0.00,"18,800.00"
16/08/2023,"39,716.06","40,103.54","39,716.06","40,103.54",-100.00,0.00,"15,700.00"
15/08/2023,"40,103.54","40,345.71","39,958.23","40,200.41",300.00,0.00,"6,800.00"
14/08/2023,"39,716.06","40,394.14","39,716.06","40,200.41",500.00,0.01,"29,300.00"
11/08/2023,"40,200.41","40,200.41","39,716.06","39,958.23",-400.00,0.00,"30,800.00"
10/08/2023,"39,958.23","40,200.41","39,764.50","40,200.41",900.00,0.01,"34,400.00"
09/08/2023,"39,231.72","39,958.23","39,231.72","39,958.23","1,300.00",0.02,"36,200.00"
08/08/2023,"38,553.64","39,667.63","38,553.64","39,667.63","2,700.00",0.03,"25,400.00"
07/08/2023,"38,263.04","38,602.08","38,166.17","38,602.08",700.00,0.01,"13,400.00"
04/08/2023,"37,875.56","38,553.64","37,875.56","38,553.64","1,700.00",0.02,"32,200.00"
03/08/2023,"37,730.26","37,875.56","37,439.66","37,875.56",700.00,0.01,"52,700.00"
02/08/2023,"37,584.96","37,584.96","37,439.66","37,439.66",-100.00,0.00,"2,500.00"
01/08/2023,"36,858.44","37,730.26","36,858.44","37,730.26","1,900.00",0.02,"32,900.00"
31/07/2023,"36,810.01","38,263.04","36,325.67","36,810.01",900.00,0.01,"28,500.00"
28/07/2023,"36,325.67","36,422.54","36,277.23","36,325.67",-200.00,0.00,"7,000.00"
27/07/2023,"36,374.10","36,810.01","36,035.06","36,567.84",800.00,0.01,"10,700.00"
26/07/2023,"36,277.23","36,374.10","35,841.33","36,374.10",100.00,0.00,"27,400.00"
25/07/2023,"36,374.10","36,422.54","36,228.80","36,228.80",-500.00,-0.01,"17,800.00"
24/07/2023,"36,422.54","36,567.84","36,325.67","36,422.54",0.00,0.00,"38,400.00"
21/07/2023,"36,422.54","36,810.01","36,083.50","36,422.54",0.00,0.00,"21,400.00"
20/07/2023,"36,664.71","36,761.58","35,792.89","36,422.54","-1,400.00",-0.02,"23,000.00"
19/07/2023,"36,810.01","37,778.69","36,810.01","36,810.01",100.00,0.00,"19,700.00"
18/07/2023,"36,470.97","36,858.44","36,470.97","36,664.71",400.00,0.01,"19,600.00"
17/07/2023,"35,511.21","36,608.08","35,511.21","36,562.38","2,600.00",0.03,"87,100.00"
14/07/2023,"35,419.80","35,511.21","35,191.29","35,511.21","1,300.00",0.02,"30,800.00"
13/07/2023,"34,688.55","35,419.80","34,551.45","35,419.80","1,700.00",0.02,"49,600.00"
12/07/2023,"34,962.77","34,962.77","34,505.74","34,597.15",200.00,0.00,"34,700.00"
11/07/2023,"34,277.23","34,734.26","34,277.23","34,460.04","2,400.00",0.03,"44,100.00"
10/07/2023,"32,357.70","33,728.79","32,357.70","33,363.17","2,700.00",0.04,"66,300.00"
07/07/2023,"32,494.81","32,494.81","31,992.08","32,357.70",-300.00,0.00,"13,400.00"
06/07/2023,"32,677.62","32,677.62","31,992.08","32,494.81",-600.00,-0.01,"16,400.00"
05/07/2023,"32,769.03","32,814.73","32,769.03","32,814.73",200.00,0.00,"5,700.00"
04/07/2023,"32,769.03","32,769.03","32,723.33","32,723.33",100.00,0.00,"3,700.00"
03/07/2023,"32,677.62","32,814.73","32,449.11","32,723.33",-400.00,-0.01,"8,200.00"
30/06/2023,"32,906.14","32,951.84","32,906.14","32,906.14",-400.00,-0.01,"11,000.00"
29/06/2023,"33,134.65","33,134.65","32,906.14","32,997.54",-300.00,0.00,"25,600.00"
28/06/2023,"33,134.65","33,180.36","33,088.95","33,180.36",100.00,0.00,"14,500.00"
27/06/2023,"33,363.17","33,363.17","33,088.95","33,226.06",500.00,0.01,"42,600.00"
26/06/2023,"33,317.47","33,317.47","31,306.53","33,271.76",-100.00,0.00,"27,500.00"
23/06/2023,"33,363.17","33,363.17","33,271.76","33,271.76",0.00,0.00,"11,700.00"
22/06/2023,"33,271.76","33,363.17","33,226.06","33,317.47",100.00,0.00,"9,400.00"
21/06/2023,"33,363.17","33,363.17","32,951.84","33,363.17",0.00,0.00,"5,100.00"
20/06/2023,"33,545.98","33,820.20","33,226.06","33,226.06",-300.00,0.00,"6,700.00"
19/06/2023,"33,545.98","33,545.98","33,088.95","33,088.95","-1,000.00",-0.01,"59,100.00"
16/06/2023,"33,591.68","33,591.68","33,363.17","33,363.17",-400.00,-0.01,"32,800.00"
15/06/2023,"33,591.68","33,591.68","33,500.28","33,591.68",100.00,0.00,"11,500.00"
14/06/2023,"33,363.17","34,048.71","33,134.65","33,820.20","1,600.00",0.02,"40,400.00"
13/06/2023,"33,317.47","33,683.09","32,814.73","33,363.17",-400.00,-0.01,"6,800.00"
12/06/2023,"33,820.20","33,820.20","32,312.00","32,312.00","-3,300.00",-0.04,"27,800.00"
09/06/2023,"33,454.57","33,911.60","33,454.57","33,591.68",-900.00,-0.01,"27,100.00"
08/06/2023,"34,048.71","34,048.71","33,820.20","33,911.60",0.00,0.00,"5,800.00"
07/06/2023,"33,911.60","34,048.71","33,820.20","34,003.01",400.00,0.01,"5,800.00"
06/06/2023,"33,591.68","34,277.23","33,591.68","34,048.71",500.00,0.01,"30,000.00"
05/06/2023,"33,728.79","34,048.71","33,591.68","33,820.20",100.00,0.00,"11,300.00"
02/06/2023,"33,180.36","33,865.90","33,180.36","33,865.90",-300.00,0.00,"18,700.00"
01/06/2023,"32,951.84","34,277.23","32,951.84","34,277.23","1,200.00",0.02,"34,700.00"
31/05/2023,"33,774.50","34,048.71","33,591.68","33,774.50",-100.00,0.00,"16,000.00"
30/05/2023,"33,363.17","33,957.31","33,363.17","33,957.31","1,200.00",0.02,"23,300.00"
29/05/2023,"33,363.17","33,774.50","33,180.36","33,728.79",800.00,0.01,"28,300.00"
26/05/2023,"33,180.36","33,683.09","33,180.36","33,317.47",0.00,0.00,"2,800.00"
25/05/2023,"32,723.33","33,774.50","32,723.33","33,774.50","1,300.00",0.02,"18,400.00"
24/05/2023,"32,906.14","33,363.17","32,723.33","33,363.17",400.00,0.01,"22,100.00"
23/05/2023,"33,134.65","33,363.17","32,494.81","33,363.17",300.00,0.00,"24,600.00"
22/05/2023,"33,134.65","33,820.20","33,088.95","33,088.95",100.00,0.00,"132,500.00"
19/05/2023,"32,814.73","33,134.65","32,723.33","33,134.65",100.00,0.00,"50,100.00"
18/05/2023,"33,180.36","33,180.36","32,769.03","33,134.65",400.00,0.01,"13,900.00"
17/05/2023,"32,769.03","33,180.36","32,449.11","33,134.65",0.00,0.00,"82,200.00"
16/05/2023,"33,363.17","33,363.17","32,677.62","33,180.36",100.00,0.00,"46,400.00"
15/05/2023,"33,363.17","33,363.17","32,494.81","33,134.65",300.00,0.00,"30,700.00"
12/05/2023,"32,906.14","33,454.57","31,992.08","33,317.47","2,800.00",0.04,"113,100.00"
11/05/2023,"31,078.02","32,677.62","31,078.02","32,083.49","2,300.00",0.03,"125,600.00"
10/05/2023,"30,529.58","31,672.16","30,301.07","31,078.02","1,400.00",0.02,"144,800.00"
09/05/2023,"29,798.34","30,895.21","29,798.34","30,895.21","2,500.00",0.04,"40,500.00"
08/05/2023,"29,387.01","29,935.45","29,341.31","29,935.45","2,700.00",0.04,"54,200.00"
05/05/2023,"27,970.22","29,249.90","27,970.22","29,204.20","2,700.00",0.04,"69,500.00"
04/05/2023,"29,706.93","29,706.93","27,878.81","28,107.33",-300.00,0.00,"139,400.00"
28/04/2023,"29,204.20","29,706.93","28,061.62","28,061.62","-1,000.00",-0.02,"45,700.00"
27/04/2023,"28,792.87","29,249.90","27,924.52","27,924.52","-2,200.00",-0.03,"30,500.00"
26/04/2023,"29,387.01","29,387.01","28,792.87","28,838.57","-1,200.00",-0.02,"22,000.00"
25/04/2023,"29,478.42","29,478.42","29,249.90","29,432.71",-200.00,0.00,"22,000.00"
24/04/2023,"29,478.42","29,661.23","29,478.42","29,478.42",0.00,0.00,"71,600.00"
21/04/2023,"29,478.42","29,524.12","29,432.71","29,478.42",0.00,0.00,"92,500.00"
20/04/2023,"29,524.12","29,569.82","29,341.31","29,387.01",-200.00,0.00,"28,400.00"
19/04/2023,"29,615.53","29,706.93","29,341.31","29,341.31",-800.00,-0.01,"43,100.00"
18/04/2023,"29,752.63","29,844.04","29,661.23","29,706.93",-100.00,0.00,"10,800.00"
17/04/2023,"29,844.04","29,889.74","29,661.23","29,889.74",-200.00,0.00,"5,700.00"
14/04/2023,"29,935.45","30,209.66","29,844.04","29,844.04",-200.00,0.00,"4,500.00"
13/04/2023,"29,706.93","30,392.48","29,706.93","30,392.48",200.00,0.00,"8,000.00"
12/04/2023,"30,026.85","30,575.29","30,026.85","30,575.29","1,800.00",0.03,"18,400.00"
11/04/2023,"29,752.63","30,163.96","29,706.93","29,706.93",-500.00,-0.01,"6,700.00"
10/04/2023,"29,935.45","30,118.26","29,706.93","29,752.63",-800.00,-0.01,"17,000.00"
07/04/2023,"30,163.96","30,255.37","29,981.15","30,072.55",-900.00,-0.01,"9,600.00"
06/04/2023,"30,529.58","30,620.99","30,209.66","30,209.66",-900.00,-0.01,"15,000.00"
05/04/2023,"30,438.18","30,849.51","30,438.18","30,483.88",700.00,0.01,"7,100.00"
04/04/2023,"30,392.48","30,392.48","29,935.45","30,163.96",-100.00,0.00,"10,800.00"
03/04/2023,"31,489.35","31,489.35","30,118.26","30,438.18",700.00,0.01,"9,200.00"
31/03/2023,"30,072.55","30,163.96","29,981.15","30,026.85",-100.00,0.00,"4,400.00"
30/03/2023,"29,706.93","30,620.99","29,706.93","29,935.45",500.00,0.01,"24,800.00"
29/03/2023,"29,706.93","29,706.93","29,569.82","29,569.82",-400.00,-0.01,"9,100.00"
28/03/2023,"29,798.34","29,935.45","29,706.93","29,706.93",-200.00,0.00,"968,050.00"
27/03/2023,"30,072.55","30,072.55","29,706.93","29,706.93",-700.00,-0.01,"32,200.00"
24/03/2023,"30,255.37","30,255.37","29,935.45","29,935.45",-600.00,-0.01,"15,500.00"
23/03/2023,"30,301.07","30,301.07","30,163.96","30,163.96",-800.00,-0.01,"5,300.00"
22/03/2023,"30,438.18","31,992.08","30,438.18","30,438.18",100.00,0.00,"13,300.00"
21/03/2023,"30,620.99","30,620.99","30,163.96","30,438.18",-400.00,-0.01,"10,900.00"
20/03/2023,"30,620.99","30,620.99","30,575.29","30,575.29",-600.00,-0.01,"5,900.00"
17/03/2023,"30,620.99","31,078.02","30,620.99","30,940.91",600.00,0.01,"2,100.00"
16/03/2023,"30,666.69","30,849.51","30,575.29","30,620.99",-800.00,-0.01,"9,200.00"
15/03/2023,"30,620.99","31,169.43","30,620.99","31,123.72",900.00,0.01,"5,800.00"
14/03/2023,"31,123.72","31,123.72","30,438.18","30,666.69",-900.00,-0.01,"8,900.00"
13/03/2023,"31,169.43","31,352.24","31,078.02","31,078.02",-600.00,-0.01,"13,900.00"
10/03/2023,"31,626.46","31,626.46","31,123.72","31,123.72","-1,000.00",-0.01,"15,700.00"
09/03/2023,"31,535.05","31,626.46","31,535.05","31,535.05",-300.00,0.00,"7,200.00"
08/03/2023,"31,717.86","31,809.27","31,535.05","31,535.05",-400.00,-0.01,"13,800.00"
07/03/2023,"31,992.08","31,992.08","31,535.05","31,535.05","-1,500.00",-0.02,"18,700.00"
06/03/2023,"31,992.08","32,403.41","31,535.05","31,992.08",-600.00,-0.01,"108,300.00"
03/03/2023,"32,906.14","32,951.84","31,535.05","31,535.05","-3,000.00",-0.04,"98,800.00"
02/03/2023,"33,134.65","33,134.65","32,906.14","32,906.14",-200.00,0.00,"39,200.00"
01/03/2023,"33,363.17","33,363.17","32,677.62","33,134.65",-200.00,0.00,"23,300.00"
28/02/2023,"33,500.28","33,591.68","32,906.14","32,906.14",0.00,0.00,"20,100.00"
27/02/2023,"33,134.65","33,683.09","29,204.20","32,769.03","-1,700.00",-0.02,"41,500.00"
24/02/2023,"33,454.57","33,774.50","33,363.17","33,774.50",700.00,0.01,"24,900.00"
23/02/2023,"33,545.98","33,820.20","33,180.36","33,500.28",-100.00,0.00,"7,700.00"
22/02/2023,"33,363.17","33,820.20","33,317.47","33,820.20",0.00,0.00,"12,000.00"
21/02/2023,"33,774.50","33,820.20","33,500.28","33,820.20",800.00,0.01,"28,800.00"
20/02/2023,"33,408.87","33,591.68","33,134.65","33,591.68",300.00,0.00,"14,800.00"
17/02/2023,"33,500.28","33,500.28","33,363.17","33,363.17",-300.00,0.00,"13,000.00"
16/02/2023,"33,363.17","33,591.68","33,317.47","33,317.47",-100.00,0.00,"9,800.00"
15/02/2023,"32,951.84","33,820.20","32,951.84","33,043.25",200.00,0.00,"10,100.00"
14/02/2023,"33,317.47","33,317.47","32,677.62","32,677.62","-1,400.00",-0.02,"3,800.00"
13/02/2023,"33,317.47","33,454.57","33,134.65","33,134.65",-500.00,-0.01,"8,000.00"
10/02/2023,"33,454.57","33,545.98","33,134.65","33,363.17",200.00,0.00,"10,200.00"
09/02/2023,"32,997.54","33,363.17","32,997.54","33,363.17","1,000.00",0.01,"8,200.00"
08/02/2023,"32,906.14","32,997.54","32,769.03","32,997.54",200.00,0.00,"8,600.00"
07/02/2023,"32,997.54","32,997.54","32,906.14","32,906.14",-200.00,0.00,"15,700.00"
06/02/2023,"32,951.84","33,317.47","32,951.84","32,997.54",100.00,0.00,"15,500.00"
03/02/2023,"32,906.14","33,317.47","32,906.14","33,271.76",500.00,0.01,"16,400.00"
02/02/2023,"33,363.17","33,545.98","32,677.62","32,677.62","-2,500.00",-0.03,"68,500.00"
01/02/2023,"33,820.20","34,140.12","33,363.17","33,363.17","-1,500.00",-0.02,"51,800.00"
31/01/2023,"34,277.23","34,322.93","33,820.20","33,820.20","-1,100.00",-0.01,"45,800.00"
30/01/2023,"34,048.71","34,505.74","34,048.71","34,505.74","1,000.00",0.01,"29,400.00"
27/01/2023,"33,545.98","35,648.32","33,545.98","33,911.60",600.00,0.01,"6,200.00"
19/01/2023,"33,408.87","34,048.71","33,363.17","33,774.50",600.00,0.01,"4,500.00"
18/01/2023,"33,226.06","34,048.71","33,134.65","33,180.36",100.00,0.00,"28,700.00"
17/01/2023,"32,906.14","33,363.17","32,906.14","33,271.76",800.00,0.01,"22,200.00"
16/01/2023,"32,586.22","33,317.47","32,586.22","32,906.14",700.00,0.01,"162,100.00"
13/01/2023,"32,449.11","32,906.14","32,037.78","32,449.11",-200.00,0.00,"54,700.00"
12/01/2023,"32,677.62","32,677.62","32,449.11","32,449.11",-500.00,-0.01,"10,900.00"
11/01/2023,"32,494.81","32,860.44","32,494.81","32,769.03",100.00,0.00,"4,700.00"
10/01/2023,"32,906.14","32,906.14","32,677.62","32,677.62",-400.00,-0.01,"10,700.00"
09/01/2023,"32,860.44","32,906.14","32,814.73","32,814.73",-100.00,0.00,"20,700.00"
06/01/2023,"33,865.90","33,865.90","31,992.08","33,363.17",-900.00,-0.01,"23,000.00"
05/01/2023,"34,048.71","34,048.71","33,591.68","33,591.68","-1,100.00",-0.01,"7,700.00"
04/01/2023,"34,003.01","34,140.12","34,003.01","34,094.42",200.00,0.00,"7,000.00"
03/01/2023,"34,185.82","34,185.82","33,820.20","34,048.71",-400.00,-0.01,"7,100.00"
30/12/2022,"34,460.04","34,460.04","34,185.82","34,185.82",-600.00,-0.01,"1,000.00"
29/12/2022,"34,094.42","34,779.96","34,094.42","34,734.26",,,"9,863.00"
28/12/2022,"34,277.23","34,734.26","31,992.08","34,094.42",,,"12,700.00"
27/12/2022,"34,962.77","34,962.77","34,505.74","34,642.85",,,"7,300.00"
26/12/2022,"35,054.18","35,191.29","34,734.26","35,191.29",,,"52,600.00"
23/12/2022,"34,825.66","35,191.29","34,825.66","35,191.29",,,"50,400.00"
22/12/2022,"34,779.96","35,191.29","34,779.96","35,191.29",,,"6,200.00"
21/12/2022,"35,191.29","35,191.29","34,734.26","34,962.77",,,"24,000.00"
20/12/2022,"34,551.45","35,191.29","34,551.45","35,191.29",,,"48,700.00"
19/12/2022,"34,779.96","35,191.29","34,460.04","35,191.29",,,"21,600.00"
16/12/2022,"34,962.77","34,962.77","34,734.26","34,779.96",,,"25,000.00"
15/12/2022,"34,734.26","35,145.58","34,368.63","35,145.58",,,"21,000.00"
14/12/2022,"34,734.26","34,734.26","34,277.23","34,734.26",,,"53,300.00"
13/12/2022,"34,277.23","34,734.26","34,277.23","34,734.26",,,"56,500.00"
12/12/2022,"34,734.26","34,734.26","34,277.23","34,734.26",,,"53,000.00"
09/12/2022,"34,185.82","34,917.07","34,185.82","34,917.07",,,"48,700.00"
08/12/2022,"34,048.71","34,734.26","34,048.71","34,734.26",,,"50,900.00"
07/12/2022,"34,688.55","34,734.26","33,911.60","34,734.26",,,"20,700.00"
06/12/2022,"34,917.07","34,962.77","34,140.12","34,734.26",,,"35,000.00"
05/12/2022,"34,185.82","34,962.77","34,185.82","34,917.07",,,"16,400.00"
02/12/2022,"34,277.23","36,516.67","33,820.20","34,322.93",,,"14,200.00"
01/12/2022,"33,317.47","33,820.20","32,677.62","33,820.20",,,"64,129.00"
30/11/2022,"32,449.11","33,134.65","32,220.59","32,906.14",,,"34,000.00"
29/11/2022,"32,174.89","32,449.11","32,037.78","32,037.78",,,"13,200.00"
28/11/2022,"32,037.78","32,220.59","31,992.08","32,129.19",,,"22,000.00"
25/11/2022,"31,992.08","32,220.59","31,854.97","31,992.08",,,"5,300.00"
24/11/2022,"31,992.08","31,992.08","31,900.67","31,992.08",,,"18,200.00"
23/11/2022,"31,992.08","31,992.08","31,854.97","31,992.08",,,"3,700.00"
22/11/2022,"31,900.67","32,220.59","31,763.56","31,992.08",,,"37,200.00"
21/11/2022,"31,854.97","32,220.59","31,717.86","31,992.08",,,"9,800.00"
18/11/2022,"31,535.05","31,992.08","31,535.05","31,946.38",,,"7,100.00"
17/11/2022,"32,220.59","32,449.11","31,489.35","31,992.08",,,"15,400.00"
16/11/2022,"31,535.05","32,631.92","31,078.02","31,992.08",,,"54,900.00"
15/11/2022,"31,946.38","31,992.08","31,717.86","31,992.08",,,"38,100.00"
14/11/2022,"31,900.67","32,129.19","31,763.56","31,992.08",,,"45,800.00"
11/11/2022,"31,992.08","32,449.11","31,535.05","31,717.86",,,"34,000.00"
10/11/2022,"31,992.08","32,129.19","31,535.05","32,129.19",,,"17,000.00"
09/11/2022,"32,906.14","32,906.14","31,992.08","31,992.08",,,"10,453.00"
08/11/2022,"31,763.56","32,037.78","31,763.56","31,992.08",,,"28,400.00"
07/11/2022,"32,037.78","32,037.78","31,992.08","31,992.08",,,"16,900.00"
04/11/2022,"32,037.78","32,449.11","32,037.78","32,403.41",,,"8,200.00"
03/11/2022,"32,357.70","32,769.03","32,220.59","32,220.59",,,"6,800.00"
02/11/2022,"33,317.47","33,317.47","32,083.49","32,129.19",,,"3,200.00"
01/11/2022,"32,037.78","33,043.25","31,992.08","32,174.89",,,"4,563.00"
31/10/2022,"33,226.06","33,363.17","31,992.08","33,363.17",,,"18,400.00"
28/10/2022,"33,591.68","33,728.79","32,494.81","32,494.81",,,"15,200.00"
27/10/2022,"32,906.14","33,728.79","32,906.14","33,363.17",,,"23,051.00"
26/10/2022,"33,363.17","34,277.23","32,906.14","32,906.14",,,"14,400.00"
25/10/2022,"31,992.08","33,363.17","30,163.96","32,906.14",,,"26,600.00"
24/10/2022,"33,180.36","33,180.36","31,992.08","31,992.08",,,"15,200.00"
21/10/2022,"33,591.68","33,728.79","32,814.73","33,226.06",,,"40,974.00"
20/10/2022,"34,277.23","34,322.93","33,591.68","34,140.12",,,"14,300.00"
19/10/2022,"32,906.14","35,099.88","32,906.14","34,734.26",,,"22,040.00"
18/10/2022,"31,992.08","33,134.65","31,992.08","33,134.65",,,"40,500.00"
17/10/2022,"32,220.59","32,906.14","31,535.05","31,992.08",,,"121,200.00"
14/10/2022,"32,449.11","33,134.65","31,992.08","32,449.11",,,"91,281.00"
13/10/2022,"31,992.08","32,723.33","31,992.08","32,449.11",,,"61,400.00"
12/10/2022,"33,774.50","33,820.20","29,661.23","32,449.11",,,"101,100.00"
11/10/2022,"36,562.38","36,562.38","33,363.17","34,277.23",,,"42,800.00"
10/10/2022,"37,019.41","37,019.41","33,591.68","36,562.38",,,"41,100.00"
07/10/2022,"40,447.13","40,447.13","35,602.61","36,562.38",,,"46,200.00"
06/10/2022,"41,132.67","41,132.67","40,812.75","40,812.75",,,"3,500.00"
05/10/2022,"41,269.78","41,269.78","41,269.78","41,269.78",,,0.00
04/10/2022,"41,818.22","42,046.73","40,904.16","40,904.16",,,"6,300.00"
03/10/2022,"42,046.73","42,275.25","41,132.67","42,275.25",,,"10,400.00"
30/09/2022,"42,960.79","42,960.79","42,503.76","42,732.28",,,"7,900.00"
29/09/2022,"43,829.15","43,829.15","43,006.50","43,006.50",,,"1,900.00"
28/09/2022,"43,554.93","43,554.93","43,417.82","43,417.82",,,600.00
27/09/2022,"44,331.88","44,331.88","43,006.50","43,052.20",,,"2,100.00"
26/09/2022,"43,646.34","43,646.34","43,006.50","43,006.50",,,"8,300.00"
23/09/2022,"43,737.74","43,737.74","43,646.34","43,737.74",,,"2,700.00"
22/09/2022,"43,737.74","43,737.74","43,417.82","43,737.74",,,"10,900.00"
21/09/2022,"43,692.04","43,737.74","43,692.04","43,737.74",,,400.00
20/09/2022,"43,874.85","43,874.85","43,463.53","43,692.04",,,"2,300.00"
19/09/2022,"43,874.85","44,926.02","43,874.85","43,966.26",,,"2,800.00"
16/09/2022,"45,565.86","45,565.86","44,788.91","44,788.91",,,"4,100.00"
15/09/2022,"45,702.97","45,702.97","45,245.94","45,245.94",,,"12,500.00"
14/09/2022,"43,692.04","45,657.27","43,646.34","45,657.27",,,"8,000.00"
13/09/2022,"45,154.54","45,337.35","43,966.26","45,245.94",,,"49,100.00"
12/09/2022,"44,880.32","44,880.32","44,331.88","44,331.88",,,600.00
09/09/2022,"44,560.40","45,200.24","44,331.88","44,423.29",,,"1,700.00"
08/09/2022,"43,920.55","45,657.27","43,920.55","45,245.94",,,800.00
07/09/2022,"43,920.55","43,920.55","43,874.85","43,874.85",,,"3,400.00"
06/09/2022,"43,920.55","43,966.26","43,920.55","43,966.26",,,"2,700.00"
05/09/2022,"43,874.85","43,966.26","43,874.85","43,874.85",,,"8,100.00"
31/08/2022,"45,245.94","45,245.94","45,245.94","45,245.94",,,600.00
30/08/2022,"45,702.97","45,702.97","44,788.91","45,702.97",,,"25,600.00"
29/08/2022,"43,966.26","44,788.91","43,417.82","44,788.91",,,"5,100.00"
26/08/2022,"44,423.29","44,423.29","43,417.82","43,463.53",,,"17,500.00"
25/08/2022,"47,211.17","47,211.17","44,560.40","44,560.40",,,"14,300.00"
24/08/2022,"44,560.40","45,428.75","44,560.40","45,017.43",,,"2,200.00"
23/08/2022,"44,651.80","44,788.91","44,331.88","44,788.91",,,"2,000.00"
22/08/2022,"46,297.11","46,297.11","45,245.94","45,245.94",,,"3,800.00"
19/08/2022,"46,617.03","46,617.03","45,520.16","46,160.00",,,"4,300.00"
18/08/2022,"45,748.67","45,748.67","45,702.97","45,702.97",,,"3,300.00"
17/08/2022,"46,617.03","46,617.03","45,748.67","45,748.67",,,"2,000.00"
16/08/2022,"45,748.67","46,617.03","45,702.97","45,748.67",,,"2,500.00"
15/08/2022,"47,074.06","47,074.06","44,880.32","45,702.97",,,"1,300.00"
12/08/2022,"47,074.06","47,302.57","47,074.06","47,302.57",,,"1,400.00"
11/08/2022,"44,834.61","47,531.09","44,834.61","47,531.09",,,"11,100.00"
10/08/2022,"44,651.80","47,942.42","44,651.80","46,617.03",,,"23,300.00"
09/08/2022,"45,245.94","47,485.39","45,245.94","47,485.39",,,"28,200.00"
08/08/2022,"43,463.53","48,216.63","43,417.82","48,216.63",,,"53,200.00"
05/08/2022,"44,697.51","44,697.51","43,463.53","44,651.80",,,"1,900.00"
04/08/2022,"43,509.23","44,788.91","43,006.50","43,874.85",,,"9,000.00"
03/08/2022,"42,960.79","45,200.24","42,960.79","43,006.50",,,"7,900.00"
02/08/2022,"42,458.06","43,372.12","42,275.25","43,372.12",,,"36,800.00"
01/08/2022,"43,372.12","43,372.12","41,178.38","42,458.06",,,"8,100.00"
29/07/2022,"43,189.31","43,189.31","40,721.35","42,960.79",,,"5,900.00"
28/07/2022,"42,275.25","42,960.79","42,046.73","42,046.73",,,"3,900.00"
27/07/2022,"43,372.12","43,417.82","41,589.70","43,235.01",,,"2,000.00"
26/07/2022,"42,229.54","43,417.82","41,132.67","43,189.31",,,"13,500.00"
25/07/2022,"43,509.23","43,509.23","41,132.67","41,132.67",,,"17,900.00"
22/07/2022,"42,138.14","43,372.12","41,589.70","42,046.73",,,"4,600.00"
21/07/2022,"41,132.67","42,183.84","40,995.56","42,183.84",,,"22,700.00"
20/07/2022,"40,218.61","41,132.67","40,218.61","41,041.27",,,"5,800.00"
19/07/2022,"39,258.85","40,629.94","39,258.85","40,584.24",,,"4,000.00"
18/07/2022,"38,847.53","39,304.55","38,847.53","39,167.45",,,"6,500.00"
15/07/2022,"41,132.67","41,224.08","38,847.53","39,395.96",,,"15,800.00"
14/07/2022,"42,046.73","42,046.73","38,619.01","38,619.01",,,"32,100.00"
13/07/2022,"42,503.76","42,549.47","42,275.25","42,275.25",,,"3,600.00"
12/07/2022,"42,503.76","42,503.76","42,275.25","42,275.25",,,"3,600.00"
11/07/2022,"42,960.79","43,143.60","42,320.95","42,503.76",,,"26,100.00"
08/07/2022,"43,052.20","43,372.12","42,503.76","42,503.76",,,"11,900.00"
07/07/2022,"43,417.82","43,417.82","42,503.76","43,052.20",,,700.00
06/07/2022,"43,417.82","43,417.82","42,732.28","43,235.01",,,600.00
05/07/2022,"43,554.93","43,554.93","43,417.82","43,417.82",,,"2,400.00"
04/07/2022,"43,417.82","43,874.85","43,417.82","43,646.34",,,"3,100.00"
01/07/2022,"43,417.82","43,417.82","43,417.82","43,417.82",,,600.00
30/06/2022,"44,331.88","44,560.40","44,331.88","44,560.40",,,"4,400.00"
29/06/2022,"44,788.91","44,788.91","44,560.40","44,560.40",,,"10,300.00"
28/06/2022,"47,028.36","47,028.36","44,331.88","44,423.29",,,"5,800.00"
27/06/2022,"47,896.71","47,896.71","43,509.23","44,788.91",,,"9,300.00"
24/06/2022,"43,463.53","44,743.21","41,132.67","44,743.21",,,"3,200.00"
23/06/2022,"43,463.53","44,331.88","43,417.82","44,331.88",,,"1,400.00"
22/06/2022,"44,788.91","44,788.91","44,560.40","44,560.40",,,"28,000.00"
21/06/2022,"44,423.29","45,657.27","44,377.58","45,108.83",,,"5,400.00"
20/06/2022,"45,702.97","46,160.00","44,103.37","45,063.13",,,"1,800.00"
17/06/2022,"45,657.27","45,657.27","44,331.88","44,788.91",,,"1,200.00"
16/06/2022,"45,108.83","46,617.03","45,108.83","45,657.27",,,"25,200.00"
15/06/2022,"49,770.54","49,770.54","44,331.88","45,245.94",,,"116,400.00"
14/06/2022,"45,245.94","46,617.03","45,245.94","45,245.94",,,"126,100.00"
13/06/2022,"45,702.97","45,702.97","45,017.43","45,017.43",,,"7,400.00"
10/06/2022,"45,702.97","46,251.41","45,702.97","45,702.97",,,"1,500.00"
09/06/2022,"46,571.33","46,571.33","45,702.97","45,702.97",,,"1,700.00"
08/06/2022,"46,160.00","46,205.70","46,160.00","46,160.00",,,"25,200.00"
07/06/2022,"45,245.94","45,702.97","44,286.18","45,245.94",,,"6,000.00"
06/06/2022,"45,702.97","45,702.97","45,245.94","45,702.97",,,"6,200.00"
03/06/2022,"45,702.97","45,702.97","45,702.97","45,702.97",,,"4,000.00"
02/06/2022,"47,074.06","47,074.06","45,702.97","45,702.97",,,"10,700.00"
01/06/2022,"45,840.08","46,160.00","45,702.97","46,114.30",,,"8,600.00"
31/05/2022,"47,028.36","51,644.36","45,840.08","47,028.36",,,"4,700.00"
30/05/2022,"46,617.03","46,845.55","45,748.67","45,931.49",,,"5,600.00"
27/05/2022,"47,302.57","47,302.57","46,160.00","46,845.55",,,"12,400.00"
26/05/2022,"47,942.42","52,101.39","46,662.73","46,845.55",,,900.00
25/05/2022,"47,942.42","47,942.42","46,160.00","46,297.11",,,"1,300.00"
24/05/2022,"47,942.42","47,942.42","46,160.00","46,297.11",,,"1,600.00"
23/05/2022,"47,531.09","47,531.09","46,617.03","47,302.57",,,"2,400.00"
20/05/2022,"47,942.42","47,988.12","46,936.95","46,936.95",,,"1,700.00"
19/05/2022,"47,942.42","47,942.42","46,617.03","46,845.55",,,900.00
18/05/2022,"47,074.06","47,988.12","46,160.00","46,845.55",,,"2,000.00"
17/05/2022,"48,902.18","48,902.18","46,160.00","47,531.09",,,"3,200.00"
16/05/2022,"47,988.12","49,359.21","46,617.03","46,617.03",,,"3,700.00"
13/05/2022,"45,702.97","47,988.12","45,702.97","47,942.42",,,"2,200.00"
12/05/2022,"50,913.11","50,913.11","49,359.21","50,227.56",,,600.00
11/05/2022,"48,902.18","50,958.81","48,902.18","49,359.21",,,"15,500.00"
10/05/2022,"48,856.48","48,856.48","48,216.63","48,216.63",,,"1,400.00"
09/05/2022,"49,359.21","49,359.21","49,267.80","49,267.80",,,400.00
06/05/2022,"49,359.21","50,501.78","47,622.50","49,359.21",,,"3,200.00"
05/05/2022,"50,273.27","50,273.27","49,359.21","49,359.21",,,"1,700.00"
04/05/2022,"50,273.27","50,273.27","49,724.83","49,816.24",,,"6,200.00"
29/04/2022,"50,958.81","50,958.81","49,176.40","50,044.75",,,"2,400.00"
28/04/2022,"51,095.92","51,095.92","48,765.07","50,044.75",,,"3,000.00"
27/04/2022,"51,095.92","51,095.92","48,445.15","48,445.15",,,"1,800.00"
26/04/2022,"48,445.15","50,181.86","48,399.45","50,181.86",,,"1,700.00"
25/04/2022,"52,009.98","52,009.98","48,902.18","50,730.30",,,"33,400.00"
22/04/2022,"52,101.39","52,101.39","50,273.27","50,730.30",,,"64,500.00"
21/04/2022,"52,512.71","52,512.71","50,501.78","50,958.81",,,"84,700.00"
20/04/2022,"53,929.51","53,929.51","50,730.30","50,730.30",,,"62,400.00"
19/04/2022,"51,918.57","54,752.16","51,644.36","51,690.06",,,"4,000.00"
18/04/2022,"52,101.39","52,969.74","51,644.36","51,644.36",,,"12,400.00"
15/04/2022,"52,101.39","52,147.09","51,187.33","51,187.33",,,"6,000.00"
14/04/2022,"51,644.36","52,101.39","51,187.33","52,055.68",,,"6,100.00"
13/04/2022,"52,055.68","52,055.68","51,187.33","51,187.33",,,"11,900.00"
12/04/2022,"51,278.73","51,644.36","50,821.70","51,324.44",,,"11,500.00"
08/04/2022,"52,101.39","52,101.39","51,233.03","51,278.73",,,"3,700.00"
07/04/2022,"51,918.57","52,101.39","51,644.36","52,101.39",,,"11,000.00"
06/04/2022,"53,015.45","53,015.45","51,187.33","52,467.01",,,"1,800.00"
05/04/2022,"52,512.71","52,924.04","51,872.87","52,741.23",,,"68,200.00"
04/04/2022,"52,421.31","52,558.42","51,872.87","52,558.42",,,"76,000.00"
01/04/2022,"50,776.00","52,558.42","50,776.00","52,512.71",,,"3,900.00"
31/03/2022,"52,009.98","52,969.74","50,730.30","52,878.34",,,"6,600.00"
30/03/2022,"52,558.42","53,472.48","51,644.36","51,872.87",,,"80,400.00"
29/03/2022,"51,187.33","52,512.71","50,730.30","51,690.06",,,"32,600.00"
28/03/2022,"51,233.03","51,233.03","51,050.22","51,187.33",,,"10,300.00"
25/03/2022,"51,187.33","51,187.33","51,187.33","51,187.33",,,"3,100.00"
24/03/2022,"53,472.48","53,472.48","51,050.22","52,467.01",,,"17,500.00"
23/03/2022,"50,090.46","53,472.48","50,090.46","53,472.48",,,"101,400.00"
22/03/2022,"50,730.30","50,730.30","49,816.24","50,273.27",,,"17,500.00"
21/03/2022,"50,730.30","50,730.30","49,861.94","49,861.94",,,"1,800.00"
18/03/2022,"50,273.27","50,273.27","49,816.24","50,273.27",,,"4,400.00"
17/03/2022,"50,044.75","50,044.75","49,816.24","49,816.24",,,"2,300.00"
16/03/2022,"49,907.64","50,136.16","49,633.43","50,136.16",,,"11,200.00"
15/03/2022,"49,816.24","50,273.27","49,633.43","50,181.86",,,"1,700.00"
14/03/2022,"50,501.78","50,730.30","49,633.43","50,684.59",,,"7,400.00"
,,,,,,,
,,,,,,,
SIMPLIZE,,,,,,,
"Số 5 ngõ 316 Lê Trọng Tấn, Phường Khương Mai, Quận Thanh Xuân, TP.Hà Nội
",,,,,,,
Website: simplize.vn,,,,,,,
Email: info@simplize.vn,,,,,,,
Tel: (+84) 38 840 8668,,,,,,,
