Tên công ty,Công ty Cổ phần Đầu tư Thế Giới Di Động,,,,,,
Tên báo cáo,Lịch sử giá,,,,,,
Ngày tải,24/03/2026,,,,,,
,,,,,,,
NGÀY,GIÁ MỞ CỬA,GIÁ CAO NHẤT,GIÁ THẤP NHẤT,GIÁ ĐÓNG CỬA,THAY ĐỔI GIÁ,% THAY ĐỔI,KHỐI LƯỢNG
24/03/2026,"76,600.00","76,800.00","75,300.00","75,600.00","1,400.00",0.02,"5,855,900.00"
23/03/2026,"78,000.00","78,100.00","74,200.00","74,200.00","-5,500.00",-0.07,"17,473,900.00"
20/03/2026,"82,100.00","82,100.00","79,700.00","79,700.00","-2,700.00",-0.03,"6,488,600.00"
19/03/2026,"82,000.00","82,600.00","81,400.00","82,400.00","-1,300.00",-0.02,"7,916,000.00"
18/03/2026,"82,800.00","84,300.00","82,400.00","83,700.00","1,000.00",0.01,"4,304,400.00"
17/03/2026,"81,500.00","83,800.00","81,500.00","82,700.00","2,100.00",0.03,"3,811,100.00"
16/03/2026,"81,900.00","82,200.00","80,400.00","80,600.00","-1,400.00",-0.02,"5,282,300.00"
13/03/2026,"84,500.00","84,500.00","82,000.00","82,000.00","-2,600.00",-0.03,"6,260,000.00"
12/03/2026,"84,000.00","86,500.00","83,100.00","84,600.00","-1,900.00",-0.02,"10,104,500.00"
11/03/2026,"81,000.00","86,600.00","80,500.00","86,500.00","5,500.00",0.07,"17,339,300.00"
10/03/2026,"79,000.00","81,800.00","77,400.00","81,000.00","4,000.00",0.05,"21,042,400.00"
09/03/2026,"77,000.00","77,000.00","77,000.00","77,000.00","-5,700.00",-0.07,"4,983,800.00"
06/03/2026,"84,800.00","84,800.00","81,700.00","82,700.00","-2,500.00",-0.03,"13,359,400.00"
05/03/2026,"88,900.00","89,000.00","85,200.00","85,200.00","-3,600.00",-0.04,"11,270,500.00"
04/03/2026,"87,100.00","88,800.00","83,800.00","88,800.00",600.00,0.01,"13,414,100.00"
03/03/2026,"90,200.00","91,200.00","86,900.00","88,200.00","-1,800.00",-0.02,"13,370,000.00"
02/03/2026,"91,800.00","92,200.00","90,000.00","90,000.00","-3,100.00",-0.03,"10,738,700.00"
27/02/2026,"93,700.00","93,900.00","92,600.00","93,100.00",-500.00,-0.01,"5,224,300.00"
26/02/2026,"93,000.00","94,300.00","92,500.00","93,600.00",600.00,0.01,"5,011,100.00"
25/02/2026,"92,200.00","94,100.00","92,000.00","93,000.00",800.00,0.01,"8,132,700.00"
24/02/2026,"91,600.00","92,200.00","90,500.00","92,200.00",200.00,0.00,"6,601,300.00"
23/02/2026,"92,900.00","93,100.00","91,100.00","92,000.00",-800.00,-0.01,"5,003,100.00"
13/02/2026,"91,900.00","93,200.00","91,500.00","92,800.00",-100.00,0.00,"5,511,500.00"
12/02/2026,"92,500.00","93,900.00","91,100.00","92,900.00","1,000.00",0.01,"7,890,300.00"
11/02/2026,"89,500.00","91,900.00","89,300.00","91,900.00","2,600.00",0.03,"8,987,000.00"
10/02/2026,"89,700.00","89,700.00","87,800.00","89,300.00",0.00,0.00,"5,950,600.00"
09/02/2026,"89,000.00","90,000.00","88,500.00","89,300.00",900.00,0.01,"5,452,400.00"
06/02/2026,"89,700.00","89,900.00","86,000.00","88,400.00","-1,800.00",-0.02,"13,814,700.00"
05/02/2026,"91,700.00","91,800.00","90,200.00","90,200.00","-1,600.00",-0.02,"5,643,400.00"
04/02/2026,"91,500.00","91,900.00","90,600.00","91,800.00",300.00,0.00,"7,656,400.00"
03/02/2026,"94,400.00","94,400.00","91,500.00","91,500.00","-2,200.00",-0.02,"10,130,300.00"
02/02/2026,"93,100.00","93,900.00","90,500.00","93,700.00",800.00,0.01,"13,866,200.00"
30/01/2026,"90,000.00","93,400.00","89,800.00","92,900.00","3,400.00",0.04,"20,845,900.00"
29/01/2026,"85,700.00","89,500.00","85,300.00","89,500.00","4,000.00",0.05,"15,892,000.00"
28/01/2026,"84,900.00","85,800.00","84,300.00","85,500.00",500.00,0.01,"6,085,200.00"
27/01/2026,"84,200.00","85,800.00","84,000.00","85,000.00",900.00,0.01,"5,418,600.00"
26/01/2026,"85,800.00","85,900.00","83,900.00","84,100.00","-1,700.00",-0.02,"6,030,600.00"
23/01/2026,"86,600.00","87,700.00","85,800.00","85,800.00",-700.00,-0.01,"6,722,800.00"
22/01/2026,"85,000.00","86,600.00","85,000.00","86,500.00","1,100.00",0.01,"5,450,600.00"
21/01/2026,"85,900.00","85,900.00","84,400.00","85,400.00",-600.00,-0.01,"5,383,600.00"
20/01/2026,"86,700.00","88,300.00","86,000.00","86,000.00",-700.00,-0.01,"6,841,300.00"
19/01/2026,"87,400.00","87,400.00","85,500.00","86,700.00",-300.00,0.00,"3,055,300.00"
16/01/2026,"83,800.00","87,400.00","83,800.00","87,000.00","3,000.00",0.04,"7,671,600.00"
15/01/2026,"85,000.00","86,900.00","84,000.00","84,000.00","-2,000.00",-0.02,"7,636,600.00"
14/01/2026,"87,100.00","87,300.00","85,100.00","86,000.00","-1,100.00",-0.01,"6,951,400.00"
13/01/2026,"87,500.00","88,700.00","86,200.00","87,100.00",-400.00,0.00,"6,657,100.00"
12/01/2026,"86,000.00","87,500.00","85,000.00","87,500.00","1,500.00",0.02,"8,471,500.00"
09/01/2026,"86,400.00","87,500.00","85,600.00","86,000.00","-1,500.00",-0.02,"6,472,200.00"
08/01/2026,"89,800.00","89,800.00","86,200.00","87,500.00","-2,300.00",-0.03,"10,543,900.00"
07/01/2026,"89,000.00","89,900.00","88,300.00","89,800.00","1,000.00",0.01,"4,998,000.00"
06/01/2026,"86,800.00","89,300.00","86,800.00","88,800.00","1,400.00",0.02,"6,390,700.00"
05/01/2026,"87,900.00","88,200.00","85,800.00","87,400.00","-1,000.00",-0.01,"5,947,300.00"
31/12/2025,"88,000.00","88,400.00","87,600.00","88,400.00",-100.00,0.00,"4,804,600.00"
30/12/2025,"87,000.00","88,500.00","86,600.00","88,500.00","1,400.00",0.02,"7,753,100.00"
29/12/2025,"86,200.00","87,700.00","86,100.00","87,100.00",100.00,0.00,"6,228,800.00"
26/12/2025,"84,200.00","87,000.00","82,600.00","87,000.00","1,000.00",0.01,"9,310,200.00"
25/12/2025,"88,000.00","90,000.00","86,000.00","86,000.00","-2,000.00",-0.02,"8,091,600.00"
24/12/2025,"87,600.00","88,000.00","87,000.00","88,000.00",500.00,0.01,"6,357,400.00"
23/12/2025,"85,000.00","88,000.00","84,900.00","87,500.00","2,500.00",0.03,"13,817,800.00"
22/12/2025,"82,700.00","85,000.00","82,700.00","85,000.00","2,100.00",0.03,"7,856,400.00"
19/12/2025,"81,500.00","83,000.00","81,300.00","82,900.00","1,300.00",0.02,"5,439,900.00"
18/12/2025,"81,300.00","81,600.00","80,500.00","81,600.00",-300.00,0.00,"3,495,200.00"
17/12/2025,"81,900.00","83,000.00","80,800.00","81,900.00",-100.00,0.00,"4,829,800.00"
16/12/2025,"77,800.00","82,000.00","77,500.00","82,000.00","4,300.00",0.06,"7,552,000.00"
15/12/2025,"78,400.00","79,200.00","77,600.00","77,700.00",-800.00,-0.01,"5,323,900.00"
12/12/2025,"82,300.00","82,300.00","78,500.00","78,500.00","-3,800.00",-0.05,"8,896,500.00"
11/12/2025,"83,000.00","83,600.00","82,300.00","82,300.00",-700.00,-0.01,"3,015,900.00"
10/12/2025,"83,200.00","84,400.00","82,500.00","83,000.00","-1,000.00",-0.01,"4,887,900.00"
09/12/2025,"84,500.00","84,500.00","82,500.00","84,000.00",-900.00,-0.01,"6,672,700.00"
08/12/2025,"84,300.00","85,100.00","83,500.00","84,900.00",-200.00,0.00,"4,614,500.00"
05/12/2025,"85,700.00","85,700.00","84,100.00","85,100.00",-700.00,-0.01,"6,818,100.00"
04/12/2025,"85,000.00","86,200.00","84,600.00","85,800.00","1,100.00",0.01,"7,082,600.00"
03/12/2025,"80,200.00","85,500.00","80,200.00","84,700.00","4,700.00",0.06,"15,177,100.00"
02/12/2025,"79,800.00","80,100.00","79,300.00","80,000.00",0.00,0.00,"3,953,000.00"
01/12/2025,"79,700.00","80,100.00","79,500.00","80,000.00",100.00,0.00,"2,955,600.00"
28/11/2025,"80,000.00","80,100.00","79,200.00","79,900.00",-100.00,0.00,"3,026,700.00"
27/11/2025,"80,000.00","80,100.00","79,500.00","80,000.00",-200.00,0.00,"3,506,200.00"
26/11/2025,"78,500.00","80,200.00","78,500.00","80,200.00","1,700.00",0.02,"4,735,000.00"
25/11/2025,"79,000.00","79,800.00","78,500.00","78,500.00",-800.00,-0.01,"4,223,700.00"
24/11/2025,"80,300.00","80,400.00","79,200.00","79,300.00",-700.00,-0.01,"4,147,400.00"
21/11/2025,"80,400.00","80,400.00","78,100.00","80,000.00","-1,000.00",-0.01,"8,331,600.00"
20/11/2025,"82,300.00","82,300.00","80,800.00","81,000.00","-1,400.00",-0.02,"5,080,700.00"
19/11/2025,"83,000.00","83,200.00","81,600.00","82,400.00",-600.00,-0.01,"6,064,700.00"
18/11/2025,"82,500.00","83,200.00","81,900.00","83,000.00",600.00,0.01,"4,417,900.00"
17/11/2025,"81,200.00","82,400.00","81,200.00","82,400.00","1,000.00",0.01,"4,514,700.00"
14/11/2025,"79,200.00","82,000.00","79,200.00","81,400.00","1,300.00",0.02,"3,951,700.00"
13/11/2025,"80,100.00","80,500.00","79,500.00","80,100.00",-400.00,0.00,"3,798,700.00"
12/11/2025,"78,000.00","80,500.00","77,900.00","80,500.00","2,500.00",0.03,"5,083,400.00"
11/11/2025,"77,500.00","79,100.00","77,500.00","78,000.00","1,200.00",0.02,"5,881,500.00"
10/11/2025,"76,300.00","79,300.00","76,300.00","76,800.00",300.00,0.00,"7,274,200.00"
07/11/2025,"79,600.00","80,500.00","75,500.00","76,500.00","-3,800.00",-0.05,"8,643,300.00"
06/11/2025,"80,300.00","81,000.00","78,800.00","80,300.00",100.00,0.00,"4,495,500.00"
05/11/2025,"81,500.00","81,500.00","80,100.00","80,200.00","-1,600.00",-0.02,"4,679,900.00"
04/11/2025,"80,900.00","82,000.00","78,500.00","81,800.00",800.00,0.01,"13,681,700.00"
03/11/2025,"83,000.00","83,300.00","81,000.00","81,000.00","-1,600.00",-0.02,"6,146,600.00"
31/10/2025,"83,900.00","84,000.00","82,000.00","82,600.00","-1,300.00",-0.02,"6,453,200.00"
30/10/2025,"84,200.00","84,400.00","83,500.00","83,900.00",-200.00,0.00,"5,652,200.00"
29/10/2025,"83,000.00","84,400.00","83,000.00","84,100.00",-100.00,0.00,"5,076,100.00"
28/10/2025,"80,900.00","84,400.00","80,400.00","84,200.00","3,200.00",0.04,"8,277,300.00"
27/10/2025,"85,700.00","85,700.00","81,000.00","81,000.00","-4,700.00",-0.05,"9,884,200.00"
24/10/2025,"85,500.00","85,900.00","82,800.00","85,700.00",0.00,0.00,"9,652,900.00"
23/10/2025,"86,000.00","86,800.00","84,600.00","85,700.00","1,200.00",0.01,"9,156,600.00"
22/10/2025,"83,000.00","84,500.00","81,600.00","84,500.00","1,500.00",0.02,"8,203,100.00"
21/10/2025,"82,300.00","83,000.00","80,500.00","83,000.00","2,100.00",0.03,"12,062,300.00"
20/10/2025,"87,000.00","87,900.00","79,800.00","80,900.00","-3,600.00",-0.04,"14,226,400.00"
17/10/2025,"84,800.00","85,900.00","83,800.00","84,500.00",0.00,0.00,"9,880,500.00"
16/10/2025,"83,300.00","84,800.00","83,000.00","84,500.00","1,200.00",0.01,"6,629,400.00"
15/10/2025,"84,000.00","84,700.00","83,000.00","83,300.00",-900.00,-0.01,"5,687,400.00"
14/10/2025,"83,900.00","85,000.00","82,400.00","84,200.00","1,200.00",0.01,"12,093,100.00"
13/10/2025,"81,200.00","83,000.00","81,000.00","83,000.00","1,000.00",0.01,"7,962,500.00"
10/10/2025,"81,400.00","82,000.00","80,600.00","82,000.00",500.00,0.01,"7,593,200.00"
09/10/2025,"80,800.00","81,900.00","80,500.00","81,500.00",700.00,0.01,"7,782,900.00"
08/10/2025,"79,000.00","81,300.00","78,500.00","80,800.00","2,800.00",0.04,"17,337,700.00"
07/10/2025,"78,000.00","79,500.00","77,500.00","78,000.00",400.00,0.01,"7,199,900.00"
06/10/2025,"78,400.00","78,700.00","77,200.00","77,600.00",600.00,0.01,"9,452,100.00"
03/10/2025,"77,000.00","77,400.00","75,400.00","77,000.00",-100.00,0.00,"9,671,700.00"
02/10/2025,"77,800.00","78,500.00","76,900.00","77,100.00",-600.00,-0.01,"4,725,900.00"
01/10/2025,"77,500.00","78,300.00","77,200.00","77,700.00",0.00,0.00,"4,989,600.00"
30/09/2025,"76,800.00","77,800.00","76,200.00","77,700.00",700.00,0.01,"7,817,600.00"
29/09/2025,"77,900.00","77,900.00","76,600.00","77,000.00",-900.00,-0.01,"6,021,900.00"
26/09/2025,"78,300.00","79,100.00","77,900.00","77,900.00","-1,100.00",-0.01,"4,081,700.00"
25/09/2025,"78,800.00","79,000.00","78,100.00","79,000.00",-200.00,0.00,"5,302,400.00"
24/09/2025,"77,700.00","79,200.00","77,100.00","79,200.00","1,400.00",0.02,"4,391,900.00"
23/09/2025,"76,800.00","78,200.00","76,300.00","77,800.00","1,300.00",0.02,"4,466,900.00"
22/09/2025,"77,900.00","77,900.00","76,000.00","76,500.00","-2,100.00",-0.03,"8,126,100.00"
19/09/2025,"78,500.00","78,900.00","77,400.00","78,600.00",100.00,0.00,"4,279,300.00"
18/09/2025,"78,000.00","78,500.00","76,700.00","78,500.00",500.00,0.01,"8,718,800.00"
17/09/2025,"79,800.00","81,100.00","78,000.00","78,000.00","-2,300.00",-0.03,"8,298,600.00"
16/09/2025,"79,600.00","81,400.00","78,900.00","80,300.00",800.00,0.01,"8,927,700.00"
15/09/2025,"79,000.00","79,600.00","78,100.00","79,500.00",500.00,0.01,"8,395,500.00"
12/09/2025,"78,800.00","79,400.00","77,800.00","79,000.00",200.00,0.00,"7,900,100.00"
11/09/2025,"75,400.00","79,400.00","74,000.00","78,800.00","3,300.00",0.04,"18,120,100.00"
10/09/2025,"75,600.00","76,300.00","74,500.00","75,500.00",-500.00,-0.01,"7,770,800.00"
09/09/2025,"74,600.00","76,000.00","73,700.00","76,000.00","2,000.00",0.03,"6,933,700.00"
08/09/2025,"74,500.00","76,800.00","74,000.00","74,000.00","-1,000.00",-0.01,"13,715,000.00"
05/09/2025,"78,000.00","78,300.00","75,000.00","75,000.00","-2,500.00",-0.03,"9,769,500.00"
04/09/2025,"76,000.00","77,500.00","73,900.00","77,500.00","1,700.00",0.02,"12,031,500.00"
03/09/2025,"76,900.00","77,600.00","75,700.00","75,800.00","-2,200.00",-0.03,"8,068,800.00"
29/08/2025,"78,000.00","78,200.00","76,600.00","78,000.00",700.00,0.01,"9,402,500.00"
28/08/2025,"75,000.00","77,300.00","74,500.00","77,300.00","2,300.00",0.03,"11,875,600.00"
27/08/2025,"75,000.00","76,600.00","74,600.00","75,000.00","1,400.00",0.02,"12,565,000.00"
26/08/2025,"69,000.00","73,600.00","68,600.00","73,600.00","4,800.00",0.07,"16,810,900.00"
25/08/2025,"70,300.00","70,600.00","68,600.00","68,800.00","-1,500.00",-0.02,"6,387,100.00"
22/08/2025,"69,900.00","70,600.00","68,400.00","70,300.00",-700.00,-0.01,"10,901,700.00"
21/08/2025,"69,400.00","71,600.00","69,200.00","71,000.00","1,600.00",0.02,"12,495,000.00"
20/08/2025,"68,500.00","70,700.00","68,100.00","69,400.00","1,400.00",0.02,"11,461,600.00"
19/08/2025,"70,000.00","70,000.00","68,000.00","68,000.00","-2,000.00",-0.03,"14,132,300.00"
18/08/2025,"70,600.00","71,000.00","69,200.00","70,000.00",-500.00,-0.01,"8,199,100.00"
15/08/2025,"72,000.00","72,300.00","69,800.00","70,500.00","-1,400.00",-0.02,"9,112,800.00"
14/08/2025,"71,000.00","71,900.00","70,100.00","71,900.00","1,000.00",0.01,"9,930,500.00"
13/08/2025,"72,500.00","72,500.00","70,000.00","70,900.00","-1,300.00",-0.02,"11,739,600.00"
12/08/2025,"72,300.00","72,500.00","71,000.00","72,200.00",100.00,0.00,"7,809,000.00"
11/08/2025,"72,000.00","73,700.00","71,700.00","72,100.00",100.00,0.00,"10,677,600.00"
08/08/2025,"72,600.00","72,800.00","70,500.00","72,000.00",-400.00,-0.01,"11,116,900.00"
07/08/2025,"72,700.00","72,800.00","71,600.00","72,400.00",0.00,0.00,"8,095,800.00"
06/08/2025,"68,900.00","72,400.00","68,500.00","72,400.00","3,100.00",0.04,"18,002,400.00"
05/08/2025,"67,300.00","69,500.00","66,000.00","69,300.00","2,300.00",0.03,"15,697,200.00"
04/08/2025,"65,200.00","67,000.00","65,200.00","67,000.00","1,800.00",0.03,"8,211,500.00"
01/08/2025,"65,400.00","66,700.00","65,200.00","65,200.00",-100.00,0.00,"8,228,000.00"
31/07/2025,"67,200.00","67,800.00","65,200.00","65,300.00","-1,800.00",-0.03,"14,552,200.00"
30/07/2025,"67,500.00","67,900.00","66,100.00","67,100.00",500.00,0.01,"13,161,600.00"
29/07/2025,"70,200.00","70,200.00","66,400.00","66,600.00","-3,600.00",-0.05,"18,358,200.00"
28/07/2025,"70,600.00","71,000.00","69,600.00","70,200.00",100.00,0.00,"9,571,200.00"
25/07/2025,"69,500.00","71,100.00","69,200.00","70,100.00",600.00,0.01,"6,469,000.00"
24/07/2025,"70,000.00","70,000.00","68,800.00","69,500.00",0.00,0.00,"6,607,100.00"
23/07/2025,"69,795.74","69,992.91","69,007.09","69,500.00",100.00,0.00,"10,330,900.00"
22/07/2025,"69,007.09","69,401.42","68,021.28","69,401.42",400.00,0.01,"8,147,200.00"
21/07/2025,"69,992.91","69,992.91","68,218.44","69,007.09",-700.00,-0.01,"10,328,100.00"
18/07/2025,"69,500.00","70,978.72","68,711.35","69,697.16",200.00,0.00,"8,433,900.00"
17/07/2025,"68,809.93","69,795.74","68,612.77","69,500.00",500.00,0.01,"8,085,300.00"
16/07/2025,"68,218.44","69,007.09","67,528.37","69,007.09",700.00,0.01,"4,475,500.00"
15/07/2025,"68,415.60","70,387.23","68,317.02","68,317.02",300.00,0.00,"11,991,700.00"
14/07/2025,"66,936.88","68,021.28","65,458.16","68,021.28","1,100.00",0.02,"8,969,000.00"
11/07/2025,"67,035.46","67,134.04","66,345.39","66,936.88",-100.00,0.00,"7,270,900.00"
10/07/2025,"67,035.46","67,429.79","66,345.39","67,035.46",300.00,0.00,"7,436,600.00"
09/07/2025,"66,542.55","66,739.72","65,852.48","66,739.72",500.00,0.01,"10,332,800.00"
08/07/2025,"65,655.32","66,345.39","65,063.83","66,246.81",700.00,0.01,"8,804,700.00"
07/07/2025,"65,655.32","65,852.48","64,866.67","65,556.74",200.00,0.00,"8,449,300.00"
04/07/2025,"64,965.25","65,556.74","64,570.92","65,359.57",900.00,0.01,"6,182,500.00"
03/07/2025,"63,782.27","65,655.32","63,782.27","64,472.34",600.00,0.01,"19,372,000.00"
02/07/2025,"63,585.11","64,176.60","63,387.94","63,880.85",300.00,0.00,"5,869,300.00"
01/07/2025,"64,570.92","64,866.67","63,387.94","63,585.11","-1,000.00",-0.02,"9,678,600.00"
30/06/2025,"65,260.99","65,359.57","64,472.34","64,570.92",-300.00,0.00,"5,932,000.00"
27/06/2025,"63,782.27","65,359.57","63,683.69","64,866.67","1,300.00",0.02,"17,315,400.00"
26/06/2025,"64,078.01","64,373.76","63,289.36","63,585.11",-500.00,-0.01,"5,355,000.00"
25/06/2025,"63,880.85","64,275.18","63,585.11","64,078.01",100.00,0.00,"7,165,900.00"
24/06/2025,"64,866.67","64,965.25","63,979.43","63,979.43",-100.00,0.00,"8,758,700.00"
23/06/2025,"62,993.62","64,078.01","62,303.55","64,078.01",900.00,0.01,"10,932,200.00"
20/06/2025,"63,092.20","63,683.69","62,796.45","63,190.78",100.00,0.00,"5,949,800.00"
19/06/2025,"62,697.87","63,387.94","62,204.96","63,092.20",300.00,0.00,"7,897,700.00"
18/06/2025,"63,387.94","64,373.76","62,697.87","62,796.45",-700.00,-0.01,"9,055,013.00"
17/06/2025,"63,486.52","63,585.11","62,895.04","63,486.52",100.00,0.00,"5,882,587.00"
16/06/2025,"62,106.38","63,387.94","61,712.06","63,387.94","1,100.00",0.02,"8,480,900.00"
13/06/2025,"61,810.64","62,500.71","60,923.40","62,303.55",-300.00,0.00,"9,348,700.00"
12/06/2025,"61,613.48","62,599.29","61,219.15","62,599.29","1,600.00",0.03,"10,592,900.00"
11/06/2025,"60,627.66","61,317.73","60,627.66","61,021.99",400.00,0.01,"5,093,600.00"
10/06/2025,"60,134.75","62,007.80","59,740.43","60,627.66","1,000.00",0.02,"10,755,000.00"
09/06/2025,"59,641.84","59,839.01","59,050.35","59,641.84",0.00,0.00,"7,784,100.00"
06/06/2025,"60,331.91","60,430.50","59,543.26","59,641.84","-1,200.00",-0.02,"6,615,000.00"
05/06/2025,"60,134.75","61,317.73","60,134.75","60,824.82",400.00,0.01,"5,913,600.00"
04/06/2025,"61,909.22","61,909.22","60,233.33","60,430.50","-1,100.00",-0.02,"8,066,300.00"
03/06/2025,"60,134.75","61,909.22","60,134.75","61,514.89","1,400.00",0.02,"7,644,500.00"
02/06/2025,"61,120.57","61,120.57","59,148.94","60,134.75","-1,100.00",-0.02,"17,382,200.00"
30/05/2025,"62,895.04","62,993.62","61,219.15","61,219.15","-2,200.00",-0.03,"13,551,900.00"
29/05/2025,"63,585.11","63,683.69","62,500.71","63,387.94",-100.00,0.00,"7,906,000.00"
28/05/2025,"63,387.94","64,570.92","63,092.20","63,486.52",100.00,0.00,"11,018,900.00"
27/05/2025,"63,880.85","63,979.43","62,599.29","63,387.94",-200.00,0.00,"8,627,000.00"
26/05/2025,"63,289.36","64,078.01","61,514.89","63,585.11",300.00,0.00,"7,741,900.00"
23/05/2025,"63,289.36","63,387.94","62,402.13","63,289.36",-100.00,0.00,"7,720,000.00"
22/05/2025,"62,993.62","63,880.85","62,697.87","63,387.94",0.00,0.00,"9,407,800.00"
21/05/2025,"63,979.43","63,979.43","62,697.87","63,387.94",-400.00,-0.01,"9,813,600.00"
20/05/2025,"62,599.29","64,275.18","62,402.13","63,782.27","1,000.00",0.02,"13,876,400.00"
19/05/2025,"62,599.29","63,486.52","62,204.96","62,796.45",-100.00,0.00,"8,552,900.00"
16/05/2025,"62,895.04","63,585.11","62,599.29","62,895.04",-500.00,-0.01,"6,015,600.00"
15/05/2025,"63,092.20","63,683.69","62,106.38","63,387.94",300.00,0.00,"10,318,600.00"
14/05/2025,"62,895.04","63,387.94","62,697.87","63,092.20",500.00,0.01,"11,889,500.00"
13/05/2025,"60,331.91","62,796.45","60,134.75","62,599.29","2,700.00",0.04,"17,921,400.00"
12/05/2025,"59,839.01","60,036.17","59,247.52","59,937.59",400.00,0.01,"6,941,100.00"
09/05/2025,"59,444.68","60,134.75","59,247.52","59,543.26",100.00,0.00,"5,804,000.00"
08/05/2025,"59,247.52","59,444.68","58,064.54","59,444.68",200.00,0.00,"9,945,100.00"
07/05/2025,"59,050.35","59,641.84","58,261.70","59,247.52",-400.00,-0.01,"8,206,800.00"
06/05/2025,"60,134.75","60,331.91","59,247.52","59,641.84",-500.00,-0.01,"4,150,300.00"
05/05/2025,"59,937.59","60,529.08","59,148.94","60,134.75",200.00,0.00,"5,299,700.00"
29/04/2025,"59,937.59","60,233.33","59,641.84","59,937.59",-100.00,0.00,"9,603,200.00"
28/04/2025,"60,036.17","61,120.57","58,754.61","60,036.17",400.00,0.01,"8,653,900.00"
25/04/2025,"58,656.03","59,641.84","58,557.45","59,641.84",800.00,0.01,"10,580,100.00"
24/04/2025,"57,965.96","59,050.35","57,571.63","58,853.19",900.00,0.02,"8,426,300.00"
23/04/2025,"57,670.21","58,458.87","57,374.47","57,965.96","1,500.00",0.03,"8,658,400.00"
22/04/2025,"54,614.18","56,487.23","51,262.41","56,487.23","1,700.00",0.03,"16,304,400.00"
21/04/2025,"55,501.42","55,797.16","54,515.60","54,811.35",-600.00,-0.01,"4,732,900.00"
18/04/2025,"56,092.91","56,782.98","55,402.84","55,402.84",-600.00,-0.01,"6,553,500.00"
17/04/2025,"55,107.09","55,994.33","54,811.35","55,994.33",0.00,0.00,"5,791,200.00"
16/04/2025,"55,797.16","56,881.56","54,811.35","55,994.33",-300.00,-0.01,"9,252,400.00"
15/04/2025,"55,205.67","56,782.98","54,318.44","56,290.07",500.00,0.01,"12,952,800.00"
14/04/2025,"54,219.86","55,797.16","53,529.79","55,797.16","3,700.00",0.07,"15,381,600.00"
11/04/2025,"50,276.60","52,149.65","49,882.27","52,149.65","3,450.00",0.07,"13,970,800.00"
10/04/2025,"48,748.58","48,748.58","48,748.58","48,748.58","3,200.00",0.07,"566,300.00"
09/04/2025,"45,101.06","48,502.13","45,101.06","45,593.97","-2,900.00",-0.06,"22,013,600.00"
08/04/2025,"48,502.13","49,290.78","48,452.84","48,452.84","-3,650.00",-0.07,"12,006,400.00"
04/04/2025,"50,178.01","52,741.13","50,178.01","52,051.06","-1,900.00",-0.03,"29,630,900.00"
03/04/2025,"54,318.44","55,501.42","53,924.11","53,924.11","-4,100.00",-0.07,"15,639,500.00"
02/04/2025,"57,768.79","58,853.19","57,177.30","57,965.96",200.00,0.00,"8,933,900.00"
01/04/2025,"57,768.79","58,064.54","56,881.56","57,768.79",-400.00,-0.01,"6,328,900.00"
31/03/2025,"58,163.12","58,360.28","57,275.89","58,163.12",-800.00,-0.01,"8,914,600.00"
28/03/2025,"59,247.52","59,839.01","58,064.54","58,951.77",-600.00,-0.01,"8,807,300.00"
27/03/2025,"59,937.59","59,937.59","59,148.94","59,543.26",-400.00,-0.01,"5,490,800.00"
26/03/2025,"59,740.43","60,331.91","59,641.84","59,937.59",300.00,0.00,"3,187,100.00"
25/03/2025,"59,543.26","60,430.50","59,050.35","59,641.84",200.00,0.00,"6,737,700.00"
24/03/2025,"58,951.77","59,444.68","58,656.03","59,444.68",0.00,0.00,"3,765,200.00"
21/03/2025,"59,148.94","59,444.68","58,557.45","59,444.68",300.00,0.00,"4,381,500.00"
20/03/2025,"58,951.77","59,148.94","58,163.12","59,148.94",500.00,0.01,"5,633,500.00"
19/03/2025,"60,331.91","60,529.08","58,163.12","58,656.03","-2,300.00",-0.04,"14,449,400.00"
18/03/2025,"61,317.73","61,613.48","60,529.08","60,923.40",-200.00,0.00,"6,934,100.00"
17/03/2025,"60,824.82","61,120.57","60,529.08","61,120.57",500.00,0.01,"4,016,900.00"
14/03/2025,"60,627.66","61,416.31","60,331.91","60,627.66",0.00,0.00,"10,582,800.00"
13/03/2025,"61,810.64","61,909.22","60,331.91","60,627.66","-1,200.00",-0.02,"8,114,800.00"
12/03/2025,"62,106.38","62,106.38","61,021.99","61,810.64",-300.00,0.00,"10,274,600.00"
11/03/2025,"60,529.08","62,303.55","60,529.08","62,106.38",800.00,0.01,"9,945,900.00"
10/03/2025,"61,120.57","61,416.31","60,529.08","61,317.73",300.00,0.00,"10,616,200.00"
07/03/2025,"60,923.40","61,120.57","60,430.50","61,021.99",0.00,0.00,"6,378,100.00"
06/03/2025,"58,951.77","61,021.99","58,754.61","61,021.99","2,300.00",0.04,"15,139,900.00"
05/03/2025,"58,951.77","59,346.10","58,458.87","58,754.61",100.00,0.00,"7,188,800.00"
04/03/2025,"57,867.38","59,050.35","57,571.63","58,656.03",700.00,0.01,"7,159,600.00"
03/03/2025,"57,374.47","58,261.70","56,980.14","57,965.96",500.00,0.01,"8,008,000.00"
28/02/2025,"57,177.30","57,867.38","56,980.14","57,473.05",-300.00,-0.01,"5,887,200.00"
27/02/2025,"57,867.38","57,965.96","57,374.47","57,768.79",-100.00,0.00,"3,740,500.00"
26/02/2025,"57,473.05","58,261.70","56,980.14","57,867.38",400.00,0.01,"10,053,600.00"
25/02/2025,"57,275.89","57,571.63","56,585.82","57,473.05",-100.00,0.00,"12,831,700.00"
24/02/2025,"57,275.89","57,670.21","56,487.23","57,571.63",300.00,0.01,"15,301,700.00"
21/02/2025,"55,994.33","57,473.05","55,797.16","57,275.89","1,400.00",0.02,"12,418,600.00"
20/02/2025,"55,107.09","55,895.74","54,909.93","55,895.74",900.00,0.02,"9,095,500.00"
19/02/2025,"53,924.11","55,304.26","53,628.37","55,008.51","1,300.00",0.02,"8,608,500.00"
18/02/2025,"53,234.04","54,219.86","53,036.88","53,726.95",400.00,0.01,"5,455,600.00"
17/02/2025,"54,417.02","54,417.02","53,332.62","53,332.62","-1,100.00",-0.02,"7,717,100.00"
14/02/2025,"54,318.44","54,515.60","53,036.88","54,417.02",400.00,0.01,"12,228,000.00"
13/02/2025,"55,205.67","55,205.67","54,022.70","54,022.70","-1,600.00",-0.03,"12,359,700.00"
12/02/2025,"55,994.33","56,487.23","55,600.00","55,600.00",0.00,0.00,"5,434,400.00"
11/02/2025,"56,585.82","56,585.82","55,600.00","55,600.00","-1,000.00",-0.02,"7,578,000.00"
10/02/2025,"57,473.05","57,473.05","56,585.82","56,585.82","-1,500.00",-0.03,"6,713,400.00"
07/02/2025,"58,064.54","58,163.12","56,980.14","58,064.54",-200.00,0.00,"8,721,900.00"
06/02/2025,"58,656.03","58,754.61","57,867.38","58,261.70",-300.00,-0.01,"5,053,800.00"
05/02/2025,"58,754.61","58,951.77","58,261.70","58,557.45",-200.00,0.00,"4,684,100.00"
04/02/2025,"59,050.35","59,050.35","58,163.12","58,754.61",0.00,0.00,"6,706,900.00"
03/02/2025,"58,163.12","58,754.61","57,670.21","58,754.61",-500.00,-0.01,"6,886,500.00"
24/01/2025,"58,360.28","59,247.52","57,768.79","59,247.52",900.00,0.02,"6,915,300.00"
23/01/2025,"56,487.23","58,656.03","56,487.23","58,360.28","1,800.00",0.03,"6,599,500.00"
22/01/2025,"57,078.72","57,177.30","56,585.82","56,585.82",-300.00,-0.01,"3,433,000.00"
21/01/2025,"56,881.56","57,374.47","56,388.65","56,881.56",200.00,0.00,"4,476,600.00"
20/01/2025,"56,881.56","57,078.72","56,487.23","56,684.40",-200.00,0.00,"2,585,400.00"
17/01/2025,"56,487.23","56,980.14","56,388.65","56,881.56",-100.00,0.00,"4,115,900.00"
16/01/2025,"56,388.65","57,177.30","56,191.49","56,980.14",500.00,0.01,"6,996,200.00"
15/01/2025,"56,585.82","57,078.72","55,994.33","56,487.23",100.00,0.00,"4,158,300.00"
14/01/2025,"56,487.23","56,684.40","55,797.16","56,388.65",-100.00,0.00,"3,860,600.00"
13/01/2025,"55,797.16","56,881.56","55,698.58","56,487.23",-200.00,0.00,"7,061,900.00"
10/01/2025,"56,684.40","57,177.30","56,092.91","56,684.40",-200.00,0.00,"6,234,100.00"
09/01/2025,"57,177.30","57,177.30","56,684.40","56,881.56",-400.00,-0.01,"2,905,300.00"
08/01/2025,"56,290.07","57,275.89","55,698.58","57,275.89","1,000.00",0.02,"3,255,600.00"
07/01/2025,"56,487.23","56,980.14","55,600.00","56,290.07",100.00,0.00,"6,576,900.00"
06/01/2025,"57,571.63","58,458.87","56,191.49","56,191.49","-1,600.00",-0.03,"6,206,900.00"
03/01/2025,"59,740.43","59,839.01","57,768.79","57,768.79","-2,000.00",-0.03,"7,662,400.00"
02/01/2025,"60,036.17","60,331.91","59,444.68","59,740.43",-400.00,-0.01,"4,974,600.00"
31/12/2024,"60,036.17","60,134.75","59,641.84","60,134.75",0.00,0.00,"6,440,300.00"
30/12/2024,"59,641.84","60,331.91","59,641.84","60,134.75",-400.00,-0.01,"4,337,100.00"
27/12/2024,"59,740.43","60,726.24","59,543.26","60,529.08",-100.00,0.00,"7,763,200.00"
26/12/2024,"61,514.89","61,514.89","59,641.84","60,627.66",-700.00,-0.01,"7,073,800.00"
25/12/2024,"60,430.50","61,416.31","60,430.50","61,317.73",900.00,0.01,"6,586,500.00"
24/12/2024,"60,331.91","60,430.50","59,839.01","60,430.50",300.00,0.00,"3,549,600.00"
23/12/2024,"59,740.43","60,233.33","59,641.84","60,134.75",400.00,0.01,"5,850,600.00"
20/12/2024,"59,148.94","59,937.59","58,754.61","59,740.43",800.00,0.01,"9,553,400.00"
19/12/2024,"58,951.77","59,050.35","58,557.45","58,951.77",-400.00,-0.01,"7,586,100.00"
18/12/2024,"59,346.10","59,641.84","59,050.35","59,346.10",-100.00,0.00,"5,122,200.00"
17/12/2024,"60,134.75","60,134.75","59,346.10","59,444.68",-700.00,-0.01,"4,141,800.00"
16/12/2024,"60,134.75","60,529.08","59,346.10","60,134.75",0.00,0.00,"4,359,300.00"
13/12/2024,"58,951.77","60,430.50","58,754.61","60,134.75","1,000.00",0.02,"5,833,800.00"
12/12/2024,"59,444.68","59,641.84","59,050.35","59,148.94",0.00,0.00,"4,099,905.00"
11/12/2024,"59,839.01","59,937.59","59,050.35","59,148.94",-800.00,-0.01,"5,069,400.00"
10/12/2024,"60,233.33","60,331.91","59,641.84","59,937.59",-300.00,0.00,"4,679,800.00"
09/12/2024,"60,726.24","60,726.24","59,937.59","60,233.33",0.00,0.00,"4,832,300.00"
06/12/2024,"59,937.59","61,021.99","59,641.84","60,233.33",100.00,0.00,"10,756,300.00"
05/12/2024,"57,571.63","60,331.91","57,275.89","60,134.75","2,900.00",0.05,"9,241,300.00"
04/12/2024,"58,557.45","58,951.77","57,177.30","57,275.89","-1,700.00",-0.03,"9,305,200.00"
03/12/2024,"59,247.52","59,444.68","58,754.61","58,951.77",-600.00,-0.01,"4,532,600.00"
02/12/2024,"59,839.01","59,839.01","59,050.35","59,543.26",-100.00,0.00,"3,353,900.00"
29/11/2024,"59,148.94","59,641.84","58,064.54","59,641.84",500.00,0.01,"5,969,400.00"
28/11/2024,"59,444.68","59,740.43","58,853.19","59,148.94",-200.00,0.00,"4,310,100.00"
27/11/2024,"59,050.35","60,036.17","58,656.03","59,346.10",200.00,0.00,"5,912,400.00"
26/11/2024,"58,458.87","59,247.52","58,163.12","59,148.94","1,000.00",0.02,"4,703,400.00"
25/11/2024,"57,965.96","58,458.87","57,768.79","58,163.12",0.00,0.00,"5,858,500.00"
22/11/2024,"57,867.38","58,557.45","57,571.63","58,163.12",300.00,0.01,"5,804,700.00"
21/11/2024,"56,191.49","58,064.54","55,698.58","57,867.38","1,900.00",0.03,"8,839,800.00"
20/11/2024,"56,388.65","57,275.89","55,205.67","55,994.33",-700.00,-0.01,"14,122,900.00"
19/11/2024,"58,163.12","58,163.12","56,684.40","56,684.40","-1,400.00",-0.02,"5,929,500.00"
18/11/2024,"59,050.35","59,050.35","56,290.07","58,064.54","-1,000.00",-0.02,"14,903,100.00"
15/11/2024,"59,937.59","60,233.33","58,951.77","59,050.35","-1,400.00",-0.02,"7,844,600.00"
14/11/2024,"60,627.66","60,726.24","59,839.01","60,430.50",-600.00,-0.01,"5,669,400.00"
13/11/2024,"59,937.59","61,416.31","59,444.68","61,021.99","1,100.00",0.02,"9,417,500.00"
12/11/2024,"62,204.96","62,303.55","59,937.59","59,937.59","-2,200.00",-0.03,"12,433,700.00"
11/11/2024,"63,585.11","64,078.01","62,007.80","62,106.38","-2,000.00",-0.03,"9,470,500.00"
08/11/2024,"64,472.34","64,472.34","63,585.11","64,078.01",-400.00,-0.01,"7,919,600.00"
07/11/2024,"64,866.67","64,866.67","63,880.85","64,472.34",-200.00,0.00,"5,294,200.00"
06/11/2024,"64,768.09","64,768.09","64,078.01","64,669.50",0.00,0.00,"7,833,900.00"
05/11/2024,"63,979.43","64,669.50","63,880.85","64,669.50",500.00,0.01,"17,547,300.00"
04/11/2024,"64,965.25","64,965.25","63,782.27","64,176.60",-900.00,-0.01,"10,258,400.00"
01/11/2024,"64,965.25","65,162.41","64,570.92","65,063.83",-500.00,-0.01,"21,503,900.00"
31/10/2024,"65,063.83","65,556.74","64,669.50","65,556.74",500.00,0.01,"7,432,300.00"
30/10/2024,"65,556.74","65,556.74","64,768.09","65,063.83",-500.00,-0.01,"9,277,400.00"
29/10/2024,"64,669.50","65,556.74","64,472.34","65,556.74","1,000.00",0.02,"10,385,500.00"
28/10/2024,"64,570.92","64,669.50","63,979.43","64,570.92",0.00,0.00,"3,958,700.00"
25/10/2024,"64,472.34","65,063.83","64,078.01","64,570.92",100.00,0.00,"6,032,301.00"
24/10/2024,"64,472.34","65,063.83","63,979.43","64,472.34",-300.00,0.00,"4,641,700.00"
23/10/2024,"65,162.41","65,359.57","64,176.60","64,768.09",-600.00,-0.01,"7,619,300.00"
22/10/2024,"65,359.57","65,852.48","64,570.92","65,359.57",500.00,0.01,"10,981,100.00"
21/10/2024,"64,373.76","65,063.83","63,979.43","64,866.67",100.00,0.00,"5,173,000.00"
18/10/2024,"64,965.25","65,162.41","64,275.18","64,768.09",-100.00,0.00,"6,373,223.00"
17/10/2024,"64,866.67","64,866.67","64,275.18","64,866.67",300.00,0.00,"7,043,310.00"
16/10/2024,"63,486.52","64,768.09","63,387.94","64,570.92","1,100.00",0.02,"15,498,200.00"
15/10/2024,"62,993.62","63,880.85","62,796.45","63,486.52",800.00,0.01,"13,285,812.00"
14/10/2024,"63,979.43","64,078.01","62,697.87","62,697.87",-900.00,-0.01,"9,065,400.00"
11/10/2024,"64,078.01","64,373.76","62,599.29","63,585.11",-500.00,-0.01,"10,190,031.00"
10/10/2024,"63,585.11","64,472.34","63,190.78","64,078.01",800.00,0.01,"9,483,653.00"
09/10/2024,"64,078.01","64,373.76","62,697.87","63,289.36","-1,000.00",-0.02,"21,532,048.00"
08/10/2024,"65,753.90","65,753.90","64,078.01","64,275.18","-1,100.00",-0.02,"12,195,152.00"
07/10/2024,"65,753.90","66,148.23","64,965.25","65,359.57",-100.00,0.00,"5,548,200.00"
04/10/2024,"65,556.74","65,852.48","65,260.99","65,458.16",100.00,0.00,"5,272,300.00"
03/10/2024,"66,443.97","66,443.97","64,866.67","65,359.57","-1,100.00",-0.02,"14,743,000.00"
02/10/2024,"66,542.55","66,936.88","66,049.65","66,443.97",-400.00,-0.01,"7,157,400.00"
01/10/2024,"67,331.21","67,725.53","66,838.30","66,838.30",-300.00,0.00,"10,581,700.00"
30/09/2024,"66,542.55","67,134.04","65,951.06","67,134.04",600.00,0.01,"6,461,113.00"
27/09/2024,"67,626.95","67,626.95","65,852.48","66,542.55",-800.00,-0.01,"13,736,500.00"
26/09/2024,"67,824.11","68,514.18","67,331.21","67,331.21",-400.00,-0.01,"8,115,635.00"
25/09/2024,"67,528.37","67,725.53","67,035.46","67,725.53",600.00,0.01,"6,883,346.00"
24/09/2024,"66,542.55","67,824.11","66,542.55","67,134.04",800.00,0.01,"8,581,513.00"
23/09/2024,"67,035.46","67,035.46","65,852.48","66,345.39",-700.00,-0.01,"6,268,700.00"
20/09/2024,"67,626.95","67,725.53","67,035.46","67,035.46",-200.00,0.00,"5,563,618.00"
19/09/2024,"67,528.37","67,528.37","66,739.72","67,232.62",0.00,0.00,"7,034,627.00"
18/09/2024,"65,951.06","67,626.95","65,852.48","67,232.62","1,400.00",0.02,"11,630,733.00"
17/09/2024,"65,260.99","65,852.48","64,570.92","65,852.48",700.00,0.01,"9,763,213.00"
16/09/2024,"65,951.06","66,049.65","65,063.83","65,162.41","-1,100.00",-0.02,"5,295,500.00"
13/09/2024,"66,246.81","66,542.55","65,556.74","66,246.81",-300.00,0.00,"8,524,512.00"
12/09/2024,"67,035.46","67,035.46","66,246.81","66,542.55",-300.00,0.00,"4,621,532.00"
11/09/2024,"66,838.30","66,936.88","66,148.23","66,838.30",0.00,0.00,"8,325,061.00"
10/09/2024,"66,542.55","67,725.53","66,542.55","66,838.30",300.00,0.00,"7,228,239.00"
09/09/2024,"66,739.72","67,035.46","66,246.81","66,542.55",-500.00,-0.01,"4,521,000.00"
06/09/2024,"66,641.13","67,035.46","65,852.48","67,035.46",100.00,0.00,"9,357,500.00"
05/09/2024,"67,824.11","67,922.70","66,641.13","66,936.88","-1,200.00",-0.02,"9,140,524.00"
04/09/2024,"67,725.53","68,711.35","67,232.62","68,119.86",-700.00,-0.01,"5,262,449.00"
30/08/2024,"68,119.86","68,809.93","67,725.53","68,809.93",700.00,0.01,"6,408,100.00"
29/08/2024,"67,922.70","68,415.60","67,626.95","68,119.86",-300.00,0.00,"5,170,049.00"
28/08/2024,"68,711.35","68,711.35","67,725.53","68,415.60",-400.00,-0.01,"7,841,028.00"
27/08/2024,"68,415.60","68,809.93","66,838.30","68,809.93",0.00,0.00,"15,992,148.00"
26/08/2024,"69,007.09","69,795.74","68,612.77","68,809.93",-200.00,0.00,"6,397,046.00"
23/08/2024,"69,007.09","69,204.26","68,317.02","69,007.09",0.00,0.00,"7,003,727.00"
22/08/2024,"68,711.35","69,204.26","68,119.86","69,007.09",200.00,0.00,"7,168,737.00"
21/08/2024,"68,415.60","69,204.26","67,922.70","68,809.93",300.00,0.00,"10,886,752.00"
20/08/2024,"68,021.28","68,514.18","67,331.21","68,514.18",500.00,0.01,"9,186,219.00"
19/08/2024,"68,021.28","68,711.35","67,626.95","68,021.28",0.00,0.00,"7,646,938.00"
16/08/2024,"65,063.83","68,514.18","64,965.25","68,021.28","3,100.00",0.05,"18,851,532.00"
15/08/2024,"65,359.57","65,458.16","64,373.76","64,965.25",-700.00,-0.01,"8,243,953.00"
14/08/2024,"65,852.48","66,049.65","64,866.67","65,655.32",-100.00,0.00,"8,092,023.00"
13/08/2024,"65,852.48","66,246.81","64,570.92","65,753.90",100.00,0.00,"9,617,000.00"
12/08/2024,"64,965.25","65,852.48","64,669.50","65,655.32","1,000.00",0.02,"11,465,200.00"
09/08/2024,"61,810.64","64,866.67","61,613.48","64,669.50","3,200.00",0.05,"18,245,100.00"
08/08/2024,"61,120.57","62,007.80","61,021.99","61,514.89",100.00,0.00,"6,350,600.00"
07/08/2024,"61,416.31","61,613.48","60,627.66","61,416.31",0.00,0.00,"5,724,900.00"
06/08/2024,"60,923.40","61,416.31","59,740.43","61,416.31",700.00,0.01,"7,253,700.00"
05/08/2024,"60,627.66","61,416.31","59,444.68","60,726.24","-1,300.00",-0.02,"12,492,700.00"
02/08/2024,"60,134.75","62,007.80","59,839.01","62,007.80",800.00,0.01,"8,601,200.00"
01/08/2024,"62,895.04","62,895.04","60,627.66","61,219.15","-1,700.00",-0.03,"12,506,300.00"
31/07/2024,"62,993.62","63,585.11","62,599.29","62,895.04",800.00,0.01,"16,098,200.00"
30/07/2024,"61,120.57","62,303.55","61,021.99","62,106.38","1,000.00",0.02,"8,056,300.00"
29/07/2024,"60,529.08","61,514.89","60,233.33","61,120.57","1,000.00",0.02,"7,269,200.00"
26/07/2024,"59,641.84","60,134.75","59,543.26","60,134.75",0.00,0.00,"6,336,000.00"
25/07/2024,"59,148.94","60,134.75","58,853.19","60,134.75",-400.00,-0.01,"6,940,300.00"
24/07/2024,"60,726.24","61,120.57","57,768.79","60,529.08","-1,100.00",-0.02,"15,845,500.00"
23/07/2024,"64,078.01","64,078.01","61,120.57","61,613.48","-2,800.00",-0.04,"10,527,700.00"
22/07/2024,"64,275.18","64,472.34","62,895.04","64,373.76",-300.00,0.00,"6,209,400.00"
19/07/2024,"64,078.01","65,359.57","63,782.27","64,669.50",600.00,0.01,"13,518,261.00"
18/07/2024,"62,599.29","64,078.01","62,500.71","64,078.01","1,500.00",0.02,"10,265,697.00"
17/07/2024,"63,782.27","63,782.27","61,317.73","62,599.29",-600.00,-0.01,"19,500,172.00"
16/07/2024,"63,683.69","64,373.76","63,190.78","63,190.78",-200.00,0.00,"8,532,944.00"
15/07/2024,"63,979.43","64,078.01","63,190.78","63,387.94",-500.00,-0.01,"4,518,892.00"
12/07/2024,"63,880.85","64,472.34","63,190.78","63,880.85",0.00,0.00,"9,036,739.00"
11/07/2024,"64,472.34","64,768.09","63,683.69","63,880.85",-400.00,-0.01,"9,824,609.00"
10/07/2024,"65,753.90","65,852.48","64,275.18","64,275.18","-1,600.00",-0.02,"12,345,251.00"
09/07/2024,"66,246.81","66,246.81","65,359.57","65,852.48",-200.00,0.00,"8,910,990.00"
08/07/2024,"64,669.50","66,443.97","64,669.50","66,049.65","1,400.00",0.02,"11,173,166.00"
05/07/2024,"64,275.18","64,866.67","64,078.01","64,669.50",500.00,0.01,"9,564,759.00"
04/07/2024,"64,768.09","65,359.57","63,979.43","64,176.60",-400.00,-0.01,"6,367,690.00"
03/07/2024,"64,965.25","65,458.16","64,176.60","64,570.92",-500.00,-0.01,"9,782,969.00"
02/07/2024,"64,866.67","65,063.83","63,782.27","65,063.83",200.00,0.00,"9,972,680.00"
01/07/2024,"61,712.06","64,866.67","61,120.57","64,866.67","3,400.00",0.05,"21,785,970.00"
28/06/2024,"62,204.96","62,204.96","60,726.24","61,514.89",-500.00,-0.01,"6,604,200.00"
27/06/2024,"60,638.54","62,203.41","60,638.54","62,007.80",800.00,0.01,"8,297,814.00"
26/06/2024,"61,127.56","61,812.19","59,953.92","61,225.37",600.00,0.01,"9,625,646.00"
25/06/2024,"60,638.54","61,323.17","60,247.33","60,638.54",0.00,0.00,"6,461,173.00"
24/06/2024,"62,105.61","62,105.61","60,149.52","60,638.54","-1,500.00",-0.02,"11,899,271.00"
21/06/2024,"61,616.59","63,279.25","61,029.76","62,105.61",0.00,0.00,"8,235,290.00"
20/06/2024,"61,812.19","62,105.61","61,127.56","62,105.61",200.00,0.00,"6,274,318.00"
19/06/2024,"60,540.74","62,301.21","60,247.33","61,910.00","1,100.00",0.02,"7,917,309.00"
18/06/2024,"60,736.35","61,127.56","59,758.31","60,834.15",200.00,0.00,"8,140,700.00"
17/06/2024,"61,420.98","61,420.98","59,660.50","60,638.54","-1,000.00",-0.02,"9,503,600.00"
14/06/2024,"62,594.63","62,790.23","61,616.59","61,616.59","-1,000.00",-0.02,"8,902,800.00"
13/06/2024,"62,301.21","62,985.84","61,714.39","62,594.63",600.00,0.01,"8,131,000.00"
12/06/2024,"61,225.37","62,496.82","60,638.54","62,007.80","1,100.00",0.02,"6,599,146.00"
11/06/2024,"61,910.00","62,007.80","60,442.94","60,931.96",-700.00,-0.01,"6,825,770.00"
10/06/2024,"60,834.15","61,910.00","60,638.54","61,616.59",900.00,0.01,"8,814,191.00"
07/06/2024,"60,931.96","61,420.98","60,442.94","60,736.35",200.00,0.00,"6,039,669.00"
06/06/2024,"60,638.54","61,127.56","60,247.33","60,540.74",-100.00,0.00,"15,580,278.00"
05/06/2024,"61,616.59","61,910.00","60,247.33","60,638.54","-1,800.00",-0.03,"15,297,380.00"
04/06/2024,"62,594.63","62,790.23","61,714.39","62,399.02",-200.00,0.00,"11,391,596.00"
03/06/2024,"62,496.82","62,692.43","61,812.19","62,594.63",400.00,0.01,"9,500,879.00"
31/05/2024,"61,420.98","62,985.84","61,029.76","62,203.41",800.00,0.01,"10,588,336.00"
30/05/2024,"58,584.66","61,420.98","57,900.03","61,420.98","2,300.00",0.04,"15,822,116.00"
29/05/2024,"60,247.33","60,638.54","59,171.48","59,171.48","-1,000.00",-0.02,"7,966,354.00"
28/05/2024,"59,073.68","61,420.98","58,780.27","60,149.52","1,500.00",0.02,"10,823,218.00"
27/05/2024,"58,780.27","59,171.48","57,900.03","58,682.46",-500.00,-0.01,"7,150,902.00"
24/05/2024,"59,856.11","60,345.13","57,606.62","59,171.48","-1,500.00",-0.02,"14,576,259.00"
23/05/2024,"59,367.09","60,638.54","58,682.46","60,638.54","1,000.00",0.02,"10,583,025.00"
22/05/2024,"59,269.29","60,247.33","58,291.25","59,660.50",500.00,0.01,"13,927,331.00"
21/05/2024,"59,269.29","59,953.92","58,682.46","59,171.48",500.00,0.01,"5,776,939.00"
20/05/2024,"58,682.46","60,247.33","58,193.44","58,682.46",400.00,0.01,"9,882,880.00"
17/05/2024,"58,486.85","58,975.87","57,704.42","58,291.25",-300.00,-0.01,"11,286,347.00"
16/05/2024,"59,562.70","59,758.31","58,389.05","58,584.66",-900.00,-0.01,"15,621,652.00"
15/05/2024,"59,269.29","60,736.35","58,682.46","59,464.89",700.00,0.01,"14,312,141.00"
14/05/2024,"57,215.40","59,660.50","56,726.38","58,780.27","1,800.00",0.03,"16,717,056.00"
13/05/2024,"57,606.62","57,606.62","56,726.38","57,019.79",-600.00,-0.01,"7,822,045.00"
10/05/2024,"57,508.81","57,704.42","56,139.56","57,606.62",0.00,0.00,"9,938,732.00"
09/05/2024,"57,704.42","57,900.03","57,117.60","57,606.62",-200.00,0.00,"12,497,400.00"
08/05/2024,"57,313.20","57,997.83","56,921.99","57,802.22",-200.00,0.00,"10,022,500.00"
07/05/2024,"57,508.81","58,193.44","56,237.36","57,997.83","1,000.00",0.02,"12,034,000.00"
06/05/2024,"54,868.10","57,508.81","54,574.69","57,019.79","2,600.00",0.05,"12,893,200.00"
03/05/2024,"54,476.89","55,943.95","53,792.26","54,476.89",100.00,0.00,"30,658,300.00"
02/05/2024,"54,770.30","55,552.73","53,498.84","54,379.08",700.00,0.01,"22,343,900.00"
26/04/2024,"52,325.20","53,792.26","51,836.17","53,694.45","1,100.00",0.02,"12,531,700.00"
25/04/2024,"50,955.94","52,618.61","50,271.31","52,618.61","1,500.00",0.03,"19,836,400.00"
24/04/2024,"49,097.66","51,151.55","48,755.35","51,151.55","2,500.00",0.05,"12,469,200.00"
23/04/2024,"48,021.81","49,195.46","47,581.70","48,706.44","1,200.00",0.02,"18,482,000.00"
22/04/2024,"48,119.62","48,315.23","47,092.68","47,532.79",400.00,0.01,"13,265,100.00"
19/04/2024,"48,168.52","48,217.42","46,994.87","47,141.58","-1,200.00",-0.02,"9,643,100.00"
17/04/2024,"49,293.27","49,293.27","47,875.11","48,315.23",-500.00,-0.01,"7,506,200.00"
16/04/2024,"48,413.03","48,902.05","47,630.60","48,804.25",0.00,0.00,"13,988,300.00"
15/04/2024,"50,564.72","50,858.13","48,413.03","48,804.25","-2,100.00",-0.04,"17,235,200.00"
12/04/2024,"51,151.55","51,444.96","50,466.92","50,858.13",-300.00,-0.01,"7,115,600.00"
11/04/2024,"50,075.70","51,640.57","50,075.70","51,151.55",300.00,0.01,"7,294,500.00"
10/04/2024,"51,738.37","52,031.78","50,564.72","50,858.13",-800.00,-0.02,"10,353,100.00"
09/04/2024,"48,902.05","51,933.98","48,706.44","51,640.57","2,800.00",0.06,"21,005,300.00"
08/04/2024,"49,880.09","49,880.09","48,706.44","48,902.05","-1,000.00",-0.02,"6,326,000.00"
05/04/2024,"48,902.05","50,369.11","48,364.13","49,880.09",300.00,0.01,"9,422,712.00"
04/04/2024,"48,902.05","49,586.68","47,924.01","49,586.68",500.00,0.01,"13,451,500.00"
03/04/2024,"49,880.09","50,075.70","48,804.25","49,097.66","-1,400.00",-0.03,"16,982,300.00"
02/04/2024,"49,880.09","50,466.92","48,853.15","50,466.92",200.00,0.00,"13,183,500.00"
01/04/2024,"49,684.48","51,444.96","49,586.68","50,271.31",300.00,0.01,"15,838,100.00"
29/03/2024,"49,880.09","50,858.13","49,684.48","49,977.90",100.00,0.00,"13,970,500.00"
28/03/2024,"49,684.48","51,053.74","49,293.27","49,880.09",300.00,0.01,"12,959,700.00"
27/03/2024,"47,728.40","50,271.31","47,483.89","49,586.68","2,050.00",0.04,"14,031,800.00"
26/03/2024,"47,239.38","47,826.21","46,750.36","47,581.70",350.00,0.01,"9,418,700.00"
25/03/2024,"47,924.01","49,195.46","47,239.38","47,239.38",-800.00,-0.02,"11,012,200.00"
22/03/2024,"47,630.60","48,315.23","46,945.97","48,021.81",600.00,0.01,"14,585,400.00"
21/03/2024,"47,434.99","47,875.11","46,945.97","47,434.99",500.00,0.01,"9,431,300.00"
20/03/2024,"44,598.67","47,581.70","44,598.67","46,945.97","2,500.00",0.05,"21,254,500.00"
19/03/2024,"44,989.89","45,381.10","44,354.16","44,500.87",-400.00,-0.01,"8,113,300.00"
18/03/2024,"46,163.54","46,897.07","44,647.57","44,892.08","-1,450.00",-0.03,"12,749,100.00"
15/03/2024,"46,212.44","46,652.56","45,527.81","46,310.24",100.00,0.00,"8,865,700.00"
14/03/2024,"47,728.40","47,924.01","46,065.73","46,212.44","-1,300.00",-0.03,"14,052,000.00"
13/03/2024,"45,772.32","47,630.60","45,772.32","47,483.89","1,800.00",0.04,"8,929,000.00"
12/03/2024,"45,136.59","46,848.17","45,038.79","45,723.42",350.00,0.01,"17,893,000.00"
11/03/2024,"46,456.95","47,239.38","45,234.40","45,381.10","-1,350.00",-0.03,"14,467,500.00"
08/03/2024,"48,168.52","48,168.52","45,967.93","46,701.46","-1,250.00",-0.03,"21,675,600.00"
07/03/2024,"47,630.60","48,168.52","47,043.77","47,924.01",300.00,0.01,"10,102,900.00"
06/03/2024,"48,902.05","49,195.46","47,239.38","47,630.60","-1,300.00",-0.03,"16,337,500.00"
05/03/2024,"46,554.75","48,902.05","46,456.95","48,902.05","2,600.00",0.05,"23,196,300.00"
04/03/2024,"45,576.71","46,897.07","45,576.71","46,359.14",800.00,0.02,"17,867,800.00"
01/03/2024,"45,527.81","46,261.34","45,087.69","45,576.71",400.00,0.01,"16,178,500.00"
29/02/2024,"45,381.10","45,967.93","44,989.89","45,185.50",900.00,0.02,"15,665,800.00"
28/02/2024,"44,011.85","44,843.18","43,767.34","44,305.26",550.00,0.01,"16,527,900.00"
27/02/2024,"43,718.43","44,207.45","43,425.02","43,767.34",400.00,0.01,"11,787,718.00"
26/02/2024,"43,033.81","43,522.83","42,104.67","43,376.12",350.00,0.01,"15,854,800.00"
23/02/2024,"44,305.26","44,549.77","42,984.90","43,033.81","-1,300.00",-0.03,"17,727,600.00"
22/02/2024,"45,283.30","45,283.30","44,207.45","44,305.26",-800.00,-0.02,"11,878,778.00"
21/02/2024,"45,674.52","45,674.52","44,989.89","45,087.69",-700.00,-0.01,"7,012,800.00"
20/02/2024,"45,919.03","45,919.03","44,989.89","45,772.32",0.00,0.00,"9,426,400.00"
19/02/2024,"45,478.91","46,163.54","45,136.59","45,772.32",500.00,0.01,"8,734,200.00"
16/02/2024,"45,381.10","45,576.71","44,794.28","45,283.30",450.00,0.01,"5,128,000.00"
15/02/2024,"45,919.03","45,967.93","44,843.18","44,843.18",-750.00,-0.02,"9,745,100.00"
07/02/2024,"45,919.03","46,016.83","45,430.01","45,576.71",-400.00,-0.01,"6,748,100.00"
06/02/2024,"46,456.95","46,456.95","45,772.32","45,967.93",-400.00,-0.01,"9,910,000.00"
05/02/2024,"46,456.95","46,554.75","45,772.32","46,359.14",0.00,0.00,"7,536,900.00"
02/02/2024,"45,478.91","46,359.14","45,087.69","46,359.14","1,200.00",0.03,"12,775,200.00"
01/02/2024,"44,011.85","45,674.52","44,011.85","45,185.50","1,200.00",0.03,"11,406,100.00"
31/01/2024,"44,696.48","44,892.08","43,669.53","44,011.85",-400.00,-0.01,"9,491,600.00"
30/01/2024,"43,620.63","44,451.96","43,522.83","44,403.06",800.00,0.02,"7,901,200.00"
29/01/2024,"43,962.94","44,158.55","43,522.83","43,620.63",-300.00,-0.01,"4,892,300.00"
26/01/2024,"44,011.85","44,500.87","43,767.34","43,914.04",-300.00,-0.01,"4,846,900.00"
25/01/2024,"43,278.32","44,207.45","43,131.61","44,207.45",800.00,0.02,"8,613,100.00"
24/01/2024,"44,207.45","44,451.96","43,376.12","43,425.02","-1,000.00",-0.02,"11,048,400.00"
23/01/2024,"45,136.59","45,136.59","44,256.36","44,403.06",-750.00,-0.02,"7,364,100.00"
22/01/2024,"45,087.69","45,283.30","44,158.55","45,136.59",100.00,0.00,"7,975,900.00"
19/01/2024,"44,989.89","45,674.52","44,305.26","45,038.79",200.00,0.00,"12,844,300.00"
18/01/2024,"43,914.04","44,843.18","43,620.63","44,843.18",950.00,0.02,"9,333,000.00"
17/01/2024,"43,327.22","44,598.67","43,327.22","43,914.04",600.00,0.01,"14,801,400.00"
16/01/2024,"41,957.96","43,425.02","41,860.16","43,327.22","1,400.00",0.03,"18,190,100.00"
15/01/2024,"41,615.65","42,349.18","41,322.23","41,957.96","1,000.00",0.02,"10,125,100.00"
12/01/2024,"40,931.02","41,664.55","40,882.12","40,979.92",-550.00,-0.01,"7,783,700.00"
11/01/2024,"41,322.23","42,202.47","41,273.33","41,517.84",200.00,0.00,"5,686,900.00"
10/01/2024,"41,762.35","41,957.96","40,979.92","41,322.23",-450.00,-0.01,"7,906,700.00"
09/01/2024,"42,202.47","42,251.37","41,468.94","41,762.35",-500.00,-0.01,"10,039,100.00"
08/01/2024,"43,327.22","43,327.22","42,251.37","42,251.37",-650.00,-0.01,"7,269,200.00"
05/01/2024,"42,251.37","43,131.61","42,055.76","42,887.10",650.00,0.02,"10,064,100.00"
04/01/2024,"42,251.37","42,838.20","42,055.76","42,251.37",0.00,0.00,"9,772,600.00"
03/01/2024,"41,468.94","42,495.88","41,077.72","42,251.37",750.00,0.02,"7,105,900.00"
02/01/2024,"42,153.57","42,349.18","41,224.43","41,517.84",-350.00,-0.01,"8,196,900.00"
29/12/2023,"42,251.37","42,349.18","41,713.45","41,860.16",-250.00,-0.01,"5,642,000.00"
28/12/2023,"41,909.06","42,300.27","41,860.16","42,104.67",200.00,0.00,"8,145,500.00"
27/12/2023,"41,762.35","42,104.67","41,615.65","41,909.06",150.00,0.00,"6,365,000.00"
26/12/2023,"41,615.65","42,202.47","41,420.04","41,762.35",50.00,0.00,"9,490,400.00"
25/12/2023,"41,420.04","42,740.39","41,420.04","41,713.45",300.00,0.01,"9,739,900.00"
22/12/2023,"41,517.84","41,713.45","41,077.72","41,420.04",-300.00,-0.01,"7,471,600.00"
21/12/2023,"41,273.33","41,762.35","40,931.02","41,713.45",250.00,0.01,"8,637,700.00"
20/12/2023,"39,757.37","41,468.94","39,610.66","41,468.94","1,750.00",0.04,"24,331,400.00"
19/12/2023,"38,632.62","40,001.88","38,339.21","39,757.37","1,050.00",0.03,"7,070,900.00"
18/12/2023,"40,050.78","40,050.78","38,632.62","38,730.42","-1,150.00",-0.03,"10,066,600.00"
15/12/2023,"40,686.51","40,686.51","39,610.66","39,855.17",-850.00,-0.02,"15,172,200.00"
14/12/2023,"41,175.53","41,371.14","40,490.90","40,686.51",-100.00,0.00,"14,368,000.00"
13/12/2023,"41,860.16","42,642.59","40,637.60","40,784.31",-800.00,-0.02,"13,323,600.00"
12/12/2023,"41,566.74","41,664.55","41,175.53","41,566.74",0.00,0.00,"7,282,000.00"
11/12/2023,"41,664.55","41,713.45","40,979.92","41,566.74",-100.00,0.00,"7,444,500.00"
08/12/2023,"39,904.07","42,055.76","39,512.86","41,664.55","1,750.00",0.04,"17,607,000.00"
07/12/2023,"40,148.58","40,197.49","38,632.62","39,952.98",-100.00,0.00,"11,560,000.00"
06/12/2023,"39,121.64","40,148.58","39,072.74","40,050.78",950.00,0.02,"9,776,800.00"
05/12/2023,"39,072.74","39,219.45","38,828.23","39,121.64",50.00,0.00,"7,196,600.00"
04/12/2023,"38,045.80","39,561.76","37,947.99","39,072.74","1,200.00",0.03,"11,280,400.00"
01/12/2023,"37,899.09","38,143.60","37,214.46","37,899.09",250.00,0.01,"5,048,100.00"
30/11/2023,"37,996.89","38,241.40","37,654.58","37,654.58",-300.00,-0.01,"4,987,098.00"
29/11/2023,"37,312.27","38,583.72","37,312.27","37,947.99",800.00,0.02,"9,512,200.00"
28/11/2023,"37,214.46","37,312.27","36,529.83","37,165.56",0.00,0.00,"6,801,600.00"
27/11/2023,"37,654.58","37,703.48","37,165.56","37,165.56",-550.00,-0.01,"6,093,900.00"
24/11/2023,"37,067.76","37,703.48","36,334.22","37,703.48","1,250.00",0.03,"11,662,000.00"
23/11/2023,"39,121.64","39,415.05","36,480.93","36,480.93","-2,500.00",-0.06,"9,553,600.00"
22/11/2023,"39,904.07","39,952.98","38,437.01","38,926.03","-1,100.00",-0.03,"15,397,500.00"
21/11/2023,"40,588.70","40,588.70","39,708.47","40,001.88",350.00,0.01,"6,743,700.00"
20/11/2023,"39,268.35","40,735.41","39,268.35","39,659.56",-850.00,-0.02,"7,703,500.00"
17/11/2023,"40,588.70","41,566.74","39,757.37","40,490.90",-100.00,0.00,"11,045,900.00"
16/11/2023,"40,588.70","40,686.51","39,806.27","40,588.70",-400.00,-0.01,"10,586,200.00"
15/11/2023,"41,468.94","41,566.74","40,442.00","40,979.92",400.00,0.01,"12,890,300.00"
14/11/2023,"40,099.68","41,175.53","39,904.07","40,588.70","1,500.00",0.04,"15,235,500.00"
13/11/2023,"38,681.52","39,415.05","38,192.50","39,121.64",600.00,0.02,"9,522,300.00"
10/11/2023,"38,877.13","39,415.05","38,143.60","38,534.82",-900.00,-0.02,"11,053,600.00"
09/11/2023,"39,610.66","40,442.00","39,023.84","39,415.05",700.00,0.02,"12,143,300.00"
08/11/2023,"37,067.76","38,730.42","35,894.11","38,730.42","1,400.00",0.04,"19,816,000.00"
07/11/2023,"37,067.76","38,583.72","36,676.54","37,361.17",150.00,0.00,"13,765,400.00"
06/11/2023,"38,143.60","38,143.60","36,774.34","37,214.46",-900.00,-0.02,"13,078,700.00"
03/11/2023,"36,676.54","38,339.21","36,187.52","38,094.70","1,950.00",0.05,"12,409,700.00"
02/11/2023,"35,111.67","36,578.73","32,862.18","36,187.52","1,900.00",0.05,"21,681,700.00"
01/11/2023,"36,187.52","36,872.15","34,329.24","34,329.24","-2,600.00",-0.07,"21,863,600.00"
31/10/2023,"39,512.86","39,806.27","36,872.15","36,872.15","-2,800.00",-0.07,"15,133,100.00"
30/10/2023,"40,197.49","40,833.21","39,610.66","39,610.66","-1,500.00",-0.04,"4,371,000.00"
27/10/2023,"41,371.14","41,566.74","40,490.90","41,077.72",0.00,0.00,"4,721,100.00"
26/10/2023,"41,273.33","41,468.94","39,610.66","41,077.72","-1,500.00",-0.03,"15,155,000.00"
25/10/2023,"42,055.76","43,229.41","42,055.76","42,544.78",500.00,0.01,"6,202,100.00"
24/10/2023,"42,153.57","42,642.59","40,833.21","42,055.76",0.00,0.00,"9,436,000.00"
23/10/2023,"43,718.43","43,865.14","41,664.55","42,055.76","-1,700.00",-0.04,"8,865,200.00"
20/10/2023,"42,055.76","44,011.85","42,055.76","43,718.43","1,700.00",0.04,"7,022,500.00"
19/10/2023,"43,229.41","43,718.43","42,055.76","42,055.76","-1,700.00",-0.04,"8,197,300.00"
18/10/2023,"45,772.32","45,967.93","42,691.49","43,718.43","-1,600.00",-0.03,"11,564,600.00"
17/10/2023,"47,826.21","47,826.21","45,283.30","45,283.30","-2,300.00",-0.05,"7,887,900.00"
16/10/2023,"48,413.03","49,586.68","47,532.79","47,532.79",-900.00,-0.02,"8,502,700.00"
13/10/2023,"47,434.99","48,413.03","47,386.09","48,413.03","1,100.00",0.02,"9,845,400.00"
12/10/2023,"48,217.42","48,413.03","47,141.58","47,337.19",-900.00,-0.02,"13,833,700.00"
11/10/2023,"47,924.01","48,217.42","47,532.79","48,217.42",450.00,0.01,"3,478,300.00"
10/10/2023,"47,337.19","48,364.13","47,337.19","47,777.30",900.00,0.02,"4,821,300.00"
09/10/2023,"47,288.28","47,826.21","46,603.66","46,897.07",-350.00,-0.01,"6,490,300.00"
06/10/2023,"45,870.12","47,434.99","45,283.30","47,239.38","1,300.00",0.03,"5,188,100.00"
05/10/2023,"48,804.25","48,804.25","45,967.93","45,967.93","-2,200.00",-0.04,"6,348,200.00"
04/10/2023,"46,945.97","48,902.05","46,945.97","48,119.62",200.00,0.00,"4,826,800.00"
03/10/2023,"50,369.11","50,369.11","47,239.38","47,924.01","-2,900.00",-0.06,"8,976,200.00"
02/10/2023,"51,444.96","51,836.17","50,662.53","50,760.33",-700.00,-0.01,"4,507,600.00"
29/09/2023,"52,618.61","52,618.61","51,444.96","51,444.96",-400.00,-0.01,"4,975,900.00"
28/09/2023,"51,738.37","53,498.84","51,347.15","51,836.17","1,000.00",0.02,"8,909,300.00"
27/09/2023,"49,977.90","50,858.13","49,097.66","50,858.13",500.00,0.01,"4,904,400.00"
26/09/2023,"49,977.90","50,564.72","49,391.07","50,369.11",500.00,0.01,"8,321,400.00"
25/09/2023,"50,466.92","51,836.17","48,804.25","49,880.09","-1,100.00",-0.02,"7,693,400.00"
22/09/2023,"51,933.98","52,227.39","50,173.50","50,955.94","-2,100.00",-0.04,"11,911,300.00"
21/09/2023,"54,574.69","54,574.69","53,009.82","53,009.82","-1,600.00",-0.03,"9,500,900.00"
20/09/2023,"53,890.06","54,965.91","53,401.04","54,574.69",300.00,0.01,"6,834,800.00"
19/09/2023,"53,890.06","54,281.28","51,836.17","54,281.28",500.00,0.01,"8,835,900.00"
18/09/2023,"54,379.08","54,379.08","52,912.02","53,792.26",-900.00,-0.02,"6,610,200.00"
15/09/2023,"56,237.36","56,237.36","54,183.47","54,672.49","-1,400.00",-0.02,"9,638,900.00"
14/09/2023,"56,432.97","57,215.40","55,846.14","56,041.75",-200.00,0.00,"10,335,664.00"
13/09/2023,"54,868.10","57,997.83","54,281.28","56,237.36","1,700.00",0.03,"16,101,000.00"
12/09/2023,"53,303.24","54,574.69","52,814.22","54,574.69","1,300.00",0.02,"4,794,326.00"
11/09/2023,"54,574.69","54,965.91","52,618.61","53,303.24","-1,000.00",-0.02,"9,091,400.00"
08/09/2023,"53,303.24","55,259.32","53,303.24","54,281.28",500.00,0.01,"8,805,801.00"
07/09/2023,"53,987.86","54,574.69","53,107.63","53,792.26",0.00,0.00,"6,138,400.00"
06/09/2023,"53,107.63","54,379.08","52,618.61","53,792.26",700.00,0.01,"5,286,700.00"
05/09/2023,"52,618.61","54,281.28","52,227.39","53,107.63",500.00,0.01,"8,373,500.00"
31/08/2023,"52,814.22","53,205.43","52,325.20","52,618.61",0.00,0.00,"5,706,101.00"
30/08/2023,"51,836.17","53,303.24","51,738.37","52,618.61",900.00,0.02,"7,507,500.00"
29/08/2023,"50,662.53","52,031.78","50,369.11","51,738.37","1,200.00",0.02,"8,303,900.00"
28/08/2023,"49,782.29","50,760.33","49,293.27","50,564.72","1,200.00",0.02,"8,495,501.00"
25/08/2023,"49,195.46","50,271.31","48,902.05","49,391.07",200.00,0.00,"7,139,004.00"
24/08/2023,"48,608.64","49,684.48","48,608.64","49,195.46",600.00,0.01,"6,633,802.00"
23/08/2023,"49,586.68","49,586.68","48,119.62","48,608.64",-300.00,-0.01,"5,162,501.00"
22/08/2023,"48,021.81","49,097.66","46,310.24","48,902.05","1,000.00",0.02,"10,445,809.00"
21/08/2023,"48,902.05","49,391.07","47,679.50","47,924.01","-1,200.00",-0.02,"7,946,812.00"
18/08/2023,"52,716.41","52,716.41","49,097.66","49,097.66","-3,700.00",-0.07,"14,657,501.00"
17/08/2023,"52,912.02","53,987.86","52,227.39","52,716.41",100.00,0.00,"8,131,409.00"
16/08/2023,"52,814.22","53,107.63","51,836.17","52,618.61",-200.00,0.00,"5,174,509.00"
15/08/2023,"53,401.04","54,672.49","52,814.22","52,814.22",-200.00,0.00,"8,931,416.00"
14/08/2023,"52,716.41","53,107.63","51,444.96","53,009.82",900.00,0.02,"9,615,914.00"
11/08/2023,"51,053.74","52,129.59","49,880.09","52,129.59","1,300.00",0.02,"6,318,830.00"
10/08/2023,"51,836.17","51,836.17","50,564.72","50,858.13",-600.00,-0.01,"5,349,915.00"
09/08/2023,"52,227.39","52,227.39","50,858.13","51,444.96","-1,000.00",-0.02,"8,966,026.00"
08/08/2023,"52,814.22","53,107.63","52,227.39","52,423.00",-200.00,0.00,"5,735,023.00"
07/08/2023,"52,520.80","53,694.45","52,129.59","52,618.61",800.00,0.02,"6,494,424.00"
04/08/2023,"51,836.17","52,031.78","51,151.55","51,836.17",300.00,0.01,"7,529,425.00"
03/08/2023,"50,662.53","52,520.80","50,271.31","51,542.76","1,000.00",0.02,"8,773,538.00"
02/08/2023,"50,564.72","51,347.15","50,466.92","50,564.72",0.00,0.00,"5,318,322.00"
01/08/2023,"52,912.02","52,912.02","50,564.72","50,564.72","-2,000.00",-0.04,"7,531,817.00"
31/07/2023,"52,814.22","53,009.82","51,444.96","52,520.80",-800.00,-0.01,"8,293,143.00"
28/07/2023,"52,716.41","53,694.45","52,031.78","53,303.24",400.00,0.01,"4,071,718.00"
27/07/2023,"51,249.35","53,303.24","51,053.74","52,912.02","2,000.00",0.04,"7,173,112.00"
26/07/2023,"51,924.68","52,505.93","50,374.69","50,955.94","-1,000.00",-0.02,"6,850,222.00"
25/07/2023,"52,796.55","52,796.55","51,246.56","51,924.68",-900.00,-0.02,"4,625,913.00"
24/07/2023,"51,343.44","52,796.55","50,374.69","52,796.55",300.00,0.01,"4,898,428.00"
21/07/2023,"47,565.33","50,859.06","47,420.02","50,859.06","3,400.00",0.07,"13,787,117.00"
20/07/2023,"46,887.21","47,952.83","46,887.21","47,565.33",600.00,0.01,"5,743,009.00"
19/07/2023,"46,887.21","47,420.02","46,451.28","46,984.09",450.00,0.01,"4,356,900.00"
18/07/2023,"46,887.21","47,080.96","46,257.53","46,548.15",-600.00,-0.01,"4,761,000.00"
17/07/2023,"47,952.83","48,291.89","47,129.40","47,129.40",-800.00,-0.02,"3,285,300.00"
14/07/2023,"47,807.52","47,904.39","46,984.09","47,904.39",100.00,0.00,"6,558,000.00"
13/07/2023,"47,662.21","48,340.33","47,613.77","47,807.52",200.00,0.00,"6,163,201.00"
12/07/2023,"46,838.78","47,759.08","46,693.46","47,613.77",350.00,0.01,"6,441,900.00"
11/07/2023,"46,112.22","47,274.71","45,870.03","47,274.71","1,050.00",0.02,"8,835,000.00"
10/07/2023,"44,610.66","46,257.53","44,368.48","46,257.53","2,250.00",0.05,"11,422,200.00"
07/07/2023,"41,704.43","44,077.85","41,704.43","44,077.85","2,300.00",0.05,"9,878,200.00"
06/07/2023,"42,043.49","42,382.55","41,510.68","41,849.74",-150.00,0.00,"4,541,700.00"
05/07/2023,"42,091.93","43,060.67","41,995.06","41,995.06",100.00,0.00,"9,840,122.00"
04/07/2023,"41,559.12","42,285.68","41,316.93","41,898.18",250.00,0.01,"5,499,401.00"
03/07/2023,"42,091.93","42,285.68","41,462.25","41,655.99",-300.00,-0.01,"2,779,600.00"
30/06/2023,"41,365.37","42,527.86","41,171.62","41,946.62",600.00,0.01,"5,148,300.00"
29/06/2023,"42,140.37","42,527.86","41,365.37","41,365.37","-1,200.00",-0.03,"4,800,200.00"
28/06/2023,"42,818.49","43,060.67","41,849.74","42,527.86",-300.00,-0.01,"4,644,609.00"
27/06/2023,"42,963.80","43,496.61","42,382.55","42,818.49",-150.00,0.00,"3,814,200.00"
26/06/2023,"42,188.80","43,109.11","41,268.50","42,963.80","1,450.00",0.03,"6,948,400.00"
23/06/2023,"41,704.43","41,849.74","41,365.37","41,559.12",-150.00,0.00,"3,989,200.00"
22/06/2023,"41,510.68","42,285.68","41,026.31","41,704.43",350.00,0.01,"5,100,101.00"
21/06/2023,"41,171.62","41,365.37","40,881.00","41,365.37",200.00,0.00,"4,762,600.00"
20/06/2023,"40,299.75","41,171.62","40,299.75","41,171.62","1,000.00",0.02,"3,868,200.00"
19/06/2023,"40,057.57","40,396.63","39,815.38","40,202.88",150.00,0.00,"2,986,700.00"
16/06/2023,"40,638.81","40,977.87","39,863.82","40,057.57",-350.00,-0.01,"5,147,000.00"
15/06/2023,"40,735.69","41,074.75","40,154.44","40,396.63",-350.00,-0.01,"3,600,700.00"
14/06/2023,"41,655.99","41,655.99","40,735.69","40,735.69",-950.00,-0.02,"3,831,500.00"
13/06/2023,"42,043.49","42,043.49","41,268.50","41,655.99",0.00,0.00,"4,493,800.00"
12/06/2023,"40,348.19","41,655.99","40,202.88","41,655.99","1,600.00",0.04,"7,248,100.00"
09/06/2023,"39,718.51","40,106.00","39,234.13","40,106.00",750.00,0.02,"4,393,100.00"
08/06/2023,"40,687.25","40,687.25","39,331.01","39,379.45","-1,150.00",-0.03,"4,677,900.00"
07/06/2023,"40,493.50","40,638.81","39,766.94","40,493.50",0.00,0.00,"5,520,800.00"
06/06/2023,"39,912.26","40,735.69","39,766.94","40,493.50",600.00,0.01,"4,890,500.00"
05/06/2023,"39,718.51","40,299.75","39,524.76","39,912.26",400.00,0.01,"6,786,200.00"
02/06/2023,"38,216.95","39,573.20","37,974.77","39,524.76","1,500.00",0.04,"6,117,900.00"
01/06/2023,"38,120.08","38,265.39","37,490.40","38,071.64",100.00,0.00,"4,522,900.00"
31/05/2023,"38,071.64","38,216.95","37,732.58","37,974.77",-200.00,-0.01,"1,995,100.00"
30/05/2023,"37,635.71","38,556.01","37,635.71","38,168.52",700.00,0.02,"4,840,001.00"
29/05/2023,"37,248.21","37,490.40","36,957.59","37,490.40",500.00,0.01,"3,747,700.00"
26/05/2023,"36,860.71","37,199.77","36,812.27","37,006.02",200.00,0.01,"2,342,500.00"
25/05/2023,"36,763.84","37,199.77","36,618.53","36,812.27",50.00,0.00,"2,910,600.00"
24/05/2023,"37,199.77","37,248.21","36,715.40","36,763.84",-300.00,-0.01,"2,884,600.00"
23/05/2023,"37,441.96","37,587.27","37,006.02","37,054.46",-300.00,-0.01,"2,536,000.00"
22/05/2023,"37,151.33","37,441.96","36,860.71","37,345.08",250.00,0.01,"1,548,200.00"
19/05/2023,"36,909.15","37,102.90","36,618.53","37,102.90",200.00,0.01,"1,643,100.00"
18/05/2023,"37,345.08","37,490.40","36,909.15","36,909.15",-50.00,0.00,"2,874,600.00"
17/05/2023,"37,248.21","37,441.96","36,763.84","36,957.59",-300.00,-0.01,"1,326,900.00"
16/05/2023,"37,684.14","37,732.58","37,006.02","37,248.21",-450.00,-0.01,"2,419,200.00"
15/05/2023,"37,926.33","38,168.52","37,635.71","37,684.14",-100.00,0.00,"2,862,401.00"
12/05/2023,"37,538.83","37,877.89","37,006.02","37,781.02",300.00,0.01,"2,033,800.00"
11/05/2023,"37,926.33","38,120.08","37,345.08","37,490.40",-300.00,-0.01,"2,259,300.00"
10/05/2023,"36,860.71","37,781.02","36,715.40","37,781.02","1,050.00",0.03,"3,131,601.00"
09/05/2023,"36,666.96","37,151.33","36,666.96","36,763.84",100.00,0.00,"981,101.00"
08/05/2023,"36,618.53","37,054.46","36,618.53","36,666.96",50.00,0.00,"1,349,200.00"
05/05/2023,"36,715.40","36,909.15","36,473.21","36,618.53",-100.00,0.00,"3,642,600.00"
04/05/2023,"36,909.15","37,684.14","36,715.40","36,715.40","-1,300.00",-0.03,"4,080,400.00"
28/04/2023,"37,441.96","37,974.77","37,393.52","37,974.77",550.00,0.01,"5,603,700.00"
27/04/2023,"37,296.65","37,441.96","36,957.59","37,441.96",250.00,0.01,"1,286,400.00"
26/04/2023,"36,521.65","37,199.77","36,473.21","37,199.77",700.00,0.02,"1,885,600.00"
25/04/2023,"37,393.52","37,587.27","36,327.90","36,521.65",-700.00,-0.02,"4,201,356.00"
24/04/2023,"37,974.77","38,071.64","37,054.46","37,199.77",-900.00,-0.02,"5,278,200.00"
21/04/2023,"39,137.26","39,137.26","38,071.64","38,071.64","-1,100.00",-0.03,"3,295,500.00"
20/04/2023,"39,234.13","39,234.13","38,652.89","39,137.26",-100.00,0.00,"2,496,200.00"
19/04/2023,"38,798.20","40,009.13","38,749.76","39,234.13",550.00,0.01,"3,644,500.00"
18/04/2023,"39,282.57","39,476.32","38,701.33","38,701.33",100.00,0.00,"3,630,700.00"
17/04/2023,"38,604.45","38,749.76","38,313.83","38,604.45",-150.00,0.00,"1,871,300.00"
14/04/2023,"39,960.69","40,106.00","38,749.76","38,749.76","-1,050.00",-0.03,"2,679,300.00"
13/04/2023,"39,718.51","40,009.13","39,379.45","39,766.94",300.00,0.01,"3,716,000.00"
12/04/2023,"39,234.13","40,396.63","39,234.13","39,476.32",50.00,0.00,"5,666,500.00"
11/04/2023,"39,718.51","39,718.51","38,943.51","39,427.88",-300.00,-0.01,"5,749,500.00"
10/04/2023,"37,974.77","39,863.82","37,974.77","39,718.51","2,000.00",0.05,"11,233,372.00"
07/04/2023,"37,635.71","37,829.46","37,296.65","37,781.02",-100.00,0.00,"2,661,000.00"
06/04/2023,"38,749.76","38,749.76","37,829.46","37,877.89",-650.00,-0.02,"2,531,100.00"
05/04/2023,"38,556.01","38,604.45","38,265.39","38,507.58",-50.00,0.00,"1,735,900.00"
04/04/2023,"37,877.89","38,701.33","37,829.46","38,556.01",800.00,0.02,"3,133,300.00"
03/04/2023,"37,781.02","37,974.77","37,490.40","37,781.02",450.00,0.01,"3,185,100.00"
31/03/2023,"37,345.08","37,732.58","37,054.46","37,345.08",-50.00,0.00,"3,474,400.00"
30/03/2023,"37,587.27","37,974.77","36,957.59","37,393.52",-100.00,0.00,"6,491,100.00"
29/03/2023,"38,023.20","38,120.08","37,490.40","37,490.40",-400.00,-0.01,"3,006,304.00"
28/03/2023,"37,006.02","38,071.64","36,909.15","37,877.89","1,000.00",0.03,"5,829,700.00"
27/03/2023,"36,812.27","37,248.21","36,666.96","36,909.15",150.00,0.00,"3,170,100.00"
24/03/2023,"36,424.78","37,006.02","36,424.78","36,763.84",150.00,0.00,"2,964,900.00"
23/03/2023,"36,424.78","36,763.84","36,327.90","36,618.53",-150.00,0.00,"2,890,500.00"
22/03/2023,"37,441.96","37,441.96","36,763.84","36,763.84",-550.00,-0.01,"2,637,000.00"
21/03/2023,"37,587.27","37,587.27","36,327.90","37,296.65",400.00,0.01,"3,378,100.00"
20/03/2023,"37,781.02","38,168.52","36,860.71","36,909.15","-1,300.00",-0.03,"3,288,800.00"
17/03/2023,"38,652.89","38,652.89","37,635.71","38,168.52",0.00,0.00,"1,372,278.00"
16/03/2023,"38,749.76","38,749.76","37,587.27","38,168.52",-600.00,-0.02,"2,015,000.00"
15/03/2023,"38,362.26","38,846.64","38,168.52","38,749.76","1,400.00",0.04,"2,316,600.00"
14/03/2023,"38,071.64","38,362.26","37,102.90","37,393.52",-800.00,-0.02,"1,834,600.00"
13/03/2023,"38,507.58","38,749.76","38,168.52","38,168.52",-350.00,-0.01,"1,349,100.00"
10/03/2023,"38,652.89","38,846.64","38,168.52","38,507.58",-250.00,-0.01,"1,611,840.00"
09/03/2023,"38,362.26","39,282.57","38,313.83","38,749.76",600.00,0.02,"2,796,410.00"
08/03/2023,"37,781.02","38,313.83","37,441.96","38,168.52",-300.00,-0.01,"3,249,400.00"
07/03/2023,"38,749.76","38,943.51","37,974.77","38,459.14",300.00,0.01,"1,618,818.00"
06/03/2023,"38,701.33","39,234.13","38,168.52","38,168.52",0.00,0.00,"1,474,200.00"
03/03/2023,"39,040.39","39,331.01","38,168.52","38,168.52",-900.00,-0.02,"1,878,100.00"
02/03/2023,"39,524.76","39,718.51","38,749.76","39,040.39",-500.00,-0.01,"1,101,300.00"
01/03/2023,"38,749.76","39,718.51","38,023.20","39,524.76",800.00,0.02,"1,904,100.00"
28/02/2023,"39,234.13","39,912.26","38,604.45","38,749.76",-500.00,-0.01,"1,596,900.00"
27/02/2023,"39,718.51","40,590.38","39,234.13","39,234.13","-1,600.00",-0.04,"2,238,200.00"
24/02/2023,"41,171.62","41,607.56","40,299.75","40,784.13",-900.00,-0.02,"2,653,700.00"
23/02/2023,"41,462.25","41,655.99","40,687.25","41,655.99",0.00,0.00,"4,749,300.00"
22/02/2023,"42,624.74","43,109.11","41,655.99","41,655.99","-1,500.00",-0.03,"2,544,500.00"
21/02/2023,"43,012.24","43,835.67","43,012.24","43,109.11",200.00,0.00,"1,405,600.00"
20/02/2023,"41,849.74","42,915.36","41,413.81","42,915.36","1,050.00",0.02,"2,358,600.00"
17/02/2023,"41,946.62","41,946.62","41,510.68","41,898.18",-50.00,0.00,"2,236,500.00"
16/02/2023,"41,849.74","42,140.37","41,462.25","41,946.62",550.00,0.01,"3,311,500.00"
15/02/2023,"41,171.62","42,140.37","41,171.62","41,413.81",250.00,0.01,"3,123,400.00"
14/02/2023,"41,462.25","41,655.99","41,074.75","41,171.62",0.00,0.00,"3,939,400.00"
13/02/2023,"40,784.13","41,171.62","40,202.88","41,171.62",400.00,0.01,"3,560,500.00"
10/02/2023,"42,624.74","43,060.67","40,784.13","40,784.13","-1,900.00",-0.04,"5,418,900.00"
09/02/2023,"43,012.24","44,029.42","42,624.74","42,624.74",-500.00,-0.01,"4,760,100.00"
08/02/2023,"44,271.60","44,562.23","43,109.11","43,109.11","-1,200.00",-0.03,"6,504,800.00"
07/02/2023,"45,191.91","46,499.72","44,271.60","44,271.60","-1,450.00",-0.03,"12,989,700.00"
06/02/2023,"45,530.97","45,724.72","44,271.60","45,676.28",-650.00,-0.01,"11,732,900.00"
03/02/2023,"46,548.15","47,080.96","46,305.97","46,305.97","-2,100.00",-0.04,"13,283,465.00"
02/02/2023,"45,482.53","48,340.33","44,852.85","48,340.33","2,800.00",0.06,"13,392,800.00"
01/02/2023,"44,755.98","45,676.28","44,271.60","45,627.85",600.00,0.01,"10,006,500.00"
31/01/2023,"44,465.35","45,046.60","43,932.54","45,046.60",300.00,0.01,"7,683,800.00"
30/01/2023,"44,465.35","45,337.22","43,980.98","44,755.98",300.00,0.01,"3,206,700.00"
27/01/2023,"44,949.72","45,434.10","44,465.35","44,465.35",300.00,0.01,"2,619,800.00"
19/01/2023,"43,545.05","44,659.10","43,351.30","44,174.73",650.00,0.01,"3,493,900.00"
18/01/2023,"42,140.37","43,787.23","41,898.18","43,545.05","1,900.00",0.04,"3,686,900.00"
17/01/2023,"41,074.75","42,043.49","40,881.00","41,704.43","1,150.00",0.03,"2,760,600.00"
16/01/2023,"40,735.69","40,977.87","40,396.63","40,590.38",-150.00,0.00,"1,408,900.00"
13/01/2023,"41,074.75","41,316.93","40,735.69","40,735.69",-50.00,0.00,"1,129,500.00"
12/01/2023,"41,220.06","41,655.99","40,735.69","40,784.13",-450.00,-0.01,"1,625,100.00"
11/01/2023,"40,977.87","41,849.74","40,977.87","41,220.06",350.00,0.01,"1,961,200.00"
10/01/2023,"40,687.25","41,268.50","40,590.38","40,881.00",200.00,0.00,"1,494,300.00"
09/01/2023,"41,801.31","41,946.62","40,687.25","40,687.25","-1,150.00",-0.03,"2,663,500.00"
06/01/2023,"42,237.24","42,479.43","41,801.31","41,801.31",-450.00,-0.01,"2,077,500.00"
05/01/2023,"42,527.86","42,624.74","41,946.62","42,237.24",100.00,0.00,"1,602,800.00"
04/01/2023,"41,752.87","42,915.36","41,752.87","42,140.37",-450.00,-0.01,"1,872,700.00"
03/01/2023,"41,462.25","42,624.74","41,171.62","42,576.30","1,050.00",0.02,"1,998,900.00"
30/12/2022,"41,462.25","41,655.99","40,735.69","41,559.12",0.00,0.00,"3,402,400.00"
29/12/2022,"41,171.62","41,559.12","40,784.13","41,559.12",,,"1,512,100.00"
28/12/2022,"41,655.99","41,849.74","40,590.38","41,655.99",,,"3,129,600.00"
27/12/2022,"40,202.88","42,430.99","40,202.88","42,430.99",,,"2,455,100.00"
26/12/2022,"44,077.85","44,320.04","41,268.50","41,268.50",,,"9,209,500.00"
23/12/2022,"45,046.60","45,046.60","44,126.29","44,368.48",,,"2,651,400.00"
22/12/2022,"44,901.29","45,240.35","43,884.11","45,046.60",,,"2,255,800.00"
21/12/2022,"45,046.60","45,288.78","42,963.80","44,949.72",,,"2,096,100.00"
20/12/2022,"45,143.47","45,385.66","42,818.49","45,046.60",,,"3,401,500.00"
19/12/2022,"46,112.22","47,274.71","45,676.28","45,676.28",,,"3,782,800.00"
16/12/2022,"45,288.78","46,451.28","44,465.35","46,354.40",,,"3,003,400.00"
15/12/2022,"44,998.16","46,015.34","44,707.54","45,530.97",,,"2,539,400.00"
14/12/2022,"45,821.59","45,821.59","44,368.48","44,998.16",,,"2,240,600.00"
13/12/2022,"44,320.04","44,949.72","43,012.24","44,949.72",,,"2,745,200.00"
12/12/2022,"44,755.98","45,821.59","43,593.48","44,465.35",,,"3,474,400.00"
09/12/2022,"44,562.23","45,143.47","43,932.54","44,755.98",,,"1,675,300.00"
08/12/2022,"44,368.48","45,530.97","43,787.23","44,562.23",,,"2,677,700.00"
07/12/2022,"42,963.80","43,593.48","42,140.37","43,448.17",,,"2,930,100.00"
06/12/2022,"45,724.72","45,724.72","42,963.80","42,963.80",,,"4,561,500.00"
05/12/2022,"45,579.41","47,323.15","45,579.41","46,112.22",,,"4,646,000.00"
02/12/2022,"42,043.49","45,530.97","42,043.49","45,530.97",,,"7,064,800.00"
01/12/2022,"43,593.48","44,174.73","41,413.81","42,673.18",,,"5,985,800.00"
30/11/2022,"42,237.24","43,593.48","41,655.99","42,721.61",,,"3,777,700.00"
29/11/2022,"39,234.13","41,462.25","39,234.13","41,462.25",,,"5,518,600.00"
28/11/2022,"37,102.90","39,137.26","37,102.90","38,895.07",,,"4,322,000.00"
25/11/2022,"36,376.34","37,102.90","35,359.16","36,618.53",,,"3,195,300.00"
24/11/2022,"37,974.77","37,974.77","36,521.65","36,521.65",,,"13,884,600.00"
23/11/2022,"39,040.39","39,621.63","38,846.64","39,234.13",,,"1,510,200.00"
22/11/2022,"38,943.51","40,299.75","38,604.45","38,943.51",,,"3,707,900.00"
21/11/2022,"40,638.81","40,638.81","39,379.45","39,379.45",,,"1,862,800.00"
18/11/2022,"39,718.51","40,929.44","38,652.89","40,832.56",,,"4,447,700.00"
17/11/2022,"40,445.06","41,559.12","39,524.76","40,493.50",,,"3,201,200.00"
16/11/2022,"34,148.23","39,185.70","34,148.23","39,185.70",,,"9,358,100.00"
15/11/2022,"37,006.02","38,265.39","36,666.96","36,666.96",,,"4,327,900.00"
14/11/2022,"40,687.25","41,413.81","39,137.26","39,379.45",,,"3,561,900.00"
11/11/2022,"42,043.49","43,012.24","41,655.99","41,655.99",,,"3,645,900.00"
10/11/2022,"43,545.05","43,545.05","41,026.31","41,026.31",,,"3,670,600.00"
09/11/2022,"43,593.48","44,998.16","43,157.55","44,077.85",,,"2,234,900.00"
08/11/2022,"41,510.68","44,174.73","40,009.13","43,205.99",,,"4,153,800.00"
07/11/2022,"44,562.23","45,095.04","41,510.68","41,510.68",,,"6,474,200.00"
04/11/2022,"46,063.78","46,499.72","44,610.66","44,610.66",,,"6,372,900.00"
03/11/2022,"47,468.46","48,727.83","46,596.59","47,952.83",,,"2,640,000.00"
02/11/2022,"48,437.20","48,727.83","45,337.22","46,499.72",,,"4,983,700.00"
01/11/2022,"50,374.69","50,859.06","48,534.08","48,534.08",,,"2,039,200.00"
31/10/2022,"50,762.19","51,246.56","47,952.83","49,987.19",,,"5,555,500.00"
28/10/2022,"51,827.81","52,699.68","51,149.69","51,537.18",,,"1,865,000.00"
27/10/2022,"49,696.57","52,215.31","49,696.57","51,634.06",,,"3,311,200.00"
26/10/2022,"50,471.57","50,859.06","49,018.45","50,277.82",,,"2,405,200.00"
25/10/2022,"49,115.32","52,312.18","47,468.46","50,374.69",,,"4,670,700.00"
24/10/2022,"52,796.55","53,280.92","49,018.45","49,018.45",,,"6,018,000.00"
21/10/2022,"56,477.78","56,477.78","52,699.68","52,699.68",,,"8,142,300.00"
20/10/2022,"56,380.90","57,155.90","56,090.28","56,574.65",,,"1,936,900.00"
19/10/2022,"57,349.65","57,640.27","56,477.78","57,155.90",,,"1,537,400.00"
18/10/2022,"58,027.77","58,609.02","56,768.40","57,155.90",,,"2,408,900.00"
17/10/2022,"57,737.15","57,737.15","55,993.41","57,059.03",,,"2,810,800.00"
14/10/2022,"56,187.16","58,415.27","56,187.16","58,027.77",,,"3,209,900.00"
13/10/2022,"55,218.41","56,380.90","54,734.04","55,799.66",,,"1,986,100.00"
12/10/2022,"53,765.30","56,962.15","53,765.30","55,702.78",,,"2,886,100.00"
11/10/2022,"55,315.29","55,799.66","52,409.05","53,668.42",,,"2,967,300.00"
10/10/2022,"51,440.31","55,509.03","51,343.44","55,315.29",,,"3,969,100.00"
07/10/2022,"54,734.04","56,090.28","52,312.18","52,312.18",,,"8,527,200.00"
06/10/2022,"60,255.88","60,352.76","56,187.16","56,187.16",,,"4,352,900.00"
05/10/2022,"59,093.39","61,127.75","59,093.39","60,255.88",,,"2,192,200.00"
04/10/2022,"59,287.14","59,384.01","58,221.52","59,093.39",,,"4,254,500.00"
03/10/2022,"60,934.00","60,934.00","57,737.15","57,737.15",,,"4,252,600.00"
30/09/2022,"61,709.00","62,193.37","59,771.51","61,999.62",,,"5,747,900.00"
29/09/2022,"64,421.48","64,421.48","61,709.00","61,999.62",,,"2,545,200.00"
28/09/2022,"64,033.98","64,905.85","62,968.36","62,968.36",,,"2,724,500.00"
27/09/2022,"65,293.35","65,874.60","64,712.10","65,002.73",,,"2,741,100.00"
26/09/2022,"65,680.85","66,068.35","63,549.61","65,874.60",,,"5,349,300.00"
23/09/2022,"67,908.96","67,908.96","66,455.84","67,230.84",,,"5,420,296.00"
22/09/2022,"66,940.21","68,587.08","66,165.22","67,908.96",,,"5,551,400.00"
21/09/2022,"68,780.83","68,780.83","67,812.08","67,812.08",,,"3,366,200.00"
20/09/2022,"68,683.95","69,749.57","67,037.09","69,458.95",,,"3,380,900.00"
19/09/2022,"69,749.57","70,524.57","66,940.21","68,296.46",,,"4,845,600.00"
16/09/2022,"71,105.81","71,396.44","69,168.33","69,749.57",,,"4,479,700.00"
15/09/2022,"71,396.44","72,462.06","71,105.81","71,590.19",,,"4,071,600.00"
14/09/2022,"70,427.69","71,590.19","70,330.82","71,396.44",,,"3,955,200.00"
13/09/2022,"71,687.06","72,074.56","71,008.94","71,783.94",,,"2,158,200.00"
12/09/2022,"69,943.32","73,043.30","69,846.45","71,687.06",,,"7,347,100.00"
09/09/2022,"69,749.57","70,137.07","68,587.08","69,749.57",,,"2,858,308.00"
08/09/2022,"69,265.20","70,040.20","68,296.46","69,265.20",,,"4,196,100.00"
07/09/2022,"70,330.82","70,524.57","68,393.33","68,490.21",,,"5,883,400.00"
06/09/2022,"70,330.82","71,008.94","70,137.07","70,621.44",,,"2,623,900.00"
05/09/2022,"71,590.19","71,590.19","70,233.94","70,233.94",,,"2,747,600.00"
31/08/2022,"70,233.94","71,687.06","70,233.94","71,687.06",,,"5,018,200.00"
30/08/2022,"72,171.43","72,655.80","70,621.44","71,008.94",,,"4,835,400.00"
29/08/2022,"69,555.82","71,687.06","68,490.21","71,687.06",,,"9,374,800.00"
26/08/2022,"66,552.72","70,815.19","66,552.72","69,943.32",,,"10,847,500.00"
25/08/2022,"65,583.97","66,552.72","65,196.48","66,262.09",,,"5,301,400.00"
24/08/2022,"64,808.98","65,099.60","64,227.73","64,712.10",,,"2,451,000.00"
23/08/2022,"63,840.23","65,680.85","63,840.23","64,808.98",,,"4,463,200.00"
22/08/2022,"62,580.87","64,808.98","62,483.99","64,421.48",,,"5,855,600.00"
19/08/2022,"62,483.99","63,355.86","61,127.75","62,096.49",,,"2,866,400.00"
18/08/2022,"62,968.36","63,743.36","61,902.75","62,483.99",,,"4,463,200.00"
17/08/2022,"63,937.11","64,324.61","62,968.36","62,968.36",,,"2,548,800.00"
16/08/2022,"62,968.36","64,905.85","62,968.36","63,937.11",,,"4,322,478.00"
15/08/2022,"61,321.50","62,968.36","61,030.88","62,968.36",,,"5,610,900.00"
12/08/2022,"60,934.00","61,709.00","60,255.88","61,030.88",,,"2,949,300.00"
11/08/2022,"61,999.62","62,193.37","60,546.50","61,030.88",,,"3,426,000.00"
10/08/2022,"61,321.50","62,290.24","61,030.88","61,612.12",,,"2,521,000.00"
09/08/2022,"61,127.75","61,612.12","60,934.00","61,321.50",,,"3,532,200.00"
08/08/2022,"60,740.25","60,934.00","60,352.76","60,934.00",,,"3,369,300.00"
05/08/2022,"60,934.00","61,515.25","60,643.38","60,740.25",,,"3,892,800.00"
04/08/2022,"60,255.88","61,030.88","60,159.01","60,740.25",,,"4,744,300.00"
03/08/2022,"60,062.13","60,255.88","59,384.01","59,868.38",,,"3,734,700.00"
02/08/2022,"59,868.38","60,546.50","59,384.01","60,062.13",,,"2,152,500.00"
01/08/2022,"59,093.39","59,965.26","58,124.64","59,384.01",,,"4,232,500.00"
29/07/2022,"60,449.63","60,449.63","59,093.39","59,093.39",,,"4,317,000.00"
28/07/2022,"61,030.88","61,030.88","60,062.13","60,062.13",,,"3,253,400.00"
27/07/2022,"58,221.52","61,030.88","58,221.52","60,159.01",,,"3,654,000.00"
26/07/2022,"61,902.75","61,902.75","60,837.13","61,030.88",,,"2,384,400.00"
25/07/2022,"62,774.62","63,743.36","60,740.25","61,321.50",,,"5,874,900.00"
22/07/2022,"62,871.49","64,712.10","62,193.37","62,483.99",,,"6,409,100.00"
21/07/2022,"59,287.14","62,483.99","59,287.14","62,096.49",,,"5,893,300.00"
20/07/2022,"57,349.65","61,030.88","56,380.90","59,287.14",,,"7,993,100.00"
19/07/2022,"59,287.14","59,287.14","57,640.27","58,124.64",,,"2,429,700.00"
18/07/2022,"59,577.76","60,934.00","58,318.39","59,093.39",,,"2,540,800.00"
15/07/2022,"60,837.13","61,224.62","59,577.76","59,577.76",,,"3,080,300.00"
14/07/2022,"60,934.00","61,999.62","60,352.76","60,643.38",,,"2,134,700.00"
13/07/2022,"61,999.62","62,193.37","59,965.26","61,612.12",,,"3,311,900.00"
12/07/2022,"62,774.62","62,774.62","61,999.62","62,387.12",,,"1,606,300.00"
11/07/2022,"62,774.62","62,871.49","61,999.62","62,483.99",,,"1,740,900.00"
08/07/2022,"62,677.74","64,421.48","62,387.12","62,968.36",,,"2,586,800.00"
07/07/2022,"62,096.49","62,968.36","61,902.75","61,999.62",,,"1,590,000.00"
06/07/2022,"63,452.74","64,227.73","61,999.62","61,999.62",,,"2,590,800.00"
05/07/2022,"65,680.85","65,680.85","61,999.62","63,452.74",,,"3,983,400.00"
04/07/2022,"67,812.08","67,908.96","64,518.35","65,680.85",,,"5,181,500.00"
01/07/2022,"69,362.07","69,362.07","66,649.59","68,102.71",,,"3,285,200.00"
30/06/2022,"70,815.19","70,815.19","68,974.58","69,265.20",,,"2,713,200.00"
29/06/2022,"70,524.57","71,687.06","68,877.70","70,718.32",,,"4,061,200.00"
28/06/2022,"68,780.83","70,621.44","68,780.83","70,524.57",,,"4,788,800.00"
27/06/2022,"69,458.95","70,233.94","68,877.70","69,265.20",,,"3,160,200.00"
24/06/2022,"71,202.69","71,202.69","69,168.33","69,652.70",,,"3,516,400.00"
23/06/2022,"67,812.08","71,202.69","67,618.34","70,233.94",,,"4,908,000.00"
22/06/2022,"73,237.05","73,237.05","67,037.09","67,618.34",,,"4,667,200.00"
21/06/2022,"72,655.80","73,430.80","68,780.83","71,202.69",,,"3,553,300.00"
20/06/2022,"75,562.04","75,562.04","71,299.56","71,590.19",,,"4,804,900.00"
17/06/2022,"76,530.78","76,530.78","73,915.17","75,271.41",,,"5,145,600.00"
16/06/2022,"76,530.78","76,530.78","75,174.54","76,530.78",,,"6,715,400.00"
15/06/2022,"70,233.94","71,541.75","69,749.57","71,541.75",,,"3,570,700.00"
14/06/2022,"67,085.53","69,894.88","66,843.34","69,507.39",,,"2,786,200.00"
13/06/2022,"70,233.94","71,444.87","67,812.08","67,812.08",,,"4,129,500.00"
10/06/2022,"74,593.29","75,077.66","72,655.80","72,655.80",,,"2,042,200.00"
09/06/2022,"74,302.67","75,077.66","73,285.49","74,012.05",,,"1,340,200.00"
08/06/2022,"74,738.60","76,482.34","74,302.67","74,302.67",,,"2,256,200.00"
07/06/2022,"74,593.29","74,593.29","72,171.43","74,108.92",,,"1,845,100.00"
06/06/2022,"74,111.11","75,314.22","74,111.11","74,447.98",,,"2,317,240.00"
03/06/2022,"71,079.29","74,255.48","71,079.29","73,726.12",,,"1,839,100.00"
02/06/2022,"70,501.81","72,426.77","70,020.56","71,079.29",,,"2,058,300.00"
01/06/2022,"69,731.82","70,742.43","69,298.70","70,020.56",,,"1,087,400.00"
31/05/2022,"69,876.19","69,876.19","68,817.46","69,731.82",,,"1,258,200.00"
30/05/2022,"70,598.05","70,983.05","69,009.96","69,876.19",,,"1,613,800.00"
27/05/2022,"66,988.75","70,694.30","66,988.75","70,598.05",,,"2,550,700.00"
26/05/2022,"67,373.74","67,614.36","65,448.77","66,892.50",,,"1,206,600.00"
25/05/2022,"64,678.79","68,095.60","64,486.29","66,892.50",,,"1,558,000.00"
24/05/2022,"62,994.45","64,005.05","62,465.08","64,005.05",,,"577,700.00"
23/05/2022,"64,967.53","64,967.53","62,561.33","62,946.32",,,"1,137,200.00"
20/05/2022,"63,764.43","65,352.53","63,523.81","64,486.29",,,"945,300.00"
19/05/2022,"62,561.33","64,245.67","62,224.46","64,005.05",,,"839,200.00"
18/05/2022,"63,379.44","64,341.92","62,465.08","64,245.67",,,"805,600.00"
17/05/2022,"60,107.00","63,331.31","58,711.40","63,331.31",,,"1,055,800.00"
16/05/2022,"63,764.43","63,764.43","58,326.41","59,192.64",,,"1,364,200.00"
13/05/2022,"64,678.79","65,015.66","60,203.25","60,203.25",,,"3,596,500.00"
12/05/2022,"67,325.61","67,325.61","64,678.79","64,678.79",,,"1,833,900.00"
11/05/2022,"67,469.99","67,854.98","66,026.26","67,854.98",,,"1,562,400.00"
10/05/2022,"64,967.53","67,421.86","64,005.05","67,421.86",,,"2,623,800.00"
09/05/2022,"69,394.95","69,443.07","65,641.27","65,641.27",,,"2,994,900.00"
06/05/2022,"70,501.81","71,656.78","70,309.31","70,549.93",,,"1,376,700.00"
05/05/2022,"72,426.77","72,426.77","69,828.07","71,897.40",,,"1,718,900.00"
04/05/2022,"72,186.15","72,908.01","71,464.29","71,945.53",,,"1,265,800.00"
29/04/2022,"69,876.19","72,186.15","69,876.19","71,801.16",,,"2,917,300.00"
28/04/2022,"70,983.05","71,704.91","69,683.70","69,779.94",,,"2,231,600.00"
27/04/2022,"70,261.18","70,983.05","68,817.46","70,838.67",,,"2,399,300.00"
26/04/2022,"67,854.98","72,619.27","66,892.50","71,608.66",,,"3,869,650.00"
25/04/2022,"74,111.11","74,736.73","69,731.82","69,731.82",,,"4,170,517.00"
22/04/2022,"75,362.34","75,554.84","69,828.07","74,977.35",,,"4,639,300.00"
21/04/2022,"74,207.36","75,795.46","73,966.74","74,832.97",,,"2,304,500.00"
20/04/2022,"74,640.48","76,709.81","74,014.86","75,073.59",,,"2,200,700.00"
19/04/2022,"76,854.19","77,527.92","74,592.35","75,073.59",,,"4,081,200.00"
18/04/2022,"77,479.80","77,961.04","76,565.44","77,094.81",,,"2,933,800.00"
15/04/2022,"75,795.46","77,912.92","75,651.08","77,094.81",,,"2,959,800.00"
14/04/2022,"75,169.84","78,346.03","74,592.35","76,757.94",,,"2,992,800.00"
13/04/2022,"72,667.39","75,554.84","72,426.77","75,169.84",,,"12,958,400.00"
12/04/2022,"72,186.15","73,485.50","70,261.18","73,485.50",,,"4,276,300.00"
08/04/2022,"74,592.35","74,592.35","72,186.15","72,186.15",,,"3,040,400.00"
07/04/2022,"76,902.31","77,046.68","73,918.62","74,592.35",,,"6,882,800.00"
06/04/2022,"74,111.11","77,961.04","73,822.37","76,421.07",,,"2,980,900.00"
05/04/2022,"73,870.49","75,362.34","73,629.87","74,688.60",,,"1,390,100.00"
04/04/2022,"76,276.70","76,372.95","74,592.35","74,592.35",,,"1,740,500.00"
01/04/2022,"70,983.05","75,073.59","70,790.55","75,073.59",,,"4,330,400.00"
31/03/2022,"69,298.70","71,464.29","68,576.84","70,164.94",,,"2,019,700.00"
30/03/2022,"70,020.56","70,694.30","67,421.86","69,491.20",,,"1,966,700.00"
29/03/2022,"70,020.56","71,849.28","69,298.70","70,501.81",,,"3,220,500.00"
28/03/2022,"66,988.75","69,346.83","66,844.37","69,298.70",,,"4,758,517.00"
25/03/2022,"64,823.16","67,566.24","64,341.92","66,844.37",,,"3,972,700.00"
24/03/2022,"64,967.53","64,967.53","64,005.05","64,486.29",,,"1,093,000.00"
23/03/2022,"64,823.16","65,641.27","64,775.04","64,967.53",,,"1,034,500.00"
22/03/2022,"64,967.53","65,448.77","64,293.80","65,063.78",,,"1,176,000.00"
21/03/2022,"63,523.81","64,919.41","63,283.19","64,919.41",,,"2,014,900.00"
,,,,,,,
,,,,,,,
SIMPLIZE,,,,,,,
"Số 5 ngõ 316 Lê Trọng Tấn, Phường Khương Mai, Quận Thanh Xuân, TP.Hà Nội
",,,,,,,
Website: simplize.vn,,,,,,,
Email: info@simplize.vn,,,,,,,
Tel: (+84) 38 840 8668,,,,,,,
