Tên công ty,Ngân hàng Thương mại Cổ phần Kỹ Thương Việt Nam,,,,,,
Tên báo cáo,Lịch sử giá,,,,,,
Ngày tải,24/03/2026,,,,,,
,,,,,,,
NGÀY,GIÁ MỞ CỬA,GIÁ CAO NHẤT,GIÁ THẤP NHẤT,GIÁ ĐÓNG CỬA,THAY ĐỔI GIÁ,% THAY ĐỔI,KHỐI LƯỢNG
24/03/2026,"29,300.00","29,850.00","29,150.00","29,600.00",700.00,0.02,"6,748,500.00"
23/03/2026,"29,500.00","29,550.00","28,900.00","28,900.00",-950.00,-0.03,"15,397,100.00"
20/03/2026,"30,000.00","30,100.00","29,850.00","29,850.00",-200.00,-0.01,"7,919,000.00"
19/03/2026,"30,150.00","30,300.00","29,900.00","30,050.00",-250.00,-0.01,"16,386,600.00"
18/03/2026,"30,500.00","30,800.00","30,150.00","30,300.00",0.00,0.00,"6,834,600.00"
17/03/2026,"30,250.00","30,900.00","30,100.00","30,300.00",100.00,0.00,"13,156,600.00"
16/03/2026,"30,000.00","30,450.00","30,000.00","30,200.00",200.00,0.01,"8,138,100.00"
13/03/2026,"30,000.00","30,300.00","29,650.00","30,000.00",0.00,0.00,"9,833,600.00"
12/03/2026,"30,550.00","31,000.00","29,900.00","30,000.00","-1,100.00",-0.04,"18,068,400.00"
11/03/2026,"30,050.00","31,350.00","29,950.00","31,100.00",800.00,0.03,"12,998,900.00"
10/03/2026,"30,800.00","30,800.00","29,750.00","30,300.00","1,050.00",0.04,"18,772,700.00"
09/03/2026,"29,250.00","29,800.00","29,250.00","29,250.00","-2,200.00",-0.07,"33,386,400.00"
06/03/2026,"32,100.00","32,100.00","31,350.00","31,450.00",-750.00,-0.02,"14,743,000.00"
05/03/2026,"33,000.00","33,100.00","32,200.00","32,200.00",-300.00,-0.01,"15,754,300.00"
04/03/2026,"33,500.00","33,700.00","31,800.00","32,500.00","-1,100.00",-0.03,"30,866,600.00"
03/03/2026,"34,650.00","34,950.00","33,600.00","33,600.00","-1,050.00",-0.03,"17,273,500.00"
02/03/2026,"35,800.00","35,800.00","34,650.00","34,650.00","-1,600.00",-0.04,"17,516,400.00"
27/02/2026,"36,050.00","36,400.00","35,850.00","36,250.00",-200.00,-0.01,"7,958,700.00"
26/02/2026,"36,100.00","36,450.00","36,000.00","36,450.00",450.00,0.01,"9,305,800.00"
25/02/2026,"35,800.00","36,450.00","35,700.00","36,000.00",200.00,0.01,"12,384,800.00"
24/02/2026,"35,850.00","35,900.00","35,750.00","35,800.00",-50.00,0.00,"10,872,100.00"
23/02/2026,"35,500.00","35,900.00","35,450.00","35,850.00",400.00,0.01,"9,141,000.00"
13/02/2026,"35,200.00","35,500.00","35,200.00","35,450.00",0.00,0.00,"6,059,700.00"
12/02/2026,"35,400.00","35,750.00","35,200.00","35,450.00",150.00,0.00,"7,542,700.00"
11/02/2026,"34,700.00","35,350.00","34,600.00","35,300.00",700.00,0.02,"11,045,000.00"
10/02/2026,"34,800.00","35,000.00","34,450.00","34,600.00",-150.00,0.00,"9,951,100.00"
09/02/2026,"35,000.00","35,000.00","34,500.00","34,750.00",150.00,0.00,"7,754,700.00"
06/02/2026,"34,500.00","34,600.00","34,100.00","34,600.00",-250.00,-0.01,"12,492,400.00"
05/02/2026,"34,950.00","35,100.00","34,750.00","34,850.00",300.00,0.01,"10,700,200.00"
04/02/2026,"34,700.00","34,900.00","34,350.00","34,550.00",-150.00,0.00,"11,708,700.00"
03/02/2026,"35,600.00","35,600.00","34,700.00","34,700.00",-300.00,-0.01,"14,012,600.00"
02/02/2026,"35,300.00","35,750.00","34,750.00","35,000.00",-900.00,-0.03,"9,657,500.00"
30/01/2026,"34,850.00","35,900.00","34,800.00","35,900.00","1,000.00",0.03,"11,603,200.00"
29/01/2026,"34,650.00","35,000.00","34,150.00","34,900.00",400.00,0.01,"8,593,000.00"
28/01/2026,"35,000.00","35,300.00","34,350.00","34,500.00",-450.00,-0.01,"11,482,000.00"
27/01/2026,"35,500.00","35,800.00","34,750.00","34,950.00",-700.00,-0.02,"12,126,400.00"
26/01/2026,"36,700.00","36,700.00","35,650.00","35,650.00",-850.00,-0.02,"9,416,700.00"
23/01/2026,"36,200.00","36,900.00","35,950.00","36,500.00",500.00,0.01,"20,704,300.00"
22/01/2026,"35,850.00","36,250.00","35,650.00","36,000.00",200.00,0.01,"8,784,900.00"
21/01/2026,"35,800.00","35,900.00","35,000.00","35,800.00",-150.00,0.00,"11,159,500.00"
20/01/2026,"36,350.00","36,600.00","35,650.00","35,950.00",-350.00,-0.01,"15,678,200.00"
19/01/2026,"35,900.00","36,450.00","35,800.00","36,300.00",500.00,0.01,"9,996,300.00"
16/01/2026,"35,650.00","36,350.00","35,600.00","35,800.00",200.00,0.01,"9,580,800.00"
15/01/2026,"36,000.00","36,600.00","35,300.00","35,600.00",-900.00,-0.02,"27,274,000.00"
14/01/2026,"37,200.00","37,300.00","36,000.00","36,500.00",-850.00,-0.02,"24,159,300.00"
13/01/2026,"38,100.00","38,200.00","37,150.00","37,350.00",-650.00,-0.02,"20,065,400.00"
12/01/2026,"36,700.00","38,000.00","36,450.00","38,000.00","1,350.00",0.04,"23,390,400.00"
09/01/2026,"37,050.00","37,150.00","36,200.00","36,650.00",650.00,0.02,"28,290,500.00"
08/01/2026,"36,500.00","36,650.00","35,500.00","36,000.00",-400.00,-0.01,"21,044,200.00"
07/01/2026,"36,250.00","36,500.00","35,950.00","36,400.00",400.00,0.01,"13,319,400.00"
06/01/2026,"34,950.00","36,000.00","34,200.00","36,000.00","1,050.00",0.03,"25,180,300.00"
05/01/2026,"34,650.00","34,950.00","33,800.00","34,950.00",50.00,0.00,"8,187,500.00"
31/12/2025,"34,800.00","34,900.00","34,250.00","34,900.00",550.00,0.02,"9,454,000.00"
30/12/2025,"34,200.00","34,400.00","33,750.00","34,350.00",300.00,0.01,"7,265,300.00"
29/12/2025,"33,950.00","34,450.00","33,800.00","34,050.00",150.00,0.00,"6,596,700.00"
26/12/2025,"33,500.00","34,350.00","33,050.00","33,900.00",-100.00,0.00,"12,160,300.00"
25/12/2025,"34,950.00","35,800.00","34,000.00","34,000.00",-950.00,-0.03,"10,946,100.00"
24/12/2025,"34,700.00","35,200.00","34,300.00","34,950.00",150.00,0.00,"10,571,000.00"
23/12/2025,"35,300.00","35,350.00","34,750.00","34,800.00",-400.00,-0.01,"12,785,000.00"
22/12/2025,"33,850.00","35,200.00","33,750.00","35,200.00","1,600.00",0.05,"16,562,200.00"
19/12/2025,"33,200.00","33,650.00","33,100.00","33,600.00",600.00,0.02,"9,184,900.00"
18/12/2025,"32,800.00","33,100.00","32,500.00","33,000.00",400.00,0.01,"9,090,400.00"
17/12/2025,"33,000.00","33,150.00","32,550.00","32,600.00",-400.00,-0.01,"6,749,600.00"
16/12/2025,"32,000.00","33,100.00","30,500.00","33,000.00","1,000.00",0.03,"14,017,600.00"
15/12/2025,"32,000.00","32,300.00","31,500.00","32,000.00",0.00,0.00,"10,487,300.00"
12/12/2025,"33,450.00","33,600.00","32,000.00","32,000.00","-1,400.00",-0.04,"19,124,300.00"
11/12/2025,"33,750.00","34,000.00","33,400.00","33,400.00",-300.00,-0.01,"6,610,500.00"
10/12/2025,"33,750.00","34,150.00","33,700.00","33,700.00",-100.00,0.00,"5,381,400.00"
09/12/2025,"34,200.00","34,200.00","33,500.00","33,800.00",-400.00,-0.01,"10,774,500.00"
08/12/2025,"34,650.00","34,800.00","34,150.00","34,200.00",-500.00,-0.01,"8,303,600.00"
05/12/2025,"35,500.00","35,500.00","34,700.00","34,700.00",-700.00,-0.02,"7,456,700.00"
04/12/2025,"35,000.00","35,500.00","34,800.00","35,400.00",500.00,0.01,"12,840,600.00"
03/12/2025,"34,250.00","35,000.00","34,250.00","34,900.00",700.00,0.02,"19,089,500.00"
02/12/2025,"33,200.00","34,300.00","33,150.00","34,200.00","1,000.00",0.03,"16,645,300.00"
01/12/2025,"33,700.00","33,700.00","33,200.00","33,200.00",-550.00,-0.02,"9,720,701.00"
28/11/2025,"33,750.00","33,900.00","33,300.00","33,750.00",0.00,0.00,"24,412,300.00"
27/11/2025,"33,950.00","34,200.00","33,700.00","33,750.00",-100.00,0.00,"11,214,300.00"
26/11/2025,"33,600.00","33,900.00","33,500.00","33,850.00",400.00,0.01,"13,069,902.00"
25/11/2025,"34,000.00","34,000.00","33,450.00","33,450.00",-500.00,-0.01,"15,936,600.00"
24/11/2025,"34,300.00","34,400.00","33,900.00","33,950.00",-300.00,-0.01,"10,276,900.00"
21/11/2025,"34,500.00","34,500.00","33,500.00","34,250.00",-350.00,-0.01,"8,922,150.00"
20/11/2025,"34,850.00","35,000.00","34,600.00","34,600.00",-200.00,-0.01,"9,998,100.00"
19/11/2025,"35,400.00","35,400.00","34,750.00","34,800.00",-550.00,-0.02,"12,256,700.00"
18/11/2025,"35,200.00","35,350.00","34,950.00","35,350.00",200.00,0.01,"12,850,800.00"
17/11/2025,"35,100.00","35,250.00","34,700.00","35,150.00",50.00,0.00,"11,169,501.00"
14/11/2025,"34,800.00","35,350.00","34,700.00","35,100.00",0.00,0.00,"5,603,100.00"
13/11/2025,"34,650.00","35,500.00","34,600.00","35,100.00",100.00,0.00,"12,750,800.00"
12/11/2025,"33,700.00","35,000.00","33,600.00","35,000.00","1,350.00",0.04,"13,025,801.00"
11/11/2025,"33,450.00","34,000.00","33,350.00","33,650.00",250.00,0.01,"11,449,701.00"
10/11/2025,"33,300.00","33,600.00","32,950.00","33,400.00",400.00,0.01,"13,009,501.00"
07/11/2025,"33,600.00","33,950.00","33,000.00","33,000.00",-600.00,-0.02,"16,123,600.00"
06/11/2025,"34,150.00","34,500.00","33,500.00","33,600.00",-500.00,-0.01,"14,268,500.00"
05/11/2025,"34,900.00","34,900.00","34,050.00","34,100.00",-900.00,-0.03,"12,650,500.00"
04/11/2025,"33,600.00","35,200.00","33,450.00","35,000.00","1,400.00",0.04,"20,658,800.00"
03/11/2025,"35,100.00","35,500.00","33,600.00","33,600.00","-1,500.00",-0.04,"22,395,001.00"
31/10/2025,"35,700.00","36,200.00","35,100.00","35,100.00",-600.00,-0.02,"12,906,400.00"
30/10/2025,"36,500.00","36,600.00","35,600.00","35,700.00",-700.00,-0.02,"10,667,900.00"
29/10/2025,"35,900.00","36,900.00","35,650.00","36,400.00",400.00,0.01,"13,766,300.00"
28/10/2025,"35,050.00","36,400.00","34,000.00","36,000.00",950.00,0.03,"29,323,801.00"
27/10/2025,"36,300.00","36,500.00","35,050.00","35,050.00","-1,050.00",-0.03,"16,784,000.00"
24/10/2025,"37,000.00","37,000.00","36,050.00","36,100.00","-1,150.00",-0.03,"23,716,600.00"
23/10/2025,"38,050.00","38,050.00","36,800.00","37,250.00",-750.00,-0.02,"15,619,200.00"
22/10/2025,"38,100.00","38,150.00","36,400.00","38,000.00",350.00,0.01,"23,881,800.00"
21/10/2025,"38,100.00","38,450.00","36,500.00","37,650.00",-200.00,-0.01,"28,984,000.00"
20/10/2025,"40,650.00","40,650.00","37,850.00","37,850.00","-2,800.00",-0.07,"38,352,801.00"
17/10/2025,"41,650.00","41,650.00","40,450.00","40,650.00",-600.00,-0.01,"19,530,000.00"
16/10/2025,"41,200.00","41,250.00","40,800.00","41,250.00",450.00,0.01,"21,999,101.00"
15/10/2025,"41,000.00","41,350.00","40,550.00","40,800.00",0.00,0.00,"15,458,200.00"
14/10/2025,"41,750.00","42,000.00","40,550.00","40,800.00",-500.00,-0.01,"27,796,200.00"
13/10/2025,"39,300.00","41,500.00","39,250.00","41,300.00","1,950.00",0.05,"49,211,300.00"
10/10/2025,"39,100.00","39,900.00","39,000.00","39,350.00",400.00,0.01,"27,319,800.00"
09/10/2025,"38,600.00","39,100.00","38,550.00","38,950.00",350.00,0.01,"19,870,600.00"
08/10/2025,"39,250.00","39,400.00","38,450.00","38,600.00",-400.00,-0.01,"20,775,501.00"
07/10/2025,"40,000.00","40,000.00","38,950.00","39,000.00",-400.00,-0.01,"13,250,100.00"
06/10/2025,"38,950.00","39,400.00","38,500.00","39,400.00","1,050.00",0.03,"25,120,100.00"
03/10/2025,"38,550.00","38,650.00","38,050.00","38,350.00",-500.00,-0.01,"11,272,100.00"
02/10/2025,"38,850.00","39,200.00","38,400.00","38,850.00",300.00,0.01,"18,862,100.00"
01/10/2025,"37,850.00","38,600.00","37,800.00","38,550.00",700.00,0.02,"13,385,600.00"
30/09/2025,"38,050.00","38,050.00","37,500.00","37,850.00",100.00,0.00,"12,782,500.00"
29/09/2025,"37,603.87","37,798.71","37,409.03","37,750.00",50.00,0.00,"13,476,500.00"
26/09/2025,"37,896.13","37,944.84","37,409.03","37,701.29",-200.00,-0.01,"12,298,300.00"
25/09/2025,"37,798.71","37,944.84","37,555.16","37,896.13",100.00,0.00,"13,473,200.00"
24/09/2025,"36,532.26","37,798.71","36,191.29","37,798.71","1,300.00",0.03,"19,693,100.00"
23/09/2025,"36,580.97","37,019.35","36,532.26","36,532.26",0.00,0.00,"10,315,400.00"
22/09/2025,"37,311.61","37,409.03","36,337.42","36,532.26",-900.00,-0.02,"26,033,800.00"
19/09/2025,"37,798.71","37,798.71","37,116.77","37,409.03",-400.00,-0.01,"11,768,500.00"
18/09/2025,"37,701.29","37,798.71","37,214.19","37,798.71",100.00,0.00,"13,719,900.00"
17/09/2025,"38,334.52","38,431.94","37,506.45","37,701.29",-650.00,-0.02,"16,515,200.00"
16/09/2025,"38,626.77","39,065.16","38,237.10","38,334.52",350.00,0.01,"46,900,600.00"
15/09/2025,"37,555.16","37,993.55","37,555.16","37,993.55",400.00,0.01,"19,222,901.00"
12/09/2025,"38,042.26","38,090.97","37,506.45","37,603.87",-100.00,0.00,"24,797,602.00"
11/09/2025,"37,896.13","37,993.55","36,727.10","37,701.29",-300.00,-0.01,"22,582,400.00"
10/09/2025,"38,237.10","38,772.90","37,603.87","37,993.55",500.00,0.01,"30,369,000.00"
09/09/2025,"37,555.16","37,652.58","36,873.23","37,506.45",500.00,0.01,"28,196,900.00"
08/09/2025,"38,480.65","38,578.06","37,019.35","37,019.35","-1,500.00",-0.04,"33,158,301.00"
05/09/2025,"38,919.03","39,893.23","38,480.65","38,480.65",-100.00,0.00,"35,912,100.00"
04/09/2025,"38,578.06","38,919.03","38,383.23","38,578.06",0.00,0.00,"17,774,901.00"
03/09/2025,"39,016.45","39,065.16","38,431.94","38,578.06",0.00,0.00,"13,836,800.00"
29/08/2025,"39,065.16","39,211.29","38,578.06","38,578.06",0.00,0.00,"27,742,900.00"
28/08/2025,"38,578.06","38,578.06","37,798.71","38,578.06",650.00,0.02,"18,835,900.00"
27/08/2025,"38,480.65","39,649.68","37,896.13","37,944.84",-400.00,-0.01,"25,174,600.00"
26/08/2025,"37,019.35","38,383.23","35,996.45","38,334.52","1,800.00",0.05,"36,928,200.00"
25/08/2025,"38,529.35","38,626.77","36,337.42","36,580.97","-1,450.00",-0.04,"41,063,700.00"
22/08/2025,"39,454.84","40,039.35","37,652.58","37,993.55","-2,550.00",-0.06,"62,641,600.00"
21/08/2025,"40,234.19","41,403.23","39,941.94","40,477.74","1,050.00",0.03,"49,877,601.00"
20/08/2025,"39,406.13","39,844.52","37,896.13","39,454.84","1,300.00",0.03,"58,884,600.00"
19/08/2025,"37,262.90","38,431.94","37,116.77","38,188.39","1,250.00",0.03,"47,531,600.00"
18/08/2025,"37,214.19","37,652.58","36,678.39","36,970.65",350.00,0.01,"25,569,500.00"
15/08/2025,"37,896.13","37,944.84","36,629.68","36,629.68",-800.00,-0.02,"33,906,801.00"
14/08/2025,"36,775.81","38,188.39","36,775.81","37,409.03",900.00,0.02,"42,438,000.00"
13/08/2025,"36,824.52","37,019.35","35,947.74","36,532.26",-200.00,-0.01,"33,498,600.00"
12/08/2025,"36,824.52","37,019.35","36,240.00","36,727.10",-50.00,0.00,"22,652,401.00"
11/08/2025,"36,970.65","37,457.74","36,629.68","36,775.81",-100.00,0.00,"24,692,200.00"
08/08/2025,"37,750.00","37,750.00","36,434.84","36,873.23",-550.00,-0.01,"31,007,000.00"
07/08/2025,"37,506.45","37,896.13","36,824.52","37,409.03",200.00,0.01,"33,411,100.00"
06/08/2025,"37,019.35","37,993.55","36,240.00","37,214.19","1,200.00",0.03,"33,334,700.00"
05/08/2025,"34,876.13","36,824.52","34,876.13","36,045.16","1,650.00",0.05,"98,291,101.00"
04/08/2025,"33,220.00","34,437.74","33,122.58","34,437.74","1,250.00",0.04,"27,096,900.00"
01/08/2025,"33,268.71","33,804.52","33,171.29","33,220.00",100.00,0.00,"23,025,200.00"
31/07/2025,"33,707.10","34,096.77","32,927.74","33,122.58",-500.00,-0.01,"30,518,514.00"
30/07/2025,"33,268.71","33,707.10","32,830.32","33,609.68",600.00,0.02,"33,696,901.00"
29/07/2025,"34,827.42","34,827.42","33,025.16","33,025.16","-1,700.00",-0.05,"59,485,801.00"
28/07/2025,"34,340.32","34,924.84","34,291.61","34,681.29",400.00,0.01,"33,722,700.00"
25/07/2025,"34,194.19","34,291.61","34,048.06","34,291.61",150.00,0.00,"19,156,900.00"
24/07/2025,"34,145.48","34,681.29","34,048.06","34,145.48",50.00,0.00,"19,482,501.00"
23/07/2025,"34,486.45","34,535.16","33,999.35","34,096.77",-350.00,-0.01,"28,773,711.00"
22/07/2025,"34,242.90","34,535.16","33,999.35","34,437.74",-100.00,0.00,"28,689,800.00"
21/07/2025,"35,363.23","35,558.06","34,437.74","34,535.16",-800.00,-0.02,"25,035,400.00"
18/07/2025,"34,242.90","35,558.06","34,145.48","35,314.52","1,100.00",0.03,"38,495,000.00"
17/07/2025,"34,486.45","34,681.29","34,194.19","34,242.90",-100.00,0.00,"18,361,100.00"
16/07/2025,"33,901.94","34,535.16","33,707.10","34,340.32",450.00,0.01,"19,067,400.00"
15/07/2025,"34,242.90","34,827.42","33,901.94","33,901.94",-300.00,-0.01,"26,887,400.00"
14/07/2025,"34,048.06","34,194.19","33,414.84","34,194.19",150.00,0.00,"21,271,301.00"
11/07/2025,"33,901.94","34,583.87","33,901.94","34,048.06",150.00,0.00,"21,722,900.00"
10/07/2025,"33,999.35","34,096.77","33,755.81","33,901.94",-100.00,0.00,"16,352,900.00"
09/07/2025,"34,535.16","34,681.29","33,804.52","33,999.35",-400.00,-0.01,"35,385,300.00"
08/07/2025,"34,389.03","34,632.58","34,194.19","34,389.03",0.00,0.00,"29,718,100.00"
07/07/2025,"34,291.61","34,535.16","34,194.19","34,389.03",350.00,0.01,"15,614,900.00"
04/07/2025,"33,950.65","34,096.77","33,755.81","34,048.06",100.00,0.00,"12,511,500.00"
03/07/2025,"34,242.90","34,389.03","33,901.94","33,950.65",-150.00,0.00,"32,337,300.00"
02/07/2025,"33,609.68","34,194.19","33,560.97","34,096.77",600.00,0.02,"33,636,702.00"
01/07/2025,"33,317.42","33,658.39","33,171.29","33,512.26",200.00,0.01,"24,754,078.00"
30/06/2025,"33,220.00","33,804.52","33,122.58","33,317.42",250.00,0.01,"17,429,500.00"
27/06/2025,"33,220.00","33,366.13","32,976.45","33,073.87",-100.00,0.00,"20,733,500.00"
26/06/2025,"33,122.58","33,560.97","32,927.74","33,171.29",250.00,0.01,"31,848,001.00"
25/06/2025,"33,268.71","33,366.13","32,927.74","32,927.74",-200.00,-0.01,"35,580,600.00"
24/06/2025,"33,171.29","33,853.23","32,830.32","33,122.58",200.00,0.01,"33,666,100.00"
23/06/2025,"32,732.90","33,122.58","32,538.06","32,927.74",-200.00,-0.01,"22,702,203.00"
20/06/2025,"33,317.42","33,950.65","33,025.16","33,122.58",0.00,0.00,"23,300,301.00"
19/06/2025,"31,953.55","33,122.58","31,953.55","33,122.58","1,200.00",0.04,"25,180,900.00"
18/06/2025,"31,563.87","32,489.35","31,369.03","31,953.55",400.00,0.01,"26,915,301.00"
17/06/2025,"31,710.00","31,758.71","31,222.90","31,563.87",100.00,0.00,"39,764,300.00"
16/06/2025,"30,200.00","31,515.16","30,151.29","31,466.45","1,100.00",0.04,"27,105,301.00"
13/06/2025,"29,907.74","30,687.10","29,712.90","30,394.84",250.00,0.01,"30,353,300.00"
12/06/2025,"29,566.77","30,346.13","29,469.35","30,151.29",850.00,0.03,"25,823,800.00"
11/06/2025,"29,566.77","29,566.77","29,177.10","29,323.23",50.00,0.00,"7,725,700.00"
10/06/2025,"29,177.10","29,712.90","29,079.68","29,274.52",300.00,0.01,"17,059,700.00"
09/06/2025,"29,518.06","29,664.19","28,982.26","28,982.26",-550.00,-0.02,"21,598,800.00"
06/06/2025,"30,200.00","30,200.00","29,518.06","29,518.06",-800.00,-0.03,"30,222,601.00"
05/06/2025,"30,540.97","30,784.52","30,248.71","30,297.42",-250.00,-0.01,"16,052,300.00"
04/06/2025,"30,881.94","30,881.94","30,394.84","30,540.97",-250.00,-0.01,"17,242,100.00"
03/06/2025,"30,102.58","31,076.77","30,102.58","30,784.52",750.00,0.02,"24,085,101.00"
02/06/2025,"29,615.48","30,151.29","29,420.65","30,053.87",400.00,0.01,"14,363,700.00"
30/05/2025,"30,005.16","30,005.16","29,664.19","29,664.19",-350.00,-0.01,"10,866,600.00"
29/05/2025,"29,712.90","30,005.16","29,518.06","30,005.16",300.00,0.01,"19,545,400.00"
28/05/2025,"29,907.74","30,005.16","29,469.35","29,712.90",-100.00,0.00,"19,385,600.00"
27/05/2025,"29,810.32","30,443.55","29,566.77","29,810.32",250.00,0.01,"23,777,600.00"
26/05/2025,"29,371.94","29,566.77","28,738.71","29,566.77",200.00,0.01,"32,841,200.00"
23/05/2025,"29,761.61","29,810.32","29,030.97","29,371.94",-350.00,-0.01,"30,882,501.00"
22/05/2025,"29,859.03","30,394.84","29,518.06","29,712.90",-400.00,-0.01,"30,654,473.00"
21/05/2025,"30,200.00","30,589.68","29,907.74","30,102.58",-50.00,0.00,"25,135,300.00"
20/05/2025,"28,738.71","30,297.42","28,738.71","30,151.29","1,450.00",0.05,"50,872,360.00"
19/05/2025,"28,446.45","29,177.10","28,349.03","28,738.71",50.00,0.00,"22,134,800.00"
16/05/2025,"29,128.39","29,128.39","28,495.16","28,690.00",-450.00,-0.02,"23,141,600.00"
15/05/2025,"29,128.39","29,420.65","28,787.42","29,128.39",50.00,0.00,"20,142,480.00"
14/05/2025,"28,592.58","29,712.90","28,543.87","29,079.68",450.00,0.02,"21,163,400.00"
13/05/2025,"28,738.71","28,933.55","28,397.74","28,641.29",0.00,0.00,"28,504,500.00"
12/05/2025,"26,936.45","28,690.00","26,887.74","28,641.29","1,800.00",0.07,"59,187,101.00"
09/05/2025,"26,595.48","27,277.42","26,546.77","26,887.74",200.00,0.01,"19,669,200.00"
08/05/2025,"26,303.23","26,741.61","26,157.10","26,692.90",400.00,0.01,"18,606,800.00"
07/05/2025,"26,157.10","26,400.65","25,913.55","26,303.23",150.00,0.01,"16,988,101.00"
06/05/2025,"25,816.13","26,498.06","25,718.71","26,157.10",350.00,0.01,"24,721,500.00"
05/05/2025,"25,962.26","25,962.26","25,475.16","25,816.13",200.00,0.01,"13,512,621.00"
29/04/2025,"25,329.03","25,913.55","25,329.03","25,621.29",300.00,0.01,"26,803,000.00"
28/04/2025,"25,329.03","25,426.45","25,134.19","25,329.03",50.00,0.00,"30,189,402.00"
25/04/2025,"25,280.32","25,377.74","24,744.52","25,280.32",200.00,0.01,"29,050,500.00"
24/04/2025,"25,329.03","25,426.45","25,036.77","25,085.48",-350.00,-0.01,"21,453,400.00"
23/04/2025,"25,085.48","25,621.29","24,500.97","25,426.45",950.00,0.04,"20,399,101.00"
22/04/2025,"24,598.39","24,988.06","23,331.94","24,500.97",-600.00,-0.02,"35,079,801.00"
21/04/2025,"25,329.03","25,621.29","24,939.35","25,085.48",-250.00,-0.01,"12,337,500.00"
18/04/2025,"25,816.13","25,816.13","25,329.03","25,329.03",0.00,0.00,"18,104,900.00"
17/04/2025,"24,939.35","25,329.03","24,890.65","25,329.03",200.00,0.01,"15,875,301.00"
16/04/2025,"25,475.16","25,767.42","25,085.48","25,134.19",-200.00,-0.01,"22,388,501.00"
15/04/2025,"25,377.74","25,670.00","25,134.19","25,329.03",-550.00,-0.02,"24,536,300.00"
14/04/2025,"25,913.55","26,010.97","25,426.45","25,864.84",-50.00,0.00,"24,747,100.00"
11/04/2025,"25,816.13","25,913.55","24,939.35","25,913.55","1,350.00",0.05,"56,656,629.00"
10/04/2025,"24,598.39","24,598.39","24,598.39","24,598.39","1,650.00",0.07,"5,529,900.00"
09/04/2025,"21,724.52","24,257.42","21,724.52","22,990.97",-350.00,-0.01,"42,662,800.00"
08/04/2025,"24,354.84","24,354.84","23,331.94","23,331.94","-1,750.00",-0.07,"35,044,802.00"
04/04/2025,"23,526.77","25,085.48","23,526.77","25,036.77",-250.00,-0.01,"62,498,000.00"
03/04/2025,"26,254.52","26,498.06","25,280.32","25,280.32","-1,950.00",-0.07,"64,088,501.00"
02/04/2025,"27,277.42","27,423.55","27,131.29","27,180.00",-50.00,0.00,"17,556,500.00"
01/04/2025,"26,790.32","27,277.42","26,692.90","27,228.71",450.00,0.02,"12,074,500.00"
31/03/2025,"26,692.90","26,790.32","26,498.06","26,790.32",-50.00,0.00,"20,298,500.00"
28/03/2025,"27,033.87","27,082.58","26,741.61","26,839.03",-200.00,-0.01,"15,763,600.00"
27/03/2025,"27,277.42","27,423.55","27,033.87","27,033.87",-250.00,-0.01,"11,907,788.00"
26/03/2025,"27,180.00","27,764.52","27,082.58","27,277.42",100.00,0.00,"25,004,901.00"
25/03/2025,"27,374.84","27,472.26","27,131.29","27,180.00",-100.00,0.00,"17,748,819.00"
24/03/2025,"26,644.19","27,472.26","26,498.06","27,277.42",650.00,0.02,"24,586,700.00"
21/03/2025,"26,644.19","26,839.03","26,595.48","26,644.19",-100.00,0.00,"9,396,202.00"
20/03/2025,"26,790.32","26,839.03","26,400.65","26,741.61",200.00,0.01,"19,811,206.00"
19/03/2025,"26,595.48","26,644.19","26,449.35","26,546.77",-150.00,-0.01,"41,831,300.00"
18/03/2025,"26,790.32","26,887.74","26,595.48","26,692.90",-50.00,0.00,"12,435,800.00"
17/03/2025,"26,644.19","26,741.61","26,449.35","26,741.61",150.00,0.01,"23,393,411.00"
14/03/2025,"26,400.65","26,692.90","26,400.65","26,595.48",0.00,0.00,"20,697,701.00"
13/03/2025,"27,082.58","27,082.58","26,546.77","26,595.48",-550.00,-0.02,"20,519,000.00"
12/03/2025,"27,374.84","27,520.97","27,082.58","27,131.29",-150.00,-0.01,"14,776,100.00"
11/03/2025,"26,790.32","27,277.42","26,741.61","27,277.42",200.00,0.01,"15,632,001.00"
10/03/2025,"27,033.87","27,569.68","26,985.16","27,082.58",50.00,0.00,"16,470,900.00"
07/03/2025,"26,985.16","27,180.00","26,741.61","27,033.87",50.00,0.00,"15,454,800.00"
06/03/2025,"26,741.61","26,985.16","26,644.19","26,985.16",400.00,0.01,"18,892,901.00"
05/03/2025,"26,790.32","26,887.74","26,595.48","26,595.48",-200.00,-0.01,"13,269,400.00"
04/03/2025,"25,426.45","26,839.03","25,329.03","26,790.32","1,400.00",0.05,"44,781,301.00"
03/03/2025,"25,475.16","25,621.29","25,377.74","25,426.45",0.00,0.00,"45,526,001.00"
28/02/2025,"25,572.58","25,621.29","25,377.74","25,426.45",-150.00,-0.01,"16,188,500.00"
27/02/2025,"25,718.71","25,718.71","25,329.03","25,572.58",-50.00,0.00,"17,004,700.00"
26/02/2025,"25,718.71","25,864.84","25,621.29","25,621.29",-100.00,0.00,"15,262,600.00"
25/02/2025,"25,913.55","26,108.39","25,670.00","25,718.71",-100.00,0.00,"14,496,400.00"
24/02/2025,"25,718.71","25,962.26","25,621.29","25,816.13",0.00,0.00,"23,274,402.00"
21/02/2025,"25,913.55","25,913.55","25,718.71","25,816.13",-50.00,0.00,"24,224,901.00"
20/02/2025,"25,523.87","25,913.55","25,377.74","25,864.84",450.00,0.02,"24,481,100.00"
19/02/2025,"25,280.32","25,475.16","25,134.19","25,426.45",250.00,0.01,"15,212,400.00"
18/02/2025,"25,036.77","25,426.45","24,988.06","25,182.90",150.00,0.01,"10,805,026.00"
17/02/2025,"25,329.03","25,426.45","25,036.77","25,036.77",-300.00,-0.01,"13,942,348.00"
14/02/2025,"25,426.45","25,523.87","25,231.61","25,329.03",50.00,0.00,"12,855,600.00"
13/02/2025,"24,939.35","25,329.03","24,890.65","25,280.32",250.00,0.01,"12,877,400.00"
12/02/2025,"25,329.03","25,329.03","25,036.77","25,036.77",-200.00,-0.01,"12,339,500.00"
11/02/2025,"25,426.45","25,475.16","25,085.48","25,231.61",150.00,0.01,"16,412,900.00"
10/02/2025,"25,085.48","25,572.58","24,793.23","25,085.48",0.00,0.00,"30,082,901.00"
07/02/2025,"24,793.23","25,134.19","24,549.68","25,085.48",550.00,0.02,"26,974,888.00"
06/02/2025,"24,257.42","24,841.94","24,160.00","24,549.68",500.00,0.02,"40,507,800.00"
05/02/2025,"24,208.71","24,257.42","23,916.45","24,062.58",50.00,0.00,"9,819,701.00"
04/02/2025,"23,721.61","24,062.58","23,672.90","24,013.87",400.00,0.02,"20,245,600.00"
03/02/2025,"23,867.74","24,062.58","23,624.19","23,624.19",-500.00,-0.02,"12,611,800.00"
24/01/2025,"24,160.00","24,208.71","24,013.87","24,111.29",150.00,0.01,"10,331,500.00"
23/01/2025,"23,721.61","24,208.71","23,624.19","23,965.16",400.00,0.02,"27,232,000.00"
22/01/2025,"23,819.03","23,819.03","23,526.77","23,575.48",0.00,0.00,"13,909,201.00"
21/01/2025,"23,770.32","23,867.74","23,526.77","23,575.48",-200.00,-0.01,"8,439,900.00"
20/01/2025,"23,770.32","23,867.74","23,624.19","23,770.32",0.00,0.00,"13,279,000.00"
17/01/2025,"23,234.52","23,770.32","23,137.10","23,770.32",550.00,0.02,"10,306,550.00"
16/01/2025,"23,234.52","23,331.94","22,990.97","23,234.52",150.00,0.01,"8,713,000.00"
15/01/2025,"23,185.81","23,283.23","23,039.68","23,088.39",100.00,0.00,"7,076,900.00"
14/01/2025,"22,942.26","23,137.10","22,893.55","22,990.97",-200.00,-0.01,"5,054,100.00"
13/01/2025,"22,601.29","23,185.81","22,552.58","23,185.81",400.00,0.02,"8,004,200.00"
10/01/2025,"23,380.65","23,380.65","22,796.13","22,796.13",-550.00,-0.02,"6,657,100.00"
09/01/2025,"23,429.35","23,429.35","23,137.10","23,331.94",0.00,0.00,"6,159,600.00"
08/01/2025,"23,185.81","23,672.90","23,039.68","23,331.94",300.00,0.01,"12,801,000.00"
07/01/2025,"23,283.23","23,283.23","22,942.26","23,039.68",50.00,0.00,"8,254,000.00"
06/01/2025,"22,990.97","23,234.52","22,893.55","22,990.97",0.00,0.00,"8,175,100.00"
03/01/2025,"23,721.61","23,721.61","22,990.97","22,990.97",-750.00,-0.03,"24,408,400.00"
02/01/2025,"24,013.87","24,062.58","23,672.90","23,721.61",-300.00,-0.01,"12,334,500.00"
31/12/2024,"23,721.61","24,013.87","23,721.61","24,013.87",250.00,0.01,"12,111,500.00"
30/12/2024,"24,111.29","24,111.29","23,721.61","23,770.32",-200.00,-0.01,"17,581,200.00"
27/12/2024,"23,867.74","24,257.42","23,819.03","23,965.16",250.00,0.01,"17,282,850.00"
26/12/2024,"23,867.74","23,916.45","23,672.90","23,721.61",-100.00,0.00,"16,412,351.00"
25/12/2024,"23,380.65","24,257.42","23,331.94","23,819.03",450.00,0.02,"22,484,761.00"
24/12/2024,"23,429.35","23,429.35","23,185.81","23,380.65",100.00,0.00,"10,919,389.00"
23/12/2024,"23,380.65","23,429.35","23,185.81","23,283.23",100.00,0.00,"7,902,800.00"
20/12/2024,"23,234.52","23,331.94","23,185.81","23,185.81",50.00,0.00,"9,341,750.00"
19/12/2024,"23,380.65","23,429.35","23,137.10","23,137.10",-450.00,-0.02,"18,864,798.00"
18/12/2024,"23,624.19","23,672.90","23,478.06","23,575.48",0.00,0.00,"30,364,011.00"
17/12/2024,"23,770.32","23,770.32","23,526.77","23,575.48",-100.00,0.00,"19,221,401.00"
16/12/2024,"23,672.90","23,770.32","23,478.06","23,672.90",-50.00,0.00,"13,385,145.00"
13/12/2024,"23,672.90","23,916.45","23,478.06","23,721.61",100.00,0.00,"15,732,500.00"
12/12/2024,"23,575.48","23,867.74","23,526.77","23,624.19",100.00,0.00,"18,575,300.00"
11/12/2024,"23,429.35","23,672.90","23,380.65","23,526.77",100.00,0.00,"10,641,200.00"
10/12/2024,"23,429.35","23,575.48","23,380.65","23,429.35",-100.00,0.00,"8,221,400.00"
09/12/2024,"23,478.06","23,672.90","23,331.94","23,526.77",0.00,0.00,"8,318,200.00"
06/12/2024,"23,575.48","23,624.19","23,331.94","23,526.77",-50.00,0.00,"17,444,762.00"
05/12/2024,"22,844.84","23,575.48","22,747.42","23,575.48",750.00,0.03,"17,651,200.00"
04/12/2024,"22,844.84","22,990.97","22,796.13","22,844.84",-200.00,-0.01,"8,491,302.00"
03/12/2024,"23,039.68","23,137.10","22,844.84","23,039.68",0.00,0.00,"10,358,700.00"
02/12/2024,"23,088.39","23,088.39","22,796.13","23,039.68",50.00,0.00,"7,071,301.00"
29/11/2024,"22,893.55","22,990.97","22,747.42","22,990.97",0.00,0.00,"10,974,400.00"
28/11/2024,"23,039.68","23,088.39","22,796.13","22,990.97",100.00,0.00,"9,790,900.00"
27/11/2024,"22,893.55","22,990.97","22,747.42","22,893.55",-50.00,0.00,"9,728,200.00"
26/11/2024,"22,893.55","23,088.39","22,844.84","22,942.26",50.00,0.00,"14,264,400.00"
25/11/2024,"22,893.55","22,990.97","22,796.13","22,893.55",0.00,0.00,"11,738,600.00"
22/11/2024,"22,601.29","22,942.26","22,552.58","22,893.55",300.00,0.01,"33,053,601.00"
21/11/2024,"22,211.61","22,601.29","22,016.77","22,601.29",350.00,0.02,"11,574,400.00"
20/11/2024,"21,724.52","22,260.32","21,675.81","22,260.32",450.00,0.02,"10,279,500.00"
19/11/2024,"21,968.06","21,968.06","21,627.10","21,821.94",-50.00,0.00,"8,502,100.00"
18/11/2024,"21,821.94","22,114.19","21,627.10","21,870.65",0.00,0.00,"12,312,401.00"
15/11/2024,"22,211.61","22,211.61","21,821.94","21,870.65",-350.00,-0.02,"15,154,100.00"
14/11/2024,"22,406.45","22,455.16","22,162.90","22,211.61",-350.00,-0.02,"9,866,600.00"
13/11/2024,"22,406.45","22,552.58","22,114.19","22,552.58",100.00,0.00,"16,466,900.00"
12/11/2024,"22,796.13","22,796.13","22,309.03","22,455.16",-150.00,-0.01,"22,626,100.00"
11/11/2024,"23,088.39","23,088.39","22,455.16","22,601.29",-400.00,-0.02,"26,301,301.00"
08/11/2024,"23,380.65","23,380.65","22,844.84","22,990.97",-250.00,-0.01,"13,220,800.00"
07/11/2024,"23,526.77","23,526.77","23,234.52","23,234.52",-50.00,0.00,"8,695,800.00"
06/11/2024,"22,990.97","23,429.35","22,990.97","23,283.23",450.00,0.02,"18,270,201.00"
05/11/2024,"22,893.55","23,039.68","22,844.84","22,844.84",0.00,0.00,"10,161,800.00"
04/11/2024,"23,137.10","23,137.10","22,796.13","22,844.84",-250.00,-0.01,"16,960,101.00"
01/11/2024,"23,234.52","23,380.65","23,088.39","23,088.39",-200.00,-0.01,"15,280,800.00"
31/10/2024,"23,380.65","23,478.06","23,234.52","23,283.23",-100.00,0.00,"8,621,601.00"
30/10/2024,"23,185.81","23,380.65","23,137.10","23,380.65",250.00,0.01,"11,627,000.00"
29/10/2024,"23,088.39","23,234.52","23,088.39","23,137.10",100.00,0.00,"6,629,901.00"
28/10/2024,"22,893.55","23,088.39","22,844.84","23,039.68",150.00,0.01,"7,160,103.00"
25/10/2024,"23,137.10","23,234.52","22,796.13","22,893.55",-150.00,-0.01,"18,284,200.00"
24/10/2024,"23,526.77","23,575.48","22,942.26","23,039.68",-550.00,-0.02,"17,222,802.00"
23/10/2024,"23,575.48","23,672.90","23,137.10","23,575.48",0.00,0.00,"20,381,400.00"
22/10/2024,"23,575.48","23,770.32","23,380.65","23,575.48",50.00,0.00,"19,789,300.00"
21/10/2024,"23,819.03","23,867.74","23,478.06","23,526.77",-300.00,-0.01,"13,585,000.00"
18/10/2024,"23,819.03","24,160.00","23,770.32","23,819.03",100.00,0.00,"15,574,701.00"
17/10/2024,"23,575.48","23,770.32","23,478.06","23,721.61",150.00,0.01,"9,452,800.00"
16/10/2024,"23,575.48","23,672.90","23,478.06","23,575.48",-50.00,0.00,"15,668,701.00"
15/10/2024,"23,721.61","23,965.16","23,526.77","23,624.19",-100.00,0.00,"14,676,800.00"
14/10/2024,"23,916.45","23,965.16","23,721.61","23,721.61",-100.00,0.00,"13,123,501.00"
11/10/2024,"23,916.45","23,965.16","23,624.19","23,819.03",-100.00,0.00,"13,916,200.00"
10/10/2024,"24,257.42","24,354.84","23,916.45","23,916.45",-100.00,0.00,"18,247,801.00"
09/10/2024,"23,770.32","24,111.29","23,672.90","24,013.87",250.00,0.01,"22,177,200.00"
08/10/2024,"23,575.48","23,965.16","23,575.48","23,770.32",250.00,0.01,"16,248,500.00"
07/10/2024,"23,624.19","23,721.61","23,380.65","23,526.77",100.00,0.00,"12,843,900.00"
04/10/2024,"23,721.61","23,819.03","23,429.35","23,429.35",-300.00,-0.01,"21,424,400.00"
03/10/2024,"24,306.13","24,549.68","23,721.61","23,721.61",-550.00,-0.02,"29,754,600.00"
02/10/2024,"23,916.45","24,500.97","23,721.61","24,257.42",250.00,0.01,"28,212,200.00"
01/10/2024,"23,575.48","24,160.00","23,526.77","24,013.87",450.00,0.02,"42,036,400.00"
30/09/2024,"23,526.77","23,721.61","23,331.94","23,575.48",0.00,0.00,"21,749,802.00"
27/09/2024,"23,575.48","23,721.61","23,429.35","23,575.48",100.00,0.00,"16,900,100.00"
26/09/2024,"23,185.81","23,770.32","23,039.68","23,478.06",300.00,0.01,"36,214,900.00"
25/09/2024,"23,137.10","23,331.94","22,990.97","23,185.81",250.00,0.01,"35,846,800.00"
24/09/2024,"22,698.71","22,990.97","22,698.71","22,942.26",200.00,0.01,"19,034,500.00"
23/09/2024,"22,942.26","23,137.10","22,747.42","22,747.42",-200.00,-0.01,"15,699,000.00"
20/09/2024,"22,698.71","23,088.39","22,698.71","22,942.26",350.00,0.02,"30,615,100.00"
19/09/2024,"22,601.29","22,601.29","22,309.03","22,601.29",200.00,0.01,"14,032,600.00"
18/09/2024,"22,162.90","22,503.87","22,114.19","22,406.45",250.00,0.01,"38,316,601.00"
17/09/2024,"21,578.39","22,162.90","21,578.39","22,162.90",550.00,0.02,"11,705,515.00"
16/09/2024,"21,627.10","22,114.19","21,627.10","21,627.10",0.00,0.00,"12,063,300.00"
13/09/2024,"21,724.52","21,773.23","21,578.39","21,627.10",-100.00,0.00,"10,203,800.00"
12/09/2024,"21,724.52","21,821.94","21,578.39","21,724.52",200.00,0.01,"10,882,900.00"
11/09/2024,"21,578.39","21,675.81","21,383.55","21,529.68",-150.00,-0.01,"28,373,101.00"
10/09/2024,"22,114.19","22,162.90","21,627.10","21,675.81",-400.00,-0.02,"15,470,102.00"
09/09/2024,"22,114.19","22,260.32","22,016.77","22,065.48",-150.00,-0.01,"17,151,502.00"
06/09/2024,"22,211.61","22,357.74","22,065.48","22,211.61",0.00,0.00,"13,500,400.00"
05/09/2024,"22,309.03","22,455.16","22,114.19","22,211.61",-200.00,-0.01,"13,953,800.00"
04/09/2024,"22,455.16","22,650.00","22,260.32","22,406.45",-350.00,-0.01,"13,719,603.00"
30/08/2024,"22,406.45","22,747.42","22,406.45","22,747.42",350.00,0.02,"13,446,303.00"
29/08/2024,"22,406.45","22,650.00","22,406.45","22,406.45",0.00,0.00,"16,888,300.00"
28/08/2024,"22,114.19","22,552.58","22,016.77","22,406.45",350.00,0.02,"24,136,000.00"
27/08/2024,"21,919.35","22,114.19","21,870.65","22,065.48",150.00,0.01,"15,117,704.00"
26/08/2024,"21,919.35","22,065.48","21,821.94","21,919.35",100.00,0.00,"22,585,603.00"
23/08/2024,"21,773.23","21,919.35","21,627.10","21,821.94",50.00,0.00,"27,522,105.00"
22/08/2024,"21,432.26","22,065.48","21,432.26","21,773.23",350.00,0.02,"28,967,900.00"
21/08/2024,"21,140.00","21,529.68","20,993.87","21,432.26",150.00,0.01,"24,738,301.00"
20/08/2024,"21,383.55","21,480.97","21,237.42","21,286.13",-50.00,0.00,"12,809,000.00"
19/08/2024,"20,993.87","21,383.55","20,847.74","21,334.84",450.00,0.02,"15,738,901.00"
16/08/2024,"20,604.19","20,993.87","20,506.77","20,896.45",300.00,0.01,"23,458,600.00"
15/08/2024,"20,652.90","20,652.90","20,409.35","20,604.19",-50.00,0.00,"10,972,200.00"
14/08/2024,"20,506.77","20,750.32","20,360.65","20,652.90",200.00,0.01,"21,044,400.00"
13/08/2024,"20,652.90","20,652.90","20,360.65","20,458.06",-250.00,-0.01,"12,411,701.00"
12/08/2024,"20,652.90","20,701.61","20,458.06","20,701.61",150.00,0.01,"10,900,200.00"
09/08/2024,"20,458.06","20,750.32","20,458.06","20,555.48",250.00,0.01,"15,115,100.00"
08/08/2024,"21,042.58","21,091.29","20,214.52","20,311.94",-950.00,-0.04,"41,551,901.00"
07/08/2024,"21,821.94","21,821.94","21,188.71","21,237.42",-500.00,-0.02,"21,275,700.00"
06/08/2024,"21,821.94","22,016.77","21,480.97","21,724.52",0.00,0.00,"25,516,500.00"
05/08/2024,"22,406.45","22,406.45","21,724.52","21,724.52","-1,200.00",-0.05,"16,860,500.00"
02/08/2024,"21,968.06","22,893.55","21,968.06","22,893.55",500.00,0.02,"14,275,300.00"
01/08/2024,"22,601.29","22,650.00","21,968.06","22,406.45",-250.00,-0.01,"15,387,400.00"
31/07/2024,"22,406.45","22,747.42","22,357.74","22,650.00",300.00,0.01,"15,112,900.00"
30/07/2024,"22,114.19","22,357.74","22,016.77","22,357.74",200.00,0.01,"7,473,500.00"
29/07/2024,"22,260.32","22,357.74","22,162.90","22,162.90",0.00,0.00,"6,236,701.00"
26/07/2024,"22,114.19","22,260.32","22,016.77","22,162.90",0.00,0.00,"6,956,500.00"
25/07/2024,"22,260.32","22,309.03","21,968.06","22,162.90",-250.00,-0.01,"10,033,700.00"
24/07/2024,"22,260.32","22,601.29","22,260.32","22,406.45",-50.00,0.00,"11,077,000.00"
23/07/2024,"23,185.81","23,185.81","22,406.45","22,455.16",-600.00,-0.03,"14,771,200.00"
22/07/2024,"22,698.71","23,185.81","22,406.45","23,039.68",250.00,0.01,"14,972,100.00"
19/07/2024,"23,137.10","23,137.10","22,503.87","22,796.13",-300.00,-0.01,"14,242,100.00"
18/07/2024,"23,088.39","23,234.52","22,698.71","23,088.39",0.00,0.00,"14,816,300.00"
17/07/2024,"22,260.32","23,575.48","22,211.61","23,088.39","1,000.00",0.04,"30,471,410.00"
16/07/2024,"22,065.48","22,260.32","21,968.06","22,114.19",50.00,0.00,"12,585,900.00"
15/07/2024,"22,260.32","22,309.03","22,016.77","22,065.48",-150.00,-0.01,"6,070,600.00"
12/07/2024,"22,260.32","22,406.45","22,211.61","22,211.61",0.00,0.00,"6,743,800.00"
11/07/2024,"22,552.58","22,747.42","22,211.61","22,211.61",-350.00,-0.02,"15,569,800.00"
10/07/2024,"22,796.13","22,844.84","22,503.87","22,552.58",-200.00,-0.01,"10,290,600.00"
09/07/2024,"22,698.71","22,893.55","22,650.00","22,747.42",-100.00,0.00,"11,389,200.00"
08/07/2024,"22,893.55","22,893.55","22,503.87","22,844.84",-50.00,0.00,"7,543,600.00"
05/07/2024,"22,747.42","22,893.55","22,601.29","22,893.55",0.00,0.00,"8,952,700.00"
04/07/2024,"22,893.55","22,942.26","22,698.71","22,893.55",0.00,0.00,"5,683,100.00"
03/07/2024,"22,357.74","22,942.26","22,309.03","22,893.55",600.00,0.03,"10,183,800.00"
02/07/2024,"22,260.32","22,601.29","22,065.48","22,309.03",250.00,0.01,"9,248,300.00"
01/07/2024,"22,503.87","22,503.87","22,065.48","22,065.48",-700.00,-0.03,"9,512,800.00"
28/06/2024,"22,844.84","22,893.55","21,919.35","22,747.42",-100.00,0.00,"27,544,500.00"
27/06/2024,"23,039.68","23,088.39","22,747.42","22,844.84",-550.00,-0.02,"32,338,200.00"
26/06/2024,"23,331.94","23,380.65","22,942.26","23,380.65",0.00,0.00,"58,321,500.00"
25/06/2024,"23,331.94","23,380.65","22,796.13","23,380.65",50.00,0.00,"12,095,000.00"
24/06/2024,"23,867.74","23,867.74","22,990.97","23,331.94",-550.00,-0.02,"14,634,100.00"
21/06/2024,"24,306.13","24,306.13","23,575.48","23,867.74",-300.00,-0.01,"11,686,300.00"
20/06/2024,"23,916.45","24,500.97","23,867.74","24,160.00",650.00,0.03,"36,583,800.00"
19/06/2024,"23,867.74","23,867.74","23,453.71","23,526.77",-500.00,-0.01,"32,262,300.00"
18/06/2024,"23,672.90","23,916.45","23,478.06","23,770.32",200.00,0.00,"44,387,300.00"
17/06/2024,"23,892.10","23,892.10","23,624.19","23,672.90",-500.00,-0.01,"13,546,200.00"
14/06/2024,"24,111.29","24,135.65","23,916.45","23,916.45",-300.00,-0.01,"9,835,600.00"
13/06/2024,"24,111.29","24,160.00","24,013.87","24,062.58",0.00,0.00,"8,674,900.00"
12/06/2024,"24,038.23","24,111.29","23,867.74","24,062.58",50.00,0.00,"13,822,960.00"
11/06/2024,"24,111.29","24,281.77","23,940.81","24,038.23",450.00,0.01,"16,686,900.00"
10/06/2024,"24,111.29","24,111.29","23,551.13","23,819.03",-200.00,0.00,"11,175,400.00"
07/06/2024,"23,867.74","24,208.71","23,721.61","23,916.45","1,100.00",0.02,"18,843,700.00"
06/06/2024,"23,161.45","23,380.65","22,990.97","23,380.65",500.00,0.01,"13,278,600.00"
05/06/2024,"23,234.52","23,258.87","22,990.97","23,137.10",-100.00,0.00,"12,931,100.00"
04/06/2024,"23,137.10","23,283.23","22,893.55","23,185.81",450.00,0.01,"12,239,000.00"
03/06/2024,"23,137.10","23,234.52","22,942.26","22,966.61",150.00,0.00,"12,291,000.00"
31/05/2024,"22,796.13","22,893.55","22,552.58","22,893.55",200.00,0.00,"7,954,200.00"
30/05/2024,"22,430.81","22,796.13","22,333.39","22,796.13",300.00,0.01,"7,641,701.00"
29/05/2024,"22,893.55","22,917.90","22,601.29","22,650.00",-400.00,-0.01,"7,308,600.00"
28/05/2024,"22,650.00","22,869.19","22,552.58","22,844.84",400.00,0.01,"6,014,900.00"
27/05/2024,"22,601.29","22,698.71","22,406.45","22,650.00",100.00,0.00,"5,077,700.00"
24/05/2024,"22,479.52","23,015.32","22,309.03","22,601.29",-100.00,0.00,"21,753,601.00"
23/05/2024,"22,552.58","22,723.06","22,333.39","22,650.00",100.00,0.00,"7,238,900.00"
22/05/2024,"23,015.32","23,137.10","22,576.94","22,601.29",-800.00,-0.02,"15,355,900.00"
21/05/2024,"23,429.35","23,478.06","22,917.90","22,990.97","-1,000.00",-0.02,"19,123,500.00"
20/05/2024,"23,596.16","23,855.98","23,407.21","23,478.06",-50.00,0.00,"11,449,601.00"
17/05/2024,"23,501.68","23,619.78","23,454.44","23,501.68",-150.00,0.00,"6,610,750.00"
16/05/2024,"22,911.19","23,596.16","22,863.95","23,572.54","1,800.00",0.04,"21,363,102.00"
15/05/2024,"22,627.75","22,745.85","22,556.89","22,722.23",200.00,0.00,"10,026,100.00"
14/05/2024,"22,887.57","22,887.57","22,604.13","22,627.75",-500.00,-0.01,"8,835,800.00"
13/05/2024,"22,911.19","22,982.05","22,674.99","22,863.95",-100.00,0.00,"12,644,800.00"
10/05/2024,"23,052.91","23,052.91","22,627.75","22,911.19",50.00,0.00,"7,979,300.00"
09/05/2024,"22,958.43","23,100.15","22,580.51","22,887.57",250.00,0.01,"11,035,237.00"
08/05/2024,"22,627.75","23,241.87","22,344.31","22,769.47",300.00,0.01,"15,386,300.00"
07/05/2024,"22,840.33","22,840.33","22,533.27","22,627.75",-450.00,-0.01,"10,341,800.00"
06/05/2024,"22,911.19","23,005.67","22,627.75","22,840.33",150.00,0.00,"13,377,500.00"
03/05/2024,"22,438.79","23,052.91","22,391.55","22,769.47","1,350.00",0.03,"14,679,567.00"
02/05/2024,"22,108.12","22,178.98","21,895.54","22,131.74",250.00,0.01,"4,507,700.00"
26/04/2024,"21,730.20","22,155.36","21,564.86","22,013.64",450.00,0.01,"10,536,390.00"
25/04/2024,"22,202.60","22,202.60","21,635.72","21,801.06",-850.00,-0.02,"9,235,596.00"
24/04/2024,"22,108.12","22,226.22","21,919.16","22,202.60",800.00,0.02,"10,845,831.00"
23/04/2024,"21,494.00","22,438.79","21,494.00","21,824.68",950.00,0.02,"16,462,900.00"
22/04/2024,"21,423.14","21,588.48","21,210.57","21,375.90",750.00,0.02,"7,066,300.00"
19/04/2024,"20,785.41","21,092.47","20,478.35","21,021.61",-350.00,-0.01,"15,127,400.00"
17/04/2024,"21,494.00","21,541.24","21,092.47","21,186.95",-650.00,-0.01,"9,203,000.00"
16/04/2024,"21,234.19","21,494.00","20,879.89","21,494.00","1,100.00",0.02,"15,771,800.00"
15/04/2024,"22,297.08","22,415.17","20,879.89","20,974.37","-3,000.00",-0.06,"16,220,800.00"
12/04/2024,"21,470.38","22,415.17","21,305.04","22,391.55","2,300.00",0.05,"14,342,300.00"
11/04/2024,"21,281.42","21,564.86","21,234.19","21,305.04",-550.00,-0.01,"14,375,200.00"
10/04/2024,"21,730.20","22,108.12","21,541.24","21,564.86",-150.00,0.00,"7,862,900.00"
09/04/2024,"21,494.00","21,635.72","21,352.28","21,635.72",300.00,0.01,"5,734,200.00"
08/04/2024,"21,257.80","21,659.34","21,210.57","21,494.00",300.00,0.01,"10,689,400.00"
05/04/2024,"21,494.00","21,682.96","21,328.66","21,352.28",-800.00,-0.02,"14,385,600.00"
04/04/2024,"21,966.40","22,084.50","21,706.58","21,730.20",-800.00,-0.02,"11,082,712.00"
03/04/2024,"22,391.55","22,651.37","22,108.12","22,108.12",-850.00,-0.02,"14,928,700.00"
02/04/2024,"22,486.03","22,674.99","22,202.60","22,509.65",200.00,0.00,"28,943,770.00"
01/04/2024,"22,462.41","22,533.27","22,131.74","22,415.17",-100.00,0.00,"11,181,000.00"
29/03/2024,"22,651.37","22,745.85","22,462.41","22,462.41",-450.00,-0.01,"9,046,100.00"
28/03/2024,"23,005.67","23,005.67","22,533.27","22,674.99","2,450.00",0.05,"31,095,100.00"
27/03/2024,"21,824.68","21,824.68","21,305.04","21,517.62",-400.00,-0.01,"5,976,700.00"
26/03/2024,"21,163.33","21,824.68","21,021.61","21,706.58","1,150.00",0.03,"10,522,020.00"
25/03/2024,"21,541.24","21,919.16","20,856.27","21,163.33",-100.00,0.00,"15,385,900.00"
22/03/2024,"21,494.00","21,494.00","20,809.03","21,210.57",-200.00,0.00,"14,213,201.00"
21/03/2024,"20,124.06","21,305.04","20,124.06","21,305.04","2,800.00",0.07,"19,640,600.00"
20/03/2024,"19,084.78","20,053.20","18,919.45","19,982.34","2,000.00",0.05,"18,239,500.00"
19/03/2024,"18,990.31","19,084.78","18,706.87","19,037.55",200.00,0.00,"5,943,900.00"
18/03/2024,"19,462.70","19,462.70","18,612.39","18,943.07","-1,300.00",-0.03,"15,643,100.00"
15/03/2024,"19,486.32","19,675.28","19,084.78","19,557.18",0.00,0.00,"7,540,800.00"
14/03/2024,"19,887.86","19,887.86","19,486.32","19,557.18",-600.00,-0.01,"7,845,500.00"
13/03/2024,"19,462.70","19,840.62","19,344.60","19,840.62",800.00,0.02,"20,370,300.00"
12/03/2024,"19,061.17","19,509.94","18,943.07","19,462.70",800.00,0.02,"8,877,100.00"
11/03/2024,"19,320.98","19,462.70","18,848.59","19,084.78",-600.00,-0.01,"11,381,600.00"
08/03/2024,"20,053.20","20,124.06","19,368.22","19,368.22","-1,600.00",-0.04,"22,687,300.00"
07/03/2024,"20,242.15","20,454.73","20,029.58","20,124.06",-150.00,0.00,"7,986,600.00"
06/03/2024,"19,864.24","20,549.21","19,746.14","20,194.91",550.00,0.01,"14,401,800.00"
05/03/2024,"19,746.14","19,935.10","19,557.18","19,935.10",350.00,0.01,"8,545,500.00"
04/03/2024,"19,722.52","19,935.10","19,533.56","19,769.76",0.00,0.00,"9,481,800.00"
01/03/2024,"19,698.90","19,769.76","19,486.32","19,769.76",-350.00,-0.01,"12,690,100.00"
29/02/2024,"20,053.20","20,053.20","19,533.56","19,935.10",0.00,0.00,"12,513,100.00"
28/02/2024,"19,864.24","20,005.96","19,628.04","19,935.10",250.00,0.01,"8,417,600.00"
27/02/2024,"19,557.18","19,817.00","19,368.22","19,817.00",750.00,0.02,"9,845,001.00"
26/02/2024,"18,990.31","19,604.42","18,990.31","19,462.70","1,100.00",0.03,"12,975,800.00"
23/02/2024,"19,250.12","20,005.96","18,895.83","18,943.07",-200.00,0.00,"25,428,600.00"
22/02/2024,"18,423.43","19,061.17","18,399.81","19,037.55","1,300.00",0.03,"12,753,200.00"
21/02/2024,"18,305.33","18,588.77","18,234.47","18,423.43",100.00,0.00,"15,286,200.00"
20/02/2024,"18,328.95","18,423.43","18,187.23","18,376.19",0.00,0.00,"12,296,200.00"
19/02/2024,"18,210.85","18,447.05","18,163.61","18,376.19",400.00,0.01,"16,794,301.00"
16/02/2024,"18,187.23","18,281.71","17,903.80","18,187.23",100.00,0.00,"8,418,830.00"
15/02/2024,"17,714.84","18,399.81","17,691.22","18,139.99","1,100.00",0.03,"15,968,500.00"
07/02/2024,"16,911.76","17,620.36","16,911.76","17,620.36","1,650.00",0.05,"12,522,200.00"
06/02/2024,"16,840.91","17,100.72","16,817.29","16,840.91",150.00,0.00,"4,271,900.00"
05/02/2024,"16,274.03","17,006.24","16,250.41","16,770.05","1,350.00",0.04,"10,088,900.00"
02/02/2024,"16,061.45","16,274.03","16,061.45","16,132.31",0.00,0.00,"9,735,169.00"
01/02/2024,"16,274.03","16,368.51","16,061.45","16,132.31",-400.00,-0.01,"10,924,100.00"
31/01/2024,"16,628.33","16,651.95","16,250.41","16,321.27",-650.00,-0.02,"9,833,332.00"
30/01/2024,"16,581.09","16,651.95","16,392.13","16,628.33",-50.00,0.00,"5,823,800.00"
29/01/2024,"16,746.43","16,840.91","16,628.33","16,651.95",-150.00,0.00,"7,209,100.00"
26/01/2024,"16,557.47","16,770.05","16,533.85","16,722.81",400.00,0.01,"3,502,200.00"
25/01/2024,"16,651.95","16,651.95","16,486.61","16,533.85",-250.00,-0.01,"5,597,400.00"
24/01/2024,"16,651.95","16,793.67","16,651.95","16,651.95",-200.00,-0.01,"4,103,000.00"
23/01/2024,"16,770.05","17,006.24","16,722.81","16,746.43",500.00,0.01,"14,222,900.00"
22/01/2024,"16,675.57","16,675.57","16,392.13","16,510.23",0.00,0.00,"5,755,900.00"
19/01/2024,"16,344.89","16,604.71","16,297.65","16,510.23",550.00,0.02,"8,298,400.00"
18/01/2024,"16,179.55","16,344.89","16,085.07","16,250.41",350.00,0.01,"6,235,400.00"
17/01/2024,"16,132.31","16,368.51","16,061.45","16,085.07",-100.00,0.00,"5,116,201.00"
16/01/2024,"16,108.69","16,155.93","15,966.97","16,132.31",-150.00,0.00,"6,462,900.00"
15/01/2024,"16,392.13","16,439.37","16,203.17","16,203.17",-350.00,-0.01,"6,948,100.00"
12/01/2024,"15,990.59","16,392.13","15,848.87","16,368.51",500.00,0.01,"11,986,800.00"
11/01/2024,"16,203.17","16,344.89","15,966.97","16,132.31",-250.00,-0.01,"10,797,500.00"
10/01/2024,"16,321.27","16,392.13","16,179.55","16,250.41",-100.00,0.00,"7,474,800.00"
09/01/2024,"16,061.45","16,297.65","15,966.97","16,297.65",400.00,0.01,"7,835,500.00"
08/01/2024,"15,825.25","16,132.31","15,754.40","16,108.69",900.00,0.03,"12,433,800.00"
05/01/2024,"15,636.30","15,778.02","15,589.06","15,683.54",100.00,0.00,"3,569,900.00"
04/01/2024,"15,400.10","15,896.11","15,376.48","15,636.30",500.00,0.02,"12,498,900.00"
03/01/2024,"15,069.42","15,400.10","15,045.80","15,400.10",500.00,0.02,"6,115,500.00"
02/01/2024,"15,069.42","15,234.76","15,022.18","15,163.90",300.00,0.01,"9,675,101.00"
29/12/2023,"14,974.94","15,093.04","14,880.46","15,022.18",300.00,0.01,"4,698,200.00"
28/12/2023,"14,597.03","14,951.32","14,597.03","14,880.46",650.00,0.02,"8,714,400.00"
27/12/2023,"14,573.41","14,715.12","14,573.41","14,573.41",50.00,0.00,"10,495,600.00"
26/12/2023,"14,573.41","14,644.27","14,526.17","14,549.79",-150.00,0.00,"4,811,958.00"
25/12/2023,"14,549.79","14,644.27","14,455.31","14,620.65",350.00,0.01,"2,592,700.00"
22/12/2023,"14,408.07","14,549.79","14,384.45","14,455.31",-50.00,0.00,"6,112,300.00"
21/12/2023,"14,313.59","14,478.93","14,242.73","14,478.93",300.00,0.01,"2,817,084.00"
20/12/2023,"14,313.59","14,431.69","14,242.73","14,337.21",-250.00,-0.01,"9,530,022.00"
19/12/2023,"14,171.87","14,455.31","14,077.39","14,455.31",550.00,0.02,"2,189,500.00"
18/12/2023,"14,455.31","14,478.93","14,195.49","14,195.49",-550.00,-0.02,"27,007,000.00"
15/12/2023,"14,431.69","14,549.79","14,360.83","14,455.31",50.00,0.00,"2,263,100.00"
14/12/2023,"14,549.79","14,573.41","14,431.69","14,431.69",50.00,0.00,"21,807,200.00"
13/12/2023,"14,715.12","14,715.12","14,408.07","14,408.07",-550.00,-0.02,"7,513,000.00"
12/12/2023,"14,573.41","14,667.89","14,526.17","14,667.89",200.00,0.01,"38,667,700.00"
11/12/2023,"14,620.65","14,644.27","14,478.93","14,573.41",-100.00,0.00,"6,438,500.00"
08/12/2023,"14,573.41","14,644.27","14,455.31","14,620.65",100.00,0.00,"32,080,286.00"
07/12/2023,"14,431.69","14,667.89","14,313.59","14,573.41",450.00,0.01,"7,894,300.00"
06/12/2023,"14,171.87","14,408.07","14,171.87","14,360.83",350.00,0.01,"36,631,003.00"
05/12/2023,"14,289.97","14,313.59","14,124.63","14,195.49",-150.00,0.00,"8,053,500.00"
04/12/2023,"14,077.39","14,408.07","14,077.39","14,266.35",450.00,0.02,"23,531,001.00"
01/12/2023,"13,982.91","14,101.01","13,864.81","14,053.77",250.00,0.01,"10,030,310.00"
30/11/2023,"14,053.77","14,195.49","13,935.67","13,935.67",-400.00,-0.01,"21,501,667.00"
29/11/2023,"14,124.63","14,313.59","13,982.91","14,124.63",-50.00,0.00,"3,808,700.00"
28/11/2023,"13,841.19","14,148.25","13,605.00","14,148.25",650.00,0.02,"33,980,300.00"
27/11/2023,"14,148.25","14,148.25","13,841.19","13,841.19",-750.00,-0.02,"3,115,170.00"
24/11/2023,"14,337.21","14,455.31","13,912.05","14,195.49",-350.00,-0.01,"20,532,600.00"
23/11/2023,"14,738.74","14,785.98","14,360.83","14,360.83",-550.00,-0.02,"5,988,602.00"
22/11/2023,"14,597.03","14,644.27","14,478.93","14,620.65",150.00,0.00,"7,286,200.00"
21/11/2023,"14,809.60","14,809.60","14,549.79","14,549.79",-200.00,-0.01,"3,972,000.00"
20/11/2023,"14,408.07","14,762.36","14,384.45","14,644.27",-150.00,0.00,"9,756,400.00"
17/11/2023,"14,974.94","15,093.04","14,502.55","14,715.12",-550.00,-0.02,"5,427,600.00"
16/11/2023,"14,880.46","15,022.18","14,880.46","14,974.94",150.00,0.00,"8,787,900.00"
15/11/2023,"15,116.66","15,211.14","14,880.46","14,904.08",50.00,0.00,"3,671,500.00"
14/11/2023,"14,715.12","14,998.56","14,597.03","14,880.46",600.00,0.02,"8,863,701.00"
13/11/2023,"14,785.98","14,785.98","14,478.93","14,597.03",-150.00,0.00,"4,832,300.00"
10/11/2023,"14,738.74","14,880.46","14,502.55","14,667.89",-450.00,-0.01,"5,654,300.00"
09/11/2023,"15,045.80","15,093.04","14,785.98","14,880.46",-300.00,-0.01,"4,253,500.00"
08/11/2023,"14,455.31","15,069.42","14,266.35","15,022.18","1,200.00",0.04,"4,180,400.00"
07/11/2023,"14,455.31","14,620.65","14,384.45","14,455.31",-400.00,-0.01,"7,510,200.00"
06/11/2023,"14,549.79","14,644.27","14,313.59","14,644.27",0.00,0.00,"3,551,401.00"
03/11/2023,"14,148.25","14,644.27","13,959.29","14,644.27","1,650.00",0.06,"8,122,701.00"
02/11/2023,"13,605.00","13,982.91","13,463.28","13,864.81","1,150.00",0.04,"4,755,900.00"
01/11/2023,"13,368.80","13,439.66","12,967.26","13,321.56",500.00,0.02,"4,760,300.00"
31/10/2023,"13,321.56","13,463.28","12,849.16","13,085.36",-400.00,-0.01,"7,146,400.00"
30/10/2023,"13,793.95","13,817.57","13,274.32","13,274.32","-1,450.00",-0.05,"13,042,400.00"
27/10/2023,"14,171.87","14,360.83","13,746.71","13,959.29",-250.00,-0.01,"7,556,032.00"
26/10/2023,"14,549.79","14,620.65","13,793.95","14,077.39","-1,400.00",-0.04,"8,302,000.00"
25/10/2023,"14,738.74","14,927.70","14,738.74","14,738.74",-150.00,0.00,"2,422,800.00"
24/10/2023,"14,809.60","15,022.18","14,667.89","14,809.60",450.00,0.01,"5,764,400.00"
23/10/2023,"14,691.51","14,880.46","14,408.07","14,597.03",-200.00,-0.01,"7,762,400.00"
20/10/2023,"14,502.55","14,833.22","14,431.69","14,691.51",450.00,0.01,"4,241,600.00"
19/10/2023,"14,762.36","14,833.22","14,478.93","14,478.93",-600.00,-0.02,"4,644,100.00"
18/10/2023,"14,998.56","15,022.18","14,644.27","14,762.36",-500.00,-0.02,"5,367,400.00"
17/10/2023,"15,093.04","15,211.14","14,998.56","14,998.56",-50.00,0.00,"3,691,900.00"
16/10/2023,"15,140.28","15,258.38","15,022.18","15,022.18",-400.00,-0.01,"3,236,501.00"
13/10/2023,"15,305.62","15,329.24","15,116.66","15,211.14",-300.00,-0.01,"2,567,100.00"
12/10/2023,"15,447.34","15,518.20","15,352.86","15,352.86",-100.00,0.00,"3,654,200.00"
11/10/2023,"15,423.72","15,423.72","15,258.38","15,400.10",100.00,0.00,"5,099,800.00"
10/10/2023,"15,258.38","15,423.72","15,234.76","15,352.86",400.00,0.01,"4,449,800.00"
09/10/2023,"15,163.90","15,187.52","15,069.42","15,163.90",50.00,0.00,"4,452,000.00"
06/10/2023,"14,998.56","15,234.76","14,927.70","15,140.28",250.00,0.01,"4,234,001.00"
05/10/2023,"15,282.00","15,400.10","15,022.18","15,022.18",-450.00,-0.01,"6,684,100.00"
04/10/2023,"15,234.76","15,423.72","15,116.66","15,234.76",-250.00,-0.01,"3,019,749.00"
03/10/2023,"15,541.82","15,541.82","15,069.42","15,352.86",-650.00,-0.02,"8,787,900.00"
02/10/2023,"15,896.11","15,896.11","15,589.06","15,659.92",-500.00,-0.01,"8,128,202.00"
29/09/2023,"15,825.25","15,919.73","15,636.30","15,896.11",0.00,0.00,"3,095,120.00"
28/09/2023,"15,400.10","16,014.21","15,045.80","15,896.11","1,050.00",0.03,"6,603,381.00"
27/09/2023,"15,234.76","15,400.10","15,234.76","15,400.10",200.00,0.01,"4,000,812.00"
26/09/2023,"15,494.58","15,589.06","15,305.62","15,305.62",-400.00,-0.01,"6,317,299.00"
25/09/2023,"16,061.45","16,155.93","15,470.96","15,494.58","-1,200.00",-0.04,"5,156,978.00"
22/09/2023,"16,037.83","16,179.55","15,778.02","16,061.45",-300.00,-0.01,"12,694,590.00"
21/09/2023,"16,226.79","16,297.65","16,061.45","16,203.17",-50.00,0.00,"6,999,832.00"
20/09/2023,"16,014.21","16,297.65","15,990.59","16,226.79",450.00,0.01,"5,220,014.00"
19/09/2023,"16,203.17","16,226.79","15,966.97","16,014.21",-200.00,-0.01,"16,640,722.00"
18/09/2023,"16,462.99","16,533.85","16,061.45","16,108.69",-800.00,-0.02,"23,416,657.00"
15/09/2023,"16,581.09","16,770.05","16,486.61","16,486.61",0.00,0.00,"8,669,371.00"
14/09/2023,"16,581.09","16,888.14","16,486.61","16,486.61",-100.00,0.00,"7,875,756.00"
13/09/2023,"16,722.81","16,746.43","16,462.99","16,533.85",-300.00,-0.01,"6,537,671.00"
12/09/2023,"16,321.27","16,675.57","16,250.41","16,675.57",750.00,0.02,"20,563,256.00"
11/09/2023,"16,817.29","16,817.29","16,274.03","16,321.27",-800.00,-0.02,"11,825,704.00"
08/09/2023,"16,935.38","16,959.00","16,699.19","16,699.19",-400.00,-0.01,"50,488,650.00"
07/09/2023,"16,651.95","17,077.10","16,581.09","16,888.14",550.00,0.02,"9,232,017.00"
06/09/2023,"16,557.47","16,699.19","16,462.99","16,628.33",200.00,0.01,"7,869,410.00"
05/09/2023,"16,439.37","16,604.71","16,415.75","16,533.85",500.00,0.01,"45,578,080.00"
31/08/2023,"16,108.69","16,297.65","16,108.69","16,297.65",500.00,0.01,"4,121,703.00"
30/08/2023,"16,061.45","16,203.17","16,014.21","16,061.45",100.00,0.00,"4,288,504.00"
29/08/2023,"16,061.45","16,179.55","15,943.35","16,014.21",-100.00,0.00,"8,887,312.00"
28/08/2023,"15,990.59","16,108.69","15,872.49","16,061.45",350.00,0.01,"4,084,357.00"
25/08/2023,"15,919.73","15,990.59","15,778.02","15,896.11",-150.00,0.00,"5,298,240.00"
24/08/2023,"15,825.25","16,037.83","15,778.02","15,966.97",600.00,0.02,"5,896,068.00"
23/08/2023,"16,061.45","16,155.93","15,683.54","15,683.54",100.00,0.00,"9,601,363.00"
22/08/2023,"15,470.96","15,636.30","15,069.42","15,636.30",350.00,0.01,"19,389,151.00"
21/08/2023,"15,352.86","15,565.44","15,163.90","15,470.96",250.00,0.01,"5,605,922.00"
18/08/2023,"16,321.27","16,321.27","15,329.24","15,352.86","-2,200.00",-0.06,"13,569,921.00"
17/08/2023,"16,675.57","16,675.57","16,392.13","16,392.13",-600.00,-0.02,"8,058,795.00"
16/08/2023,"16,061.45","16,699.19","16,037.83","16,675.57","1,250.00",0.04,"16,230,116.00"
15/08/2023,"16,014.21","16,250.41","15,990.59","16,085.07",250.00,0.01,"4,652,930.00"
14/08/2023,"15,943.35","15,966.97","15,801.63","15,966.97",150.00,0.00,"5,118,601.00"
11/08/2023,"15,848.87","15,966.97","15,636.30","15,896.11",150.00,0.00,"5,978,710.00"
10/08/2023,"16,061.45","16,085.07","15,825.25","15,825.25",-500.00,-0.01,"6,276,126.00"
09/08/2023,"16,085.07","16,155.93","15,966.97","16,061.45",0.00,0.00,"5,138,624.00"
08/08/2023,"16,250.41","16,297.65","16,037.83","16,061.45",-350.00,-0.01,"6,450,455.00"
07/08/2023,"16,155.93","16,274.03","16,061.45","16,226.79",750.00,0.02,"6,217,926.00"
04/08/2023,"15,896.11","16,155.93","15,801.63","15,872.49",100.00,0.00,"13,250,555.00"
03/08/2023,"16,061.45","16,085.07","15,825.25","15,825.25",-400.00,-0.01,"4,707,605.00"
02/08/2023,"16,014.21","16,108.69","15,943.35","16,014.21",-100.00,0.00,"5,571,570.00"
01/08/2023,"16,344.89","16,344.89","16,061.45","16,061.45",-300.00,-0.01,"9,724,685.00"
31/07/2023,"16,108.69","16,344.89","16,061.45","16,203.17",500.00,0.01,"7,942,073.00"
28/07/2023,"15,612.68","15,966.97","15,589.06","15,966.97",700.00,0.02,"10,561,221.00"
27/07/2023,"15,754.40","15,801.63","15,447.34","15,636.30",-350.00,-0.01,"8,128,224.00"
26/07/2023,"15,825.25","15,848.87","15,683.54","15,801.63",-50.00,0.00,"8,183,387.00"
25/07/2023,"15,494.58","15,966.97","15,447.34","15,825.25","1,050.00",0.03,"13,503,325.00"
24/07/2023,"15,329.24","15,352.86","15,187.52","15,329.24",-50.00,0.00,"8,763,617.00"
21/07/2023,"15,045.80","15,258.38","15,045.80","15,258.38",400.00,0.01,"5,299,433.00"
20/07/2023,"15,305.62","15,305.62","15,022.18","15,069.42",-400.00,-0.01,"5,672,297.00"
19/07/2023,"15,423.72","15,541.82","15,234.76","15,258.38",0.00,0.00,"7,243,667.00"
18/07/2023,"15,069.42","15,258.38","15,022.18","15,258.38",400.00,0.01,"8,522,072.00"
17/07/2023,"15,163.90","15,163.90","15,022.18","15,069.42",-50.00,0.00,"7,475,283.00"
14/07/2023,"15,211.14","15,211.14","14,974.94","15,093.04",0.00,0.00,"4,658,332.00"
13/07/2023,"14,974.94","15,116.66","14,951.32","15,093.04",300.00,0.01,"8,552,666.00"
12/07/2023,"15,069.42","15,116.66","14,927.70","14,951.32",-300.00,-0.01,"7,080,349.00"
11/07/2023,"15,211.14","15,282.00","15,093.04","15,093.04",-50.00,0.00,"5,801,267.00"
10/07/2023,"15,116.66","15,163.90","14,974.94","15,116.66",450.00,0.01,"6,769,551.00"
07/07/2023,"14,880.46","15,022.18","14,785.98","14,904.08",0.00,0.00,"3,419,366.00"
06/07/2023,"15,093.04","15,140.28","14,738.74","14,904.08",-400.00,-0.01,"6,751,249.00"
05/07/2023,"15,187.52","15,305.62","15,093.04","15,093.04",-50.00,0.00,"16,601,966.00"
04/07/2023,"15,116.66","15,163.90","15,045.80","15,116.66",0.00,0.00,"5,381,749.00"
03/07/2023,"15,447.34","15,447.34","15,116.66","15,116.66",-350.00,-0.01,"4,321,484.00"
30/06/2023,"15,423.72","15,494.58","15,282.00","15,282.00",-300.00,-0.01,"2,763,249.00"
29/06/2023,"15,730.78","15,778.02","15,423.72","15,423.72",-650.00,-0.02,"3,912,183.00"
28/06/2023,"15,565.44","15,730.78","15,470.96","15,730.78",350.00,0.01,"4,654,832.00"
27/06/2023,"15,730.78","15,778.02","15,541.82","15,565.44",-350.00,-0.01,"4,014,085.00"
26/06/2023,"15,541.82","15,730.78","15,376.48","15,730.78",400.00,0.01,"4,296,332.00"
23/06/2023,"15,423.72","15,707.16","15,376.48","15,541.82",300.00,0.01,"7,792,983.00"
22/06/2023,"15,541.82","15,659.92","15,400.10","15,400.10",100.00,0.00,"7,451,949.00"
21/06/2023,"15,187.52","15,352.86","15,163.90","15,352.86",350.00,0.01,"6,065,966.00"
20/06/2023,"15,211.14","15,234.76","15,093.04","15,187.52",50.00,0.00,"5,691,950.00"
19/06/2023,"15,376.48","15,376.48","15,093.04","15,163.90",-450.00,-0.01,"9,057,466.00"
16/06/2023,"15,423.72","15,801.63","15,352.86","15,376.48",-100.00,0.00,"8,283,149.00"
15/06/2023,"15,400.10","15,541.82","15,305.62","15,423.72",50.00,0.00,"4,092,466.00"
14/06/2023,"15,589.06","15,801.63","15,376.48","15,400.10",-200.00,-0.01,"9,898,534.00"
13/06/2023,"15,447.34","15,541.82","15,305.62","15,494.58",100.00,0.00,"19,778,035.00"
12/06/2023,"15,234.76","15,518.20","15,069.42","15,447.34",300.00,0.01,"5,536,534.00"
09/06/2023,"15,022.18","15,352.86","14,927.70","15,305.62",650.00,0.02,"12,590,934.00"
08/06/2023,"15,447.34","15,470.96","14,998.56","14,998.56",-850.00,-0.03,"6,363,634.00"
07/06/2023,"15,376.48","15,470.96","15,211.14","15,400.10",-100.00,0.00,"8,905,234.00"
06/06/2023,"15,069.42","15,447.34","14,998.56","15,447.34",800.00,0.03,"8,438,000.00"
05/06/2023,"15,329.24","15,494.58","15,069.42","15,069.42",-300.00,-0.01,"7,139,202.00"
02/06/2023,"14,549.79","15,211.14","14,502.55","15,211.14","1,900.00",0.06,"21,363,132.00"
01/06/2023,"14,171.87","14,313.59","14,053.77","14,313.59",350.00,0.01,"11,750,300.00"
31/05/2023,"14,266.35","14,313.59","14,124.63","14,148.25",-250.00,-0.01,"9,329,001.00"
30/05/2023,"14,360.83","14,384.45","14,171.87","14,266.35",0.00,0.00,"8,494,200.00"
29/05/2023,"14,171.87","14,266.35","14,077.39","14,266.35",300.00,0.01,"2,867,401.00"
26/05/2023,"14,124.63","14,148.25","14,006.53","14,124.63",100.00,0.00,"1,947,900.00"
25/05/2023,"14,077.39","14,124.63","13,982.91","14,077.39",0.00,0.00,"2,773,800.00"
24/05/2023,"14,360.83","14,431.69","14,053.77","14,077.39",-550.00,-0.02,"17,254,201.00"
23/05/2023,"14,502.55","14,502.55","14,171.87","14,337.21",-150.00,0.00,"4,307,400.00"
22/05/2023,"14,030.15","14,455.31","14,030.15","14,408.07",850.00,0.03,"10,641,400.00"
19/05/2023,"13,959.29","14,053.77","13,817.57","14,006.53",100.00,0.00,"5,171,034.00"
18/05/2023,"13,817.57","14,030.15","13,817.57","13,959.29",300.00,0.01,"6,128,900.00"
17/05/2023,"14,030.15","14,124.63","13,817.57","13,817.57",-550.00,-0.02,"9,071,000.00"
16/05/2023,"14,219.11","14,219.11","14,053.77","14,077.39",-100.00,0.00,"4,229,000.00"
15/05/2023,"13,912.05","14,242.73","13,888.43","14,124.63",600.00,0.02,"11,455,500.00"
12/05/2023,"13,746.71","13,841.19","13,699.47","13,841.19",200.00,0.01,"3,338,600.00"
11/05/2023,"13,935.67","13,935.67","13,746.71","13,746.71",-200.00,-0.01,"2,752,600.00"
10/05/2023,"13,864.81","13,888.43","13,746.71","13,841.19",0.00,0.00,"5,934,400.00"
09/05/2023,"13,912.05","13,935.67","13,723.09","13,841.19",-100.00,0.00,"2,792,601.00"
08/05/2023,"13,652.23","13,888.43","13,557.76","13,888.43",700.00,0.02,"6,278,300.00"
05/05/2023,"13,723.09","13,793.95","13,439.66","13,557.76",-350.00,-0.01,"5,652,600.00"
04/05/2023,"13,935.67","13,935.67","13,652.23","13,723.09",-450.00,-0.02,"3,471,201.00"
28/04/2023,"14,148.25","14,148.25","13,935.67","13,935.67",-400.00,-0.01,"4,883,400.00"
27/04/2023,"14,266.35","14,266.35","14,101.01","14,124.63",-100.00,0.00,"2,747,200.00"
26/04/2023,"13,793.95","14,171.87","13,628.61","14,171.87","1,000.00",0.03,"7,225,600.00"
25/04/2023,"14,006.53","14,101.01","13,699.47","13,699.47",-500.00,-0.02,"6,045,500.00"
24/04/2023,"13,557.76","14,053.77","13,534.14","13,935.67",800.00,0.03,"3,648,700.00"
21/04/2023,"13,699.47","13,699.47","13,557.76","13,557.76",-150.00,-0.01,"3,679,800.00"
20/04/2023,"13,652.23","13,699.47","13,486.90","13,628.61",-150.00,-0.01,"7,730,700.00"
19/04/2023,"13,793.95","13,888.43","13,699.47","13,699.47",-150.00,-0.01,"6,378,100.00"
18/04/2023,"13,888.43","13,888.43","13,652.23","13,770.33",-300.00,-0.01,"4,615,500.00"
17/04/2023,"13,699.47","13,912.05","13,581.38","13,912.05",550.00,0.02,"7,112,500.00"
14/04/2023,"14,266.35","14,360.83","13,652.23","13,652.23","-1,300.00",-0.04,"10,775,000.00"
13/04/2023,"14,455.31","14,620.65","14,266.35","14,266.35",-500.00,-0.02,"4,157,900.00"
12/04/2023,"14,360.83","14,620.65","14,219.11","14,502.55",300.00,0.01,"5,451,200.00"
11/04/2023,"14,266.35","14,360.83","13,982.91","14,360.83",200.00,0.01,"7,344,100.00"
10/04/2023,"14,006.53","14,549.79","13,982.91","14,266.35",650.00,0.02,"11,709,100.00"
07/04/2023,"14,006.53","14,030.15","13,888.43","13,959.29",-50.00,0.00,"5,159,200.00"
06/04/2023,"13,864.81","14,266.35","13,864.81","13,982.91",100.00,0.00,"8,106,400.00"
05/04/2023,"13,888.43","13,982.91","13,793.95","13,935.67",0.00,0.00,"5,029,800.00"
04/04/2023,"13,841.19","13,935.67","13,723.09","13,935.67",200.00,0.01,"10,507,300.00"
03/04/2023,"13,699.47","13,864.81","13,557.76","13,841.19",950.00,0.03,"15,664,200.00"
31/03/2023,"13,132.60","13,416.04","13,132.60","13,392.42",650.00,0.02,"11,350,300.00"
30/03/2023,"13,392.42","13,463.28","13,085.36","13,085.36",-300.00,-0.01,"5,363,333.00"
29/03/2023,"13,014.50","13,368.80","12,990.88","13,227.08",450.00,0.02,"6,627,400.00"
28/03/2023,"12,612.96","13,085.36","12,612.96","13,014.50","1,050.00",0.04,"9,620,000.00"
27/03/2023,"12,494.87","12,612.96","12,447.63","12,518.49",50.00,0.00,"2,130,100.00"
24/03/2023,"12,471.25","12,612.96","12,424.01","12,494.87",250.00,0.01,"5,385,840.00"
23/03/2023,"12,376.77","12,447.63","12,211.43","12,376.77",0.00,0.00,"3,519,000.00"
22/03/2023,"12,494.87","12,565.72","12,376.77","12,376.77",-150.00,-0.01,"9,947,600.00"
21/03/2023,"12,518.49","12,565.72","12,329.53","12,447.63",100.00,0.00,"6,702,200.00"
20/03/2023,"12,518.49","12,565.72","12,400.39","12,400.39",-400.00,-0.02,"14,354,800.00"
17/03/2023,"12,660.20","12,801.92","12,565.72","12,589.34",-100.00,0.00,"4,064,800.00"
16/03/2023,"12,707.44","12,731.06","12,447.63","12,636.58",-450.00,-0.02,"8,230,600.00"
15/03/2023,"12,660.20","12,943.64","12,660.20","12,849.16",900.00,0.03,"4,767,800.00"
14/03/2023,"12,589.34","12,636.58","12,424.01","12,424.01",-450.00,-0.02,"4,041,500.00"
13/03/2023,"12,542.10","12,731.06","12,542.10","12,636.58",-400.00,-0.01,"44,346,900.00"
10/03/2023,"12,990.88","13,038.12","12,754.68","12,825.54",-650.00,-0.02,"2,129,800.00"
09/03/2023,"12,990.88","13,156.22","12,849.16","13,132.60",500.00,0.02,"4,815,700.00"
08/03/2023,"12,707.44","12,943.64","12,660.20","12,896.40",200.00,0.01,"2,665,300.00"
07/03/2023,"12,849.16","12,990.88","12,778.30","12,801.92",-100.00,0.00,"2,394,300.00"
06/03/2023,"12,754.68","12,967.26","12,612.96","12,849.16",400.00,0.01,"7,133,900.00"
03/03/2023,"12,849.16","12,920.02","12,542.10","12,660.20",-400.00,-0.01,"4,075,400.00"
02/03/2023,"13,014.50","13,038.12","12,754.68","12,849.16",-100.00,0.00,"1,759,900.00"
01/03/2023,"12,376.77","12,920.02","12,305.91","12,896.40",800.00,0.03,"2,204,200.00"
28/02/2023,"12,754.68","12,849.16","12,518.49","12,518.49",-500.00,-0.02,"3,579,100.00"
27/02/2023,"12,849.16","12,849.16","12,565.72","12,754.68",-250.00,-0.01,"6,952,000.00"
24/02/2023,"13,203.46","13,203.46","12,825.54","12,872.78",-700.00,-0.03,"4,716,300.00"
23/02/2023,"12,990.88","13,203.46","12,754.68","13,203.46",450.00,0.02,"5,915,400.00"
22/02/2023,"13,250.70","13,297.94","12,990.88","12,990.88",-900.00,-0.03,"19,065,000.00"
21/02/2023,"13,510.52","13,675.85","13,392.42","13,416.04",-200.00,-0.01,"7,120,900.00"
20/02/2023,"13,108.98","13,510.52","13,085.36","13,510.52",800.00,0.03,"5,999,900.00"
17/02/2023,"13,108.98","13,132.60","12,990.88","13,132.60",-100.00,0.00,"2,813,300.00"
16/02/2023,"13,038.12","13,179.84","12,849.16","13,179.84",500.00,0.02,"2,332,700.00"
15/02/2023,"12,683.82","13,038.12","12,565.72","12,943.64",550.00,0.02,"2,633,000.00"
14/02/2023,"12,518.49","12,943.64","12,518.49","12,683.82",250.00,0.01,"3,279,800.00"
13/02/2023,"12,683.82","12,707.44","12,447.63","12,565.72",-350.00,-0.01,"4,041,200.00"
10/02/2023,"12,920.02","12,990.88","12,707.44","12,731.06",-350.00,-0.01,"4,529,000.00"
09/02/2023,"13,085.36","13,156.22","12,896.40","12,896.40",-550.00,-0.02,"3,782,300.00"
08/02/2023,"12,990.88","13,203.46","12,943.64","13,156.22",450.00,0.02,"8,609,000.00"
07/02/2023,"13,203.46","13,250.70","12,943.64","12,943.64",-550.00,-0.02,"6,538,400.00"
06/02/2023,"12,801.92","13,227.08","12,778.30","13,203.46",850.00,0.03,"6,403,300.00"
03/02/2023,"13,274.32","13,321.56","12,801.92","12,801.92",-900.00,-0.03,"7,923,000.00"
02/02/2023,"13,321.56","13,416.04","13,038.12","13,227.08",-200.00,-0.01,"4,715,200.00"
01/02/2023,"13,935.67","13,935.67","13,227.08","13,321.56","-1,200.00",-0.04,"7,914,500.00"
31/01/2023,"13,534.14","13,888.43","13,250.70","13,888.43",700.00,0.02,"6,369,400.00"
30/01/2023,"13,723.09","13,723.09","13,486.90","13,557.76",-350.00,-0.01,"6,458,000.00"
27/01/2023,"13,864.81","14,030.15","13,699.47","13,723.09",-50.00,0.00,"5,539,200.00"
19/01/2023,"13,628.61","13,841.19","13,628.61","13,746.71",0.00,0.00,"10,303,400.00"
18/01/2023,"13,746.71","13,770.33","13,652.23","13,746.71",100.00,0.00,"10,091,290.00"
17/01/2023,"13,416.04","13,841.19","13,392.42","13,699.47",900.00,0.03,"8,423,900.00"
16/01/2023,"13,156.22","13,274.32","13,061.74","13,274.32",300.00,0.01,"15,054,600.00"
13/01/2023,"13,179.84","13,368.80","13,132.60","13,132.60",-50.00,0.00,"2,810,200.00"
12/01/2023,"13,061.74","13,203.46","13,038.12","13,156.22",200.00,0.01,"3,527,200.00"
11/01/2023,"12,967.26","13,227.08","12,896.40","13,061.74",200.00,0.01,"3,443,800.00"
10/01/2023,"13,108.98","13,227.08","12,896.40","12,967.26",-300.00,-0.01,"2,696,200.00"
09/01/2023,"13,132.60","13,203.46","13,038.12","13,108.98",50.00,0.00,"7,487,700.00"
06/01/2023,"12,967.26","13,416.04","12,896.40","13,085.36",50.00,0.00,"7,860,900.00"
05/01/2023,"12,896.40","13,132.60","12,825.54","13,061.74",350.00,0.01,"7,837,800.00"
04/01/2023,"12,967.26","13,132.60","12,872.78","12,896.40",-150.00,-0.01,"6,592,300.00"
03/01/2023,"12,164.19","12,967.26","12,164.19","12,967.26","1,600.00",0.06,"3,786,800.00"
30/12/2022,"12,258.67","12,329.53","12,211.43","12,211.43",-100.00,0.00,"5,502,900.00"
29/12/2022,"12,329.53","12,424.01","12,164.19","12,258.67",,,"3,579,700.00"
28/12/2022,"12,329.53","12,494.87","12,164.19","12,353.15",,,"7,574,400.00"
27/12/2022,"12,093.33","12,424.01","11,998.85","12,424.01",,,"5,638,200.00"
26/12/2022,"12,872.78","12,943.64","12,140.57","12,140.57",,,"7,563,600.00"
23/12/2022,"13,085.36","13,179.84","12,731.06","13,038.12",,,"3,614,700.00"
22/12/2022,"13,108.98","13,416.04","12,872.78","13,085.36",,,"7,861,900.00"
21/12/2022,"13,250.70","13,321.56","12,424.01","13,085.36",,,"7,533,300.00"
20/12/2022,"13,699.47","13,817.57","12,872.78","13,085.36",,,"20,707,600.00"
19/12/2022,"13,770.33","14,478.93","13,723.09","13,817.57",,,"10,027,200.00"
16/12/2022,"13,699.47","13,841.19","13,510.52","13,770.33",,,"11,957,180.00"
15/12/2022,"13,605.00","13,959.29","13,510.52","13,935.67",,,"7,837,800.00"
14/12/2022,"13,935.67","14,030.15","13,605.00","13,605.00",,,"12,774,600.00"
13/12/2022,"12,849.16","13,605.00","12,754.68","13,605.00",,,"7,677,900.00"
12/12/2022,"13,345.18","13,486.90","12,849.16","12,849.16",,,"36,553,600.00"
09/12/2022,"13,439.66","13,463.28","13,085.36","13,345.18",,,"5,605,400.00"
08/12/2022,"12,660.20","13,321.56","12,518.49","13,321.56",,,"14,554,300.00"
07/12/2022,"12,754.68","12,825.54","12,258.67","12,471.25",,,"7,114,400.00"
06/12/2022,"13,605.00","13,699.47","12,754.68","12,778.30",,,"14,950,500.00"
05/12/2022,"13,935.67","14,077.39","13,605.00","13,699.47",,,"8,466,100.00"
02/12/2022,"12,754.68","13,699.47","12,683.82","13,605.00",,,"19,196,200.00"
01/12/2022,"12,400.39","13,085.36","12,400.39","12,943.64",,,"18,858,500.00"
30/11/2022,"11,904.37","12,235.05","11,786.27","12,235.05",,,"8,860,700.00"
29/11/2022,"11,786.27","12,093.33","11,502.83","11,904.37",,,"8,376,400.00"
28/11/2022,"11,006.82","11,620.93","10,983.20","11,620.93",,,"11,231,600.00"
25/11/2022,"10,558.04","10,865.10","10,487.18","10,865.10",,,"5,771,200.00"
24/11/2022,"10,392.70","10,487.18","10,156.51","10,463.56",,,"7,841,500.00"
23/11/2022,"10,392.70","10,581.66","10,250.99","10,392.70",,,"4,018,800.00"
22/11/2022,"10,416.32","10,888.72","10,321.85","10,321.85",,,"9,448,800.00"
21/11/2022,"10,699.76","10,912.34","10,510.80","10,510.80",,,"8,879,400.00"
18/11/2022,"10,794.24","11,030.44","10,298.23","10,723.38",,,"7,624,800.00"
17/11/2022,"10,723.38","10,888.72","10,487.18","10,841.48",,,"6,746,300.00"
16/11/2022,"9,117.24","10,439.94","9,117.24","10,439.94",,,"24,110,600.00"
15/11/2022,"10,416.32","10,416.32","9,754.97","9,778.59",,,"10,943,000.00"
14/11/2022,"10,487.18","10,581.66","10,062.03","10,487.18",,,"6,788,500.00"
11/11/2022,"11,101.30","11,313.88","10,770.62","10,770.62",,,"5,479,500.00"
10/11/2022,"11,337.50","11,384.74","10,699.76","10,747.00",,,"14,039,707.00"
09/11/2022,"11,573.69","11,857.13","11,431.98","11,502.83",,,"4,135,200.00"
08/11/2022,"11,219.40","11,762.65","10,865.10","11,408.36",,,"14,488,600.00"
07/11/2022,"12,022.47","12,187.81","11,219.40","11,219.40",,,"10,925,200.00"
04/11/2022,"11,809.89","12,046.09","11,361.12","12,046.09",,,"17,410,200.00"
03/11/2022,"11,644.55","12,211.43","11,644.55","12,211.43",,,"8,948,000.00"
02/11/2022,"12,140.57","12,187.81","11,833.51","11,904.37",,,"8,602,800.00"
01/11/2022,"11,809.89","12,282.29","11,809.89","12,116.95",,,"10,239,400.00"
31/10/2022,"11,620.93","11,715.41","11,101.30","11,620.93",,,"7,284,700.00"
28/10/2022,"11,148.54","11,526.45","11,101.30","11,526.45",,,"13,964,730.00"
27/10/2022,"10,156.51","10,794.24","10,156.51","10,794.24",,,"9,172,800.00"
26/10/2022,"10,250.99","10,298.23","9,943.93","10,109.27",,,"7,540,400.00"
25/10/2022,"10,062.03","10,605.28","9,447.91","10,062.03",,,"14,063,400.00"
24/10/2022,"10,888.72","11,030.44","10,062.03","10,062.03",,,"38,700,600.00"
21/10/2022,"11,739.03","11,739.03","10,817.86","10,817.86",,,"10,706,600.00"
20/10/2022,"11,857.13","11,857.13","11,597.31","11,620.93",,,"6,360,100.00"
19/10/2022,"11,951.61","12,046.09","11,620.93","11,904.37",,,"4,840,100.00"
18/10/2022,"12,093.33","12,235.05","11,880.75","11,951.61",,,"5,270,100.00"
17/10/2022,"12,046.09","12,046.09","11,502.83","11,857.13",,,"9,968,800.00"
14/10/2022,"12,518.49","12,518.49","12,046.09","12,140.57",,,"6,708,400.00"
13/10/2022,"11,715.41","11,951.61","11,384.74","11,951.61",,,"17,519,700.00"
12/10/2022,"11,337.50","11,998.85","11,124.92","11,715.41",,,"12,282,400.00"
11/10/2022,"12,187.81","12,187.81","11,337.50","11,337.50",,,"30,315,200.00"
10/10/2022,"12,187.81","12,731.06","11,975.23","12,187.81",,,"29,109,300.00"
07/10/2022,"13,652.23","13,652.23","12,872.78","12,872.78",,,"28,218,970.00"
06/10/2022,"14,408.07","14,549.79","13,841.19","13,841.19",,,"7,653,700.00"
05/10/2022,"14,644.27","14,667.89","14,408.07","14,408.07",,,"7,462,100.00"
04/10/2022,"14,549.79","14,644.27","14,171.87","14,313.59",,,"7,952,200.00"
03/10/2022,"15,352.86","15,400.10","14,289.97","14,289.97",,,"11,035,840.00"
30/09/2022,"15,589.06","15,683.54","15,211.14","15,352.86",,,"6,372,200.00"
29/09/2022,"15,919.73","15,919.73","15,589.06","15,589.06",,,"4,120,300.00"
28/09/2022,"15,754.40","15,919.73","15,683.54","15,707.16",,,"2,069,900.00"
27/09/2022,"15,848.87","16,014.21","15,683.54","15,825.25",,,"5,051,447.00"
26/09/2022,"15,990.59","15,990.59","15,565.44","15,707.16",,,"8,257,000.00"
23/09/2022,"16,274.03","16,344.89","16,085.07","16,155.93",,,"3,701,200.00"
22/09/2022,"16,203.17","16,368.51","16,108.69","16,321.27",,,"3,684,800.00"
21/09/2022,"16,533.85","16,581.09","16,297.65","16,297.65",,,"9,197,100.00"
20/09/2022,"16,793.67","16,793.67","16,486.61","16,557.47",,,"2,922,000.00"
19/09/2022,"17,006.24","17,006.24","16,462.99","16,557.47",,,"17,056,600.00"
16/09/2022,"17,195.20","17,313.30","17,006.24","17,006.24",,,"2,208,200.00"
15/09/2022,"17,478.64","17,502.26","17,289.68","17,289.68",,,"1,611,900.00"
14/09/2022,"17,242.44","17,478.64","17,242.44","17,384.16",,,"4,044,400.00"
13/09/2022,"17,667.60","17,762.08","17,620.36","17,620.36",,,"25,993,753.00"
12/09/2022,"17,785.70","17,856.56","17,691.22","17,714.84",,,"2,085,901.00"
09/09/2022,"17,809.32","17,809.32","17,478.64","17,785.70",,,"3,768,100.00"
08/09/2022,"17,832.94","17,903.80","17,643.98","17,667.60",,,"12,310,200.00"
07/09/2022,"18,258.09","18,281.71","17,738.46","17,738.46",,,"5,925,000.00"
06/09/2022,"18,210.85","18,423.43","18,210.85","18,258.09",,,"5,107,700.00"
05/09/2022,"18,352.57","18,376.19","18,210.85","18,234.47",,,"7,244,600.00"
31/08/2022,"18,305.33","18,494.29","18,258.09","18,399.81",,,"2,431,900.00"
30/08/2022,"18,328.95","18,494.29","18,305.33","18,305.33",,,"10,711,900.00"
29/08/2022,"18,328.95","18,470.67","18,187.23","18,305.33",,,"4,550,600.00"
26/08/2022,"18,706.87","18,872.21","18,659.63","18,659.63",,,"4,379,000.00"
25/08/2022,"18,565.15","18,754.11","18,565.15","18,683.25",,,"4,802,800.00"
24/08/2022,"18,328.95","18,777.73","18,328.95","18,541.53",,,"5,708,200.00"
23/08/2022,"18,258.09","18,328.95","18,116.37","18,328.95",,,"4,139,900.00"
22/08/2022,"18,352.57","18,470.67","18,210.85","18,281.71",,,"6,812,100.00"
19/08/2022,"18,447.05","18,517.91","18,399.81","18,423.43",,,"2,771,900.00"
18/08/2022,"18,470.67","18,659.63","18,399.81","18,470.67",,,"7,892,200.00"
17/08/2022,"18,447.05","18,588.77","18,423.43","18,565.15",,,"5,354,300.00"
16/08/2022,"18,447.05","18,517.91","18,399.81","18,423.43",,,"7,619,800.00"
15/08/2022,"18,423.43","18,588.77","18,352.57","18,470.67",,,"6,026,600.00"
12/08/2022,"18,187.23","18,328.95","18,069.13","18,328.95",,,"3,260,400.00"
11/08/2022,"18,470.67","18,565.15","18,116.37","18,187.23",,,"8,974,200.00"
10/08/2022,"18,352.57","18,447.05","18,281.71","18,328.95",,,"4,303,300.00"
09/08/2022,"18,612.39","18,730.49","18,423.43","18,494.29",,,"4,452,400.00"
08/08/2022,"18,187.23","18,730.49","18,187.23","18,517.91",,,"9,415,400.00"
05/08/2022,"18,139.99","18,328.95","18,092.75","18,139.99",,,"3,914,900.00"
04/08/2022,"18,069.13","18,352.57","18,045.51","18,139.99",,,"6,650,800.00"
03/08/2022,"18,092.75","18,139.99","17,880.18","18,021.89",,,"9,144,700.00"
02/08/2022,"18,139.99","18,234.47","17,974.66","18,092.75",,,"4,609,900.00"
01/08/2022,"17,880.18","18,328.95","17,762.08","18,234.47",,,"7,655,400.00"
29/07/2022,"17,714.84","17,903.80","17,549.50","17,903.80",,,"6,120,300.00"
28/07/2022,"17,431.40","17,714.84","17,384.16","17,620.36",,,"5,604,300.00"
27/07/2022,"17,195.20","17,289.68","17,195.20","17,289.68",,,"12,957,100.00"
26/07/2022,"17,384.16","17,502.26","17,266.06","17,289.68",,,"5,466,700.00"
25/07/2022,"17,407.78","17,525.88","17,360.54","17,384.16",,,"3,286,300.00"
22/07/2022,"17,620.36","17,903.80","17,502.26","17,525.88",,,"4,424,700.00"
21/07/2022,"17,289.68","17,431.40","17,147.96","17,407.78",,,"9,358,700.00"
20/07/2022,"17,242.44","17,289.68","17,100.72","17,147.96",,,"8,094,800.00"
19/07/2022,"17,124.34","17,147.96","16,888.14","17,053.48",,,"2,566,900.00"
18/07/2022,"17,147.96","17,407.78","17,053.48","17,147.96",,,"4,595,600.00"
15/07/2022,"17,053.48","17,266.06","17,053.48","17,053.48",,,"4,417,900.00"
14/07/2022,"16,959.00","17,147.96","16,935.38","16,982.62",,,"2,902,000.00"
13/07/2022,"17,077.10","17,384.16","17,006.24","17,053.48",,,"3,176,800.00"
12/07/2022,"16,911.76","17,053.48","16,840.91","17,053.48",,,"8,186,180.00"
11/07/2022,"17,502.26","17,620.36","16,770.05","16,817.29",,,"10,198,300.00"
08/07/2022,"17,927.42","17,951.04","17,643.98","17,738.46",,,"4,058,400.00"
07/07/2022,"17,691.22","17,951.04","17,478.64","17,856.56",,,"5,627,400.00"
06/07/2022,"17,714.84","18,139.99","17,573.12","17,762.08",,,"8,308,300.00"
05/07/2022,"17,289.68","18,069.13","17,171.58","17,832.94",,,"11,498,900.00"
04/07/2022,"17,124.34","17,336.92","17,029.86","17,171.58",,,"3,169,000.00"
01/07/2022,"16,817.29","17,124.34","16,462.99","17,006.24",,,"4,042,300.00"
30/06/2022,"17,266.06","17,525.88","16,793.67","16,793.67",,,"3,849,000.00"
29/06/2022,"17,100.72","17,549.50","17,100.72","17,360.54",,,"5,006,000.00"
28/06/2022,"16,770.05","17,455.02","16,699.19","17,336.92",,,"11,464,500.00"
27/06/2022,"16,793.67","16,982.62","16,770.05","16,793.67",,,"9,324,300.00"
24/06/2022,"16,982.62","17,053.48","16,770.05","16,770.05",,,"4,069,100.00"
23/06/2022,"16,439.37","17,195.20","16,321.27","16,982.62",,,"8,294,300.00"
22/06/2022,"15,943.35","16,675.57","15,801.63","16,439.37",,,"6,508,200.00"
21/06/2022,"15,636.30","15,966.97","15,494.58","15,589.06",,,"6,800,200.00"
20/06/2022,"16,297.65","16,628.33","15,589.06","15,589.06",,,"15,194,700.00"
17/06/2022,"16,557.47","16,722.81","15,990.59","16,297.65",,,"6,051,700.00"
16/06/2022,"16,959.00","17,242.44","16,817.29","17,029.86",,,"6,101,000.00"
15/06/2022,"16,864.53","17,077.10","16,557.47","16,864.53",,,"5,719,100.00"
14/06/2022,"16,675.57","17,147.96","16,628.33","16,888.14",,,"7,850,800.00"
13/06/2022,"17,478.64","17,596.74","16,982.62","17,006.24",,,"6,841,200.00"
10/06/2022,"17,478.64","18,376.19","17,455.02","17,927.42",,,"10,962,200.00"
09/06/2022,"17,596.74","17,738.46","17,502.26","17,667.60",,,"5,836,000.00"
08/06/2022,"17,147.96","17,691.22","17,077.10","17,596.74",,,"6,456,800.00"
07/06/2022,"17,006.24","17,100.72","16,533.85","17,100.72",,,"8,236,800.00"
06/06/2022,"17,218.82","17,384.16","17,006.24","17,029.86",,,"5,845,100.00"
03/06/2022,"17,171.58","17,407.78","17,029.86","17,218.82",,,"3,210,200.00"
02/06/2022,"17,431.40","17,478.64","17,006.24","17,195.20",,,"3,715,300.00"
01/06/2022,"17,478.64","17,809.32","17,313.30","17,407.78",,,"18,368,300.00"
31/05/2022,"17,691.22","17,762.08","17,549.50","17,549.50",,,"5,259,800.00"
30/05/2022,"17,951.04","17,951.04","17,691.22","17,832.94",,,"4,922,800.00"
27/05/2022,"17,431.40","17,691.22","17,407.78","17,691.22",,,"6,696,600.00"
26/05/2022,"17,336.92","17,596.74","17,266.06","17,336.92",,,"7,421,800.00"
25/05/2022,"16,935.38","17,313.30","16,770.05","17,242.44",,,"6,709,700.00"
24/05/2022,"16,439.37","16,651.95","16,250.41","16,651.95",,,"5,466,300.00"
23/05/2022,"16,911.76","17,100.72","16,462.99","16,462.99",,,"9,233,800.00"
20/05/2022,"16,911.76","17,218.82","16,699.19","16,864.53",,,"6,953,200.00"
19/05/2022,"16,722.81","17,195.20","16,628.33","16,911.76",,,"6,977,800.00"
18/05/2022,"16,864.53","17,431.40","16,699.19","17,029.86",,,"10,194,300.00"
17/05/2022,"15,400.10","16,462.99","15,376.48","16,462.99",,,"14,400,800.00"
16/05/2022,"16,581.09","16,911.76","15,400.10","15,400.10",,,"13,705,600.00"
13/05/2022,"17,147.96","17,384.16","15,966.97","15,966.97",,,"17,610,500.00"
12/05/2022,"18,423.43","18,423.43","17,147.96","17,147.96",,,"10,329,300.00"
11/05/2022,"18,423.43","18,636.01","18,163.61","18,423.43",,,"4,631,500.00"
10/05/2022,"17,691.22","18,352.57","17,691.22","18,281.71",,,"10,851,300.00"
09/05/2022,"19,462.70","19,557.18","18,234.47","18,234.47",,,"20,242,800.00"
06/05/2022,"19,698.90","19,982.34","19,604.42","19,604.42",,,"11,237,700.00"
05/05/2022,"20,242.15","20,242.15","19,557.18","20,124.06",,,"5,588,600.00"
04/05/2022,"20,549.21","20,620.07","19,840.62","19,840.62",,,"9,048,000.00"
29/04/2022,"19,982.34","20,785.41","19,935.10","20,785.41",,,"10,260,800.00"
28/04/2022,"19,675.28","20,218.53","19,675.28","19,982.34",,,"4,729,300.00"
27/04/2022,"19,604.42","19,935.10","19,320.98","19,651.66",,,"9,135,400.00"
26/04/2022,"19,179.26","19,840.62","18,352.57","19,604.42",,,"12,051,220.00"
25/04/2022,"20,879.89","20,927.13","19,391.84","19,391.84",,,"23,835,700.00"
22/04/2022,"20,785.41","21,139.71","20,572.83","20,832.65",,,"6,803,300.00"
21/04/2022,"20,313.01","20,785.41","20,265.77","20,596.45",,,"10,019,500.00"
20/04/2022,"20,643.69","20,879.89","20,336.63","20,336.63",,,"9,803,800.00"
19/04/2022,"21,257.80","21,470.38","20,549.21","20,643.69",,,"8,402,900.00"
18/04/2022,"21,730.20","21,848.30","21,163.33","21,186.95",,,"13,600,800.00"
15/04/2022,"22,344.31","22,344.31","21,541.24","21,541.24",,,"19,258,800.00"
14/04/2022,"22,698.61","22,840.33","22,273.46","22,344.31",,,"10,003,400.00"
13/04/2022,"22,863.95","22,887.57","22,627.75","22,674.99",,,"7,102,300.00"
12/04/2022,"23,005.67","23,100.15","22,627.75","22,674.99",,,"11,511,340.00"
08/04/2022,"23,336.35","23,336.35","23,052.91","23,076.53",,,"7,888,100.00"
07/04/2022,"23,572.54","23,761.50","23,289.11","23,289.11",,,"8,559,700.00"
06/04/2022,"23,100.15","23,572.54","23,005.67","23,572.54",,,"9,012,200.00"
05/04/2022,"23,336.35","23,383.59","23,171.01","23,171.01",,,"5,803,000.00"
04/04/2022,"23,808.74","23,903.22","23,454.44","23,454.44",,,"9,775,600.00"
01/04/2022,"23,407.21","23,808.74","23,336.35","23,761.50",,,"10,034,500.00"
31/03/2022,"23,383.59","23,478.06","23,289.11","23,407.21",,,"5,855,100.00"
30/03/2022,"23,100.15","23,572.54","23,100.15","23,218.25",,,"5,743,200.00"
29/03/2022,"23,100.15","23,218.25","22,982.05","23,100.15",,,"5,766,000.00"
28/03/2022,"23,218.25","23,218.25","22,840.33","23,052.91",,,"12,369,500.00"
25/03/2022,"23,336.35","23,359.97","23,218.25","23,265.49",,,"8,113,400.00"
24/03/2022,"23,430.82","23,525.30","23,289.11","23,289.11",,,"3,544,000.00"
23/03/2022,"23,572.54","23,714.26","23,430.82","23,430.82",,,"4,073,100.00"
22/03/2022,"23,407.21","23,761.50","23,383.59","23,572.54",,,"7,556,068.00"
21/03/2022,"23,265.49","23,407.21","23,194.63","23,359.97",,,"5,496,200.00"
,,,,,,,
,,,,,,,
SIMPLIZE,,,,,,,
"Số 5 ngõ 316 Lê Trọng Tấn, Phường Khương Mai, Quận Thanh Xuân, TP.Hà Nội
",,,,,,,
Website: simplize.vn,,,,,,,
Email: info@simplize.vn,,,,,,,
Tel: (+84) 38 840 8668,,,,,,,
