Tên công ty,Công ty Cổ phần Vinhomes,,,,,,
Tên báo cáo,Lịch sử giá,,,,,,
Ngày tải,24/03/2026,,,,,,
,,,,,,,
NGÀY,GIÁ MỞ CỬA,GIÁ CAO NHẤT,GIÁ THẤP NHẤT,GIÁ ĐÓNG CỬA,THAY ĐỔI GIÁ,% THAY ĐỔI,KHỐI LƯỢNG
24/03/2026,"99,400.00","99,600.00","96,500.00","99,200.00","1,200.00",0.01,"1,460,000.00"
23/03/2026,"99,000.00","99,000.00","93,000.00","98,000.00","-2,000.00",-0.02,"6,595,700.00"
20/03/2026,"102,000.00","102,000.00","97,000.00","100,000.00","-2,300.00",-0.02,"6,142,200.00"
19/03/2026,"101,900.00","103,500.00","100,500.00","102,300.00",300.00,0.00,"4,596,600.00"
18/03/2026,"102,200.00","105,500.00","101,500.00","102,000.00",0.00,0.00,"4,511,300.00"
17/03/2026,"101,900.00","104,400.00","100,800.00","102,000.00","2,000.00",0.02,"4,359,000.00"
16/03/2026,"98,000.00","102,400.00","96,900.00","100,000.00","2,000.00",0.02,"4,947,300.00"
13/03/2026,"94,500.00","98,000.00","93,900.00","98,000.00","2,100.00",0.02,"3,989,100.00"
12/03/2026,"93,700.00","95,900.00","93,500.00","95,900.00",0.00,0.00,"4,137,400.00"
11/03/2026,"89,200.00","95,900.00","89,200.00","95,900.00","6,100.00",0.07,"6,734,300.00"
10/03/2026,"90,300.00","92,900.00","88,300.00","89,800.00","1,400.00",0.02,"5,665,600.00"
09/03/2026,"88,500.00","91,100.00","88,400.00","88,400.00","-6,600.00",-0.07,"17,232,900.00"
06/03/2026,"95,000.00","96,500.00","93,000.00","95,000.00",0.00,0.00,"6,979,200.00"
05/03/2026,"95,400.00","99,000.00","93,300.00","95,000.00","1,500.00",0.02,"8,978,700.00"
04/03/2026,"91,400.00","94,900.00","87,000.00","93,500.00",0.00,0.00,"12,722,700.00"
03/03/2026,"97,100.00","99,800.00","93,500.00","93,500.00","-7,000.00",-0.07,"11,710,100.00"
02/03/2026,"102,500.00","105,100.00","100,500.00","100,500.00","-7,500.00",-0.07,"6,578,000.00"
27/02/2026,"108,000.00","109,500.00","104,600.00","108,000.00",400.00,0.00,"4,915,000.00"
26/02/2026,"106,000.00","112,900.00","105,600.00","107,600.00",600.00,0.01,"6,157,600.00"
25/02/2026,"110,600.00","110,600.00","106,400.00","107,000.00","-4,000.00",-0.04,"5,547,800.00"
24/02/2026,"110,500.00","111,000.00","107,100.00","111,000.00",300.00,0.00,"4,723,800.00"
23/02/2026,"109,100.00","111,400.00","108,000.00","110,700.00","1,700.00",0.02,"3,679,400.00"
13/02/2026,"109,700.00","109,800.00","105,300.00","109,000.00",0.00,0.00,"6,244,700.00"
12/02/2026,"103,600.00","109,300.00","102,100.00","109,000.00","6,000.00",0.06,"6,584,900.00"
11/02/2026,"102,500.00","104,500.00","102,400.00","103,000.00","1,700.00",0.02,"6,203,200.00"
10/02/2026,"94,600.00","101,600.00","94,000.00","101,300.00","6,300.00",0.07,"8,656,800.00"
09/02/2026,"97,900.00","97,900.00","93,100.00","95,000.00","-2,500.00",-0.03,"4,463,200.00"
06/02/2026,"97,600.00","101,800.00","95,100.00","97,500.00",-100.00,0.00,"8,492,200.00"
05/02/2026,"91,200.00","97,600.00","91,200.00","97,600.00","6,300.00",0.07,"9,429,200.00"
04/02/2026,"97,500.00","98,000.00","90,800.00","91,300.00","-6,000.00",-0.06,"13,582,800.00"
03/02/2026,"96,100.00","102,000.00","95,500.00","97,300.00","-1,300.00",-0.01,"9,348,800.00"
02/02/2026,"107,100.00","107,300.00","98,600.00","98,600.00","-7,400.00",-0.07,"9,144,500.00"
30/01/2026,"107,000.00","107,400.00","104,000.00","106,000.00","-1,000.00",-0.01,"4,714,200.00"
29/01/2026,"104,500.00","107,400.00","104,100.00","107,000.00","2,700.00",0.03,"6,368,800.00"
28/01/2026,"108,100.00","109,000.00","102,900.00","104,300.00","-6,300.00",-0.06,"15,508,700.00"
27/01/2026,"117,500.00","118,000.00","110,600.00","110,600.00","-8,300.00",-0.07,"10,162,000.00"
26/01/2026,"124,000.00","124,100.00","116,100.00","118,900.00","-3,600.00",-0.03,"4,159,000.00"
23/01/2026,"122,100.00","127,500.00","121,100.00","122,500.00","2,000.00",0.02,"7,272,600.00"
22/01/2026,"120,100.00","122,900.00","118,500.00","120,500.00","-2,400.00",-0.02,"7,971,100.00"
21/01/2026,"121,000.00","126,000.00","120,300.00","122,900.00",-100.00,0.00,"9,321,600.00"
20/01/2026,"124,100.00","124,500.00","119,700.00","123,000.00","-2,000.00",-0.02,"7,006,400.00"
19/01/2026,"126,900.00","126,900.00","120,500.00","125,000.00",900.00,0.01,"5,284,700.00"
16/01/2026,"121,100.00","126,800.00","121,100.00","124,100.00","4,100.00",0.03,"5,774,400.00"
15/01/2026,"124,000.00","124,000.00","117,500.00","120,000.00","-6,300.00",-0.05,"19,255,700.00"
14/01/2026,"134,900.00","134,900.00","124,700.00","126,300.00","-7,700.00",-0.06,"11,385,300.00"
13/01/2026,"125,700.00","134,900.00","125,700.00","134,000.00","3,800.00",0.03,"9,148,500.00"
12/01/2026,"139,000.00","139,000.00","130,200.00","130,200.00","-9,800.00",-0.07,"9,143,600.00"
09/01/2026,"138,600.00","142,800.00","132,600.00","140,000.00",900.00,0.01,"9,789,300.00"
08/01/2026,"150,300.00","150,900.00","139,100.00","139,100.00","-10,400.00",-0.07,"15,234,400.00"
07/01/2026,"150,000.00","150,900.00","141,000.00","149,500.00","7,700.00",0.05,"9,511,500.00"
06/01/2026,"138,500.00","141,800.00","136,500.00","141,800.00","9,200.00",0.07,"8,459,900.00"
05/01/2026,"126,800.00","132,600.00","125,200.00","132,600.00","8,600.00",0.07,"10,136,200.00"
31/12/2025,"117,500.00","125,700.00","115,800.00","124,000.00","6,500.00",0.06,"6,830,500.00"
30/12/2025,"120,000.00","120,600.00","113,000.00","117,500.00",-200.00,0.00,"6,669,000.00"
29/12/2025,"111,900.00","117,700.00","111,000.00","117,700.00","7,700.00",0.07,"7,324,300.00"
26/12/2025,"106,300.00","111,000.00","106,300.00","110,000.00","-4,300.00",-0.04,"16,551,200.00"
25/12/2025,"124,000.00","131,300.00","114,300.00","114,300.00","-8,500.00",-0.07,"10,699,900.00"
24/12/2025,"117,300.00","122,900.00","114,500.00","122,800.00","7,900.00",0.07,"9,949,600.00"
23/12/2025,"108,500.00","114,900.00","107,600.00","114,900.00","7,500.00",0.07,"7,781,700.00"
22/12/2025,"104,000.00","107,400.00","102,200.00","107,400.00","5,900.00",0.06,"4,779,100.00"
19/12/2025,"95,300.00","101,500.00","95,100.00","101,500.00","6,600.00",0.07,"5,348,700.00"
18/12/2025,"94,900.00","95,000.00","93,500.00","94,900.00",0.00,0.00,"3,362,700.00"
17/12/2025,"94,900.00","95,300.00","92,700.00","94,900.00",-100.00,0.00,"3,306,500.00"
16/12/2025,"91,300.00","95,700.00","90,500.00","95,000.00","2,500.00",0.03,"5,672,700.00"
15/12/2025,"94,800.00","96,000.00","91,100.00","92,500.00","-1,600.00",-0.02,"5,413,200.00"
12/12/2025,"101,000.00","101,000.00","94,100.00","94,100.00","-7,000.00",-0.07,"6,638,700.00"
11/12/2025,"101,800.00","103,300.00","101,100.00","101,100.00","-2,400.00",-0.02,"3,117,200.00"
10/12/2025,"107,000.00","107,000.00","100,200.00","103,500.00","-4,000.00",-0.04,"7,908,400.00"
09/12/2025,"110,800.00","111,400.00","104,700.00","107,500.00","-2,500.00",-0.02,"7,599,600.00"
08/12/2025,"107,000.00","110,000.00","106,000.00","110,000.00","3,000.00",0.03,"4,703,000.00"
05/12/2025,"105,000.00","108,500.00","104,800.00","107,000.00","1,800.00",0.02,"5,143,500.00"
04/12/2025,"106,200.00","106,200.00","104,200.00","105,200.00","-1,600.00",-0.01,"4,609,800.00"
03/12/2025,"106,900.00","107,000.00","104,800.00","106,800.00",0.00,0.00,"4,477,200.00"
02/12/2025,"105,900.00","106,800.00","103,600.00","106,800.00","1,100.00",0.01,"4,533,700.00"
01/12/2025,"104,000.00","107,300.00","103,000.00","105,700.00","2,800.00",0.03,"7,379,600.00"
28/11/2025,"102,000.00","103,300.00","101,300.00","102,900.00",400.00,0.00,"3,484,700.00"
27/11/2025,"102,500.00","103,600.00","101,300.00","102,500.00",400.00,0.00,"3,487,200.00"
26/11/2025,"102,800.00","102,900.00","100,100.00","102,100.00",-500.00,0.00,"5,603,200.00"
25/11/2025,"103,400.00","104,000.00","101,200.00","102,600.00",-100.00,0.00,"4,762,600.00"
24/11/2025,"99,300.00","104,000.00","98,700.00","102,700.00","3,400.00",0.03,"6,362,300.00"
21/11/2025,"96,100.00","99,300.00","96,100.00","99,300.00","1,500.00",0.02,"3,997,400.00"
20/11/2025,"96,700.00","98,400.00","96,000.00","97,800.00",900.00,0.01,"5,032,300.00"
19/11/2025,"96,900.00","96,900.00","95,300.00","96,900.00",-100.00,0.00,"4,683,200.00"
18/11/2025,"95,700.00","97,000.00","94,000.00","97,000.00","2,000.00",0.02,"4,602,000.00"
17/11/2025,"94,000.00","96,300.00","94,000.00","95,000.00","1,100.00",0.01,"4,162,000.00"
14/11/2025,"93,000.00","93,900.00","90,500.00","93,900.00",600.00,0.01,"3,280,400.00"
13/11/2025,"94,500.00","94,900.00","91,600.00","93,300.00",-700.00,-0.01,"4,292,000.00"
12/11/2025,"90,100.00","95,000.00","90,100.00","94,000.00","4,000.00",0.04,"5,070,500.00"
11/11/2025,"86,900.00","91,400.00","86,900.00","90,000.00","3,100.00",0.04,"8,515,600.00"
10/11/2025,"90,200.00","92,000.00","86,900.00","86,900.00","-5,100.00",-0.06,"7,668,200.00"
07/11/2025,"97,500.00","98,000.00","92,000.00","92,000.00","-6,900.00",-0.07,"9,881,200.00"
06/11/2025,"99,600.00","101,500.00","97,600.00","98,900.00",-700.00,-0.01,"4,637,800.00"
05/11/2025,"101,200.00","101,700.00","99,500.00","99,600.00",-600.00,-0.01,"4,151,600.00"
04/11/2025,"98,400.00","102,000.00","98,400.00","100,200.00","1,700.00",0.02,"4,564,100.00"
03/11/2025,"99,600.00","101,400.00","97,800.00","98,500.00",-700.00,-0.01,"5,156,400.00"
31/10/2025,"103,800.00","103,800.00","99,200.00","99,200.00","-4,800.00",-0.05,"7,101,300.00"
30/10/2025,"103,800.00","105,000.00","100,800.00","104,000.00",200.00,0.00,"4,691,300.00"
29/10/2025,"107,100.00","107,100.00","102,700.00","103,800.00","-3,200.00",-0.03,"3,761,700.00"
28/10/2025,"104,200.00","107,000.00","99,100.00","107,000.00",500.00,0.00,"14,097,200.00"
27/10/2025,"115,000.00","116,000.00","106,500.00","106,500.00","-8,000.00",-0.07,"7,957,300.00"
24/10/2025,"114,600.00","116,800.00","112,500.00","114,500.00",-500.00,0.00,"5,629,000.00"
23/10/2025,"113,000.00","117,100.00","111,200.00","115,000.00","2,000.00",0.02,"6,638,900.00"
22/10/2025,"112,000.00","113,000.00","104,000.00","113,000.00","2,100.00",0.02,"7,776,600.00"
21/10/2025,"109,000.00","115,000.00","106,900.00","110,900.00","2,900.00",0.03,"9,148,300.00"
20/10/2025,"114,000.00","115,000.00","108,000.00","108,000.00","-8,000.00",-0.07,"11,634,800.00"
17/10/2025,"122,000.00","122,000.00","114,600.00","116,000.00","-6,000.00",-0.05,"12,213,500.00"
16/10/2025,"123,800.00","123,800.00","120,400.00","122,000.00","-2,000.00",-0.02,"9,614,900.00"
15/10/2025,"127,500.00","127,600.00","122,600.00","124,000.00","-3,000.00",-0.02,"8,062,500.00"
14/10/2025,"124,500.00","131,500.00","124,500.00","127,000.00","2,800.00",0.02,"14,600,200.00"
13/10/2025,"123,000.00","126,000.00","122,100.00","124,200.00","1,200.00",0.01,"13,782,200.00"
10/10/2025,"118,000.00","123,000.00","116,000.00","123,000.00","8,000.00",0.07,"9,026,200.00"
09/10/2025,"108,300.00","115,000.00","108,100.00","115,000.00","7,500.00",0.07,"14,621,200.00"
08/10/2025,"103,500.00","107,500.00","101,200.00","107,500.00","4,400.00",0.04,"9,009,300.00"
07/10/2025,"103,000.00","104,600.00","102,200.00","103,100.00",400.00,0.00,"6,628,600.00"
06/10/2025,"103,900.00","103,900.00","100,500.00","102,700.00","2,700.00",0.03,"5,992,800.00"
03/10/2025,"98,600.00","100,000.00","96,000.00","100,000.00","1,400.00",0.01,"6,013,329.00"
02/10/2025,"101,200.00","102,000.00","98,600.00","98,600.00","-2,600.00",-0.03,"6,841,100.00"
01/10/2025,"103,000.00","104,500.00","100,800.00","101,200.00","-1,800.00",-0.02,"5,423,500.00"
30/09/2025,"102,500.00","105,800.00","102,100.00","103,000.00","1,100.00",0.01,"5,130,500.00"
29/09/2025,"98,900.00","105,300.00","97,600.00","101,900.00","2,900.00",0.03,"7,746,500.00"
26/09/2025,"99,800.00","101,500.00","98,500.00","99,000.00",-500.00,-0.01,"3,791,000.00"
25/09/2025,"97,000.00","99,900.00","96,100.00","99,500.00","1,500.00",0.02,"4,715,400.00"
24/09/2025,"97,800.00","98,400.00","95,300.00","98,000.00",-700.00,-0.01,"6,132,500.00"
23/09/2025,"98,200.00","99,100.00","96,500.00","98,700.00",-800.00,-0.01,"3,722,500.00"
22/09/2025,"101,800.00","103,200.00","94,600.00","99,500.00","-2,200.00",-0.02,"10,796,100.00"
19/09/2025,"104,000.00","104,200.00","99,800.00","101,700.00","-1,800.00",-0.02,"8,114,700.00"
18/09/2025,"104,100.00","108,200.00","102,500.00","103,500.00",600.00,0.01,"5,719,900.00"
17/09/2025,"102,000.00","104,400.00","101,200.00","102,900.00",200.00,0.00,"3,422,000.00"
16/09/2025,"104,700.00","104,700.00","102,700.00","102,700.00","-1,800.00",-0.02,"2,008,200.00"
15/09/2025,"104,000.00","104,700.00","102,500.00","104,500.00","-1,000.00",-0.01,"2,942,600.00"
12/09/2025,"104,100.00","106,000.00","103,000.00","105,500.00",-400.00,0.00,"2,593,700.00"
11/09/2025,"100,900.00","106,000.00","100,100.00","105,900.00","4,100.00",0.04,"4,046,000.00"
10/09/2025,"101,500.00","102,400.00","99,700.00","101,800.00",400.00,0.00,"3,897,900.00"
09/09/2025,"100,000.00","101,400.00","98,800.00","101,400.00","1,400.00",0.01,"2,871,500.00"
08/09/2025,"99,000.00","101,000.00","98,800.00","100,000.00",0.00,0.00,"4,557,000.00"
05/09/2025,"100,500.00","103,500.00","100,000.00","100,000.00","-2,300.00",-0.02,"5,068,500.00"
04/09/2025,"102,000.00","102,500.00","99,200.00","102,300.00",-400.00,0.00,"6,779,100.00"
03/09/2025,"103,100.00","103,700.00","101,000.00","102,700.00","-1,800.00",-0.02,"3,215,200.00"
29/08/2025,"104,600.00","104,800.00","102,500.00","104,500.00",-100.00,0.00,"4,250,800.00"
28/08/2025,"104,600.00","106,000.00","101,800.00","104,600.00",0.00,0.00,"3,412,800.00"
27/08/2025,"105,300.00","106,900.00","102,100.00","104,600.00",-600.00,-0.01,"3,023,700.00"
26/08/2025,"98,400.00","105,200.00","97,000.00","105,200.00","6,800.00",0.07,"6,569,000.00"
25/08/2025,"98,000.00","101,900.00","96,500.00","98,400.00",300.00,0.00,"6,183,900.00"
22/08/2025,"97,500.00","99,000.00","95,300.00","98,100.00","-1,700.00",-0.02,"6,259,700.00"
21/08/2025,"97,000.00","99,900.00","97,000.00","99,800.00",800.00,0.01,"6,678,600.00"
20/08/2025,"94,000.00","99,000.00","92,700.00","99,000.00","5,100.00",0.05,"9,090,600.00"
19/08/2025,"93,600.00","94,500.00","92,200.00","93,900.00",0.00,0.00,"4,158,500.00"
18/08/2025,"94,100.00","94,100.00","92,000.00","93,900.00",-100.00,0.00,"4,521,300.00"
15/08/2025,"95,000.00","98,500.00","92,200.00","94,000.00",100.00,0.00,"7,256,100.00"
14/08/2025,"93,100.00","95,500.00","92,300.00","93,900.00",900.00,0.01,"5,541,700.00"
13/08/2025,"93,000.00","93,100.00","91,000.00","93,000.00",0.00,0.00,"5,374,600.00"
12/08/2025,"93,100.00","93,400.00","91,900.00","93,000.00",-500.00,-0.01,"5,154,100.00"
11/08/2025,"94,800.00","95,000.00","93,100.00","93,500.00","-1,300.00",-0.01,"4,480,200.00"
08/08/2025,"93,500.00","95,500.00","93,000.00","94,800.00",-200.00,0.00,"3,496,000.00"
07/08/2025,"97,600.00","97,700.00","94,400.00","95,000.00","-2,500.00",-0.03,"5,683,300.00"
06/08/2025,"96,000.00","97,600.00","93,200.00","97,500.00","1,500.00",0.02,"9,124,600.00"
05/08/2025,"93,000.00","98,500.00","92,000.00","96,000.00","3,800.00",0.04,"10,392,100.00"
04/08/2025,"89,800.00","93,800.00","88,500.00","92,200.00","2,300.00",0.03,"7,052,000.00"
01/08/2025,"90,000.00","90,600.00","87,800.00","89,900.00",-100.00,0.00,"8,402,600.00"
31/07/2025,"89,700.00","91,500.00","88,200.00","90,000.00","-1,500.00",-0.02,"8,641,500.00"
30/07/2025,"92,100.00","92,500.00","89,000.00","91,500.00",-600.00,-0.01,"5,198,000.00"
29/07/2025,"94,500.00","94,700.00","92,100.00","92,100.00","-3,500.00",-0.04,"4,562,500.00"
28/07/2025,"93,700.00","96,000.00","92,000.00","95,600.00","1,900.00",0.02,"7,219,800.00"
25/07/2025,"90,300.00","93,700.00","90,200.00","93,700.00","1,700.00",0.02,"3,577,400.00"
24/07/2025,"92,300.00","92,500.00","87,900.00","92,000.00",-200.00,0.00,"8,027,000.00"
23/07/2025,"95,700.00","95,700.00","92,200.00","92,200.00","-3,300.00",-0.03,"4,703,500.00"
22/07/2025,"91,200.00","95,600.00","90,000.00","95,500.00","3,500.00",0.04,"4,543,700.00"
21/07/2025,"96,100.00","96,400.00","91,100.00","92,000.00","-4,000.00",-0.04,"5,937,800.00"
18/07/2025,"95,200.00","98,000.00","94,100.00","96,000.00","1,900.00",0.02,"5,808,100.00"
17/07/2025,"88,300.00","94,100.00","88,300.00","94,100.00","6,100.00",0.07,"9,066,400.00"
16/07/2025,"87,300.00","89,500.00","86,700.00","88,000.00",600.00,0.01,"3,147,800.00"
15/07/2025,"88,800.00","88,800.00","87,000.00","87,400.00","-1,400.00",-0.02,"4,508,200.00"
14/07/2025,"89,800.00","91,000.00","86,100.00","88,800.00",900.00,0.01,"5,761,800.00"
11/07/2025,"86,700.00","89,600.00","86,700.00","87,900.00","1,900.00",0.02,"5,422,500.00"
10/07/2025,"82,000.00","86,500.00","81,700.00","86,000.00","4,200.00",0.05,"7,141,900.00"
09/07/2025,"79,300.00","82,000.00","79,300.00","81,800.00","2,600.00",0.03,"4,667,300.00"
08/07/2025,"76,900.00","79,500.00","76,800.00","79,200.00","2,300.00",0.03,"4,391,400.00"
07/07/2025,"75,700.00","76,900.00","75,300.00","76,900.00",900.00,0.01,"3,506,300.00"
04/07/2025,"76,300.00","76,400.00","75,200.00","76,000.00",-300.00,0.00,"3,225,500.00"
03/07/2025,"75,200.00","76,800.00","75,200.00","76,300.00",300.00,0.00,"3,248,300.00"
02/07/2025,"75,300.00","76,100.00","74,700.00","76,000.00",-300.00,0.00,"5,928,100.00"
01/07/2025,"76,400.00","76,700.00","74,800.00","76,300.00",-400.00,-0.01,"3,887,900.00"
30/06/2025,"77,000.00","77,000.00","76,000.00","76,700.00",-300.00,0.00,"5,019,700.00"
27/06/2025,"76,500.00","77,400.00","74,000.00","77,000.00","1,000.00",0.01,"5,181,200.00"
26/06/2025,"77,300.00","77,800.00","75,700.00","76,000.00","-1,900.00",-0.02,"4,678,200.00"
25/06/2025,"76,900.00","78,900.00","76,300.00","77,900.00",600.00,0.01,"4,824,700.00"
24/06/2025,"75,500.00","77,300.00","74,100.00","77,300.00","3,300.00",0.04,"7,834,300.00"
23/06/2025,"70,100.00","74,500.00","69,100.00","74,000.00","3,800.00",0.05,"5,957,400.00"
20/06/2025,"71,500.00","71,500.00","70,200.00","70,200.00","-1,500.00",-0.02,"8,925,000.00"
19/06/2025,"72,000.00","73,500.00","71,000.00","71,700.00",300.00,0.00,"5,384,700.00"
18/06/2025,"70,000.00","71,400.00","69,200.00","71,400.00","1,800.00",0.03,"3,959,000.00"
17/06/2025,"67,900.00","71,100.00","67,000.00","69,600.00","2,200.00",0.03,"4,203,500.00"
16/06/2025,"66,500.00","68,200.00","66,400.00","67,400.00","-1,000.00",-0.01,"5,373,300.00"
13/06/2025,"68,100.00","68,900.00","66,300.00","68,400.00","-1,600.00",-0.02,"5,516,900.00"
12/06/2025,"72,100.00","72,400.00","68,600.00","70,000.00","-2,100.00",-0.03,"4,967,500.00"
11/06/2025,"72,000.00","72,600.00","70,900.00","72,100.00",-500.00,-0.01,"2,871,600.00"
10/06/2025,"68,500.00","72,900.00","68,500.00","72,600.00","1,900.00",0.03,"9,542,400.00"
09/06/2025,"75,400.00","75,900.00","70,700.00","70,700.00","-5,300.00",-0.07,"5,889,800.00"
06/06/2025,"75,700.00","76,500.00","75,000.00","76,000.00",-800.00,-0.01,"27,695,200.00"
05/06/2025,"76,100.00","77,000.00","75,600.00","76,800.00",-300.00,0.00,"5,435,500.00"
04/06/2025,"77,600.00","77,600.00","76,100.00","77,100.00",-500.00,-0.01,"7,708,300.00"
03/06/2025,"76,500.00","77,600.00","76,100.00","77,600.00",600.00,0.01,"4,772,300.00"
02/06/2025,"77,600.00","77,900.00","74,500.00","77,000.00",-600.00,-0.01,"6,000,400.00"
30/05/2025,"76,500.00","78,300.00","76,100.00","77,600.00",700.00,0.01,"5,891,000.00"
29/05/2025,"75,700.00","76,900.00","74,100.00","76,900.00","1,200.00",0.02,"7,947,900.00"
28/05/2025,"74,000.00","76,100.00","72,800.00","75,700.00","1,400.00",0.02,"8,900,600.00"
27/05/2025,"74,600.00","74,700.00","71,200.00","74,300.00",800.00,0.01,"7,721,600.00"
26/05/2025,"69,000.00","73,500.00","65,700.00","73,500.00","4,700.00",0.07,"11,890,300.00"
23/05/2025,"68,600.00","69,800.00","67,300.00","68,800.00",700.00,0.01,"7,306,800.00"
22/05/2025,"66,900.00","71,000.00","66,800.00","68,100.00",800.00,0.01,"10,234,400.00"
21/05/2025,"67,300.00","67,300.00","65,300.00","67,300.00","4,400.00",0.07,"14,973,300.00"
20/05/2025,"59,600.00","62,900.00","59,600.00","62,900.00","4,100.00",0.07,"23,911,900.00"
19/05/2025,"58,100.00","60,600.00","58,100.00","58,800.00",800.00,0.01,"20,269,600.00"
16/05/2025,"57,600.00","59,000.00","57,400.00","58,000.00",0.00,0.00,"7,352,000.00"
15/05/2025,"60,200.00","60,300.00","57,100.00","58,000.00","-2,400.00",-0.04,"18,463,700.00"
14/05/2025,"61,700.00","62,000.00","60,400.00","60,400.00","-1,600.00",-0.03,"15,521,600.00"
13/05/2025,"61,800.00","62,500.00","60,900.00","62,000.00",-300.00,0.00,"11,366,700.00"
12/05/2025,"62,200.00","62,800.00","61,800.00","62,300.00",100.00,0.00,"8,083,300.00"
09/05/2025,"62,000.00","62,800.00","61,600.00","62,200.00",0.00,0.00,"6,609,600.00"
08/05/2025,"62,000.00","63,400.00","61,500.00","62,200.00",200.00,0.00,"12,826,200.00"
07/05/2025,"60,100.00","62,400.00","60,100.00","62,000.00","1,100.00",0.02,"5,108,600.00"
06/05/2025,"61,000.00","61,700.00","60,500.00","60,900.00",0.00,0.00,"10,691,900.00"
05/05/2025,"58,500.00","61,400.00","58,500.00","60,900.00","2,500.00",0.04,"6,070,700.00"
29/04/2025,"58,500.00","58,800.00","57,000.00","58,400.00",-100.00,0.00,"6,860,400.00"
28/04/2025,"62,100.00","62,100.00","58,500.00","58,500.00","-3,800.00",-0.06,"7,393,800.00"
25/04/2025,"61,000.00","62,500.00","60,100.00","62,300.00","1,100.00",0.02,"12,934,200.00"
24/04/2025,"58,500.00","61,800.00","57,600.00","61,200.00","2,700.00",0.05,"13,543,900.00"
23/04/2025,"58,200.00","58,500.00","57,000.00","58,500.00","1,000.00",0.02,"13,758,900.00"
22/04/2025,"55,000.00","58,000.00","52,400.00","57,500.00","2,500.00",0.05,"10,732,600.00"
21/04/2025,"54,100.00","55,400.00","53,400.00","55,000.00",0.00,0.00,"11,361,400.00"
18/04/2025,"56,800.00","57,000.00","53,300.00","55,000.00","-1,800.00",-0.03,"13,530,600.00"
17/04/2025,"56,000.00","56,800.00","54,800.00","56,800.00",300.00,0.01,"7,088,100.00"
16/04/2025,"57,000.00","57,900.00","55,000.00","56,500.00","-1,000.00",-0.02,"10,845,000.00"
15/04/2025,"57,900.00","60,500.00","57,200.00","57,500.00",300.00,0.01,"17,412,600.00"
14/04/2025,"54,000.00","57,200.00","53,700.00","57,200.00","3,700.00",0.07,"25,137,300.00"
11/04/2025,"51,800.00","53,700.00","51,000.00","53,500.00","1,700.00",0.03,"14,557,800.00"
10/04/2025,"51,800.00","51,800.00","51,800.00","51,800.00","3,300.00",0.07,"860,100.00"
09/04/2025,"45,600.00","48,800.00","45,600.00","48,500.00","1,500.00",0.03,"24,747,600.00"
08/04/2025,"48,700.00","49,500.00","46,800.00","47,000.00","-3,300.00",-0.07,"21,438,100.00"
04/04/2025,"46,100.00","50,600.00","46,100.00","50,300.00","1,000.00",0.02,"21,595,400.00"
03/04/2025,"50,300.00","51,600.00","49,300.00","49,300.00","-3,700.00",-0.07,"23,521,900.00"
02/04/2025,"53,200.00","53,600.00","52,600.00","53,000.00",0.00,0.00,"23,663,000.00"
01/04/2025,"51,800.00","53,500.00","51,500.00","53,000.00","1,700.00",0.03,"11,851,000.00"
31/03/2025,"51,200.00","51,600.00","51,000.00","51,300.00",100.00,0.00,"27,249,600.00"
28/03/2025,"51,100.00","51,900.00","50,700.00","51,200.00",0.00,0.00,"8,222,900.00"
27/03/2025,"51,500.00","51,700.00","50,500.00","51,200.00",-300.00,-0.01,"10,685,500.00"
26/03/2025,"51,800.00","52,200.00","50,200.00","51,500.00",0.00,0.00,"9,611,000.00"
25/03/2025,"51,900.00","52,500.00","51,100.00","51,500.00",200.00,0.00,"19,700,000.00"
24/03/2025,"48,450.00","51,400.00","48,350.00","51,300.00","3,050.00",0.06,"15,552,100.00"
21/03/2025,"47,100.00","48,400.00","47,100.00","48,250.00",900.00,0.02,"13,695,700.00"
20/03/2025,"47,350.00","48,200.00","46,950.00","47,350.00",0.00,0.00,"13,458,400.00"
19/03/2025,"46,800.00","47,900.00","46,250.00","47,350.00",50.00,0.00,"13,442,500.00"
18/03/2025,"47,600.00","48,750.00","46,800.00","47,300.00",-500.00,-0.01,"12,239,544.00"
17/03/2025,"47,950.00","48,000.00","46,800.00","47,800.00",-100.00,0.00,"11,017,800.00"
14/03/2025,"47,700.00","48,900.00","47,700.00","47,900.00",100.00,0.00,"16,861,700.00"
13/03/2025,"47,000.00","49,550.00","46,550.00","47,800.00",850.00,0.02,"22,269,900.00"
12/03/2025,"45,400.00","47,300.00","45,400.00","46,950.00","1,450.00",0.03,"15,641,200.00"
11/03/2025,"44,600.00","45,550.00","44,200.00","45,500.00",200.00,0.00,"18,103,400.00"
10/03/2025,"45,000.00","45,800.00","44,700.00","45,300.00",350.00,0.01,"12,501,300.00"
07/03/2025,"43,600.00","45,750.00","43,300.00","44,950.00","1,350.00",0.03,"17,823,300.00"
06/03/2025,"42,850.00","43,600.00","42,850.00","43,600.00",900.00,0.02,"12,125,200.00"
05/03/2025,"42,050.00","43,000.00","42,050.00","42,700.00",650.00,0.02,"10,682,200.00"
04/03/2025,"42,550.00","43,150.00","42,050.00","42,050.00",-500.00,-0.01,"18,844,760.00"
03/03/2025,"41,300.00","42,550.00","41,200.00","42,550.00","1,350.00",0.03,"18,508,900.00"
28/02/2025,"41,050.00","41,600.00","40,850.00","41,200.00",150.00,0.00,"9,218,500.00"
27/02/2025,"40,750.00","41,150.00","40,600.00","41,050.00",350.00,0.01,"6,360,000.00"
26/02/2025,"40,800.00","40,900.00","40,500.00","40,700.00",-50.00,0.00,"4,187,200.00"
25/02/2025,"40,300.00","41,250.00","40,300.00","40,750.00",500.00,0.01,"5,566,600.00"
24/02/2025,"40,100.00","40,300.00","39,950.00","40,250.00",-50.00,0.00,"9,735,900.00"
21/02/2025,"40,700.00","40,700.00","40,250.00","40,300.00",-250.00,-0.01,"4,103,300.00"
20/02/2025,"39,200.00","40,800.00","39,150.00","40,550.00","1,450.00",0.04,"11,106,700.00"
19/02/2025,"39,150.00","39,150.00","38,800.00","39,100.00",200.00,0.01,"2,932,700.00"
18/02/2025,"38,900.00","39,200.00","38,850.00","38,900.00",100.00,0.00,"3,087,100.00"
17/02/2025,"38,800.00","39,150.00","38,700.00","38,800.00",0.00,0.00,"5,447,200.00"
14/02/2025,"38,950.00","39,050.00","38,750.00","38,800.00",50.00,0.00,"4,389,100.00"
13/02/2025,"37,900.00","38,900.00","37,900.00","38,750.00",750.00,0.02,"4,922,700.00"
12/02/2025,"37,800.00","38,300.00","37,800.00","38,000.00",250.00,0.01,"3,808,700.00"
11/02/2025,"37,850.00","37,900.00","37,600.00","37,750.00",-50.00,0.00,"5,898,800.00"
10/02/2025,"38,700.00","38,750.00","37,800.00","37,800.00",-950.00,-0.02,"5,850,900.00"
07/02/2025,"38,850.00","39,050.00","38,750.00","38,750.00",-50.00,0.00,"3,013,800.00"
06/02/2025,"39,000.00","39,200.00","38,800.00","38,800.00",-50.00,0.00,"2,817,600.00"
05/02/2025,"39,000.00","39,450.00","38,850.00","38,850.00",100.00,0.00,"2,719,200.00"
04/02/2025,"38,950.00","39,150.00","38,550.00","38,750.00",-250.00,-0.01,"6,689,800.00"
03/02/2025,"39,550.00","39,550.00","38,850.00","39,000.00",-500.00,-0.01,"4,738,800.00"
24/01/2025,"39,500.00","39,800.00","39,400.00","39,500.00",0.00,0.00,"4,860,000.00"
23/01/2025,"39,550.00","39,950.00","39,250.00","39,500.00",0.00,0.00,"4,632,800.00"
22/01/2025,"40,000.00","40,000.00","39,500.00","39,500.00",-500.00,-0.01,"3,805,500.00"
21/01/2025,"40,000.00","40,150.00","39,800.00","40,000.00",0.00,0.00,"9,744,600.00"
20/01/2025,"40,000.00","40,200.00","39,900.00","40,000.00",-100.00,0.00,"3,596,200.00"
17/01/2025,"40,100.00","40,100.00","39,850.00","40,100.00",100.00,0.00,"5,112,300.00"
16/01/2025,"40,200.00","40,650.00","40,000.00","40,000.00",0.00,0.00,"5,138,800.00"
15/01/2025,"40,000.00","40,100.00","39,800.00","40,000.00",0.00,0.00,"2,707,200.00"
14/01/2025,"39,700.00","40,000.00","39,400.00","40,000.00",0.00,0.00,"9,457,600.00"
13/01/2025,"39,800.00","40,000.00","38,700.00","40,000.00",0.00,0.00,"8,978,900.00"
10/01/2025,"40,400.00","40,700.00","39,900.00","40,000.00",-400.00,-0.01,"2,320,000.00"
09/01/2025,"40,000.00","41,050.00","40,000.00","40,400.00",400.00,0.01,"4,211,400.00"
08/01/2025,"40,000.00","40,050.00","39,700.00","40,000.00",0.00,0.00,"2,744,700.00"
07/01/2025,"39,850.00","40,050.00","39,850.00","40,000.00",0.00,0.00,"2,849,700.00"
06/01/2025,"40,000.00","40,000.00","39,750.00","40,000.00",0.00,0.00,"3,321,300.00"
03/01/2025,"40,050.00","40,050.00","39,750.00","40,000.00",0.00,0.00,"4,365,100.00"
02/01/2025,"40,100.00","40,200.00","39,950.00","40,000.00",0.00,0.00,"3,009,900.00"
31/12/2024,"40,500.00","40,500.00","40,000.00","40,000.00",-300.00,-0.01,"4,391,900.00"
30/12/2024,"40,450.00","40,600.00","40,300.00","40,300.00",-50.00,0.00,"3,816,300.00"
27/12/2024,"40,800.00","41,050.00","40,350.00","40,350.00",-300.00,-0.01,"2,847,200.00"
26/12/2024,"40,750.00","41,300.00","40,650.00","40,650.00",50.00,0.00,"3,690,900.00"
25/12/2024,"40,500.00","40,750.00","40,350.00","40,600.00",250.00,0.01,"4,429,700.00"
24/12/2024,"40,500.00","40,600.00","40,100.00","40,350.00",-250.00,-0.01,"3,377,000.00"
23/12/2024,"40,800.00","40,850.00","40,400.00","40,600.00",250.00,0.01,"6,992,400.00"
20/12/2024,"40,400.00","40,450.00","40,200.00","40,350.00",150.00,0.00,"3,475,300.00"
19/12/2024,"40,600.00","40,750.00","40,200.00","40,200.00",-700.00,-0.02,"5,724,800.00"
18/12/2024,"41,300.00","41,600.00","40,900.00","40,900.00",-400.00,-0.01,"3,637,600.00"
17/12/2024,"41,000.00","41,400.00","40,800.00","41,300.00",350.00,0.01,"8,168,600.00"
16/12/2024,"40,650.00","41,150.00","40,550.00","40,950.00",300.00,0.01,"6,202,400.00"
13/12/2024,"40,700.00","40,800.00","40,500.00","40,650.00",-100.00,0.00,"3,126,900.00"
12/12/2024,"40,900.00","41,150.00","40,750.00","40,750.00",-100.00,0.00,"2,984,800.00"
11/12/2024,"40,950.00","41,350.00","40,800.00","40,850.00",-100.00,0.00,"4,020,600.00"
10/12/2024,"41,450.00","41,650.00","40,950.00","40,950.00",-500.00,-0.01,"4,579,300.00"
09/12/2024,"41,500.00","41,900.00","41,400.00","41,450.00",-50.00,0.00,"3,694,100.00"
06/12/2024,"41,600.00","42,000.00","41,200.00","41,500.00",100.00,0.00,"4,870,000.00"
05/12/2024,"40,500.00","41,800.00","40,200.00","41,400.00","1,300.00",0.03,"4,927,800.00"
04/12/2024,"40,700.00","40,850.00","40,100.00","40,100.00",-800.00,-0.02,"15,787,400.00"
03/12/2024,"40,800.00","41,300.00","40,500.00","40,900.00",150.00,0.00,"20,465,600.00"
02/12/2024,"41,100.00","41,150.00","40,750.00","40,750.00",-50.00,0.00,"8,192,494.00"
29/11/2024,"41,300.00","41,300.00","40,750.00","40,800.00",-300.00,-0.01,"5,524,400.00"
28/11/2024,"42,250.00","42,350.00","41,100.00","41,100.00",-800.00,-0.02,"7,114,200.00"
27/11/2024,"42,200.00","42,850.00","41,900.00","41,900.00",-500.00,-0.01,"3,650,400.00"
26/11/2024,"42,700.00","43,300.00","42,400.00","42,400.00",-300.00,-0.01,"4,889,500.00"
25/11/2024,"41,500.00","42,950.00","41,450.00","42,700.00","1,100.00",0.03,"9,221,200.00"
22/11/2024,"42,650.00","42,750.00","41,600.00","41,600.00","-1,700.00",-0.04,"9,091,600.00"
21/11/2024,"43,250.00","43,700.00","42,850.00","43,300.00",0.00,0.00,"43,237,184.00"
20/11/2024,"42,200.00","43,400.00","41,750.00","43,300.00","1,100.00",0.03,"28,914,400.00"
19/11/2024,"40,900.00","42,250.00","40,900.00","42,200.00","1,400.00",0.03,"26,469,700.00"
18/11/2024,"40,300.00","40,800.00","39,600.00","40,800.00",550.00,0.01,"23,242,900.00"
15/11/2024,"40,350.00","40,600.00","40,000.00","40,250.00",-100.00,0.00,"32,794,300.00"
14/11/2024,"40,350.00","41,100.00","40,300.00","40,350.00",50.00,0.00,"17,157,200.00"
13/11/2024,"40,300.00","40,700.00","40,150.00","40,300.00",0.00,0.00,"14,066,600.00"
12/11/2024,"40,600.00","41,350.00","40,300.00","40,300.00",-300.00,-0.01,"16,217,500.00"
11/11/2024,"40,000.00","40,850.00","39,250.00","40,600.00",600.00,0.01,"15,312,100.00"
08/11/2024,"41,300.00","41,350.00","40,000.00","40,000.00","-1,400.00",-0.03,"22,517,000.00"
07/11/2024,"41,700.00","41,700.00","41,300.00","41,400.00",-150.00,0.00,"16,125,700.00"
06/11/2024,"41,500.00","41,700.00","41,300.00","41,550.00",50.00,0.00,"15,064,600.00"
05/11/2024,"41,500.00","41,800.00","41,250.00","41,500.00",0.00,0.00,"15,628,600.00"
04/11/2024,"41,500.00","41,500.00","40,550.00","41,500.00",0.00,0.00,"20,038,000.00"
01/11/2024,"41,500.00","42,200.00","41,300.00","41,500.00",0.00,0.00,"16,952,201.00"
31/10/2024,"41,150.00","41,550.00","40,450.00","41,500.00",350.00,0.01,"23,739,900.00"
30/10/2024,"43,000.00","43,000.00","40,850.00","41,150.00","-1,600.00",-0.04,"31,820,300.00"
29/10/2024,"42,950.00","43,050.00","42,550.00","42,750.00",50.00,0.00,"17,360,800.00"
28/10/2024,"43,700.00","44,250.00","42,500.00","42,700.00","-1,150.00",-0.03,"19,773,500.00"
25/10/2024,"44,550.00","44,650.00","43,500.00","43,850.00",0.00,0.00,"24,552,700.00"
24/10/2024,"46,600.00","46,750.00","43,850.00","43,850.00","-3,150.00",-0.07,"33,609,900.00"
23/10/2024,"48,250.00","48,350.00","46,500.00","47,000.00","-1,250.00",-0.03,"37,494,476.00"
22/10/2024,"48,150.00","48,550.00","47,400.00","48,250.00",450.00,0.01,"12,671,300.00"
21/10/2024,"45,500.00","47,800.00","45,500.00","47,800.00","2,550.00",0.06,"21,162,900.00"
18/10/2024,"45,700.00","46,000.00","45,150.00","45,250.00",150.00,0.00,"8,960,818.00"
17/10/2024,"45,100.00","45,500.00","44,800.00","45,100.00",100.00,0.00,"6,967,134.00"
16/10/2024,"44,500.00","45,200.00","44,450.00","45,000.00",350.00,0.01,"10,572,330.00"
15/10/2024,"45,500.00","45,500.00","44,600.00","44,650.00",-700.00,-0.02,"9,219,505.00"
14/10/2024,"45,500.00","46,400.00","45,100.00","45,350.00","1,750.00",0.04,"27,617,834.00"
11/10/2024,"42,450.00","43,800.00","42,300.00","43,600.00","1,450.00",0.03,"24,421,059.00"
10/10/2024,"42,700.00","42,900.00","42,150.00","42,150.00",-350.00,-0.01,"5,446,341.00"
09/10/2024,"41,650.00","42,550.00","41,600.00","42,500.00",900.00,0.02,"6,742,932.00"
08/10/2024,"41,450.00","41,600.00","40,700.00","41,600.00",400.00,0.01,"8,581,484.00"
07/10/2024,"41,650.00","41,800.00","40,900.00","41,200.00",-300.00,-0.01,"7,224,100.00"
04/10/2024,"41,550.00","41,950.00","41,150.00","41,500.00",-100.00,0.00,"6,764,300.00"
03/10/2024,"43,000.00","43,250.00","41,600.00","41,600.00","-1,800.00",-0.04,"26,887,200.00"
02/10/2024,"43,050.00","43,450.00","42,850.00","43,400.00",-50.00,0.00,"7,970,100.00"
01/10/2024,"42,900.00","44,100.00","42,900.00","43,450.00",650.00,0.02,"11,220,500.00"
30/09/2024,"43,500.00","43,500.00","42,550.00","42,800.00",-600.00,-0.01,"9,129,115.00"
27/09/2024,"44,500.00","44,600.00","43,000.00","43,400.00","-1,000.00",-0.02,"16,363,400.00"
26/09/2024,"44,200.00","44,600.00","44,100.00","44,400.00",250.00,0.01,"12,683,816.00"
25/09/2024,"44,400.00","44,400.00","43,800.00","44,150.00",-100.00,0.00,"10,672,959.00"
24/09/2024,"43,650.00","44,250.00","43,450.00","44,250.00",600.00,0.01,"11,658,325.00"
23/09/2024,"43,800.00","44,100.00","43,150.00","43,650.00",-100.00,0.00,"7,476,000.00"
20/09/2024,"44,200.00","44,900.00","43,700.00","43,750.00",-400.00,-0.01,"25,318,420.00"
19/09/2024,"43,900.00","44,400.00","43,750.00","44,150.00",250.00,0.01,"10,063,140.00"
18/09/2024,"44,100.00","45,150.00","43,900.00","43,900.00",-100.00,0.00,"16,300,314.00"
17/09/2024,"41,750.00","44,000.00","41,700.00","44,000.00","2,250.00",0.05,"15,846,303.00"
16/09/2024,"42,850.00","42,900.00","41,750.00","41,750.00","-1,250.00",-0.03,"10,551,100.00"
13/09/2024,"43,050.00","43,400.00","42,700.00","43,000.00",-100.00,0.00,"10,490,005.00"
12/09/2024,"43,400.00","43,500.00","43,100.00","43,100.00",100.00,0.00,"5,663,464.00"
11/09/2024,"42,550.00","43,150.00","41,750.00","43,000.00",200.00,0.00,"13,399,068.00"
10/09/2024,"43,150.00","43,550.00","42,150.00","42,800.00",-200.00,0.00,"20,330,631.00"
09/09/2024,"43,650.00","43,650.00","43,000.00","43,000.00",-900.00,-0.02,"10,300,900.00"
06/09/2024,"44,000.00","44,000.00","43,250.00","43,900.00",150.00,0.00,"24,110,400.00"
05/09/2024,"42,700.00","44,450.00","42,700.00","43,750.00","1,250.00",0.03,"22,125,427.00"
04/09/2024,"41,000.00","42,500.00","41,000.00","42,500.00","1,000.00",0.02,"13,830,252.00"
30/08/2024,"41,500.00","41,650.00","41,100.00","41,500.00",0.00,0.00,"11,470,600.00"
29/08/2024,"40,850.00","41,500.00","40,700.00","41,500.00",600.00,0.01,"10,926,300.00"
28/08/2024,"41,700.00","41,800.00","40,600.00","40,900.00",-500.00,-0.01,"16,239,204.00"
27/08/2024,"40,500.00","42,300.00","40,350.00","41,400.00",900.00,0.02,"19,751,315.00"
26/08/2024,"39,850.00","40,750.00","39,850.00","40,500.00",750.00,0.02,"15,755,129.00"
23/08/2024,"39,600.00","40,000.00","39,350.00","39,750.00",-50.00,0.00,"11,231,634.00"
22/08/2024,"39,750.00","40,150.00","39,500.00","39,800.00",50.00,0.00,"10,154,252.00"
21/08/2024,"39,250.00","39,750.00","38,900.00","39,750.00",350.00,0.01,"16,331,562.00"
20/08/2024,"38,600.00","39,800.00","38,500.00","39,400.00",800.00,0.02,"19,572,441.00"
19/08/2024,"38,600.00","38,800.00","38,200.00","38,600.00",200.00,0.01,"16,039,444.00"
16/08/2024,"38,200.00","38,700.00","38,000.00","38,400.00",550.00,0.01,"21,534,943.00"
15/08/2024,"37,500.00","38,300.00","37,150.00","37,850.00",650.00,0.02,"17,798,730.00"
14/08/2024,"36,350.00","37,400.00","36,000.00","37,200.00",850.00,0.02,"19,385,620.00"
13/08/2024,"36,350.00","36,650.00","35,850.00","36,350.00",-150.00,0.00,"9,925,900.00"
12/08/2024,"37,150.00","37,150.00","36,350.00","36,500.00",-700.00,-0.02,"27,145,000.00"
09/08/2024,"37,800.00","37,800.00","36,800.00","37,200.00",-400.00,-0.01,"8,691,600.00"
08/08/2024,"37,500.00","38,100.00","36,950.00","37,600.00",400.00,0.01,"15,674,300.00"
07/08/2024,"36,950.00","37,200.00","36,600.00","37,200.00","2,400.00",0.07,"42,560,600.00"
06/08/2024,"34,800.00","34,800.00","34,000.00","34,800.00",300.00,0.01,"7,972,600.00"
05/08/2024,"35,200.00","35,700.00","34,000.00","34,500.00","-1,500.00",-0.04,"10,021,500.00"
02/08/2024,"36,050.00","36,300.00","34,600.00","36,000.00",-450.00,-0.01,"8,614,000.00"
01/08/2024,"36,750.00","37,000.00","36,000.00","36,450.00",-250.00,-0.01,"9,076,900.00"
31/07/2024,"36,850.00","37,050.00","36,650.00","36,700.00",0.00,0.00,"3,718,200.00"
30/07/2024,"37,100.00","37,200.00","36,700.00","36,700.00",-400.00,-0.01,"7,779,900.00"
29/07/2024,"37,750.00","37,900.00","37,100.00","37,100.00",-650.00,-0.02,"4,406,000.00"
26/07/2024,"37,800.00","37,900.00","37,500.00","37,750.00",-50.00,0.00,"3,908,300.00"
25/07/2024,"37,600.00","38,300.00","37,550.00","37,800.00",-50.00,0.00,"6,224,500.00"
24/07/2024,"37,600.00","37,850.00","37,400.00","37,850.00",0.00,0.00,"12,275,000.00"
23/07/2024,"37,650.00","37,950.00","37,350.00","37,850.00",-50.00,0.00,"7,519,200.00"
22/07/2024,"38,000.00","38,000.00","37,300.00","37,900.00",50.00,0.00,"5,135,700.00"
19/07/2024,"37,700.00","38,200.00","37,550.00","37,850.00",400.00,0.01,"9,600,800.00"
18/07/2024,"37,250.00","37,450.00","36,700.00","37,450.00",150.00,0.00,"6,284,400.00"
17/07/2024,"37,900.00","37,900.00","36,800.00","37,300.00",-600.00,-0.02,"7,051,600.00"
16/07/2024,"37,800.00","38,050.00","37,650.00","37,900.00",-100.00,0.00,"4,765,700.00"
15/07/2024,"38,500.00","38,500.00","37,800.00","38,000.00",-500.00,-0.01,"4,886,700.00"
12/07/2024,"38,500.00","38,850.00","38,300.00","38,500.00",50.00,0.00,"11,896,100.00"
11/07/2024,"38,250.00","38,700.00","38,100.00","38,450.00",200.00,0.01,"8,802,600.00"
10/07/2024,"38,350.00","38,400.00","37,950.00","38,250.00",-50.00,0.00,"5,450,000.00"
09/07/2024,"38,000.00","38,300.00","37,800.00","38,300.00",300.00,0.01,"8,194,900.00"
08/07/2024,"38,150.00","38,400.00","37,800.00","38,000.00",-450.00,-0.01,"8,371,600.00"
05/07/2024,"38,300.00","38,500.00","37,950.00","38,450.00",0.00,0.00,"6,571,700.00"
04/07/2024,"38,100.00","38,500.00","37,800.00","38,450.00",350.00,0.01,"7,464,400.00"
03/07/2024,"38,050.00","38,200.00","37,700.00","38,100.00",-50.00,0.00,"5,232,800.00"
02/07/2024,"37,750.00","38,350.00","37,550.00","38,150.00",450.00,0.01,"5,422,700.00"
01/07/2024,"37,650.00","37,700.00","37,100.00","37,700.00",50.00,0.00,"4,515,600.00"
28/06/2024,"37,600.00","37,750.00","37,300.00","37,650.00",50.00,0.00,"5,965,200.00"
27/06/2024,"37,500.00","37,850.00","37,350.00","37,600.00",100.00,0.00,"3,454,200.00"
26/06/2024,"37,800.00","38,150.00","37,500.00","37,500.00",-300.00,-0.01,"6,573,400.00"
25/06/2024,"37,300.00","38,050.00","37,200.00","37,800.00",350.00,0.01,"6,450,100.00"
24/06/2024,"37,750.00","38,200.00","37,100.00","37,450.00",-300.00,-0.01,"11,247,900.00"
21/06/2024,"37,750.00","37,800.00","37,450.00","37,750.00",-250.00,-0.01,"13,031,100.00"
20/06/2024,"37,900.00","38,000.00","37,550.00","38,000.00",0.00,0.00,"7,817,500.00"
19/06/2024,"38,300.00","38,350.00","37,750.00","38,000.00",-300.00,-0.01,"7,996,800.00"
18/06/2024,"38,500.00","38,500.00","38,200.00","38,300.00",0.00,0.00,"7,968,500.00"
17/06/2024,"38,250.00","38,500.00","37,900.00","38,300.00",100.00,0.00,"9,456,600.00"
14/06/2024,"38,400.00","38,850.00","38,050.00","38,200.00",-50.00,0.00,"8,609,700.00"
13/06/2024,"38,550.00","38,700.00","38,100.00","38,250.00",-250.00,-0.01,"6,175,100.00"
12/06/2024,"38,150.00","38,850.00","37,700.00","38,500.00",350.00,0.01,"13,941,600.00"
11/06/2024,"38,900.00","38,950.00","38,150.00","38,150.00",-750.00,-0.02,"14,433,100.00"
10/06/2024,"39,150.00","39,200.00","38,850.00","38,900.00",-100.00,0.00,"7,885,000.00"
07/06/2024,"39,300.00","39,300.00","39,000.00","39,000.00",-50.00,0.00,"4,519,500.00"
06/06/2024,"39,400.00","39,600.00","39,000.00","39,050.00",-250.00,-0.01,"5,109,000.00"
05/06/2024,"39,550.00","39,900.00","39,300.00","39,300.00",-100.00,0.00,"13,914,300.00"
04/06/2024,"39,400.00","40,200.00","39,400.00","39,400.00",100.00,0.00,"7,955,300.00"
03/06/2024,"39,200.00","39,400.00","39,100.00","39,300.00",450.00,0.01,"5,242,000.00"
31/05/2024,"39,200.00","39,650.00","38,850.00","38,850.00",-150.00,0.00,"21,184,734.00"
30/05/2024,"39,450.00","39,500.00","39,000.00","39,000.00",-450.00,-0.01,"6,423,700.00"
29/05/2024,"40,000.00","40,100.00","39,450.00","39,450.00",-500.00,-0.01,"8,152,400.00"
28/05/2024,"39,850.00","40,050.00","39,750.00","39,950.00",150.00,0.00,"5,598,700.00"
27/05/2024,"39,850.00","40,050.00","39,750.00","39,800.00",0.00,0.00,"4,742,900.00"
24/05/2024,"40,400.00","40,550.00","39,750.00","39,800.00",-750.00,-0.02,"12,955,200.00"
23/05/2024,"40,450.00","40,550.00","40,100.00","40,550.00",200.00,0.00,"6,387,700.00"
22/05/2024,"40,200.00","41,650.00","40,200.00","40,350.00",150.00,0.00,"11,927,800.00"
21/05/2024,"40,500.00","40,750.00","40,050.00","40,200.00",-250.00,-0.01,"11,760,200.00"
20/05/2024,"41,050.00","41,250.00","40,450.00","40,450.00",-400.00,-0.01,"9,537,100.00"
17/05/2024,"40,350.00","41,200.00","40,200.00","40,850.00",600.00,0.01,"16,136,900.00"
16/05/2024,"40,300.00","40,400.00","40,150.00","40,250.00",0.00,0.00,"8,379,700.00"
15/05/2024,"40,200.00","40,400.00","40,050.00","40,250.00",100.00,0.00,"6,594,800.00"
14/05/2024,"41,100.00","41,250.00","40,150.00","40,150.00",50.00,0.00,"6,866,000.00"
13/05/2024,"40,450.00","40,550.00","39,700.00","40,100.00",-250.00,-0.01,"9,093,900.00"
10/05/2024,"41,000.00","41,100.00","40,350.00","40,350.00",-600.00,-0.01,"7,276,500.00"
09/05/2024,"41,000.00","41,750.00","40,850.00","40,950.00",50.00,0.00,"34,256,281.00"
08/05/2024,"41,000.00","41,000.00","40,500.00","40,900.00",-150.00,0.00,"28,104,400.00"
07/05/2024,"41,250.00","41,250.00","40,900.00","41,050.00",-100.00,0.00,"4,514,800.00"
06/05/2024,"41,150.00","41,200.00","40,850.00","41,150.00",50.00,0.00,"7,447,473.00"
03/05/2024,"41,300.00","41,400.00","40,850.00","41,100.00",-50.00,0.00,"4,391,600.00"
02/05/2024,"40,800.00","41,250.00","40,350.00","41,150.00",350.00,0.01,"4,570,000.00"
26/04/2024,"40,400.00","41,050.00","40,300.00","40,800.00",100.00,0.00,"4,704,400.00"
25/04/2024,"40,850.00","40,850.00","40,400.00","40,700.00",100.00,0.00,"2,989,100.00"
24/04/2024,"40,350.00","40,900.00","40,250.00","40,600.00",400.00,0.01,"5,041,500.00"
23/04/2024,"41,000.00","41,400.00","40,200.00","40,200.00","-1,250.00",-0.03,"8,623,200.00"
22/04/2024,"41,500.00","41,800.00","40,650.00","41,450.00",-50.00,0.00,"13,244,300.00"
19/04/2024,"40,950.00","41,500.00","40,300.00","41,500.00",-300.00,-0.01,"12,526,800.00"
17/04/2024,"43,000.00","43,050.00","41,550.00","41,800.00",-900.00,-0.02,"10,862,100.00"
16/04/2024,"42,400.00","42,800.00","40,750.00","42,700.00",300.00,0.01,"16,847,800.00"
15/04/2024,"44,500.00","44,500.00","42,200.00","42,400.00","-2,100.00",-0.05,"20,416,500.00"
12/04/2024,"44,500.00","44,800.00","44,300.00","44,500.00",350.00,0.01,"16,822,800.00"
11/04/2024,"44,250.00","44,250.00","43,750.00","44,150.00",-50.00,0.00,"14,565,300.00"
10/04/2024,"43,550.00","44,650.00","43,450.00","44,200.00","1,000.00",0.02,"25,949,200.00"
09/04/2024,"43,100.00","43,200.00","42,900.00","43,200.00",200.00,0.00,"10,943,800.00"
08/04/2024,"43,050.00","43,100.00","42,400.00","43,000.00",50.00,0.00,"18,364,700.00"
05/04/2024,"42,700.00","43,100.00","42,400.00","42,950.00",-50.00,0.00,"13,464,400.00"
04/04/2024,"42,800.00","43,200.00","42,750.00","43,000.00",-100.00,0.00,"9,666,700.00"
03/04/2024,"43,150.00","43,750.00","42,900.00","43,100.00",-50.00,0.00,"11,837,400.00"
02/04/2024,"42,700.00","43,150.00","42,200.00","43,150.00",250.00,0.01,"14,353,678.00"
01/04/2024,"42,900.00","43,150.00","42,650.00","42,900.00",50.00,0.00,"7,517,900.00"
29/03/2024,"43,400.00","43,700.00","42,850.00","42,850.00",-450.00,-0.01,"7,713,400.00"
28/03/2024,"42,800.00","44,050.00","42,600.00","43,300.00",800.00,0.02,"18,563,500.00"
27/03/2024,"42,900.00","42,900.00","42,500.00","42,500.00",-250.00,-0.01,"7,638,200.00"
26/03/2024,"42,700.00","42,900.00","42,450.00","42,750.00",200.00,0.00,"4,290,200.00"
25/03/2024,"43,000.00","43,350.00","42,400.00","42,550.00",-250.00,-0.01,"10,397,700.00"
22/03/2024,"43,200.00","43,500.00","42,600.00","42,800.00",-100.00,0.00,"10,117,400.00"
21/03/2024,"42,850.00","43,050.00","42,550.00","42,900.00",400.00,0.01,"11,115,400.00"
20/03/2024,"43,000.00","43,000.00","42,200.00","42,500.00",-400.00,-0.01,"6,796,500.00"
19/03/2024,"42,350.00","43,050.00","41,850.00","42,900.00",800.00,0.02,"9,687,400.00"
18/03/2024,"42,650.00","43,150.00","41,300.00","42,100.00",-300.00,-0.01,"16,045,500.00"
15/03/2024,"42,900.00","43,150.00","42,400.00","42,400.00",-500.00,-0.01,"11,405,200.00"
14/03/2024,"43,400.00","43,800.00","42,800.00","42,900.00",-50.00,0.00,"13,322,300.00"
13/03/2024,"42,800.00","43,000.00","42,500.00","42,950.00",250.00,0.01,"8,858,800.00"
12/03/2024,"42,550.00","42,900.00","42,350.00","42,700.00",150.00,0.00,"5,149,800.00"
11/03/2024,"42,600.00","43,000.00","42,500.00","42,550.00",0.00,0.00,"6,139,000.00"
08/03/2024,"43,500.00","43,600.00","42,550.00","42,550.00",-650.00,-0.02,"9,526,300.00"
07/03/2024,"43,300.00","43,300.00","42,850.00","43,200.00",100.00,0.00,"7,514,700.00"
06/03/2024,"43,650.00","44,550.00","43,050.00","43,100.00",-550.00,-0.01,"11,882,900.00"
05/03/2024,"43,950.00","44,250.00","43,300.00","43,650.00",-300.00,-0.01,"7,690,200.00"
04/03/2024,"44,050.00","44,600.00","43,800.00","43,950.00",0.00,0.00,"13,982,800.00"
01/03/2024,"43,700.00","44,200.00","43,300.00","43,950.00",550.00,0.01,"6,873,900.00"
29/02/2024,"44,550.00","44,700.00","43,400.00","43,400.00","-1,000.00",-0.02,"11,061,300.00"
28/02/2024,"44,450.00","44,900.00","44,000.00","44,400.00",200.00,0.00,"6,283,200.00"
27/02/2024,"43,750.00","44,200.00","43,300.00","44,200.00",850.00,0.02,"7,258,700.00"
26/02/2024,"43,450.00","43,850.00","43,100.00","43,350.00",50.00,0.00,"7,100,000.00"
23/02/2024,"45,000.00","45,100.00","43,250.00","43,300.00","-1,500.00",-0.03,"12,048,800.00"
22/02/2024,"45,100.00","45,450.00","44,800.00","44,800.00",-200.00,0.00,"6,809,700.00"
21/02/2024,"46,100.00","46,100.00","44,800.00","45,000.00","-1,150.00",-0.02,"9,491,900.00"
20/02/2024,"46,000.00","46,700.00","45,850.00","46,150.00",600.00,0.01,"13,861,500.00"
19/02/2024,"43,000.00","45,650.00","42,900.00","45,550.00","2,850.00",0.07,"20,240,400.00"
16/02/2024,"42,150.00","42,800.00","41,950.00","42,700.00",750.00,0.02,"6,024,400.00"
15/02/2024,"42,150.00","42,200.00","41,800.00","41,950.00",150.00,0.00,"4,401,100.00"
07/02/2024,"41,050.00","41,850.00","41,000.00","41,800.00",800.00,0.02,"3,768,900.00"
06/02/2024,"41,400.00","41,450.00","41,000.00","41,000.00",-250.00,-0.01,"5,557,300.00"
05/02/2024,"41,400.00","41,600.00","41,100.00","41,250.00",50.00,0.00,"11,221,400.00"
02/02/2024,"41,500.00","42,100.00","41,150.00","41,200.00",0.00,0.00,"5,859,300.00"
01/02/2024,"41,350.00","41,500.00","41,100.00","41,200.00",-300.00,-0.01,"7,107,200.00"
31/01/2024,"42,050.00","42,250.00","41,500.00","41,500.00",-500.00,-0.01,"6,369,100.00"
30/01/2024,"41,800.00","42,300.00","41,700.00","42,000.00",200.00,0.00,"2,908,300.00"
29/01/2024,"42,300.00","42,300.00","41,800.00","41,800.00",-200.00,0.00,"3,212,200.00"
26/01/2024,"42,200.00","42,500.00","42,000.00","42,000.00",-100.00,0.00,"7,142,800.00"
25/01/2024,"42,500.00","42,500.00","42,050.00","42,100.00",-400.00,-0.01,"2,341,400.00"
24/01/2024,"42,350.00","42,950.00","42,300.00","42,500.00",150.00,0.00,"3,941,200.00"
23/01/2024,"43,050.00","43,200.00","42,300.00","42,350.00",-650.00,-0.02,"5,255,800.00"
22/01/2024,"43,350.00","43,450.00","42,800.00","43,000.00",-50.00,0.00,"4,709,100.00"
19/01/2024,"43,350.00","43,600.00","43,000.00","43,050.00",-150.00,0.00,"5,531,400.00"
18/01/2024,"42,250.00","43,500.00","42,050.00","43,200.00","1,300.00",0.03,"8,938,800.00"
17/01/2024,"42,650.00","42,850.00","41,900.00","41,900.00",-750.00,-0.02,"6,343,500.00"
16/01/2024,"41,600.00","42,650.00","41,450.00","42,650.00","1,050.00",0.03,"3,774,400.00"
15/01/2024,"41,800.00","41,850.00","41,400.00","41,600.00",300.00,0.01,"3,149,500.00"
12/01/2024,"41,800.00","41,900.00","40,900.00","41,300.00",-700.00,-0.02,"8,327,100.00"
11/01/2024,"42,500.00","43,050.00","42,000.00","42,000.00",-700.00,-0.02,"6,969,000.00"
10/01/2024,"43,000.00","43,000.00","42,100.00","42,700.00",-300.00,-0.01,"6,789,400.00"
09/01/2024,"43,150.00","43,300.00","42,650.00","43,000.00",-350.00,-0.01,"6,377,100.00"
08/01/2024,"43,200.00","43,850.00","42,900.00","43,350.00",250.00,0.01,"6,213,900.00"
05/01/2024,"43,450.00","43,550.00","43,050.00","43,100.00",-350.00,-0.01,"5,928,338.00"
04/01/2024,"43,550.00","43,700.00","43,250.00","43,450.00",50.00,0.00,"8,778,000.00"
03/01/2024,"42,600.00","43,400.00","42,550.00","43,400.00",400.00,0.01,"6,112,600.00"
02/01/2024,"43,300.00","43,750.00","42,550.00","43,000.00",-200.00,0.00,"8,888,500.00"
29/12/2023,"44,050.00","44,100.00","43,200.00","43,200.00",-500.00,-0.01,"5,546,500.00"
28/12/2023,"42,100.00","43,800.00","42,050.00","43,700.00","1,800.00",0.04,"13,344,900.00"
27/12/2023,"42,000.00","42,150.00","41,850.00","41,900.00",0.00,0.00,"96,259,400.00"
26/12/2023,"41,500.00","42,200.00","41,300.00","41,900.00",700.00,0.02,"10,394,700.00"
25/12/2023,"40,300.00","41,250.00","40,300.00","41,200.00",900.00,0.02,"35,112,700.00"
22/12/2023,"40,200.00","40,400.00","40,000.00","40,300.00",100.00,0.00,"3,343,900.00"
21/12/2023,"39,700.00","40,450.00","39,650.00","40,200.00",250.00,0.01,"3,556,500.00"
20/12/2023,"39,850.00","39,950.00","39,500.00","39,950.00",450.00,0.01,"3,671,600.00"
19/12/2023,"39,900.00","39,950.00","39,300.00","39,500.00",-400.00,-0.01,"5,227,500.00"
18/12/2023,"40,200.00","40,200.00","39,850.00","39,900.00",0.00,0.00,"3,637,400.00"
15/12/2023,"40,450.00","40,550.00","39,850.00","39,900.00",-400.00,-0.01,"6,799,900.00"
14/12/2023,"41,100.00","41,250.00","40,250.00","40,300.00",-450.00,-0.01,"4,704,300.00"
13/12/2023,"41,200.00","41,650.00","40,650.00","40,750.00",-300.00,-0.01,"9,940,000.00"
12/12/2023,"41,000.00","41,300.00","40,750.00","41,050.00",50.00,0.00,"6,337,100.00"
11/12/2023,"40,150.00","41,300.00","40,100.00","41,000.00","1,350.00",0.03,"8,699,000.00"
08/12/2023,"39,700.00","40,100.00","39,450.00","39,650.00",-50.00,0.00,"10,893,700.00"
07/12/2023,"40,450.00","40,550.00","39,400.00","39,700.00",-750.00,-0.02,"11,365,000.00"
06/12/2023,"40,500.00","40,550.00","39,650.00","40,450.00",-50.00,0.00,"11,848,000.00"
05/12/2023,"41,500.00","41,500.00","40,500.00","40,500.00",-800.00,-0.02,"10,227,900.00"
04/12/2023,"40,950.00","41,500.00","40,850.00","41,300.00",400.00,0.01,"8,136,700.00"
01/12/2023,"41,300.00","41,400.00","40,400.00","40,900.00",-400.00,-0.01,"6,992,800.00"
30/11/2023,"41,200.00","41,350.00","40,600.00","41,300.00",100.00,0.00,"7,741,700.00"
29/11/2023,"41,050.00","41,300.00","40,750.00","41,200.00",450.00,0.01,"6,209,300.00"
28/11/2023,"39,800.00","40,750.00","39,650.00","40,750.00",950.00,0.02,"7,384,400.00"
27/11/2023,"39,100.00","40,000.00","39,100.00","39,800.00",700.00,0.02,"5,760,600.00"
24/11/2023,"39,000.00","39,200.00","38,050.00","39,100.00",100.00,0.00,"7,382,900.00"
23/11/2023,"39,350.00","39,950.00","39,000.00","39,000.00",0.00,0.00,"7,659,600.00"
22/11/2023,"39,400.00","39,600.00","38,850.00","39,000.00",-100.00,0.00,"5,807,600.00"
21/11/2023,"39,750.00","39,750.00","38,900.00","39,100.00",150.00,0.00,"4,789,100.00"
20/11/2023,"38,500.00","39,500.00","38,300.00","38,950.00",0.00,0.00,"5,897,600.00"
17/11/2023,"41,300.00","41,750.00","38,500.00","38,950.00","-2,200.00",-0.05,"16,864,400.00"
16/11/2023,"41,400.00","41,650.00","40,800.00","41,150.00",-300.00,-0.01,"5,394,800.00"
15/11/2023,"41,800.00","42,600.00","41,350.00","41,450.00",450.00,0.01,"8,585,400.00"
14/11/2023,"41,850.00","41,900.00","40,750.00","41,000.00",-350.00,-0.01,"8,520,637.00"
13/11/2023,"42,600.00","42,600.00","41,300.00","41,350.00",-950.00,-0.02,"7,225,100.00"
10/11/2023,"42,500.00","43,200.00","42,300.00","42,300.00",-600.00,-0.01,"7,061,000.00"
09/11/2023,"41,600.00","43,050.00","41,450.00","42,900.00","1,900.00",0.05,"15,459,800.00"
08/11/2023,"39,950.00","41,500.00","39,200.00","41,000.00","1,000.00",0.02,"7,703,900.00"
07/11/2023,"40,900.00","40,950.00","40,000.00","40,000.00","-1,000.00",-0.02,"5,397,700.00"
06/11/2023,"40,650.00","41,400.00","40,600.00","41,000.00",500.00,0.01,"6,337,500.00"
03/11/2023,"40,450.00","40,550.00","39,950.00","40,500.00",550.00,0.01,"14,595,499.00"
02/11/2023,"38,450.00","40,000.00","37,700.00","39,950.00","1,500.00",0.04,"9,139,400.00"
01/11/2023,"38,900.00","39,000.00","36,750.00","38,450.00",-550.00,-0.01,"22,970,000.00"
31/10/2023,"39,200.00","39,700.00","38,000.00","39,000.00",-200.00,-0.01,"16,675,600.00"
30/10/2023,"39,000.00","40,000.00","37,750.00","39,200.00",0.00,0.00,"12,680,900.00"
27/10/2023,"40,000.00","41,500.00","38,900.00","39,200.00","-2,600.00",-0.06,"18,200,800.00"
26/10/2023,"41,800.00","41,800.00","41,800.00","41,800.00","-3,100.00",-0.07,"6,085,900.00"
25/10/2023,"45,400.00","45,950.00","44,750.00","44,900.00",300.00,0.01,"3,919,900.00"
24/10/2023,"44,900.00","45,000.00","44,000.00","44,600.00",100.00,0.00,"3,181,700.00"
23/10/2023,"44,500.00","45,300.00","44,000.00","44,500.00",0.00,0.00,"31,785,400.00"
20/10/2023,"42,500.00","44,800.00","41,700.00","44,500.00","2,000.00",0.05,"22,390,400.00"
19/10/2023,"43,450.00","43,450.00","42,500.00","42,500.00",-800.00,-0.02,"4,331,600.00"
18/10/2023,"44,600.00","45,800.00","43,000.00","43,300.00","-1,200.00",-0.03,"3,856,200.00"
17/10/2023,"45,600.00","45,900.00","44,500.00","44,500.00","-1,050.00",-0.02,"5,398,500.00"
16/10/2023,"46,900.00","47,000.00","45,550.00","45,550.00","-1,350.00",-0.03,"3,271,400.00"
13/10/2023,"47,050.00","47,200.00","46,500.00","46,900.00",-650.00,-0.01,"3,189,000.00"
12/10/2023,"47,600.00","48,000.00","47,350.00","47,550.00",150.00,0.00,"2,450,500.00"
11/10/2023,"47,700.00","47,800.00","46,850.00","47,400.00",-600.00,-0.01,"2,919,100.00"
10/10/2023,"47,150.00","48,000.00","46,900.00","48,000.00","1,000.00",0.02,"4,834,400.00"
09/10/2023,"46,100.00","47,500.00","46,050.00","47,000.00",950.00,0.02,"3,893,601.00"
06/10/2023,"44,850.00","46,150.00","44,550.00","46,050.00","1,500.00",0.03,"3,431,800.00"
05/10/2023,"44,700.00","45,250.00","44,250.00","44,550.00",-50.00,0.00,"8,701,500.00"
04/10/2023,"43,250.00","45,400.00","43,250.00","44,600.00",550.00,0.01,"3,469,300.00"
03/10/2023,"45,000.00","45,250.00","44,050.00","44,050.00","-1,700.00",-0.04,"4,660,300.00"
02/10/2023,"45,600.00","46,200.00","45,200.00","45,750.00",250.00,0.01,"1,820,004.00"
29/09/2023,"45,000.00","47,500.00","45,000.00","45,500.00","1,000.00",0.02,"7,289,305.00"
28/09/2023,"45,100.00","45,500.00","44,050.00","44,500.00",-600.00,-0.01,"3,714,400.00"
27/09/2023,"45,000.00","45,800.00","43,850.00","45,100.00",100.00,0.00,"6,561,301.00"
26/09/2023,"47,000.00","47,800.00","45,000.00","45,000.00","-2,000.00",-0.04,"6,245,155.00"
25/09/2023,"48,000.00","48,750.00","46,000.00","47,000.00","-1,000.00",-0.02,"5,318,009.00"
22/09/2023,"49,400.00","49,450.00","47,850.00","48,000.00","-2,200.00",-0.04,"9,222,307.00"
21/09/2023,"51,000.00","51,400.00","50,000.00","50,200.00",-500.00,-0.01,"5,187,608.00"
20/09/2023,"49,700.00","50,900.00","49,500.00","50,700.00","1,350.00",0.03,"5,776,104.00"
19/09/2023,"50,000.00","50,700.00","49,000.00","49,350.00",400.00,0.01,"7,523,701.00"
18/09/2023,"50,100.00","50,500.00","48,700.00","48,950.00","-1,550.00",-0.03,"6,750,700.00"
15/09/2023,"49,600.00","50,500.00","49,400.00","50,500.00","1,500.00",0.03,"10,815,400.00"
14/09/2023,"52,100.00","52,300.00","49,000.00","49,000.00","-3,100.00",-0.06,"19,279,225.00"
13/09/2023,"53,800.00","53,800.00","52,100.00","52,100.00","-1,400.00",-0.03,"14,869,935.00"
12/09/2023,"52,800.00","53,500.00","52,000.00","53,500.00","1,000.00",0.02,"7,418,400.00"
11/09/2023,"54,600.00","54,900.00","52,500.00","52,500.00","-1,500.00",-0.03,"19,843,717.00"
08/09/2023,"55,000.00","55,500.00","54,000.00","54,000.00","-1,100.00",-0.02,"23,688,601.00"
07/09/2023,"56,500.00","56,600.00","54,900.00","55,100.00",-800.00,-0.01,"8,725,600.00"
06/09/2023,"55,500.00","57,000.00","55,400.00","55,900.00",600.00,0.01,"10,658,503.00"
05/09/2023,"55,200.00","55,500.00","54,400.00","55,300.00",600.00,0.01,"9,060,201.00"
31/08/2023,"54,800.00","55,900.00","54,700.00","54,700.00",100.00,0.00,"6,420,401.00"
30/08/2023,"54,600.00","55,100.00","54,100.00","54,600.00",0.00,0.00,"5,033,401.00"
29/08/2023,"55,000.00","55,800.00","54,400.00","54,600.00",-100.00,0.00,"5,305,400.00"
28/08/2023,"54,500.00","55,300.00","54,200.00","54,700.00",600.00,0.01,"5,223,401.00"
25/08/2023,"55,500.00","55,500.00","54,000.00","54,100.00","-1,300.00",-0.02,"5,129,102.00"
24/08/2023,"54,900.00","56,100.00","54,400.00","55,400.00",900.00,0.02,"4,647,701.00"
23/08/2023,"56,900.00","56,900.00","54,400.00","54,500.00","-1,000.00",-0.02,"6,835,309.00"
22/08/2023,"56,800.00","56,800.00","54,500.00","55,500.00",-500.00,-0.01,"4,567,118.00"
21/08/2023,"56,800.00","57,200.00","55,700.00","56,000.00",-800.00,-0.01,"5,229,215.00"
18/08/2023,"60,800.00","60,800.00","56,800.00","56,800.00","-4,200.00",-0.07,"9,562,107.00"
17/08/2023,"62,100.00","62,600.00","61,000.00","61,000.00","-1,900.00",-0.03,"5,437,116.00"
16/08/2023,"63,000.00","64,100.00","62,300.00","62,900.00","1,200.00",0.02,"6,866,926.00"
15/08/2023,"61,200.00","62,500.00","60,900.00","61,700.00",500.00,0.01,"5,917,227.00"
14/08/2023,"60,900.00","61,800.00","60,800.00","61,200.00",300.00,0.00,"6,216,325.00"
11/08/2023,"62,300.00","62,500.00","59,800.00","60,900.00",300.00,0.00,"4,938,723.00"
10/08/2023,"60,700.00","61,600.00","60,600.00","60,600.00",0.00,0.00,"5,667,215.00"
09/08/2023,"62,300.00","62,700.00","60,600.00","60,600.00","-2,200.00",-0.04,"6,419,057.00"
08/08/2023,"62,900.00","63,800.00","62,500.00","62,800.00",-100.00,0.00,"5,787,416.00"
07/08/2023,"63,700.00","63,700.00","61,600.00","62,900.00",-100.00,0.00,"3,968,858.00"
04/08/2023,"60,900.00","63,800.00","60,600.00","63,000.00","2,900.00",0.05,"7,372,017.00"
03/08/2023,"62,000.00","62,200.00","60,100.00","60,100.00","-1,800.00",-0.03,"2,964,421.00"
02/08/2023,"62,600.00","62,900.00","61,900.00","61,900.00",-900.00,-0.01,"3,438,924.00"
01/08/2023,"63,900.00","66,200.00","62,800.00","62,800.00",-200.00,0.00,"6,553,520.00"
31/07/2023,"62,200.00","63,000.00","61,000.00","63,000.00","4,100.00",0.07,"5,506,125.00"
28/07/2023,"57,700.00","58,900.00","57,400.00","58,900.00","1,400.00",0.02,"2,867,215.00"
27/07/2023,"59,000.00","59,100.00","57,500.00","57,500.00","-1,500.00",-0.03,"3,574,014.00"
26/07/2023,"58,300.00","59,000.00","58,300.00","59,000.00",400.00,0.01,"3,775,210.00"
25/07/2023,"58,800.00","59,200.00","58,200.00","58,600.00",-500.00,-0.01,"4,469,307.00"
24/07/2023,"59,500.00","59,500.00","58,100.00","59,100.00",0.00,0.00,"2,213,813.00"
21/07/2023,"57,500.00","59,000.00","57,300.00","59,000.00","1,300.00",0.02,"3,603,809.00"
20/07/2023,"58,500.00","58,500.00","57,300.00","57,700.00",-800.00,-0.01,"4,588,406.00"
19/07/2023,"58,800.00","59,000.00","58,200.00","58,500.00",-300.00,-0.01,"2,716,000.00"
18/07/2023,"58,500.00","59,400.00","58,000.00","58,800.00",-200.00,0.00,"3,308,900.00"
17/07/2023,"56,700.00","59,000.00","56,500.00","59,000.00","2,600.00",0.05,"5,467,701.00"
14/07/2023,"56,500.00","56,600.00","55,800.00","56,400.00",100.00,0.00,"2,554,200.00"
13/07/2023,"55,400.00","56,300.00","55,300.00","56,300.00","1,200.00",0.02,"3,310,000.00"
12/07/2023,"53,900.00","55,300.00","53,900.00","55,100.00","1,200.00",0.02,"8,985,400.00"
11/07/2023,"53,600.00","53,900.00","53,600.00","53,900.00",100.00,0.00,"2,719,600.00"
10/07/2023,"54,100.00","54,400.00","53,600.00","53,800.00",-200.00,0.00,"2,350,300.00"
07/07/2023,"54,500.00","54,900.00","54,000.00","54,000.00",-500.00,-0.01,"9,243,603.00"
06/07/2023,"55,300.00","55,900.00","54,500.00","54,500.00","-1,600.00",-0.03,"1,605,400.00"
05/07/2023,"56,500.00","56,500.00","55,300.00","56,100.00",-400.00,-0.01,"2,398,900.00"
04/07/2023,"55,900.00","56,800.00","55,500.00","56,500.00",600.00,0.01,"11,000,100.00"
03/07/2023,"55,000.00","55,900.00","55,000.00","55,900.00",900.00,0.02,"1,543,500.00"
30/06/2023,"54,800.00","55,500.00","54,300.00","55,000.00",0.00,0.00,"2,371,000.00"
29/06/2023,"55,400.00","55,400.00","54,900.00","55,000.00",-400.00,-0.01,"1,747,700.00"
28/06/2023,"56,100.00","56,200.00","55,000.00","55,400.00",-500.00,-0.01,"11,410,977.00"
27/06/2023,"55,500.00","55,900.00","55,400.00","55,900.00",400.00,0.01,"8,642,101.00"
26/06/2023,"55,600.00","55,800.00","54,800.00","55,500.00",-500.00,-0.01,"7,022,100.00"
23/06/2023,"55,200.00","56,000.00","55,100.00","56,000.00",300.00,0.01,"2,159,900.00"
22/06/2023,"55,000.00","55,700.00","54,700.00","55,700.00","1,100.00",0.02,"13,870,800.00"
21/06/2023,"55,000.00","55,300.00","54,300.00","54,600.00",-500.00,-0.01,"3,259,700.00"
20/06/2023,"55,000.00","55,700.00","54,500.00","55,100.00",100.00,0.00,"984,300.00"
19/06/2023,"56,100.00","56,100.00","54,800.00","55,000.00","-1,000.00",-0.02,"2,387,500.00"
16/06/2023,"56,400.00","56,900.00","55,000.00","56,000.00",-500.00,-0.01,"2,552,000.00"
15/06/2023,"57,000.00","57,900.00","55,800.00","56,500.00",-500.00,-0.01,"2,453,200.00"
14/06/2023,"56,800.00","58,200.00","56,700.00","57,000.00",300.00,0.01,"3,356,300.00"
13/06/2023,"55,200.00","56,700.00","55,100.00","56,700.00","1,300.00",0.02,"2,370,400.00"
12/06/2023,"55,500.00","55,500.00","54,400.00","55,400.00",-100.00,0.00,"2,051,600.00"
09/06/2023,"55,000.00","55,800.00","54,800.00","55,500.00",100.00,0.00,"1,201,100.00"
08/06/2023,"55,300.00","56,000.00","55,100.00","55,400.00",100.00,0.00,"13,908,613.00"
07/06/2023,"55,300.00","55,700.00","54,500.00","55,300.00",300.00,0.01,"2,257,300.00"
06/06/2023,"54,400.00","55,000.00","53,900.00","55,000.00","1,300.00",0.02,"1,957,260.00"
05/06/2023,"54,000.00","55,100.00","53,300.00","53,700.00",300.00,0.01,"2,669,000.00"
02/06/2023,"53,500.00","53,900.00","53,000.00","53,400.00",400.00,0.01,"1,606,400.00"
01/06/2023,"53,500.00","54,000.00","53,000.00","53,000.00",-500.00,-0.01,"1,033,700.00"
31/05/2023,"55,000.00","55,000.00","53,500.00","53,500.00","-1,400.00",-0.03,"1,598,100.00"
30/05/2023,"56,000.00","56,000.00","54,600.00","54,900.00",-600.00,-0.01,"1,390,001.00"
29/05/2023,"55,000.00","56,300.00","55,000.00","55,500.00",500.00,0.01,"1,706,200.00"
26/05/2023,"55,000.00","56,400.00","54,600.00","55,000.00",0.00,0.00,"4,091,400.00"
25/05/2023,"54,700.00","55,600.00","54,000.00","55,000.00",500.00,0.01,"1,757,700.00"
24/05/2023,"53,700.00","54,500.00","53,300.00","54,500.00",800.00,0.01,"848,900.00"
23/05/2023,"54,500.00","54,500.00","53,000.00","53,700.00",-400.00,-0.01,"1,157,300.00"
22/05/2023,"55,000.00","55,000.00","53,500.00","54,100.00",0.00,0.00,"1,650,400.00"
19/05/2023,"55,500.00","55,500.00","53,500.00","54,100.00",-900.00,-0.02,"1,844,100.00"
18/05/2023,"53,900.00","55,800.00","53,500.00","55,000.00","1,600.00",0.03,"3,529,400.00"
17/05/2023,"52,200.00","53,900.00","52,200.00","53,400.00","1,200.00",0.02,"3,109,800.00"
16/05/2023,"51,700.00","52,200.00","51,500.00","52,200.00",500.00,0.01,"1,495,800.00"
15/05/2023,"52,000.00","52,500.00","51,500.00","51,700.00",500.00,0.01,"1,699,500.00"
12/05/2023,"49,100.00","51,200.00","48,900.00","51,200.00","2,050.00",0.04,"1,839,700.00"
11/05/2023,"49,500.00","49,500.00","48,950.00","49,150.00",-200.00,0.00,"523,900.00"
10/05/2023,"49,300.00","49,400.00","48,900.00","49,350.00",50.00,0.00,"518,800.00"
09/05/2023,"49,050.00","49,500.00","48,750.00","49,300.00",-100.00,0.00,"1,270,100.00"
08/05/2023,"48,850.00","49,550.00","48,600.00","49,400.00",400.00,0.01,"1,655,130.00"
05/05/2023,"49,150.00","49,500.00","48,600.00","49,000.00",-500.00,-0.01,"793,201.00"
04/05/2023,"49,500.00","49,500.00","48,200.00","49,500.00",0.00,0.00,"1,314,400.00"
28/04/2023,"47,700.00","49,500.00","47,400.00","49,500.00","2,000.00",0.04,"1,144,900.00"
27/04/2023,"48,000.00","48,700.00","46,850.00","47,500.00",-500.00,-0.01,"2,648,000.00"
26/04/2023,"49,900.00","49,900.00","48,000.00","48,000.00","-2,200.00",-0.04,"8,579,942.00"
25/04/2023,"51,200.00","51,200.00","49,850.00","50,200.00",-300.00,-0.01,"2,767,305.00"
24/04/2023,"50,800.00","52,000.00","50,200.00","50,500.00",200.00,0.00,"1,804,900.00"
21/04/2023,"50,500.00","50,700.00","49,900.00","50,300.00",-400.00,-0.01,"768,800.00"
20/04/2023,"50,500.00","50,700.00","49,850.00","50,700.00",300.00,0.01,"483,600.00"
19/04/2023,"50,800.00","51,200.00","50,000.00","50,400.00",-400.00,-0.01,"1,273,100.00"
18/04/2023,"50,900.00","51,300.00","50,500.00","50,800.00",500.00,0.01,"1,861,600.00"
17/04/2023,"50,100.00","50,900.00","50,000.00","50,300.00",300.00,0.01,"7,690,200.00"
14/04/2023,"50,700.00","51,500.00","49,700.00","50,000.00",-500.00,-0.01,"1,568,400.00"
13/04/2023,"51,600.00","51,700.00","50,300.00","50,500.00","-1,100.00",-0.02,"1,340,500.00"
12/04/2023,"51,900.00","52,100.00","51,000.00","51,600.00",100.00,0.00,"2,466,500.00"
11/04/2023,"49,300.00","51,700.00","49,300.00","51,500.00","1,700.00",0.03,"2,177,500.00"
10/04/2023,"51,400.00","51,500.00","49,800.00","49,800.00",-900.00,-0.02,"1,326,100.00"
07/04/2023,"51,200.00","51,500.00","50,300.00","50,700.00",-500.00,-0.01,"779,800.00"
06/04/2023,"52,000.00","52,200.00","51,200.00","51,200.00","-1,000.00",-0.02,"1,234,200.00"
05/04/2023,"51,000.00","52,300.00","50,600.00","52,200.00","1,200.00",0.02,"2,668,900.00"
04/04/2023,"53,000.00","53,000.00","51,000.00","51,000.00","-1,600.00",-0.03,"2,258,200.00"
03/04/2023,"52,200.00","53,700.00","52,000.00","52,600.00","1,100.00",0.02,"2,842,200.00"
31/03/2023,"49,600.00","51,500.00","49,600.00","51,500.00","1,950.00",0.04,"3,198,400.00"
30/03/2023,"48,800.00","49,950.00","48,100.00","49,550.00","1,550.00",0.03,"1,675,100.00"
29/03/2023,"48,050.00","48,050.00","47,100.00","48,000.00",0.00,0.00,"1,251,100.00"
28/03/2023,"48,450.00","49,500.00","47,000.00","48,000.00",-400.00,-0.01,"2,650,000.00"
27/03/2023,"49,000.00","49,500.00","48,400.00","48,400.00",-600.00,-0.01,"9,973,590.00"
24/03/2023,"48,000.00","49,850.00","48,000.00","49,000.00","1,000.00",0.02,"3,404,300.00"
23/03/2023,"47,400.00","48,000.00","46,850.00","48,000.00",350.00,0.01,"3,021,200.00"
22/03/2023,"45,600.00","48,000.00","45,600.00","47,650.00","2,250.00",0.05,"4,394,900.00"
21/03/2023,"43,000.00","45,500.00","43,000.00","45,400.00","2,850.00",0.07,"6,033,300.00"
20/03/2023,"44,100.00","44,100.00","42,550.00","42,550.00",-800.00,-0.02,"2,167,400.00"
17/03/2023,"44,600.00","45,200.00","43,350.00","43,350.00","-1,150.00",-0.03,"4,942,600.00"
16/03/2023,"45,800.00","45,800.00","44,250.00","44,500.00","-1,500.00",-0.03,"2,578,000.00"
15/03/2023,"45,250.00","46,600.00","44,950.00","46,000.00","1,250.00",0.03,"8,239,400.00"
14/03/2023,"44,200.00","45,350.00","44,100.00","44,750.00",0.00,0.00,"2,838,200.00"
13/03/2023,"42,800.00","44,800.00","42,750.00","44,750.00","1,900.00",0.04,"3,225,100.00"
10/03/2023,"42,400.00","43,000.00","42,000.00","42,850.00",450.00,0.01,"3,385,878.00"
09/03/2023,"42,350.00","43,000.00","42,250.00","42,400.00",50.00,0.00,"2,780,100.00"
08/03/2023,"41,300.00","42,350.00","41,300.00","42,350.00",50.00,0.00,"3,579,900.00"
07/03/2023,"42,700.00","43,000.00","42,100.00","42,300.00",200.00,0.00,"1,880,600.00"
06/03/2023,"41,750.00","43,200.00","41,500.00","42,100.00","1,150.00",0.03,"2,996,100.00"
03/03/2023,"41,000.00","41,200.00","40,550.00","40,950.00",-150.00,0.00,"1,387,200.00"
02/03/2023,"41,000.00","41,500.00","40,450.00","41,100.00",-100.00,0.00,"2,132,400.00"
01/03/2023,"41,050.00","41,300.00","39,800.00","41,200.00",-300.00,-0.01,"3,325,100.00"
28/02/2023,"41,000.00","41,950.00","40,400.00","41,500.00",600.00,0.01,"1,986,400.00"
27/02/2023,"40,000.00","40,900.00","39,400.00","40,900.00",-100.00,0.00,"5,325,900.00"
24/02/2023,"41,700.00","42,000.00","40,900.00","41,000.00","-1,000.00",-0.02,"3,276,500.00"
23/02/2023,"42,600.00","42,850.00","40,600.00","42,000.00",-600.00,-0.01,"4,588,000.00"
22/02/2023,"44,600.00","44,800.00","42,600.00","42,600.00","-2,600.00",-0.06,"3,952,800.00"
21/02/2023,"45,500.00","46,150.00","45,100.00","45,200.00",0.00,0.00,"2,265,200.00"
20/02/2023,"43,500.00","46,300.00","43,400.00","45,200.00","1,900.00",0.04,"4,177,000.00"
17/02/2023,"42,700.00","43,600.00","42,500.00","43,300.00",800.00,0.02,"3,143,400.00"
16/02/2023,"42,750.00","42,750.00","42,000.00","42,500.00",0.00,0.00,"2,366,000.00"
15/02/2023,"42,700.00","42,700.00","41,600.00","42,500.00",-250.00,-0.01,"4,675,100.00"
14/02/2023,"44,000.00","44,200.00","42,200.00","42,750.00","-1,650.00",-0.04,"4,476,300.00"
13/02/2023,"44,800.00","45,000.00","43,400.00","44,400.00","-1,000.00",-0.02,"2,467,600.00"
10/02/2023,"45,000.00","45,750.00","45,000.00","45,400.00",100.00,0.00,"1,602,200.00"
09/02/2023,"45,650.00","46,700.00","45,300.00","45,300.00","-1,300.00",-0.03,"3,361,100.00"
08/02/2023,"46,700.00","46,700.00","44,450.00","46,600.00",-200.00,0.00,"4,744,700.00"
07/02/2023,"48,000.00","48,000.00","46,050.00","46,800.00","-1,150.00",-0.02,"2,542,100.00"
06/02/2023,"47,900.00","48,000.00","47,100.00","47,950.00",-150.00,0.00,"2,003,500.00"
03/02/2023,"48,000.00","48,500.00","47,500.00","48,100.00",200.00,0.00,"1,389,000.00"
02/02/2023,"48,500.00","49,200.00","47,700.00","47,900.00",-100.00,0.00,"2,769,300.00"
01/02/2023,"50,700.00","50,900.00","48,000.00","48,000.00","-2,900.00",-0.06,"3,912,500.00"
31/01/2023,"51,500.00","51,800.00","50,400.00","50,900.00",-600.00,-0.01,"1,784,500.00"
30/01/2023,"53,300.00","53,500.00","51,500.00","51,500.00","-1,800.00",-0.03,"1,660,400.00"
27/01/2023,"52,400.00","53,900.00","51,900.00","53,300.00","1,100.00",0.02,"2,089,100.00"
19/01/2023,"52,400.00","53,400.00","51,500.00","52,200.00",-300.00,-0.01,"3,069,100.00"
18/01/2023,"52,000.00","52,900.00","50,900.00","52,500.00",500.00,0.01,"2,123,100.00"
17/01/2023,"51,300.00","52,000.00","49,550.00","52,000.00",700.00,0.01,"1,803,600.00"
16/01/2023,"52,000.00","52,300.00","51,300.00","51,300.00",-700.00,-0.01,"1,118,900.00"
13/01/2023,"51,700.00","52,000.00","51,100.00","52,000.00",500.00,0.01,"2,484,800.00"
12/01/2023,"51,100.00","51,700.00","51,000.00","51,500.00",700.00,0.01,"1,724,100.00"
11/01/2023,"50,300.00","50,900.00","49,800.00","50,800.00","1,050.00",0.02,"1,789,100.00"
10/01/2023,"50,100.00","50,400.00","49,750.00","49,750.00",-450.00,-0.01,"1,275,700.00"
09/01/2023,"50,200.00","50,500.00","49,700.00","50,200.00",300.00,0.01,"2,396,400.00"
06/01/2023,"49,750.00","50,300.00","49,500.00","49,900.00",200.00,0.00,"1,476,400.00"
05/01/2023,"49,000.00","50,000.00","49,000.00","49,700.00",700.00,0.01,"2,247,200.00"
04/01/2023,"49,900.00","49,900.00","49,000.00","49,000.00",-400.00,-0.01,"1,176,400.00"
03/01/2023,"48,000.00","49,400.00","47,000.00","49,400.00","1,400.00",0.03,"1,622,300.00"
30/12/2022,"49,000.00","49,000.00","47,550.00","48,000.00",200.00,0.00,"1,197,100.00"
29/12/2022,"47,600.00","48,500.00","47,400.00","47,800.00",,,"1,506,100.00"
28/12/2022,"47,700.00","48,500.00","46,500.00","47,700.00",,,"1,485,500.00"
27/12/2022,"46,300.00","50,200.00","45,150.00","47,500.00",,,"12,578,300.00"
26/12/2022,"49,500.00","49,600.00","47,000.00","47,000.00",,,"2,139,600.00"
23/12/2022,"49,400.00","50,000.00","48,200.00","49,800.00",,,"1,368,900.00"
22/12/2022,"48,550.00","49,650.00","48,550.00","49,000.00",,,"2,238,300.00"
21/12/2022,"48,800.00","48,800.00","46,600.00","48,500.00",,,"1,880,900.00"
20/12/2022,"48,200.00","48,600.00","46,300.00","48,200.00",,,"3,420,300.00"
19/12/2022,"49,400.00","50,200.00","48,200.00","48,200.00",,,"2,140,200.00"
16/12/2022,"50,300.00","51,200.00","49,300.00","49,300.00",,,"3,490,900.00"
15/12/2022,"53,000.00","53,100.00","50,700.00","50,700.00",,,"2,949,400.00"
14/12/2022,"53,700.00","53,700.00","51,400.00","53,000.00",,,"10,026,100.00"
13/12/2022,"50,500.00","53,000.00","49,950.00","53,000.00",,,"4,250,600.00"
12/12/2022,"54,200.00","54,200.00","50,500.00","50,500.00",,,"3,867,300.00"
09/12/2022,"55,400.00","55,600.00","53,700.00","54,100.00",,,"3,483,100.00"
08/12/2022,"57,000.00","57,000.00","54,500.00","55,400.00",,,"4,142,000.00"
07/12/2022,"54,200.00","56,700.00","54,200.00","55,500.00",,,"3,601,000.00"
06/12/2022,"58,300.00","58,300.00","54,300.00","55,000.00",,,"4,418,600.00"
05/12/2022,"57,500.00","58,300.00","56,800.00","58,300.00",,,"9,097,300.00"
02/12/2022,"53,500.00","57,200.00","53,000.00","57,200.00",,,"6,364,400.00"
01/12/2022,"55,100.00","56,200.00","53,500.00","53,500.00",,,"5,868,300.00"
30/11/2022,"53,600.00","54,500.00","52,000.00","54,500.00",,,"10,691,900.00"
29/11/2022,"51,600.00","53,100.00","50,400.00","53,100.00",,,"7,431,800.00"
28/11/2022,"47,500.00","50,200.00","47,400.00","50,200.00",,,"7,815,000.00"
25/11/2022,"46,000.00","47,050.00","45,800.00","47,000.00",,,"3,344,500.00"
24/11/2022,"44,350.00","45,500.00","44,200.00","45,000.00",,,"1,182,600.00"
23/11/2022,"45,000.00","46,000.00","44,300.00","44,400.00",,,"1,111,300.00"
22/11/2022,"45,800.00","48,500.00","45,300.00","45,300.00",,,"1,851,800.00"
21/11/2022,"48,000.00","48,000.00","45,750.00","46,950.00",,,"2,922,700.00"
18/11/2022,"47,950.00","48,800.00","46,600.00","48,000.00",,,"4,284,100.00"
17/11/2022,"45,000.00","47,950.00","44,950.00","47,950.00",,,"5,013,300.00"
16/11/2022,"43,000.00","45,000.00","41,500.00","44,900.00",,,"3,510,700.00"
15/11/2022,"42,550.00","43,850.00","42,450.00","43,400.00",,,"3,093,200.00"
14/11/2022,"43,800.00","44,900.00","42,350.00","44,000.00",,,"2,665,000.00"
11/11/2022,"43,950.00","44,550.00","43,750.00","44,150.00",,,"4,084,100.00"
10/11/2022,"44,100.00","44,100.00","42,300.00","43,950.00",,,"4,020,400.00"
09/11/2022,"43,800.00","45,000.00","43,800.00","44,550.00",,,"5,416,700.00"
08/11/2022,"43,100.00","43,800.00","41,250.00","43,800.00",,,"5,542,600.00"
07/11/2022,"44,000.00","44,000.00","42,200.00","43,900.00",,,"3,020,500.00"
04/11/2022,"44,800.00","44,800.00","42,500.00","44,500.00",,,"4,338,400.00"
03/11/2022,"44,550.00","45,350.00","44,350.00","45,000.00",,,"2,099,800.00"
02/11/2022,"45,000.00","45,500.00","44,700.00","44,900.00",,,"2,263,100.00"
01/11/2022,"45,800.00","46,200.00","45,000.00","45,000.00",,,"2,912,800.00"
31/10/2022,"45,500.00","46,800.00","44,100.00","45,000.00",,,"4,523,900.00"
28/10/2022,"44,500.00","46,300.00","44,100.00","44,900.00",,,"3,173,300.00"
27/10/2022,"43,400.00","44,600.00","42,900.00","44,000.00",,,"4,869,100.00"
26/10/2022,"44,600.00","44,600.00","41,750.00","43,500.00",,,"3,700,300.00"
25/10/2022,"44,600.00","44,700.00","41,500.00","44,600.00",,,"6,293,600.00"
24/10/2022,"47,950.00","47,950.00","44,600.00","44,600.00",,,"2,160,000.00"
21/10/2022,"49,950.00","49,950.00","46,500.00","47,950.00",,,"5,426,900.00"
20/10/2022,"49,500.00","50,000.00","48,900.00","50,000.00",,,"2,747,900.00"
19/10/2022,"50,400.00","50,500.00","49,050.00","50,000.00",,,"5,540,200.00"
18/10/2022,"50,000.00","50,500.00","48,350.00","50,500.00",,,"2,785,900.00"
17/10/2022,"51,500.00","51,500.00","49,500.00","49,500.00",,,"4,980,700.00"
14/10/2022,"53,000.00","53,100.00","51,300.00","51,900.00",,,"1,696,600.00"
13/10/2022,"52,500.00","52,800.00","51,000.00","52,800.00",,,"2,128,800.00"
12/10/2022,"51,800.00","52,900.00","50,500.00","52,500.00",,,"2,058,600.00"
11/10/2022,"52,600.00","52,600.00","50,800.00","51,800.00",,,"4,105,700.00"
10/10/2022,"53,000.00","53,900.00","51,800.00","53,900.00",,,"2,389,600.00"
07/10/2022,"53,600.00","53,800.00","50,700.00","53,800.00",,,"4,053,800.00"
06/10/2022,"53,600.00","54,100.00","52,700.00","53,600.00",,,"2,755,500.00"
05/10/2022,"51,000.00","53,800.00","50,900.00","53,800.00",,,"3,926,300.00"
04/10/2022,"50,700.00","50,700.00","48,300.00","50,600.00",,,"3,211,600.00"
03/10/2022,"50,700.00","50,800.00","47,200.00","50,400.00",,,"4,482,300.00"
30/09/2022,"50,000.00","52,000.00","48,000.00","50,700.00",,,"4,399,000.00"
29/09/2022,"52,100.00","52,500.00","50,700.00","50,800.00",,,"1,967,400.00"
28/09/2022,"53,600.00","54,000.00","51,000.00","51,200.00",,,"2,624,400.00"
27/09/2022,"55,900.00","55,900.00","54,100.00","54,100.00",,,"1,346,400.00"
26/09/2022,"56,500.00","57,000.00","55,200.00","55,900.00",,,"2,734,600.00"
23/09/2022,"57,500.00","57,700.00","57,000.00","57,200.00",,,"630,900.00"
22/09/2022,"57,800.00","58,000.00","56,600.00","57,700.00",,,"2,370,700.00"
21/09/2022,"58,900.00","58,900.00","58,000.00","58,300.00",,,"7,121,400.00"
20/09/2022,"58,600.00","59,300.00","58,600.00","58,900.00",,,"1,939,400.00"
19/09/2022,"59,600.00","59,800.00","58,400.00","58,400.00",,,"1,944,900.00"
16/09/2022,"60,000.00","61,100.00","59,600.00","59,600.00",,,"2,407,300.00"
15/09/2022,"60,000.00","60,500.00","59,800.00","60,500.00",,,"10,556,900.00"
14/09/2022,"59,800.00","60,300.00","59,700.00","60,000.00",,,"1,784,500.00"
13/09/2022,"61,500.00","61,500.00","60,700.00","60,700.00",,,"2,252,100.00"
12/09/2022,"60,100.00","61,800.00","60,100.00","61,400.00",,,"3,868,500.00"
09/09/2022,"59,800.00","60,200.00","59,500.00","59,900.00",,,"1,513,100.00"
08/09/2022,"59,600.00","59,800.00","59,300.00","59,600.00",,,"3,322,000.00"
07/09/2022,"61,000.00","61,100.00","59,500.00","59,500.00",,,"1,847,100.00"
06/09/2022,"61,200.00","61,500.00","61,000.00","61,100.00",,,"1,285,200.00"
05/09/2022,"61,200.00","61,800.00","61,000.00","61,000.00",,,"1,529,500.00"
31/08/2022,"59,900.00","61,400.00","59,700.00","61,000.00",,,"3,175,300.00"
30/08/2022,"59,700.00","60,400.00","59,500.00","59,900.00",,,"1,906,500.00"
29/08/2022,"59,600.00","59,800.00","58,900.00","59,700.00",,,"2,035,600.00"
26/08/2022,"61,000.00","61,400.00","60,200.00","60,300.00",,,"851,200.00"
25/08/2022,"59,900.00","61,200.00","59,800.00","61,000.00",,,"7,531,800.00"
24/08/2022,"59,600.00","59,800.00","59,300.00","59,700.00",,,"1,680,000.00"
23/08/2022,"59,200.00","59,700.00","59,100.00","59,500.00",,,"1,966,950.00"
22/08/2022,"59,900.00","60,400.00","59,100.00","59,400.00",,,"3,171,770.00"
19/08/2022,"61,000.00","61,100.00","59,500.00","60,100.00",,,"2,959,700.00"
18/08/2022,"61,300.00","61,800.00","61,100.00","61,100.00",,,"3,350,200.00"
17/08/2022,"61,500.00","61,800.00","61,300.00","61,300.00",,,"10,746,162.00"
16/08/2022,"61,500.00","61,800.00","61,100.00","61,300.00",,,"1,197,300.00"
15/08/2022,"61,500.00","62,300.00","61,300.00","61,500.00",,,"2,859,573.00"
12/08/2022,"61,400.00","61,500.00","61,100.00","61,200.00",,,"1,695,400.00"
11/08/2022,"61,900.00","61,900.00","61,000.00","61,400.00",,,"3,340,700.00"
10/08/2022,"61,000.00","62,300.00","60,800.00","61,300.00",,,"1,927,600.00"
09/08/2022,"61,700.00","61,900.00","60,900.00","60,900.00",,,"2,234,700.00"
08/08/2022,"61,500.00","61,900.00","61,500.00","61,500.00",,,"2,233,600.00"
05/08/2022,"62,700.00","62,700.00","61,600.00","61,800.00",,,"2,290,400.00"
04/08/2022,"62,000.00","63,100.00","62,000.00","63,000.00",,,"5,348,900.00"
03/08/2022,"62,000.00","62,700.00","61,400.00","61,900.00",,,"2,509,800.00"
02/08/2022,"59,800.00","62,800.00","59,400.00","62,500.00",,,"4,850,200.00"
01/08/2022,"59,800.00","60,000.00","59,000.00","60,000.00",,,"2,785,100.00"
29/07/2022,"58,900.00","60,500.00","58,800.00","59,900.00",,,"3,265,500.00"
28/07/2022,"59,000.00","59,100.00","58,500.00","58,800.00",,,"2,314,300.00"
27/07/2022,"58,500.00","58,800.00","58,500.00","58,600.00",,,"502,800.00"
26/07/2022,"59,000.00","59,300.00","58,500.00","58,700.00",,,"1,361,100.00"
25/07/2022,"58,500.00","59,100.00","58,500.00","58,900.00",,,"1,229,500.00"
22/07/2022,"58,900.00","59,000.00","58,500.00","58,700.00",,,"7,690,400.00"
21/07/2022,"59,600.00","59,700.00","58,900.00","58,900.00",,,"2,694,700.00"
20/07/2022,"59,000.00","59,700.00","58,500.00","59,700.00",,,"1,910,000.00"
19/07/2022,"58,600.00","59,100.00","58,600.00","58,800.00",,,"7,797,800.00"
18/07/2022,"60,000.00","60,000.00","59,000.00","59,000.00",,,"2,847,400.00"
15/07/2022,"59,500.00","60,200.00","59,400.00","60,000.00",,,"2,301,900.00"
14/07/2022,"60,100.00","60,300.00","59,200.00","60,100.00",,,"2,121,300.00"
13/07/2022,"60,000.00","60,500.00","59,000.00","60,100.00",,,"2,334,600.00"
12/07/2022,"59,500.00","60,500.00","59,100.00","60,200.00",,,"3,602,700.00"
11/07/2022,"59,100.00","60,500.00","58,400.00","60,500.00",,,"4,921,700.00"
08/07/2022,"61,300.00","61,300.00","59,500.00","61,000.00",,,"3,298,800.00"
07/07/2022,"59,000.00","61,000.00","58,300.00","61,000.00",,,"2,337,900.00"
06/07/2022,"60,200.00","60,500.00","58,400.00","59,100.00",,,"7,217,100.00"
05/07/2022,"61,100.00","61,500.00","60,400.00","60,500.00",,,"4,647,800.00"
04/07/2022,"62,000.00","62,000.00","61,000.00","61,000.00",,,"3,025,200.00"
01/07/2022,"62,200.00","63,500.00","61,400.00","61,400.00",,,"3,054,000.00"
30/06/2022,"63,300.00","63,800.00","62,100.00","62,100.00",,,"2,880,200.00"
29/06/2022,"63,600.00","64,000.00","63,100.00","63,300.00",,,"2,071,700.00"
28/06/2022,"63,500.00","64,100.00","63,500.00","63,800.00",,,"1,455,900.00"
27/06/2022,"63,200.00","64,900.00","63,200.00","63,500.00",,,"2,666,100.00"
24/06/2022,"63,300.00","63,800.00","63,100.00","63,200.00",,,"2,256,500.00"
23/06/2022,"63,900.00","64,200.00","63,000.00","63,200.00",,,"5,534,200.00"
22/06/2022,"64,500.00","65,000.00","63,500.00","64,800.00",,,"3,460,900.00"
21/06/2022,"64,700.00","65,000.00","63,800.00","65,000.00",,,"2,365,100.00"
20/06/2022,"65,900.00","66,000.00","64,700.00","65,000.00",,,"3,128,809.00"
17/06/2022,"64,800.00","66,000.00","63,800.00","66,000.00",,,"3,106,900.00"
16/06/2022,"65,900.00","66,700.00","65,600.00","66,000.00",,,"2,533,800.00"
15/06/2022,"66,000.00","66,300.00","64,700.00","65,900.00",,,"3,569,200.00"
14/06/2022,"65,600.00","66,000.00","64,700.00","66,000.00",,,"5,460,800.00"
13/06/2022,"66,500.00","67,000.00","65,200.00","66,000.00",,,"3,373,800.00"
10/06/2022,"67,200.00","68,300.00","67,200.00","68,300.00",,,"2,590,200.00"
09/06/2022,"68,700.00","68,700.00","67,500.00","68,300.00",,,"3,636,100.00"
08/06/2022,"68,500.00","69,200.00","68,000.00","68,500.00",,,"2,085,300.00"
07/06/2022,"69,000.00","69,000.00","67,800.00","68,500.00",,,"3,568,900.00"
06/06/2022,"69,400.00","69,500.00","68,200.00","69,300.00",,,"3,331,600.00"
03/06/2022,"68,600.00","69,400.00","68,000.00","69,400.00",,,"2,883,800.00"
02/06/2022,"70,100.00","70,100.00","68,600.00","69,500.00",,,"3,458,800.00"
01/06/2022,"69,600.00","70,300.00","69,000.00","70,300.00",,,"3,704,600.00"
31/05/2022,"68,700.00","69,900.00","68,500.00","69,600.00",,,"3,754,100.00"
30/05/2022,"68,014.18","68,500.00","66,848.23","68,500.00",,,"2,593,900.00"
27/05/2022,"67,042.55","67,722.70","66,556.74","67,722.70",,,"2,480,900.00"
26/05/2022,"65,973.76","67,625.53","65,973.76","66,751.06",,,"3,048,600.00"
25/05/2022,"64,904.96","65,973.76","64,419.15","65,973.76",,,"3,077,100.00"
24/05/2022,"63,933.33","65,002.13","63,836.17","65,002.13",,,"2,512,000.00"
23/05/2022,"64,807.80","65,487.94","63,447.52","64,807.80",,,"3,853,500.00"
20/05/2022,"65,196.45","65,487.94","64,127.66","64,904.96",,,"2,375,800.00"
19/05/2022,"63,156.03","65,779.43","63,156.03","65,099.29",,,"3,569,880.00"
18/05/2022,"65,002.13","65,002.13","63,447.52","65,002.13",,,"4,266,300.00"
17/05/2022,"63,350.35","65,002.13","61,504.26","65,002.13",,,"4,830,700.00"
16/05/2022,"66,070.92","66,168.09","62,670.21","63,933.33",,,"5,346,400.00"
13/05/2022,"66,945.39","66,945.39","62,670.21","66,070.92",,,"6,924,300.00"
12/05/2022,"67,236.88","67,917.02","65,099.29","66,945.39",,,"4,117,300.00"
11/05/2022,"67,042.55","69,180.14","66,653.90","68,500.00",,,"3,417,800.00"
10/05/2022,"65,002.13","67,917.02","63,156.03","67,917.02",,,"4,444,613.00"
09/05/2022,"65,973.76","66,556.74","64,516.31","66,070.92",,,"5,658,400.00"
06/05/2022,"65,099.29","66,848.23","64,807.80","66,751.06",,,"6,544,500.00"
05/05/2022,"62,767.38","66,848.23","62,573.05","66,848.23",,,"8,029,900.00"
04/05/2022,"63,156.03","63,350.35","61,698.58","62,670.21",,,"2,615,700.00"
29/04/2022,"61,309.93","63,156.03","61,212.77","63,156.03",,,"6,819,600.00"
28/04/2022,"63,058.87","63,058.87","60,824.11","62,670.21",,,"6,290,400.00"
27/04/2022,"62,475.89","63,156.03","60,921.28","63,156.03",,,"4,773,300.00"
26/04/2022,"59,560.99","63,156.03","57,520.57","63,156.03",,,"6,480,050.00"
25/04/2022,"63,156.03","63,253.19","58,492.20","61,212.77",,,"7,478,900.00"
22/04/2022,"62,864.54","63,933.33","62,087.23","62,864.54",,,"6,326,000.00"
21/04/2022,"64,613.48","65,099.29","62,184.40","62,184.40",,,"6,536,700.00"
20/04/2022,"66,556.74","66,653.90","63,836.17","64,904.96",,,"6,041,000.00"
19/04/2022,"67,236.88","68,500.00","66,459.57","66,945.39",,,"5,105,600.00"
18/04/2022,"68,111.35","68,791.49","66,168.09","67,819.86",,,"5,668,700.00"
15/04/2022,"70,248.94","70,346.10","68,694.33","69,082.98",,,"4,040,800.00"
14/04/2022,"71,220.57","71,414.89","69,957.45","70,248.94",,,"3,737,600.00"
13/04/2022,"71,123.40","71,317.73","70,151.77","71,026.24",,,"4,225,200.00"
12/04/2022,"72,775.18","72,969.50","70,929.08","70,929.08",,,"4,356,200.00"
08/04/2022,"72,969.50","73,843.97","72,386.52","72,969.50",,,"4,551,500.00"
07/04/2022,"73,843.97","73,941.13","72,580.85","72,872.34",,,"4,601,800.00"
06/04/2022,"73,843.97","74,135.46","72,969.50","74,135.46",,,"3,879,900.00"
05/04/2022,"74,135.46","75,301.42","73,843.97","74,232.62",,,"3,785,900.00"
04/04/2022,"74,815.60","74,815.60","73,941.13","74,135.46",,,"3,127,700.00"
01/04/2022,"73,358.16","74,329.79","72,969.50","74,038.30",,,"4,095,000.00"
31/03/2022,"73,455.32","73,843.97","72,969.50","73,649.65",,,"3,494,300.00"
30/03/2022,"73,649.65","74,135.46","72,580.85","73,649.65",,,"4,088,400.00"
29/03/2022,"72,775.18","74,426.95","72,678.01","74,329.79",,,"2,945,900.00"
28/03/2022,"73,163.83","73,552.48","72,289.36","72,775.18",,,"3,912,400.00"
25/03/2022,"73,649.65","74,135.46","73,358.16","73,746.81",,,"3,349,860.00"
24/03/2022,"74,815.60","74,815.60","73,455.32","73,552.48",,,"6,001,700.00"
23/03/2022,"75,787.23","75,884.40","74,912.77","75,009.93",,,"3,800,700.00"
22/03/2022,"75,398.58","76,273.05","74,621.28","75,787.23",,,"4,130,400.00"
21/03/2022,"73,163.83","75,301.42","73,066.67","75,301.42",,,"4,454,000.00"
,,,,,,,
,,,,,,,
SIMPLIZE,,,,,,,
"Số 5 ngõ 316 Lê Trọng Tấn, Phường Khương Mai, Quận Thanh Xuân, TP.Hà Nội
",,,,,,,
Website: simplize.vn,,,,,,,
Email: info@simplize.vn,,,,,,,
Tel: (+84) 38 840 8668,,,,,,,
