Tên công ty,Tập đoàn Vingroup - Công ty Cổ phần,,,,,,
Tên báo cáo,Lịch sử giá,,,,,,
Ngày tải,24/03/2026,,,,,,
,,,,,,,
NGÀY,GIÁ MỞ CỬA,GIÁ CAO NHẤT,GIÁ THẤP NHẤT,GIÁ ĐÓNG CỬA,THAY ĐỔI GIÁ,% THAY ĐỔI,KHỐI LƯỢNG
24/03/2026,"132,000.00","132,400.00","125,900.00","127,000.00","1,400.00",0.01,"1,914,700.00"
23/03/2026,"135,600.00","138,000.00","125,600.00","125,600.00","-9,400.00",-0.07,"4,671,100.00"
20/03/2026,"148,000.00","148,000.00","135,000.00","135,000.00","-10,000.00",-0.07,"10,346,200.00"
19/03/2026,"146,600.00","151,000.00","145,000.00","145,000.00","-1,000.00",-0.01,"5,611,400.00"
18/03/2026,"148,300.00","156,000.00","146,000.00","146,000.00",-200.00,0.00,"4,966,200.00"
17/03/2026,"145,000.00","150,900.00","145,000.00","146,200.00","1,500.00",0.01,"2,810,700.00"
16/03/2026,"146,200.00","147,600.00","141,400.00","144,700.00",100.00,0.00,"2,480,300.00"
13/03/2026,"143,900.00","148,000.00","141,200.00","144,600.00",-400.00,0.00,"2,665,200.00"
12/03/2026,"144,800.00","149,700.00","142,900.00","145,000.00","-1,000.00",-0.01,"3,036,100.00"
11/03/2026,"143,000.00","148,500.00","143,000.00","146,000.00","4,200.00",0.03,"2,974,500.00"
10/03/2026,"154,800.00","154,800.00","141,000.00","141,800.00","-3,800.00",-0.03,"4,203,800.00"
09/03/2026,"151,400.00","156,000.00","145,600.00","145,600.00","-10,900.00",-0.07,"6,353,700.00"
06/03/2026,"163,500.00","165,000.00","156,000.00","156,500.00","-8,300.00",-0.05,"2,975,400.00"
05/03/2026,"159,000.00","166,400.00","157,200.00","164,800.00","9,200.00",0.06,"5,615,500.00"
04/03/2026,"150,600.00","161,000.00","150,600.00","155,600.00",100.00,0.00,"4,387,500.00"
03/03/2026,"164,000.00","167,000.00","155,500.00","155,500.00","-11,700.00",-0.07,"6,378,300.00"
02/03/2026,"171,000.00","177,800.00","166,000.00","167,200.00","-4,800.00",-0.03,"4,989,000.00"
27/02/2026,"169,100.00","178,500.00","168,000.00","172,000.00","3,100.00",0.02,"3,624,400.00"
26/02/2026,"157,000.00","169,000.00","157,000.00","168,900.00","10,900.00",0.07,"6,775,200.00"
25/02/2026,"160,000.00","162,000.00","155,000.00","158,000.00","-4,900.00",-0.03,"5,289,800.00"
24/02/2026,"162,300.00","163,600.00","159,000.00","162,900.00",600.00,0.00,"1,947,400.00"
23/02/2026,"160,000.00","166,800.00","159,200.00","162,300.00","2,300.00",0.01,"3,711,300.00"
13/02/2026,"161,900.00","164,100.00","152,000.00","160,000.00","1,000.00",0.01,"5,436,200.00"
12/02/2026,"154,800.00","160,800.00","152,000.00","159,000.00","8,200.00",0.05,"4,346,600.00"
11/02/2026,"148,000.00","151,300.00","147,000.00","150,800.00","9,300.00",0.07,"5,289,000.00"
10/02/2026,"132,500.00","141,500.00","132,300.00","141,500.00","9,200.00",0.07,"6,103,600.00"
09/02/2026,"132,800.00","133,300.00","129,500.00","132,300.00","1,300.00",0.01,"2,803,700.00"
06/02/2026,"130,100.00","137,300.00","128,000.00","131,000.00",900.00,0.01,"7,311,200.00"
05/02/2026,"119,000.00","130,100.00","118,900.00","130,100.00","8,500.00",0.07,"7,413,900.00"
04/02/2026,"129,600.00","129,800.00","121,600.00","121,600.00","-9,100.00",-0.07,"11,704,000.00"
03/02/2026,"125,300.00","133,100.00","125,300.00","130,700.00",0.00,0.00,"8,884,500.00"
02/02/2026,"138,500.00","140,000.00","130,700.00","130,700.00","-9,800.00",-0.07,"10,401,600.00"
30/01/2026,"140,500.00","141,900.00","135,900.00","140,500.00",0.00,0.00,"6,881,400.00"
29/01/2026,"138,900.00","142,000.00","138,500.00","140,500.00",0.00,0.00,"6,992,500.00"
28/01/2026,"151,000.00","154,500.00","140,500.00","140,500.00","-10,500.00",-0.07,"10,028,300.00"
27/01/2026,"160,000.00","160,000.00","150,100.00","151,000.00","-8,900.00",-0.06,"6,581,300.00"
26/01/2026,"167,000.00","167,500.00","159,600.00","159,900.00","-5,500.00",-0.03,"2,315,400.00"
23/01/2026,"163,800.00","167,700.00","162,500.00","165,400.00","4,300.00",0.03,"3,317,300.00"
22/01/2026,"157,000.00","161,400.00","157,000.00","161,100.00",600.00,0.00,"3,404,000.00"
21/01/2026,"159,000.00","164,200.00","158,900.00","160,500.00",-500.00,0.00,"3,238,000.00"
20/01/2026,"162,000.00","162,000.00","154,600.00","161,000.00","-1,000.00",-0.01,"5,147,800.00"
19/01/2026,"164,900.00","164,900.00","159,000.00","162,000.00","2,100.00",0.01,"2,282,900.00"
16/01/2026,"153,000.00","163,000.00","153,000.00","159,900.00","6,900.00",0.05,"3,824,600.00"
15/01/2026,"160,100.00","160,200.00","150,900.00","153,000.00","-7,200.00",-0.04,"8,278,800.00"
14/01/2026,"171,200.00","171,200.00","159,000.00","160,200.00","-7,700.00",-0.05,"4,416,000.00"
13/01/2026,"159,000.00","173,300.00","158,000.00","167,900.00","4,200.00",0.03,"5,382,600.00"
12/01/2026,"174,600.00","175,400.00","163,700.00","163,700.00","-12,300.00",-0.07,"9,379,500.00"
09/01/2026,"176,000.00","180,200.00","172,600.00","176,000.00",-600.00,0.00,"5,389,600.00"
08/01/2026,"183,500.00","190,000.00","176,600.00","176,600.00","-2,400.00",-0.01,"6,593,700.00"
07/01/2026,"173,100.00","179,500.00","168,600.00","179,000.00","5,900.00",0.03,"7,674,800.00"
06/01/2026,"173,600.00","176,000.00","171,400.00","173,100.00",0.00,0.00,"7,681,000.00"
05/01/2026,"169,600.00","174,500.00","166,800.00","173,100.00","3,500.00",0.02,"6,644,800.00"
31/12/2025,"163,000.00","172,000.00","158,800.00","169,600.00","6,600.00",0.04,"9,438,700.00"
30/12/2025,"159,700.00","163,000.00","151,600.00","163,000.00","3,300.00",0.02,"8,091,800.00"
29/12/2025,"155,000.00","159,900.00","155,000.00","159,700.00","4,700.00",0.03,"6,667,000.00"
26/12/2025,"147,000.00","155,200.00","147,000.00","155,000.00","-3,000.00",-0.02,"15,336,300.00"
25/12/2025,"167,600.00","174,500.00","158,000.00","158,000.00","-11,800.00",-0.07,"6,373,600.00"
24/12/2025,"174,000.00","176,600.00","164,000.00","169,800.00",-100.00,0.00,"8,749,100.00"
23/12/2025,"165,000.00","169,900.00","163,000.00","169,900.00","11,100.00",0.07,"6,615,800.00"
22/12/2025,"153,800.00","158,800.00","151,800.00","158,800.00","10,300.00",0.07,"4,500,800.00"
19/12/2025,"142,700.00","152,100.00","142,000.00","148,500.00","5,800.00",0.04,"12,784,300.00"
18/12/2025,"143,000.00","143,000.00","139,700.00","142,700.00",-200.00,0.00,"5,429,000.00"
17/12/2025,"143,700.00","146,800.00","142,600.00","142,900.00",0.00,0.00,"2,867,800.00"
16/12/2025,"142,900.00","149,300.00","140,400.00","142,900.00",0.00,0.00,"5,330,200.00"
15/12/2025,"143,800.00","147,000.00","140,000.00","142,900.00","-1,100.00",-0.01,"5,214,800.00"
12/12/2025,"147,800.00","147,800.00","140,000.00","144,000.00","-2,000.00",-0.01,"4,622,400.00"
11/12/2025,"143,000.00","147,600.00","138,400.00","146,000.00","-2,800.00",-0.02,"7,957,600.00"
10/12/2025,"160,000.00","160,000.00","148,800.00","148,800.00","-11,200.00",-0.07,"6,592,900.00"
09/12/2025,"163,300.00","163,300.00","153,000.00","160,000.00","7,300.00",0.05,"12,839,300.00"
08/12/2025,"152,000.00","152,700.00","149,100.00","152,700.00","9,900.00",0.07,"4,606,600.00"
05/12/2025,"142,800.00","142,800.00","139,400.00","142,800.00","9,300.00",0.07,"7,001,500.00"
04/12/2025,"134,000.00","135,400.00","131,000.00","133,500.00","-2,400.00",-0.01,"8,303,162.00"
03/12/2025,"139,450.00","139,450.00","134,600.00","134,700.00","-5,600.00",-0.02,"6,828,700.00"
02/12/2025,"135,000.00","138,750.00","131,500.00","137,500.00","5,100.00",0.02,"10,086,600.00"
01/12/2025,"133,050.00","139,300.00","133,000.00","134,950.00","9,500.00",0.04,"12,554,600.00"
28/11/2025,"124,100.00","131,400.00","124,100.00","130,200.00","12,400.00",0.05,"15,794,800.00"
27/11/2025,"123,100.00","126,550.00","122,700.00","124,000.00","3,000.00",0.01,"2,348,000.00"
26/11/2025,"123,500.00","123,500.00","118,750.00","122,500.00","2,000.00",0.01,"12,296,800.00"
25/11/2025,"121,500.00","124,400.00","120,000.00","121,500.00","3,500.00",0.01,"9,425,500.00"
24/11/2025,"114,650.00","121,950.00","114,650.00","119,750.00","9,800.00",0.04,"3,203,000.00"
21/11/2025,"113,100.00","115,550.00","111,000.00","114,850.00","1,700.00",0.01,"3,217,800.00"
20/11/2025,"110,450.00","115,000.00","110,000.00","114,000.00","7,500.00",0.03,"4,828,600.00"
19/11/2025,"110,000.00","112,500.00","109,500.00","110,250.00",500.00,0.00,"5,328,900.00"
18/11/2025,"108,500.00","110,500.00","107,750.00","110,000.00","3,000.00",0.01,"3,983,138.00"
17/11/2025,"106,000.00","110,550.00","106,000.00","108,500.00","6,000.00",0.03,"3,889,800.00"
14/11/2025,"105,400.00","105,650.00","104,050.00","105,500.00",-200.00,0.00,"2,083,100.00"
13/11/2025,"105,000.00","107,900.00","104,600.00","105,600.00",0.00,0.00,"3,061,500.00"
12/11/2025,"99,800.00","105,600.00","99,800.00","105,600.00","10,200.00",0.05,"3,885,100.00"
11/11/2025,"99,500.00","101,950.00","99,350.00","100,500.00","2,000.00",0.01,"4,226,300.00"
10/11/2025,"99,400.00","102,000.00","96,650.00","99,500.00",-700.00,0.00,"2,785,800.00"
07/11/2025,"102,500.00","103,950.00","99,850.00","99,850.00","-8,100.00",-0.04,"3,701,700.00"
06/11/2025,"103,000.00","105,750.00","101,900.00","103,900.00","1,300.00",0.01,"4,605,200.00"
05/11/2025,"100,500.00","104,000.00","99,250.00","103,250.00","5,500.00",0.03,"2,136,600.00"
04/11/2025,"99,000.00","102,450.00","98,050.00","100,500.00","5,600.00",0.03,"2,514,100.00"
03/11/2025,"95,550.00","99,750.00","93,000.00","97,700.00","4,400.00",0.02,"4,627,000.00"
31/10/2025,"101,000.00","101,850.00","95,500.00","95,500.00","-13,100.00",-0.06,"7,481,600.00"
30/10/2025,"105,250.00","105,900.00","100,750.00","102,050.00","-7,900.00",-0.04,"3,892,500.00"
29/10/2025,"109,500.00","109,500.00","105,950.00","106,000.00","-8,100.00",-0.04,"2,839,200.00"
28/10/2025,"106,750.00","110,300.00","99,550.00","110,050.00","6,100.00",0.03,"5,305,500.00"
27/10/2025,"111,450.00","113,250.00","107,000.00","107,000.00","-5,000.00",-0.02,"9,289,100.00"
24/10/2025,"107,700.00","111,450.00","107,550.00","109,500.00","4,000.00",0.02,"3,812,900.00"
23/10/2025,"101,450.00","107,750.00","100,000.00","107,500.00","12,000.00",0.06,"4,761,200.00"
22/10/2025,"102,000.00","102,000.00","96,500.00","101,500.00",-400.00,0.00,"16,980,300.00"
21/10/2025,"101,000.00","102,450.00","96,850.00","101,700.00","8,500.00",0.04,"3,999,400.00"
20/10/2025,"100,000.00","102,250.00","95,000.00","97,450.00","-9,100.00",-0.04,"5,671,000.00"
17/10/2025,"107,050.00","107,300.00","99,950.00","102,000.00","-9,100.00",-0.04,"5,644,100.00"
16/10/2025,"105,000.00","108,800.00","102,950.00","106,550.00","3,600.00",0.02,"5,217,400.00"
15/10/2025,"107,050.00","107,450.00","103,000.00","104,750.00","-2,400.00",-0.01,"3,809,600.00"
14/10/2025,"107,950.00","109,850.00","103,450.00","105,950.00","6,500.00",0.03,"14,270,500.00"
13/10/2025,"96,950.00","102,700.00","96,950.00","102,700.00","13,400.00",0.07,"23,989,300.00"
10/10/2025,"89,250.00","96,000.00","89,250.00","96,000.00","12,500.00",0.07,"4,294,700.00"
09/10/2025,"88,500.00","90,800.00","88,150.00","89,750.00","1,400.00",0.01,"4,321,300.00"
08/10/2025,"89,500.00","90,450.00","87,600.00","89,050.00","-1,900.00",-0.01,"3,256,600.00"
07/10/2025,"90,550.00","91,000.00","89,000.00","90,000.00",300.00,0.00,"2,368,100.00"
06/10/2025,"93,400.00","93,400.00","88,250.00","89,850.00","3,200.00",0.02,"2,398,200.00"
03/10/2025,"86,000.00","89,650.00","85,550.00","88,250.00","5,500.00",0.03,"4,892,400.00"
02/10/2025,"84,400.00","87,850.00","84,400.00","85,500.00","1,000.00",0.01,"2,381,100.00"
01/10/2025,"87,450.00","87,500.00","83,900.00","85,000.00","-4,900.00",-0.03,"2,643,100.00"
30/09/2025,"86,750.00","91,500.00","86,750.00","87,450.00","2,100.00",0.01,"4,674,600.00"
29/09/2025,"81,150.00","87,400.00","80,500.00","86,400.00","8,800.00",0.05,"2,445,600.00"
26/09/2025,"79,000.00","82,450.00","78,000.00","82,000.00","6,000.00",0.04,"2,709,300.00"
25/09/2025,"74,500.00","79,000.00","73,450.00","79,000.00","9,000.00",0.06,"2,920,700.00"
24/09/2025,"74,500.00","76,000.00","72,800.00","74,500.00",-200.00,0.00,"3,658,700.00"
23/09/2025,"74,000.00","75,050.00","72,800.00","74,600.00",400.00,0.00,"1,426,200.00"
22/09/2025,"74,850.00","77,100.00","71,950.00","74,400.00","-4,400.00",-0.03,"7,017,000.00"
19/09/2025,"72,500.00","76,600.00","71,500.00","76,600.00","8,200.00",0.06,"5,615,300.00"
18/09/2025,"71,750.00","74,950.00","70,750.00","72,500.00","1,900.00",0.01,"7,586,000.00"
17/09/2025,"66,750.00","71,950.00","66,700.00","71,550.00","8,100.00",0.06,"4,798,900.00"
16/09/2025,"68,900.00","68,900.00","66,950.00","67,500.00","-2,800.00",-0.02,"6,382,700.00"
15/09/2025,"68,850.00","68,900.00","67,400.00","68,900.00",0.00,0.00,"2,956,000.00"
12/09/2025,"68,000.00","69,050.00","67,050.00","68,900.00","1,800.00",0.01,"6,752,378.00"
11/09/2025,"65,000.00","68,750.00","64,550.00","68,000.00","5,100.00",0.04,"3,017,000.00"
10/09/2025,"64,600.00","65,500.00","63,500.00","65,450.00","1,700.00",0.01,"6,773,278.00"
09/09/2025,"62,500.00","64,800.00","62,050.00","64,600.00","4,200.00",0.03,"2,659,700.00"
08/09/2025,"62,550.00","64,000.00","62,500.00","62,500.00",0.00,0.00,"2,203,500.00"
05/09/2025,"62,600.00","64,900.00","62,500.00","62,500.00",0.00,0.00,"2,141,000.00"
04/09/2025,"62,500.00","63,000.00","61,500.00","62,500.00",0.00,0.00,"1,988,700.00"
03/09/2025,"63,550.00","64,100.00","62,250.00","62,500.00","-3,300.00",-0.03,"2,307,100.00"
29/08/2025,"65,550.00","66,250.00","64,050.00","64,150.00","-1,800.00",-0.01,"2,490,800.00"
28/08/2025,"66,100.00","67,000.00","65,000.00","65,050.00","-1,900.00",-0.01,"2,198,800.00"
27/08/2025,"66,600.00","67,800.00","66,000.00","66,000.00","-3,500.00",-0.03,"2,391,500.00"
26/08/2025,"65,500.00","69,950.00","64,500.00","67,750.00","4,500.00",0.03,"2,595,000.00"
25/08/2025,"62,000.00","66,300.00","61,750.00","65,500.00","6,900.00",0.06,"3,853,100.00"
22/08/2025,"61,000.00","63,750.00","61,000.00","62,050.00",-900.00,-0.01,"5,032,500.00"
21/08/2025,"61,100.00","63,400.00","61,000.00","62,500.00",800.00,0.01,"4,129,100.00"
20/08/2025,"59,300.00","63,000.00","58,950.00","62,100.00","6,000.00",0.05,"7,458,200.00"
19/08/2025,"59,100.00","60,550.00","58,250.00","59,100.00",0.00,0.00,"5,290,800.00"
18/08/2025,"59,100.00","59,250.00","58,000.00","59,100.00",0.00,0.00,"3,592,000.00"
15/08/2025,"59,600.00","63,000.00","58,950.00","59,100.00",0.00,0.00,"5,258,600.00"
14/08/2025,"58,200.00","59,400.00","57,600.00","59,100.00","2,200.00",0.02,"4,352,200.00"
13/08/2025,"57,500.00","58,250.00","57,000.00","58,000.00",500.00,0.00,"4,109,600.00"
12/08/2025,"57,750.00","58,400.00","57,250.00","57,750.00",0.00,0.00,"2,980,100.00"
11/08/2025,"58,500.00","59,450.00","57,500.00","57,750.00","-1,500.00",-0.01,"3,280,300.00"
08/08/2025,"57,450.00","58,800.00","56,600.00","58,500.00","2,000.00",0.02,"3,217,500.00"
07/08/2025,"59,250.00","61,000.00","57,500.00","57,500.00","-3,500.00",-0.03,"4,140,100.00"
06/08/2025,"58,750.00","60,000.00","57,500.00","59,250.00","1,000.00",0.01,"5,009,599.00"
05/08/2025,"58,800.00","59,450.00","57,300.00","58,750.00","6,300.00",0.06,"34,341,512.00"
04/08/2025,"53,100.00","55,600.00","52,500.00","55,600.00","7,200.00",0.07,"93,877,600.00"
01/08/2025,"53,000.00","54,900.00","52,000.00","52,000.00","-1,500.00",-0.01,"3,947,500.00"
31/07/2025,"54,350.00","54,750.00","52,500.00","52,750.00","-4,000.00",-0.04,"5,664,700.00"
30/07/2025,"56,600.00","57,000.00","54,050.00","54,750.00","-3,700.00",-0.03,"4,353,100.00"
29/07/2025,"57,500.00","58,600.00","56,500.00","56,600.00","-2,400.00",-0.02,"4,595,300.00"
28/07/2025,"57,500.00","59,000.00","57,050.00","57,800.00","1,500.00",0.01,"3,265,900.00"
25/07/2025,"56,600.00","59,000.00","56,550.00","57,050.00","-1,900.00",-0.02,"3,383,900.00"
24/07/2025,"57,600.00","58,500.00","54,850.00","58,000.00","1,000.00",0.01,"6,030,600.00"
23/07/2025,"59,750.00","59,750.00","57,500.00","57,500.00","-2,500.00",-0.02,"2,804,200.00"
22/07/2025,"56,100.00","58,750.00","56,100.00","58,750.00","5,500.00",0.05,"4,288,700.00"
21/07/2025,"60,250.00","61,250.00","55,350.00","56,000.00","-7,000.00",-0.06,"4,306,600.00"
18/07/2025,"62,350.00","62,350.00","58,750.00","59,500.00","-3,000.00",-0.02,"6,065,800.00"
17/07/2025,"59,050.00","61,650.00","59,050.00","61,000.00","4,600.00",0.04,"6,597,500.00"
16/07/2025,"55,500.00","59,100.00","55,050.00","58,700.00","5,800.00",0.05,"1,862,100.00"
15/07/2025,"57,000.00","57,000.00","55,500.00","55,800.00","-1,400.00",-0.01,"3,248,800.00"
14/07/2025,"57,500.00","57,750.00","55,500.00","56,500.00","5,000.00",0.05,"5,532,400.00"
11/07/2025,"52,250.00","54,050.00","51,950.00","54,000.00","6,400.00",0.06,"4,793,600.00"
10/07/2025,"48,000.00","50,800.00","48,000.00","50,800.00","6,600.00",0.07,"7,069,900.00"
09/07/2025,"46,500.00","47,500.00","46,500.00","47,500.00","1,700.00",0.02,"3,286,600.00"
08/07/2025,"46,500.00","47,500.00","46,450.00","46,650.00",300.00,0.00,"1,420,800.00"
07/07/2025,"45,950.00","47,100.00","45,500.00","46,500.00","1,100.00",0.01,"2,009,500.00"
04/07/2025,"47,200.00","47,200.00","45,750.00","45,950.00","-2,600.00",-0.03,"3,983,100.00"
03/07/2025,"47,300.00","47,600.00","46,950.00","47,250.00",-900.00,-0.01,"1,890,400.00"
02/07/2025,"47,150.00","47,750.00","47,150.00","47,700.00",-200.00,0.00,"1,090,300.00"
01/07/2025,"47,850.00","48,250.00","46,750.00","47,800.00",0.00,0.00,"2,334,000.00"
30/06/2025,"47,750.00","48,150.00","47,550.00","47,800.00",100.00,0.00,"1,265,200.00"
27/06/2025,"47,500.00","48,050.00","46,200.00","47,750.00",500.00,0.01,"3,029,000.00"
26/06/2025,"47,500.00","48,500.00","47,500.00","47,500.00",-800.00,-0.01,"2,911,200.00"
25/06/2025,"48,000.00","48,300.00","47,250.00","47,900.00",0.00,0.00,"2,755,500.00"
24/06/2025,"47,450.00","49,000.00","46,850.00","47,900.00","3,000.00",0.03,"4,124,800.00"
23/06/2025,"43,050.00","46,400.00","42,550.00","46,400.00","6,000.00",0.07,"4,678,700.00"
20/06/2025,"44,700.00","44,700.00","43,350.00","43,400.00","-2,600.00",-0.03,"13,665,300.00"
19/06/2025,"44,000.00","45,300.00","43,800.00","44,700.00","1,400.00",0.02,"3,347,900.00"
18/06/2025,"43,850.00","44,500.00","43,450.00","44,000.00",300.00,0.00,"1,540,100.00"
17/06/2025,"42,700.00","45,400.00","42,150.00","43,850.00","2,300.00",0.03,"3,484,000.00"
16/06/2025,"42,000.00","42,800.00","41,300.00","42,700.00",-100.00,0.00,"2,614,600.00"
13/06/2025,"42,850.00","43,000.00","40,800.00","42,750.00","-1,300.00",-0.01,"4,992,800.00"
12/06/2025,"45,700.00","45,800.00","42,350.00","43,400.00","-3,400.00",-0.04,"4,156,300.00"
11/06/2025,"46,300.00","46,300.00","45,000.00","45,100.00",-400.00,0.00,"2,168,800.00"
10/06/2025,"43,000.00","46,450.00","43,000.00","45,300.00",300.00,0.00,"6,989,300.00"
09/06/2025,"48,450.00","48,450.00","45,150.00","45,150.00","-6,700.00",-0.07,"3,775,300.00"
06/06/2025,"48,300.00","49,250.00","48,200.00","48,500.00","-1,000.00",-0.01,"3,030,200.00"
05/06/2025,"48,950.00","49,050.00","48,150.00","49,000.00",-100.00,0.00,"3,350,000.00"
04/06/2025,"49,000.00","49,250.00","48,200.00","49,050.00",0.00,0.00,"3,633,300.00"
03/06/2025,"48,750.00","49,750.00","47,500.00","49,050.00",100.00,0.00,"4,412,900.00"
02/06/2025,"49,350.00","49,900.00","47,100.00","49,000.00",-400.00,0.00,"6,481,100.00"
30/05/2025,"48,550.00","49,500.00","48,150.00","49,200.00","1,400.00",0.01,"3,270,500.00"
29/05/2025,"48,600.00","49,500.00","48,050.00","48,500.00",0.00,0.00,"4,777,400.00"
28/05/2025,"46,500.00","49,150.00","46,500.00","48,500.00","2,500.00",0.03,"6,407,600.00"
27/05/2025,"47,350.00","47,500.00","45,750.00","47,250.00",0.00,0.00,"6,808,300.00"
26/05/2025,"46,600.00","47,650.00","43,500.00","47,250.00","1,500.00",0.02,"4,813,300.00"
23/05/2025,"46,000.00","48,150.00","45,900.00","46,500.00",500.00,0.01,"4,202,800.00"
22/05/2025,"46,500.00","49,250.00","45,900.00","46,250.00","-1,000.00",-0.01,"6,559,400.00"
21/05/2025,"48,950.00","48,950.00","44,950.00","46,750.00","2,000.00",0.02,"7,274,400.00"
20/05/2025,"44,250.00","45,750.00","44,250.00","45,750.00","5,900.00",0.07,"3,889,300.00"
19/05/2025,"40,050.00","42,800.00","40,000.00","42,800.00","5,600.00",0.07,"9,153,200.00"
16/05/2025,"39,350.00","40,450.00","39,350.00","40,000.00",200.00,0.00,"4,658,600.00"
15/05/2025,"39,500.00","39,950.00","38,600.00","39,900.00",0.00,0.00,"8,928,700.00"
14/05/2025,"39,550.00","41,250.00","39,200.00","39,900.00",200.00,0.00,"6,793,500.00"
13/05/2025,"40,250.00","40,250.00","38,350.00","39,800.00",200.00,0.00,"11,749,000.00"
12/05/2025,"39,200.00","40,100.00","38,500.00","39,700.00","2,900.00",0.04,"8,031,900.00"
09/05/2025,"40,000.00","40,450.00","37,750.00","38,250.00","-2,000.00",-0.03,"7,034,400.00"
08/05/2025,"37,600.00","39,250.00","37,100.00","39,250.00","5,100.00",0.07,"7,226,700.00"
07/05/2025,"35,300.00","37,000.00","35,200.00","36,700.00","2,900.00",0.04,"15,766,900.00"
06/05/2025,"35,300.00","35,900.00","34,700.00","35,250.00",500.00,0.01,"5,708,100.00"
05/05/2025,"34,450.00","36,200.00","34,000.00","35,000.00","2,000.00",0.03,"4,406,800.00"
29/04/2025,"33,500.00","34,000.00","31,900.00","34,000.00",0.00,0.00,"16,029,900.00"
28/04/2025,"33,900.00","34,500.00","33,350.00","34,000.00","1,000.00",0.01,"7,023,300.00"
25/04/2025,"32,200.00","33,500.00","32,000.00","33,500.00","4,300.00",0.07,"14,949,000.00"
24/04/2025,"29,450.00","31,350.00","29,300.00","31,350.00","4,100.00",0.07,"8,730,000.00"
23/04/2025,"30,000.00","30,150.00","29,150.00","29,300.00",-400.00,-0.01,"18,984,200.00"
22/04/2025,"31,000.00","31,350.00","29,000.00","29,500.00","-2,500.00",-0.04,"17,678,400.00"
21/04/2025,"32,050.00","33,700.00","30,750.00","30,750.00","-4,600.00",-0.07,"15,468,900.00"
18/04/2025,"35,900.00","35,900.00","33,050.00","33,050.00","-4,900.00",-0.07,"10,665,700.00"
17/04/2025,"33,850.00","35,500.00","33,600.00","35,500.00","3,100.00",0.05,"72,938,860.00"
16/04/2025,"35,300.00","36,000.00","33,700.00","33,950.00","-2,600.00",-0.04,"14,021,700.00"
15/04/2025,"35,200.00","37,200.00","35,000.00","35,250.00",900.00,0.01,"15,544,700.00"
14/04/2025,"33,250.00","34,800.00","33,000.00","34,800.00","4,500.00",0.07,"12,227,100.00"
11/04/2025,"29,850.00","32,550.00","29,850.00","32,550.00","4,200.00",0.07,"13,393,300.00"
10/04/2025,"30,450.00","30,450.00","30,450.00","30,450.00","3,900.00",0.07,"3,834,700.00"
09/04/2025,"26,050.00","29,200.00","26,050.00","28,500.00","1,900.00",0.03,"13,002,500.00"
08/04/2025,"29,000.00","29,000.00","27,150.00","27,550.00","-3,200.00",-0.05,"16,869,700.00"
04/04/2025,"27,100.00","29,750.00","26,700.00","29,150.00","2,100.00",0.04,"14,551,100.00"
03/04/2025,"29,100.00","29,900.00","28,100.00","28,100.00","-4,200.00",-0.07,"19,235,900.00"
02/04/2025,"30,250.00","30,600.00","29,750.00","30,200.00",700.00,0.01,"16,069,060.00"
01/04/2025,"29,350.00","30,400.00","29,100.00","29,850.00","1,700.00",0.03,"7,757,400.00"
31/03/2025,"28,900.00","29,250.00","28,650.00","29,000.00",0.00,0.00,"25,157,060.00"
28/03/2025,"28,500.00","29,150.00","28,450.00","29,000.00",900.00,0.02,"5,542,600.00"
27/03/2025,"28,750.00","29,350.00","28,300.00","28,550.00",100.00,0.00,"30,716,750.00"
26/03/2025,"28,900.00","29,000.00","27,850.00","28,500.00",100.00,0.00,"8,597,700.00"
25/03/2025,"28,850.00","29,600.00","28,300.00","28,450.00",200.00,0.00,"38,025,550.00"
24/03/2025,"26,500.00","28,350.00","26,350.00","28,350.00","3,700.00",0.07,"13,829,000.00"
21/03/2025,"25,800.00","26,500.00","25,500.00","26,500.00","1,500.00",0.03,"7,620,300.00"
20/03/2025,"26,000.00","26,600.00","25,350.00","25,750.00",-400.00,-0.01,"6,629,100.00"
19/03/2025,"25,400.00","26,250.00","24,600.00","25,950.00",600.00,0.01,"10,476,000.00"
18/03/2025,"26,050.00","26,350.00","25,550.00","25,650.00",-800.00,-0.02,"7,940,099.00"
17/03/2025,"26,250.00","26,350.00","25,400.00","26,050.00",-100.00,0.00,"6,631,300.00"
14/03/2025,"25,900.00","26,400.00","25,700.00","26,100.00",800.00,0.02,"8,422,600.00"
13/03/2025,"24,150.00","25,700.00","23,750.00","25,700.00","3,300.00",0.07,"16,501,000.00"
12/03/2025,"23,675.00","24,125.00","23,675.00","24,050.00",800.00,0.02,"7,003,400.00"
11/03/2025,"23,450.00","23,650.00","23,250.00","23,650.00",0.00,0.00,"24,084,000.00"
10/03/2025,"22,950.00","23,950.00","22,900.00","23,650.00","2,000.00",0.04,"12,630,000.00"
07/03/2025,"21,150.00","22,650.00","21,125.00","22,650.00","2,950.00",0.07,"11,608,700.00"
06/03/2025,"21,150.00","21,275.00","21,025.00","21,175.00",100.00,0.00,"2,762,200.00"
05/03/2025,"21,025.00","21,250.00","21,000.00","21,125.00",300.00,0.01,"2,907,700.00"
04/03/2025,"21,225.00","21,250.00","20,900.00","20,975.00",-100.00,0.00,"3,056,500.00"
03/03/2025,"20,650.00","21,200.00","20,600.00","21,025.00",850.00,0.02,"2,943,500.00"
28/02/2025,"20,525.00","20,800.00","20,350.00","20,600.00",150.00,0.00,"2,771,000.00"
27/02/2025,"20,600.00","20,600.00","20,375.00","20,525.00",50.00,0.00,"1,527,600.00"
26/02/2025,"20,500.00","20,550.00","20,400.00","20,500.00",300.00,0.01,"1,364,900.00"
25/02/2025,"20,350.00","20,575.00","20,325.00","20,350.00",100.00,0.00,"1,879,300.00"
24/02/2025,"20,175.00","20,325.00","20,175.00","20,300.00",-50.00,0.00,"4,126,100.00"
21/02/2025,"20,475.00","20,475.00","20,325.00","20,325.00",-300.00,-0.01,"2,638,100.00"
20/02/2025,"20,225.00","20,625.00","20,200.00","20,475.00",550.00,0.01,"2,936,300.00"
19/02/2025,"20,100.00","20,250.00","20,025.00","20,200.00",200.00,0.00,"18,000,300.00"
18/02/2025,"20,050.00","20,225.00","19,950.00","20,100.00",100.00,0.00,"7,449,000.00"
17/02/2025,"20,125.00","20,200.00","20,025.00","20,050.00",-150.00,0.00,"5,907,700.00"
14/02/2025,"20,250.00","20,250.00","20,100.00","20,125.00",0.00,0.00,"5,072,800.00"
13/02/2025,"19,950.00","20,150.00","19,925.00","20,125.00",350.00,0.01,"1,138,900.00"
12/02/2025,"19,975.00","20,050.00","19,950.00","19,950.00",-50.00,0.00,"8,583,900.00"
11/02/2025,"20,000.00","20,050.00","19,925.00","19,975.00",-50.00,0.00,"1,522,000.00"
10/02/2025,"20,175.00","20,175.00","20,000.00","20,000.00",-650.00,-0.02,"9,329,700.00"
07/02/2025,"20,250.00","20,350.00","20,125.00","20,325.00",200.00,0.00,"1,480,900.00"
06/02/2025,"20,175.00","20,275.00","20,025.00","20,225.00",400.00,0.01,"1,684,600.00"
05/02/2025,"20,100.00","20,225.00","20,025.00","20,025.00",-50.00,0.00,"1,420,700.00"
04/02/2025,"20,025.00","20,100.00","19,925.00","20,050.00",50.00,0.00,"1,440,900.00"
03/02/2025,"20,100.00","20,150.00","19,950.00","20,025.00",-350.00,-0.01,"1,637,100.00"
24/01/2025,"20,125.00","20,250.00","20,100.00","20,200.00",0.00,0.00,"1,411,900.00"
23/01/2025,"20,200.00","20,325.00","20,125.00","20,200.00",0.00,0.00,"1,599,100.00"
22/01/2025,"20,250.00","20,250.00","20,050.00","20,200.00",-50.00,0.00,"15,240,200.00"
21/01/2025,"20,275.00","20,275.00","20,150.00","20,225.00",50.00,0.00,"1,645,739.00"
20/01/2025,"20,150.00","20,225.00","20,125.00","20,200.00",-50.00,0.00,"670,200.00"
17/01/2025,"20,250.00","20,275.00","20,125.00","20,225.00",0.00,0.00,"2,493,821.00"
16/01/2025,"20,150.00","20,325.00","20,050.00","20,225.00",200.00,0.00,"52,883,753.00"
15/01/2025,"20,150.00","20,175.00","20,000.00","20,125.00",50.00,0.00,"6,296,600.00"
14/01/2025,"20,100.00","20,100.00","19,900.00","20,100.00",-100.00,0.00,"2,326,300.00"
13/01/2025,"19,850.00","20,175.00","19,850.00","20,150.00",-200.00,0.00,"5,486,700.00"
10/01/2025,"20,375.00","20,450.00","20,200.00","20,250.00",-250.00,-0.01,"1,104,600.00"
09/01/2025,"20,275.00","20,500.00","20,250.00","20,375.00",250.00,0.01,"1,273,900.00"
08/01/2025,"20,200.00","20,275.00","20,150.00","20,250.00",0.00,0.00,"1,025,800.00"
07/01/2025,"20,150.00","20,275.00","20,100.00","20,250.00",0.00,0.00,"2,051,000.00"
06/01/2025,"20,200.00","20,250.00","20,150.00","20,250.00",0.00,0.00,"9,114,300.00"
03/01/2025,"20,275.00","20,275.00","20,075.00","20,250.00",-50.00,0.00,"1,915,100.00"
02/01/2025,"20,250.00","20,275.00","20,150.00","20,275.00",0.00,0.00,"1,340,500.00"
31/12/2024,"20,275.00","20,300.00","20,150.00","20,275.00",0.00,0.00,"1,870,400.00"
30/12/2024,"20,175.00","20,300.00","20,150.00","20,275.00",0.00,0.00,"1,415,300.00"
27/12/2024,"20,350.00","20,450.00","20,275.00","20,275.00",-100.00,0.00,"1,497,700.00"
26/12/2024,"20,350.00","20,500.00","20,325.00","20,325.00",0.00,0.00,"977,500.00"
25/12/2024,"20,300.00","20,525.00","20,275.00","20,325.00",50.00,0.00,"1,933,100.00"
24/12/2024,"20,250.00","20,300.00","20,175.00","20,300.00",0.00,0.00,"7,374,500.00"
23/12/2024,"20,250.00","20,425.00","20,250.00","20,300.00",100.00,0.00,"3,524,700.00"
20/12/2024,"20,150.00","20,250.00","20,125.00","20,250.00",200.00,0.00,"1,694,200.00"
19/12/2024,"20,150.00","20,200.00","20,050.00","20,150.00",-300.00,-0.01,"2,511,800.00"
18/12/2024,"20,275.00","20,425.00","20,275.00","20,300.00",50.00,0.00,"7,903,000.00"
17/12/2024,"20,350.00","20,400.00","20,275.00","20,275.00",-150.00,0.00,"1,560,900.00"
16/12/2024,"20,400.00","20,450.00","20,300.00","20,350.00",-100.00,0.00,"4,861,200.00"
13/12/2024,"20,375.00","20,450.00","20,300.00","20,400.00",-100.00,0.00,"2,183,200.00"
12/12/2024,"20,650.00","20,675.00","20,450.00","20,450.00",-400.00,-0.01,"2,147,400.00"
11/12/2024,"20,600.00","20,700.00","20,450.00","20,650.00",100.00,0.00,"9,319,100.00"
10/12/2024,"20,925.00","20,950.00","20,600.00","20,600.00",-650.00,-0.02,"4,113,900.00"
09/12/2024,"21,050.00","21,425.00","20,925.00","20,925.00",0.00,0.00,"12,594,400.00"
06/12/2024,"20,425.00","21,150.00","20,375.00","20,925.00","1,000.00",0.02,"5,327,100.00"
05/12/2024,"20,400.00","20,500.00","20,150.00","20,425.00",850.00,0.02,"3,456,100.00"
04/12/2024,"20,200.00","20,200.00","19,900.00","20,000.00",-400.00,-0.01,"4,966,600.00"
03/12/2024,"20,200.00","20,300.00","20,125.00","20,200.00",50.00,0.00,"1,959,300.00"
02/12/2024,"20,275.00","20,475.00","20,150.00","20,175.00",-150.00,0.00,"2,164,000.00"
29/11/2024,"20,325.00","20,375.00","20,250.00","20,250.00",-200.00,0.00,"2,031,400.00"
28/11/2024,"20,550.00","20,600.00","20,350.00","20,350.00",-50.00,0.00,"1,236,300.00"
27/11/2024,"20,525.00","20,525.00","20,375.00","20,375.00",-300.00,-0.01,"6,073,200.00"
26/11/2024,"20,500.00","20,650.00","20,500.00","20,525.00",50.00,0.00,"8,562,800.00"
25/11/2024,"20,225.00","20,500.00","20,225.00","20,500.00",550.00,0.01,"2,015,300.00"
22/11/2024,"20,175.00","20,425.00","20,150.00","20,225.00",100.00,0.00,"1,399,800.00"
21/11/2024,"20,175.00","20,300.00","20,150.00","20,175.00",0.00,0.00,"1,991,900.00"
20/11/2024,"20,100.00","20,325.00","20,075.00","20,175.00",0.00,0.00,"7,381,900.00"
19/11/2024,"20,200.00","20,350.00","20,175.00","20,175.00",-50.00,0.00,"1,858,400.00"
18/11/2024,"20,275.00","20,425.00","20,175.00","20,200.00",-150.00,0.00,"6,866,200.00"
15/11/2024,"20,325.00","20,525.00","20,275.00","20,275.00",-150.00,0.00,"2,310,300.00"
14/11/2024,"20,325.00","20,650.00","20,300.00","20,350.00",100.00,0.00,"2,011,800.00"
13/11/2024,"20,425.00","20,575.00","20,250.00","20,300.00",50.00,0.00,"2,204,200.00"
12/11/2024,"20,500.00","20,750.00","20,250.00","20,275.00",-250.00,-0.01,"2,485,900.00"
11/11/2024,"20,525.00","20,575.00","20,325.00","20,400.00",-250.00,-0.01,"2,105,400.00"
08/11/2024,"20,900.00","20,900.00","20,500.00","20,525.00",-650.00,-0.02,"2,191,200.00"
07/11/2024,"21,000.00","21,125.00","20,850.00","20,850.00",-100.00,0.00,"1,236,300.00"
06/11/2024,"20,750.00","21,000.00","20,700.00","20,900.00",500.00,0.01,"9,118,600.00"
05/11/2024,"20,600.00","20,650.00","20,525.00","20,650.00",100.00,0.00,"1,026,500.00"
04/11/2024,"20,700.00","20,750.00","20,525.00","20,600.00",0.00,0.00,"7,544,200.00"
01/11/2024,"20,775.00","20,800.00","20,550.00","20,600.00",-350.00,-0.01,"1,402,100.00"
31/10/2024,"20,700.00","20,850.00","20,525.00","20,775.00",550.00,0.01,"1,827,900.00"
30/10/2024,"20,725.00","20,850.00","20,400.00","20,500.00",-350.00,-0.01,"2,087,700.00"
29/10/2024,"20,750.00","20,850.00","20,650.00","20,675.00",-100.00,0.00,"3,285,000.00"
28/10/2024,"20,800.00","20,875.00","20,725.00","20,725.00",-100.00,0.00,"8,736,600.00"
25/10/2024,"21,100.00","21,150.00","20,775.00","20,775.00",-500.00,-0.01,"2,067,900.00"
24/10/2024,"21,500.00","21,550.00","21,025.00","21,025.00","-1,150.00",-0.03,"7,777,900.00"
23/10/2024,"21,350.00","22,150.00","21,350.00","21,600.00","1,000.00",0.02,"5,014,800.00"
22/10/2024,"21,300.00","21,300.00","21,100.00","21,100.00",-50.00,0.00,"2,068,100.00"
21/10/2024,"20,925.00","21,450.00","20,925.00","21,125.00",450.00,0.01,"2,219,200.00"
18/10/2024,"20,850.00","21,100.00","20,850.00","20,900.00",250.00,0.01,"1,215,800.00"
17/10/2024,"20,875.00","20,900.00","20,725.00","20,775.00",50.00,0.00,"1,030,100.00"
16/10/2024,"20,750.00","20,900.00","20,725.00","20,750.00",-150.00,0.00,"1,211,100.00"
15/10/2024,"21,125.00","21,250.00","20,775.00","20,825.00",-500.00,-0.01,"5,497,000.00"
14/10/2024,"21,250.00","21,700.00","21,075.00","21,075.00",350.00,0.01,"9,435,900.00"
11/10/2024,"20,700.00","20,975.00","20,675.00","20,900.00",400.00,0.01,"1,709,800.00"
10/10/2024,"20,800.00","20,825.00","20,650.00","20,700.00",-200.00,0.00,"1,512,200.00"
09/10/2024,"20,525.00","20,800.00","20,500.00","20,800.00",700.00,0.02,"6,991,532.00"
08/10/2024,"20,525.00","20,525.00","20,300.00","20,450.00",50.00,0.00,"2,668,700.00"
07/10/2024,"20,550.00","20,775.00","20,425.00","20,425.00",-150.00,0.00,"1,652,400.00"
04/10/2024,"20,675.00","20,675.00","20,450.00","20,500.00",-350.00,-0.01,"2,144,700.00"
03/10/2024,"21,050.00","21,225.00","20,675.00","20,675.00",-700.00,-0.02,"3,460,400.00"
02/10/2024,"21,175.00","21,200.00","21,025.00","21,025.00",-250.00,-0.01,"1,527,200.00"
01/10/2024,"21,025.00","21,375.00","21,025.00","21,150.00",300.00,0.01,"1,935,600.00"
30/09/2024,"21,200.00","21,300.00","21,000.00","21,000.00",-500.00,-0.01,"2,993,300.00"
27/09/2024,"21,450.00","21,450.00","21,225.00","21,250.00",-100.00,0.00,"2,761,700.00"
26/09/2024,"21,300.00","21,550.00","21,300.00","21,300.00",0.00,0.00,"2,817,500.00"
25/09/2024,"21,375.00","21,450.00","21,200.00","21,300.00",50.00,0.00,"6,092,276.00"
24/09/2024,"21,200.00","21,325.00","21,175.00","21,275.00",200.00,0.00,"3,887,700.00"
23/09/2024,"21,450.00","21,450.00","21,175.00","21,175.00",50.00,0.00,"4,514,400.00"
20/09/2024,"21,500.00","21,825.00","21,150.00","21,150.00",-600.00,-0.01,"3,975,500.00"
19/09/2024,"21,400.00","21,600.00","21,350.00","21,450.00",250.00,0.01,"2,291,000.00"
18/09/2024,"21,450.00","21,650.00","21,325.00","21,325.00",-250.00,-0.01,"2,835,900.00"
17/09/2024,"21,025.00","21,600.00","21,025.00","21,450.00",850.00,0.02,"4,915,701.00"
16/09/2024,"21,350.00","21,800.00","21,025.00","21,025.00",-850.00,-0.02,"2,005,200.00"
13/09/2024,"21,450.00","21,475.00","21,250.00","21,450.00",0.00,0.00,"1,572,300.00"
12/09/2024,"21,525.00","21,625.00","21,275.00","21,450.00",-100.00,0.00,"2,190,601.00"
11/09/2024,"21,325.00","21,500.00","21,050.00","21,500.00",0.00,0.00,"3,123,200.00"
10/09/2024,"21,850.00","21,950.00","21,300.00","21,500.00",-700.00,-0.02,"4,646,800.00"
09/09/2024,"22,100.00","22,250.00","21,725.00","21,850.00",-950.00,-0.02,"7,300,700.00"
06/09/2024,"22,675.00","22,675.00","22,300.00","22,325.00",-400.00,-0.01,"7,153,900.00"
05/09/2024,"22,275.00","22,975.00","22,200.00","22,525.00","1,050.00",0.02,"4,513,000.00"
04/09/2024,"21,800.00","22,150.00","21,650.00","22,000.00",-200.00,0.00,"8,208,700.00"
30/08/2024,"22,275.00","22,600.00","22,100.00","22,100.00",0.00,0.00,"3,398,500.00"
29/08/2024,"22,125.00","22,400.00","22,025.00","22,100.00",-200.00,0.00,"3,279,900.00"
28/08/2024,"22,750.00","23,050.00","22,200.00","22,200.00",-700.00,-0.02,"4,933,500.00"
27/08/2024,"21,050.00","22,550.00","21,050.00","22,550.00","2,950.00",0.07,"22,650,612.00"
26/08/2024,"20,825.00","21,175.00","20,825.00","21,075.00",600.00,0.01,"9,637,500.00"
23/08/2024,"20,800.00","21,000.00","20,750.00","20,775.00",0.00,0.00,"7,755,778.00"
22/08/2024,"20,925.00","21,175.00","20,775.00","20,775.00",-300.00,-0.01,"2,379,500.00"
21/08/2024,"20,800.00","21,000.00","20,750.00","20,925.00",150.00,0.00,"1,734,500.00"
20/08/2024,"20,575.00","21,100.00","20,500.00","20,850.00",550.00,0.01,"7,736,500.00"
19/08/2024,"20,650.00","20,775.00","20,525.00","20,575.00",0.00,0.00,"6,584,900.00"
16/08/2024,"20,450.00","20,800.00","20,450.00","20,575.00",350.00,0.01,"7,257,000.00"
15/08/2024,"20,500.00","20,575.00","20,400.00","20,400.00",0.00,0.00,"1,213,500.00"
14/08/2024,"20,375.00","20,600.00","20,375.00","20,400.00",100.00,0.00,"1,377,400.00"
13/08/2024,"20,325.00","20,600.00","20,325.00","20,350.00",100.00,0.00,"6,519,600.00"
12/08/2024,"20,550.00","20,600.00","20,300.00","20,300.00",-600.00,-0.01,"1,806,700.00"
09/08/2024,"20,900.00","21,000.00","20,600.00","20,600.00",-600.00,-0.01,"2,266,900.00"
08/08/2024,"21,025.00","21,100.00","20,825.00","20,900.00",-550.00,-0.01,"1,618,000.00"
07/08/2024,"20,875.00","21,750.00","20,875.00","21,175.00","1,050.00",0.03,"5,378,500.00"
06/08/2024,"20,750.00","20,775.00","20,275.00","20,650.00",0.00,0.00,"1,832,300.00"
05/08/2024,"20,500.00","20,825.00","20,200.00","20,650.00",-700.00,-0.02,"18,632,800.00"
02/08/2024,"21,075.00","21,100.00","20,400.00","21,000.00",-100.00,0.00,"2,329,600.00"
01/08/2024,"21,050.00","21,150.00","20,750.00","21,050.00",-200.00,0.00,"3,279,200.00"
31/07/2024,"21,150.00","21,150.00","20,775.00","21,150.00",100.00,0.00,"24,344,800.00"
30/07/2024,"20,975.00","21,100.00","20,500.00","21,100.00",600.00,0.01,"2,426,200.00"
29/07/2024,"20,800.00","20,800.00","20,375.00","20,800.00",0.00,0.00,"2,740,100.00"
26/07/2024,"20,950.00","21,075.00","20,625.00","20,800.00",0.00,0.00,"1,376,600.00"
25/07/2024,"20,650.00","21,300.00","20,425.00","20,800.00",700.00,0.02,"14,411,200.00"
24/07/2024,"20,400.00","20,500.00","20,225.00","20,450.00",50.00,0.00,"4,057,400.00"
23/07/2024,"20,375.00","20,425.00","20,200.00","20,425.00",100.00,0.00,"1,521,300.00"
22/07/2024,"20,375.00","20,500.00","20,100.00","20,375.00",0.00,0.00,"1,776,000.00"
19/07/2024,"20,350.00","20,550.00","20,150.00","20,375.00",200.00,0.00,"1,823,000.00"
18/07/2024,"20,300.00","20,300.00","20,075.00","20,275.00",-50.00,0.00,"2,142,300.00"
17/07/2024,"20,500.00","20,500.00","20,075.00","20,300.00",-450.00,-0.01,"2,726,000.00"
16/07/2024,"20,675.00","20,850.00","20,350.00","20,525.00",-300.00,-0.01,"1,863,400.00"
15/07/2024,"20,875.00","21,125.00","20,650.00","20,675.00",-400.00,-0.01,"6,211,900.00"
12/07/2024,"20,850.00","21,400.00","20,825.00","20,875.00",650.00,0.02,"3,312,000.00"
11/07/2024,"20,450.00","20,875.00","20,350.00","20,550.00",500.00,0.01,"2,862,000.00"
10/07/2024,"20,475.00","20,475.00","20,300.00","20,300.00",-200.00,0.00,"1,235,400.00"
09/07/2024,"20,250.00","20,475.00","20,075.00","20,400.00",400.00,0.01,"2,401,700.00"
08/07/2024,"20,700.00","20,700.00","20,175.00","20,200.00","-1,000.00",-0.02,"3,603,600.00"
05/07/2024,"20,700.00","20,725.00","20,550.00","20,700.00",0.00,0.00,"1,560,400.00"
04/07/2024,"20,750.00","20,850.00","20,650.00","20,700.00",50.00,0.00,"1,214,300.00"
03/07/2024,"20,800.00","20,825.00","20,625.00","20,675.00",-250.00,-0.01,"10,713,000.00"
02/07/2024,"20,700.00","20,875.00","20,650.00","20,800.00",250.00,0.01,"5,123,400.00"
01/07/2024,"20,700.00","20,700.00","20,525.00","20,675.00",150.00,0.00,"3,472,300.00"
28/06/2024,"20,550.00","20,675.00","20,450.00","20,600.00",200.00,0.00,"1,785,000.00"
27/06/2024,"20,550.00","20,700.00","20,500.00","20,500.00",-200.00,0.00,"1,427,100.00"
26/06/2024,"20,650.00","20,850.00","20,575.00","20,600.00",0.00,0.00,"1,951,800.00"
25/06/2024,"20,575.00","21,000.00","20,575.00","20,600.00",100.00,0.00,"4,573,200.00"
24/06/2024,"20,825.00","21,150.00","20,550.00","20,550.00",-550.00,-0.01,"4,217,800.00"
21/06/2024,"20,725.00","20,825.00","20,575.00","20,825.00",200.00,0.00,"2,755,900.00"
20/06/2024,"20,775.00","20,900.00","20,675.00","20,725.00",-50.00,0.00,"2,400,100.00"
19/06/2024,"21,175.00","21,225.00","20,725.00","20,750.00",-600.00,-0.01,"7,683,200.00"
18/06/2024,"21,150.00","21,475.00","21,050.00","21,050.00",100.00,0.00,"13,825,400.00"
17/06/2024,"21,300.00","21,475.00","21,000.00","21,000.00",0.00,0.00,"6,819,600.00"
14/06/2024,"21,600.00","21,625.00","21,000.00","21,000.00","-1,200.00",-0.03,"7,064,611.00"
13/06/2024,"21,650.00","21,750.00","21,450.00","21,600.00",-100.00,0.00,"2,319,000.00"
12/06/2024,"21,400.00","21,750.00","21,250.00","21,650.00",100.00,0.00,"7,292,500.00"
11/06/2024,"21,650.00","21,725.00","21,275.00","21,600.00",-250.00,-0.01,"5,110,000.00"
10/06/2024,"21,750.00","21,950.00","21,700.00","21,725.00",-50.00,0.00,"4,042,400.00"
07/06/2024,"21,950.00","22,000.00","21,600.00","21,750.00",-200.00,0.00,"1,841,700.00"
06/06/2024,"22,150.00","22,175.00","21,850.00","21,850.00",-500.00,-0.01,"2,018,500.00"
05/06/2024,"22,050.00","22,375.00","22,050.00","22,100.00",100.00,0.00,"1,611,400.00"
04/06/2024,"22,150.00","22,275.00","22,000.00","22,050.00",150.00,0.00,"1,638,500.00"
03/06/2024,"21,900.00","22,300.00","21,900.00","21,975.00",400.00,0.01,"1,707,000.00"
31/05/2024,"21,750.00","22,300.00","21,650.00","21,775.00",400.00,0.01,"1,691,900.00"
30/05/2024,"22,200.00","22,250.00","21,575.00","21,575.00","-1,250.00",-0.03,"2,627,000.00"
29/05/2024,"22,525.00","22,600.00","22,125.00","22,200.00",-650.00,-0.01,"2,603,100.00"
28/05/2024,"22,500.00","22,650.00","22,225.00","22,525.00",0.00,0.00,"2,388,600.00"
27/05/2024,"22,475.00","22,625.00","22,225.00","22,525.00",100.00,0.00,"1,713,000.00"
24/05/2024,"22,575.00","22,800.00","22,075.00","22,475.00",-600.00,-0.01,"10,340,400.00"
23/05/2024,"22,625.00","22,950.00","22,375.00","22,775.00",50.00,0.00,"2,649,700.00"
22/05/2024,"23,175.00","23,450.00","22,750.00","22,750.00",-950.00,-0.02,"8,684,300.00"
21/05/2024,"23,500.00","23,850.00","23,225.00","23,225.00",-250.00,-0.01,"3,335,500.00"
20/05/2024,"23,500.00","23,775.00","23,175.00","23,350.00",-150.00,0.00,"3,339,900.00"
17/05/2024,"23,375.00","23,450.00","23,125.00","23,425.00",100.00,0.00,"2,168,200.00"
16/05/2024,"23,300.00","23,575.00","23,100.00","23,375.00",400.00,0.01,"2,854,500.00"
15/05/2024,"23,100.00","23,375.00","23,000.00","23,175.00",300.00,0.01,"1,400,800.00"
14/05/2024,"24,050.00","24,050.00","23,025.00","23,025.00","1,050.00",0.02,"11,700,900.00"
13/05/2024,"22,650.00","22,675.00","22,175.00","22,500.00",0.00,0.00,"1,754,800.00"
10/05/2024,"22,700.00","22,850.00","22,250.00","22,500.00",-400.00,-0.01,"1,213,900.00"
09/05/2024,"22,700.00","23,000.00","22,525.00","22,700.00",0.00,0.00,"1,483,400.00"
08/05/2024,"22,550.00","22,700.00","22,150.00","22,700.00",400.00,0.01,"1,760,400.00"
07/05/2024,"22,675.00","22,675.00","22,250.00","22,500.00",250.00,0.01,"5,986,500.00"
06/05/2024,"22,225.00","22,375.00","21,925.00","22,375.00",300.00,0.01,"11,937,084.00"
03/05/2024,"22,300.00","22,450.00","22,000.00","22,225.00",50.00,0.00,"1,360,200.00"
02/05/2024,"22,000.00","22,200.00","21,800.00","22,200.00",-50.00,0.00,"1,666,500.00"
26/04/2024,"20,975.00","22,225.00","20,950.00","22,225.00","2,450.00",0.06,"2,742,700.00"
25/04/2024,"20,850.00","21,175.00","20,650.00","21,000.00",400.00,0.01,"1,587,500.00"
24/04/2024,"20,550.00","20,975.00","20,550.00","20,800.00",600.00,0.01,"1,628,300.00"
23/04/2024,"21,225.00","21,225.00","20,500.00","20,500.00","-1,000.00",-0.02,"2,766,100.00"
22/04/2024,"21,325.00","21,500.00","20,850.00","21,000.00",-600.00,-0.01,"3,382,600.00"
19/04/2024,"21,800.00","22,000.00","21,300.00","21,300.00","-2,400.00",-0.05,"3,764,400.00"
17/04/2024,"23,250.00","23,250.00","22,250.00","22,500.00","-1,400.00",-0.03,"3,254,600.00"
16/04/2024,"23,500.00","23,500.00","22,325.00","23,200.00",-600.00,-0.01,"5,134,100.00"
15/04/2024,"24,000.00","24,100.00","23,000.00","23,500.00","-1,450.00",-0.03,"8,142,200.00"
12/04/2024,"24,175.00","24,350.00","24,075.00","24,225.00",150.00,0.00,"3,113,900.00"
11/04/2024,"24,125.00","24,275.00","23,875.00","24,150.00",-200.00,0.00,"4,462,900.00"
10/04/2024,"23,850.00","24,325.00","23,825.00","24,250.00",800.00,0.02,"5,331,600.00"
09/04/2024,"23,800.00","23,850.00","23,500.00","23,850.00",0.00,0.00,"3,733,300.00"
08/04/2024,"24,000.00","24,000.00","23,675.00","23,850.00",-100.00,0.00,"3,018,500.00"
05/04/2024,"23,725.00","23,975.00","23,650.00","23,900.00",-50.00,0.00,"3,427,700.00"
04/04/2024,"23,625.00","23,975.00","23,625.00","23,925.00",100.00,0.00,"4,192,100.00"
03/04/2024,"23,750.00","23,925.00","23,600.00","23,875.00",-50.00,0.00,"4,260,400.00"
02/04/2024,"23,500.00","23,950.00","23,250.00","23,900.00",-50.00,0.00,"4,933,000.00"
01/04/2024,"23,825.00","24,050.00","23,675.00","23,925.00",200.00,0.00,"4,451,800.00"
29/03/2024,"23,925.00","23,950.00","23,650.00","23,825.00",50.00,0.00,"3,786,500.00"
28/03/2024,"23,525.00","23,975.00","23,450.00","23,800.00",550.00,0.01,"4,639,100.00"
27/03/2024,"23,525.00","23,650.00","23,350.00","23,525.00",0.00,0.00,"4,606,900.00"
26/03/2024,"23,500.00","23,600.00","23,300.00","23,525.00",200.00,0.00,"3,506,900.00"
25/03/2024,"23,300.00","23,700.00","23,075.00","23,425.00",250.00,0.01,"5,067,600.00"
22/03/2024,"23,250.00","23,350.00","23,025.00","23,300.00",100.00,0.00,"5,640,100.00"
21/03/2024,"23,250.00","23,425.00","22,950.00","23,250.00",0.00,0.00,"3,886,500.00"
20/03/2024,"23,400.00","23,500.00","22,900.00","23,250.00",-500.00,-0.01,"8,963,700.00"
19/03/2024,"23,100.00","23,650.00","22,800.00","23,500.00",900.00,0.02,"7,995,000.00"
18/03/2024,"22,425.00","23,100.00","21,950.00","23,050.00","1,700.00",0.04,"15,984,700.00"
15/03/2024,"22,950.00","23,000.00","22,200.00","22,200.00","-1,550.00",-0.03,"4,928,400.00"
14/03/2024,"22,600.00","23,425.00","22,500.00","22,975.00",950.00,0.02,"6,021,400.00"
13/03/2024,"22,125.00","22,500.00","22,050.00","22,500.00",850.00,0.02,"3,687,300.00"
12/03/2024,"22,175.00","22,300.00","22,025.00","22,075.00",-200.00,0.00,"2,836,600.00"
11/03/2024,"22,450.00","22,625.00","22,175.00","22,175.00",-450.00,-0.01,"5,966,600.00"
08/03/2024,"23,000.00","23,000.00","22,400.00","22,400.00",-800.00,-0.02,"3,896,700.00"
07/03/2024,"22,800.00","22,925.00","22,675.00","22,800.00",300.00,0.01,"2,601,500.00"
06/03/2024,"22,650.00","23,425.00","22,600.00","22,650.00",0.00,0.00,"12,368,500.00"
05/03/2024,"22,600.00","22,750.00","22,500.00","22,650.00",50.00,0.00,"11,905,800.00"
04/03/2024,"22,650.00","22,875.00","22,575.00","22,625.00",0.00,0.00,"3,833,900.00"
01/03/2024,"22,500.00","22,800.00","22,425.00","22,625.00",250.00,0.01,"3,002,700.00"
29/02/2024,"23,000.00","23,075.00","22,500.00","22,500.00",-600.00,-0.01,"5,625,800.00"
28/02/2024,"22,950.00","23,200.00","22,625.00","22,800.00",450.00,0.01,"3,389,700.00"
27/02/2024,"22,400.00","22,825.00","22,175.00","22,575.00",550.00,0.01,"4,462,500.00"
26/02/2024,"22,675.00","22,875.00","22,150.00","22,300.00",-600.00,-0.01,"5,204,400.00"
23/02/2024,"23,975.00","23,975.00","22,600.00","22,600.00","-2,400.00",-0.05,"16,212,200.00"
22/02/2024,"23,625.00","23,850.00","23,500.00","23,800.00",350.00,0.01,"4,175,500.00"
21/02/2024,"24,275.00","24,275.00","23,550.00","23,625.00","-1,250.00",-0.03,"10,914,000.00"
20/02/2024,"24,000.00","24,675.00","23,950.00","24,250.00","1,500.00",0.03,"8,994,900.00"
19/02/2024,"22,150.00","23,500.00","22,150.00","23,500.00","3,050.00",0.07,"16,751,900.00"
16/02/2024,"21,275.00","22,075.00","21,250.00","21,975.00","1,400.00",0.03,"5,012,200.00"
15/02/2024,"21,250.00","21,400.00","21,100.00","21,275.00",150.00,0.00,"2,049,700.00"
07/02/2024,"21,150.00","21,200.00","21,000.00","21,200.00",100.00,0.00,"1,616,000.00"
06/02/2024,"21,125.00","21,175.00","20,950.00","21,150.00",100.00,0.00,"1,779,700.00"
05/02/2024,"21,100.00","21,100.00","20,900.00","21,100.00",100.00,0.00,"3,109,400.00"
02/02/2024,"21,175.00","21,250.00","21,025.00","21,050.00",-250.00,-0.01,"4,026,500.00"
01/02/2024,"21,225.00","21,250.00","21,025.00","21,175.00",-150.00,0.00,"2,216,100.00"
31/01/2024,"21,350.00","21,400.00","21,050.00","21,250.00",-200.00,0.00,"2,833,900.00"
30/01/2024,"21,325.00","21,400.00","21,250.00","21,350.00",50.00,0.00,"6,472,900.00"
29/01/2024,"21,400.00","21,425.00","21,200.00","21,325.00",-150.00,0.00,"7,711,400.00"
26/01/2024,"21,350.00","21,500.00","21,325.00","21,400.00",0.00,0.00,"8,010,463.00"
25/01/2024,"21,550.00","21,550.00","21,400.00","21,400.00",-350.00,-0.01,"3,222,300.00"
24/01/2024,"21,600.00","21,625.00","21,450.00","21,575.00",50.00,0.00,"3,073,500.00"
23/01/2024,"21,700.00","21,700.00","21,450.00","21,550.00",-200.00,0.00,"2,283,000.00"
22/01/2024,"21,750.00","21,750.00","21,575.00","21,650.00",0.00,0.00,"1,754,900.00"
19/01/2024,"21,675.00","21,725.00","21,575.00","21,650.00",-50.00,0.00,"2,977,400.00"
18/01/2024,"21,500.00","21,750.00","21,500.00","21,675.00",150.00,0.00,"1,768,100.00"
17/01/2024,"21,575.00","21,725.00","21,475.00","21,600.00",50.00,0.00,"1,950,300.00"
16/01/2024,"21,500.00","21,625.00","21,425.00","21,575.00",100.00,0.00,"1,479,500.00"
15/01/2024,"21,750.00","21,750.00","21,525.00","21,525.00",50.00,0.00,"1,528,300.00"
12/01/2024,"21,750.00","21,750.00","21,350.00","21,500.00",-650.00,-0.01,"3,009,600.00"
11/01/2024,"21,800.00","22,000.00","21,700.00","21,825.00",50.00,0.00,"1,758,100.00"
10/01/2024,"21,950.00","22,025.00","21,600.00","21,800.00",-300.00,-0.01,"2,718,700.00"
09/01/2024,"22,150.00","22,200.00","21,950.00","21,950.00",-450.00,-0.01,"1,716,800.00"
08/01/2024,"22,225.00","22,375.00","22,050.00","22,175.00",250.00,0.01,"2,577,400.00"
05/01/2024,"22,075.00","22,100.00","21,950.00","22,050.00",-50.00,0.00,"1,553,600.00"
04/01/2024,"22,075.00","22,200.00","21,900.00","22,075.00",0.00,0.00,"2,380,800.00"
03/01/2024,"21,750.00","22,075.00","21,750.00","22,075.00",150.00,0.00,"2,347,100.00"
02/01/2024,"22,475.00","22,475.00","22,000.00","22,000.00",-600.00,-0.01,"2,324,300.00"
29/12/2023,"22,325.00","22,425.00","22,225.00","22,300.00",150.00,0.00,"2,474,300.00"
28/12/2023,"21,800.00","22,300.00","21,800.00","22,225.00",850.00,0.02,"4,359,700.00"
27/12/2023,"21,825.00","21,975.00","21,800.00","21,800.00",50.00,0.00,"1,920,500.00"
26/12/2023,"21,700.00","21,875.00","21,675.00","21,775.00",150.00,0.00,"1,806,700.00"
25/12/2023,"21,550.00","21,775.00","21,500.00","21,700.00",250.00,0.01,"3,364,500.00"
22/12/2023,"21,600.00","21,675.00","21,375.00","21,575.00",-50.00,0.00,"2,199,100.00"
21/12/2023,"21,500.00","21,650.00","21,400.00","21,600.00",-50.00,0.00,"1,962,500.00"
20/12/2023,"21,475.00","21,725.00","21,425.00","21,625.00",50.00,0.00,"7,978,100.00"
19/12/2023,"21,650.00","21,650.00","21,150.00","21,600.00",0.00,0.00,"2,885,900.00"
18/12/2023,"21,850.00","21,975.00","21,525.00","21,600.00",-500.00,-0.01,"2,388,200.00"
15/12/2023,"21,850.00","21,975.00","21,525.00","21,850.00",-100.00,0.00,"7,138,700.00"
14/12/2023,"21,975.00","22,025.00","21,725.00","21,900.00",-100.00,0.00,"5,335,800.00"
13/12/2023,"22,050.00","22,175.00","21,600.00","21,950.00",-350.00,-0.01,"4,045,900.00"
12/12/2023,"22,025.00","22,200.00","22,000.00","22,125.00",200.00,0.00,"2,817,200.00"
11/12/2023,"21,625.00","22,175.00","21,625.00","22,025.00","1,100.00",0.03,"5,364,200.00"
08/12/2023,"21,300.00","21,525.00","21,275.00","21,475.00",150.00,0.00,"5,652,564.00"
07/12/2023,"21,400.00","21,600.00","20,950.00","21,400.00",0.00,0.00,"4,525,200.00"
06/12/2023,"21,250.00","21,500.00","21,250.00","21,400.00",0.00,0.00,"2,384,200.00"
05/12/2023,"21,475.00","21,575.00","21,300.00","21,400.00",-150.00,0.00,"3,698,700.00"
04/12/2023,"21,050.00","21,500.00","21,050.00","21,475.00",850.00,0.02,"3,591,300.00"
01/12/2023,"21,025.00","21,100.00","20,925.00","21,050.00",350.00,0.01,"4,690,500.00"
30/11/2023,"21,250.00","21,425.00","20,875.00","20,875.00",-800.00,-0.02,"3,486,400.00"
29/11/2023,"21,200.00","21,325.00","21,150.00","21,275.00",150.00,0.00,"2,124,700.00"
28/11/2023,"20,925.00","21,250.00","20,800.00","21,200.00",550.00,0.01,"2,514,300.00"
27/11/2023,"20,650.00","21,100.00","20,650.00","20,925.00",500.00,0.01,"2,993,800.00"
24/11/2023,"20,675.00","20,750.00","20,300.00","20,675.00",50.00,0.00,"3,566,600.00"
23/11/2023,"21,000.00","21,300.00","20,650.00","20,650.00",-700.00,-0.02,"3,374,600.00"
22/11/2023,"21,475.00","21,500.00","20,925.00","21,000.00",-600.00,-0.01,"4,939,800.00"
21/11/2023,"21,525.00","21,575.00","21,025.00","21,300.00",-100.00,0.00,"2,925,100.00"
20/11/2023,"20,450.00","21,400.00","20,450.00","21,350.00",500.00,0.01,"4,346,300.00"
17/11/2023,"22,600.00","22,600.00","21,075.00","21,100.00","-2,900.00",-0.06,"11,706,200.00"
16/11/2023,"22,700.00","22,700.00","22,425.00","22,550.00",-300.00,-0.01,"2,383,300.00"
15/11/2023,"22,700.00","22,800.00","22,450.00","22,700.00",450.00,0.01,"6,279,500.00"
14/11/2023,"22,475.00","22,750.00","22,250.00","22,475.00",150.00,0.00,"3,907,100.00"
13/11/2023,"22,525.00","22,525.00","22,225.00","22,400.00",-150.00,0.00,"4,026,800.00"
10/11/2023,"22,500.00","22,600.00","22,200.00","22,475.00",-450.00,-0.01,"5,145,200.00"
09/11/2023,"22,000.00","22,850.00","22,000.00","22,700.00","2,400.00",0.06,"12,981,000.00"
08/11/2023,"20,950.00","21,525.00","20,800.00","21,500.00",950.00,0.02,"4,811,500.00"
07/11/2023,"20,900.00","21,075.00","20,625.00","21,025.00",-50.00,0.00,"4,295,000.00"
06/11/2023,"20,975.00","21,150.00","20,825.00","21,050.00",500.00,0.01,"4,336,000.00"
03/11/2023,"20,850.00","21,050.00","20,625.00","20,800.00",150.00,0.00,"4,167,900.00"
02/11/2023,"20,250.00","20,750.00","19,825.00","20,725.00","1,050.00",0.03,"6,089,500.00"
01/11/2023,"19,850.00","20,250.00","19,725.00","20,200.00",-100.00,0.00,"4,691,900.00"
31/10/2023,"20,525.00","20,775.00","20,225.00","20,250.00","-1,000.00",-0.02,"5,980,400.00"
30/10/2023,"20,650.00","20,775.00","19,875.00","20,750.00",-100.00,0.00,"6,112,800.00"
27/10/2023,"20,825.00","20,900.00","19,350.00","20,800.00",0.00,0.00,"14,063,100.00"
26/10/2023,"21,450.00","21,475.00","20,800.00","20,800.00","-3,100.00",-0.07,"15,936,800.00"
25/10/2023,"22,100.00","22,650.00","21,925.00","22,350.00","1,250.00",0.03,"8,250,600.00"
24/10/2023,"21,600.00","21,750.00","21,450.00","21,725.00",50.00,0.00,"2,871,800.00"
23/10/2023,"21,675.00","21,700.00","21,300.00","21,700.00",50.00,0.00,"5,011,400.00"
20/10/2023,"21,500.00","21,675.00","20,925.00","21,675.00",150.00,0.00,"6,023,100.00"
19/10/2023,"21,900.00","21,950.00","21,200.00","21,600.00",-600.00,-0.01,"5,548,400.00"
18/10/2023,"22,025.00","22,275.00","20,750.00","21,900.00",-200.00,0.00,"15,689,200.00"
17/10/2023,"22,500.00","22,575.00","22,000.00","22,000.00","-1,000.00",-0.02,"4,992,000.00"
16/10/2023,"23,025.00","23,025.00","22,500.00","22,500.00","-1,100.00",-0.02,"4,882,400.00"
13/10/2023,"23,025.00","23,225.00","22,775.00","23,050.00",-400.00,-0.01,"5,122,900.00"
12/10/2023,"23,000.00","23,650.00","22,900.00","23,250.00","1,050.00",0.02,"7,760,800.00"
11/10/2023,"22,525.00","22,725.00","22,500.00","22,725.00",550.00,0.01,"3,714,700.00"
10/10/2023,"22,800.00","23,075.00","22,450.00","22,450.00",-300.00,-0.01,"5,911,600.00"
09/10/2023,"23,000.00","23,025.00","22,600.00","22,600.00",-750.00,-0.02,"6,345,600.00"
06/10/2023,"22,950.00","23,125.00","22,500.00","22,975.00",350.00,0.01,"6,192,900.00"
05/10/2023,"23,100.00","23,200.00","22,400.00","22,800.00",-500.00,-0.01,"11,978,200.00"
04/10/2023,"22,250.00","23,150.00","22,025.00","23,050.00","1,600.00",0.04,"10,416,300.00"
03/10/2023,"22,950.00","23,000.00","21,925.00","22,250.00","-2,400.00",-0.05,"13,031,800.00"
02/10/2023,"23,500.00","23,775.00","23,250.00","23,450.00",50.00,0.00,"5,084,806.00"
29/09/2023,"22,600.00","24,075.00","22,575.00","23,425.00","1,850.00",0.04,"13,703,008.00"
28/09/2023,"22,600.00","22,650.00","22,050.00","22,500.00",-200.00,0.00,"6,887,102.00"
27/09/2023,"22,300.00","22,625.00","22,025.00","22,600.00",200.00,0.00,"9,048,403.00"
26/09/2023,"23,000.00","23,375.00","22,275.00","22,500.00","-1,500.00",-0.03,"15,113,411.00"
25/09/2023,"25,050.00","25,200.00","23,250.00","23,250.00","-3,500.00",-0.07,"20,054,925.00"
22/09/2023,"25,750.00","25,800.00","24,900.00","25,000.00","-2,200.00",-0.04,"19,736,907.00"
21/09/2023,"26,900.00","26,900.00","26,100.00","26,100.00","-1,300.00",-0.02,"8,502,609.00"
20/09/2023,"26,000.00","26,750.00","25,850.00","26,750.00","1,800.00",0.03,"11,886,507.00"
19/09/2023,"26,750.00","26,950.00","25,750.00","25,850.00","-1,300.00",-0.02,"16,936,601.00"
18/09/2023,"26,800.00","26,800.00","26,200.00","26,500.00",-600.00,-0.01,"15,682,600.00"
15/09/2023,"28,000.00","28,150.00","26,600.00","26,800.00","-1,900.00",-0.03,"19,616,942.00"
14/09/2023,"29,550.00","29,650.00","27,750.00","27,750.00","-3,700.00",-0.06,"26,948,700.00"
13/09/2023,"30,400.00","30,700.00","29,550.00","29,600.00","-1,100.00",-0.02,"20,070,100.00"
12/09/2023,"29,900.00","30,250.00","29,550.00","30,150.00","1,200.00",0.02,"18,652,200.00"
11/09/2023,"30,050.00","30,700.00","29,550.00","29,550.00",0.00,0.00,"16,362,000.00"
08/09/2023,"30,250.00","30,300.00","29,550.00","29,550.00","-1,700.00",-0.03,"28,305,800.00"
07/09/2023,"31,000.00","31,250.00","30,400.00","30,400.00",-800.00,-0.01,"19,824,100.00"
06/09/2023,"31,200.00","31,250.00","30,400.00","30,800.00",-700.00,-0.01,"20,289,500.00"
05/09/2023,"31,250.00","31,950.00","30,850.00","31,150.00",200.00,0.00,"13,059,501.00"
31/08/2023,"31,250.00","32,050.00","31,000.00","31,050.00",100.00,0.00,"14,984,700.00"
30/08/2023,"31,500.00","31,500.00","30,300.00","31,000.00","-1,400.00",-0.02,"25,144,800.00"
29/08/2023,"32,850.00","32,950.00","31,600.00","31,700.00","-1,300.00",-0.02,"20,850,302.00"
28/08/2023,"32,500.00","33,350.00","32,250.00","32,350.00","1,200.00",0.02,"16,794,600.00"
25/08/2023,"32,600.00","33,350.00","31,650.00","31,750.00",-700.00,-0.01,"18,067,303.00"
24/08/2023,"32,850.00","32,900.00","31,300.00","32,100.00",-800.00,-0.01,"16,616,202.00"
23/08/2023,"34,500.00","34,500.00","32,500.00","32,500.00",500.00,0.01,"20,341,506.00"
22/08/2023,"33,500.00","33,550.00","31,400.00","32,250.00","-1,300.00",-0.02,"13,120,824.00"
21/08/2023,"33,000.00","33,050.00","31,650.00","32,900.00","-1,100.00",-0.02,"23,678,727.00"
18/08/2023,"34,550.00","35,000.00","33,450.00","33,450.00","-5,000.00",-0.07,"27,733,400.00"
17/08/2023,"37,800.00","38,300.00","35,950.00","35,950.00","-3,700.00",-0.05,"25,732,610.00"
16/08/2023,"37,800.00","37,800.00","37,700.00","37,800.00","4,900.00",0.07,"19,714,916.00"
15/08/2023,"36,500.00","36,650.00","35,350.00","35,350.00","-2,600.00",-0.04,"17,485,318.00"
14/08/2023,"37,450.00","37,700.00","35,750.00","36,650.00",700.00,0.01,"12,704,016.00"
11/08/2023,"36,300.00","36,300.00","36,050.00","36,300.00","4,700.00",0.07,"23,093,121.00"
10/08/2023,"33,150.00","34,200.00","33,050.00","33,950.00","2,100.00",0.03,"8,161,614.00"
09/08/2023,"33,500.00","33,900.00","32,850.00","32,900.00","-1,200.00",-0.02,"10,268,427.00"
08/08/2023,"32,000.00","33,750.00","31,800.00","33,500.00","3,100.00",0.05,"11,056,431.00"
07/08/2023,"31,750.00","32,150.00","31,200.00","31,950.00","1,700.00",0.03,"8,530,327.00"
04/08/2023,"29,500.00","31,100.00","29,500.00","31,100.00","4,000.00",0.07,"21,210,816.00"
03/08/2023,"29,150.00","29,750.00","29,000.00","29,100.00",-100.00,0.00,"7,522,816.00"
02/08/2023,"29,500.00","29,950.00","29,050.00","29,150.00",-600.00,-0.01,"12,347,818.00"
01/08/2023,"29,400.00","29,450.00","29,000.00","29,450.00","3,800.00",0.07,"14,059,315.00"
31/07/2023,"27,550.00","27,550.00","27,300.00","27,550.00","3,600.00",0.07,"10,561,920.00"
28/07/2023,"25,550.00","25,800.00","25,450.00","25,750.00",400.00,0.01,"3,550,220.00"
27/07/2023,"25,500.00","25,750.00","25,400.00","25,550.00",100.00,0.00,"3,932,511.00"
26/07/2023,"25,700.00","25,950.00","25,500.00","25,500.00",-500.00,-0.01,"4,119,713.00"
25/07/2023,"26,050.00","26,100.00","25,750.00","25,750.00",-500.00,-0.01,"3,827,636.00"
24/07/2023,"26,100.00","26,300.00","25,900.00","26,000.00",200.00,0.00,"2,621,716.00"
21/07/2023,"26,000.00","26,150.00","25,800.00","26,050.00",100.00,0.00,"2,324,811.00"
20/07/2023,"26,050.00","26,300.00","25,800.00","26,000.00",-100.00,0.00,"1,893,807.00"
19/07/2023,"26,450.00","26,450.00","26,050.00","26,050.00",-600.00,-0.01,"1,816,000.00"
18/07/2023,"26,500.00","26,550.00","26,300.00","26,350.00",-200.00,0.00,"2,091,900.00"
17/07/2023,"25,800.00","26,550.00","25,700.00","26,450.00","1,500.00",0.03,"12,105,500.00"
14/07/2023,"25,900.00","25,900.00","25,500.00","25,700.00",-100.00,0.00,"2,013,700.00"
13/07/2023,"25,750.00","26,000.00","25,600.00","25,750.00",100.00,0.00,"1,894,000.00"
12/07/2023,"25,550.00","25,950.00","25,400.00","25,700.00",600.00,0.01,"2,295,600.00"
11/07/2023,"25,500.00","25,650.00","25,400.00","25,400.00",-100.00,0.00,"2,707,900.00"
10/07/2023,"25,250.00","25,600.00","25,100.00","25,450.00",800.00,0.02,"3,345,300.00"
07/07/2023,"25,250.00","25,300.00","25,000.00","25,050.00",-300.00,-0.01,"2,941,600.00"
06/07/2023,"25,500.00","25,700.00","25,200.00","25,200.00",-600.00,-0.01,"2,599,600.00"
05/07/2023,"25,700.00","25,800.00","25,450.00","25,500.00",-300.00,-0.01,"4,926,200.00"
04/07/2023,"25,750.00","25,750.00","25,550.00","25,650.00",200.00,0.00,"1,501,100.00"
03/07/2023,"25,750.00","25,850.00","25,550.00","25,550.00",100.00,0.00,"1,866,100.00"
30/06/2023,"25,900.00","25,950.00","25,500.00","25,500.00",-800.00,-0.02,"1,743,900.00"
29/06/2023,"26,100.00","26,200.00","25,900.00","25,900.00",-400.00,-0.01,"1,628,300.00"
28/06/2023,"26,300.00","26,350.00","26,000.00","26,100.00",-200.00,0.00,"1,893,500.00"
27/06/2023,"26,100.00","26,500.00","26,100.00","26,200.00",200.00,0.00,"2,533,300.00"
26/06/2023,"26,050.00","26,350.00","25,950.00","26,100.00",200.00,0.00,"3,469,700.00"
23/06/2023,"26,050.00","26,150.00","25,950.00","26,000.00",-400.00,-0.01,"2,178,900.00"
22/06/2023,"26,350.00","26,400.00","26,000.00","26,200.00",0.00,0.00,"1,626,300.00"
21/06/2023,"26,050.00","26,200.00","25,850.00","26,200.00",400.00,0.01,"3,480,400.00"
20/06/2023,"26,000.00","26,250.00","25,950.00","26,000.00",-100.00,0.00,"1,464,500.00"
19/06/2023,"26,900.00","26,900.00","26,050.00","26,050.00","-1,400.00",-0.03,"4,319,600.00"
16/06/2023,"26,900.00","27,000.00","26,300.00","26,750.00",0.00,0.00,"5,378,900.00"
15/06/2023,"26,900.00","27,250.00","26,650.00","26,750.00",-300.00,-0.01,"2,114,700.00"
14/06/2023,"27,050.00","27,350.00","26,900.00","26,900.00",-300.00,-0.01,"5,883,800.00"
13/06/2023,"26,850.00","27,150.00","26,650.00","27,050.00",700.00,0.01,"2,112,100.00"
12/06/2023,"26,250.00","26,700.00","26,250.00","26,700.00","1,100.00",0.02,"4,201,000.00"
09/06/2023,"26,250.00","26,300.00","26,100.00","26,150.00",-100.00,0.00,"819,000.00"
08/06/2023,"26,400.00","26,500.00","26,200.00","26,200.00",-400.00,-0.01,"9,421,500.00"
07/06/2023,"26,650.00","26,800.00","26,300.00","26,400.00",-400.00,-0.01,"3,036,100.00"
06/06/2023,"26,100.00","26,600.00","26,100.00","26,600.00","1,100.00",0.02,"2,120,200.00"
05/06/2023,"26,050.00","26,250.00","26,000.00","26,050.00",100.00,0.00,"1,824,300.00"
02/06/2023,"26,000.00","26,150.00","25,950.00","26,000.00",0.00,0.00,"1,731,400.00"
01/06/2023,"26,000.00","26,100.00","25,800.00","26,000.00",0.00,0.00,"1,526,900.00"
31/05/2023,"26,200.00","26,200.00","26,000.00","26,000.00",-400.00,-0.01,"2,432,000.00"
30/05/2023,"26,350.00","26,450.00","26,150.00","26,200.00",-300.00,-0.01,"3,212,500.00"
29/05/2023,"26,000.00","26,450.00","26,000.00","26,350.00",700.00,0.01,"1,381,300.00"
26/05/2023,"26,200.00","26,250.00","26,000.00","26,000.00",-600.00,-0.01,"1,593,300.00"
25/05/2023,"26,300.00","26,350.00","26,100.00","26,300.00",0.00,0.00,"1,453,500.00"
24/05/2023,"26,400.00","26,400.00","26,150.00","26,300.00",0.00,0.00,"6,020,300.00"
23/05/2023,"26,100.00","26,750.00","26,100.00","26,300.00",500.00,0.01,"2,019,000.00"
22/05/2023,"26,250.00","26,350.00","25,950.00","26,050.00",-400.00,-0.01,"2,425,200.00"
19/05/2023,"26,700.00","26,700.00","26,050.00","26,250.00",-700.00,-0.01,"1,932,200.00"
18/05/2023,"26,800.00","26,900.00","26,500.00","26,600.00",0.00,0.00,"2,078,700.00"
17/05/2023,"26,450.00","26,900.00","26,250.00","26,600.00",300.00,0.01,"2,168,200.00"
16/05/2023,"27,300.00","27,400.00","26,400.00","26,450.00","-1,500.00",-0.03,"2,881,400.00"
15/05/2023,"27,450.00","27,450.00","27,000.00","27,200.00","2,700.00",0.05,"4,520,001.00"
12/05/2023,"25,350.00","25,950.00","25,250.00","25,850.00","1,200.00",0.02,"2,273,000.00"
11/05/2023,"25,350.00","25,350.00","25,150.00","25,250.00",-100.00,0.00,"1,190,301.00"
10/05/2023,"25,400.00","25,400.00","25,200.00","25,300.00",0.00,0.00,"1,069,300.00"
09/05/2023,"25,450.00","25,500.00","25,200.00","25,300.00",-300.00,-0.01,"1,113,400.00"
08/05/2023,"25,350.00","25,450.00","25,250.00","25,450.00",200.00,0.00,"1,338,200.00"
05/05/2023,"25,450.00","25,700.00","25,300.00","25,350.00",-600.00,-0.01,"1,368,000.00"
04/05/2023,"26,050.00","26,050.00","25,550.00","25,650.00",-800.00,-0.02,"1,878,400.00"
28/04/2023,"25,300.00","26,050.00","25,300.00","26,050.00","1,600.00",0.03,"2,421,100.00"
27/04/2023,"25,900.00","25,900.00","25,250.00","25,250.00","-1,400.00",-0.03,"4,336,000.00"
26/04/2023,"26,200.00","26,200.00","25,850.00","25,950.00",-600.00,-0.01,"7,613,893.00"
25/04/2023,"26,400.00","26,400.00","25,900.00","26,250.00",-100.00,0.00,"3,876,400.00"
24/04/2023,"26,350.00","26,350.00","26,100.00","26,300.00",-100.00,0.00,"1,496,200.00"
21/04/2023,"26,300.00","26,350.00","26,050.00","26,350.00",100.00,0.00,"1,728,400.00"
20/04/2023,"26,250.00","26,350.00","26,100.00","26,300.00",0.00,0.00,"1,217,400.00"
19/04/2023,"26,300.00","26,350.00","26,150.00","26,300.00",-200.00,0.00,"1,746,300.00"
18/04/2023,"26,450.00","26,450.00","26,200.00","26,400.00",-100.00,0.00,"3,475,800.00"
17/04/2023,"26,450.00","26,500.00","26,200.00","26,450.00",0.00,0.00,"1,758,200.00"
14/04/2023,"26,600.00","26,750.00","26,350.00","26,450.00",-100.00,0.00,"1,762,600.00"
13/04/2023,"26,550.00","26,750.00","26,350.00","26,500.00",-100.00,0.00,"2,019,800.00"
12/04/2023,"26,650.00","26,750.00","26,300.00","26,550.00",-500.00,-0.01,"4,006,300.00"
11/04/2023,"26,850.00","26,850.00","26,400.00","26,800.00",-200.00,0.00,"1,947,000.00"
10/04/2023,"27,250.00","27,300.00","26,650.00","26,900.00",-600.00,-0.01,"2,145,100.00"
07/04/2023,"27,500.00","27,500.00","26,700.00","27,200.00",-100.00,0.00,"2,379,600.00"
06/04/2023,"28,200.00","28,200.00","27,250.00","27,250.00","-1,000.00",-0.02,"2,064,900.00"
05/04/2023,"28,350.00","28,350.00","27,500.00","27,750.00","-1,300.00",-0.02,"1,974,100.00"
04/04/2023,"29,250.00","29,350.00","28,400.00","28,400.00","-1,200.00",-0.02,"1,871,700.00"
03/04/2023,"27,950.00","29,400.00","27,800.00","29,000.00","3,000.00",0.05,"5,395,600.00"
31/03/2023,"26,800.00","27,600.00","26,800.00","27,500.00","1,300.00",0.02,"2,619,400.00"
30/03/2023,"26,750.00","27,450.00","26,700.00","26,850.00",200.00,0.00,"1,478,600.00"
29/03/2023,"26,750.00","26,800.00","26,450.00","26,750.00",100.00,0.00,"585,700.00"
28/03/2023,"26,650.00","26,800.00","26,600.00","26,700.00",100.00,0.00,"7,977,500.00"
27/03/2023,"26,650.00","26,900.00","26,400.00","26,650.00",0.00,0.00,"1,262,000.00"
24/03/2023,"26,400.00","26,850.00","26,250.00","26,650.00",500.00,0.01,"1,979,700.00"
23/03/2023,"26,100.00","26,400.00","26,050.00","26,400.00",0.00,0.00,"2,714,800.00"
22/03/2023,"26,300.00","26,450.00","26,050.00","26,400.00",0.00,0.00,"3,051,500.00"
21/03/2023,"26,400.00","26,700.00","25,800.00","26,400.00",0.00,0.00,"3,266,700.00"
20/03/2023,"26,500.00","26,600.00","25,700.00","26,400.00",-400.00,-0.01,"4,512,300.00"
17/03/2023,"26,950.00","27,000.00","26,200.00","26,600.00",-100.00,0.00,"4,721,500.00"
16/03/2023,"27,000.00","27,850.00","26,500.00","26,650.00",-700.00,-0.01,"3,310,600.00"
15/03/2023,"26,500.00","27,000.00","26,500.00","27,000.00","1,000.00",0.02,"1,717,700.00"
14/03/2023,"26,600.00","26,600.00","26,300.00","26,500.00",-300.00,-0.01,"2,889,000.00"
13/03/2023,"26,550.00","26,700.00","26,250.00","26,650.00",200.00,0.00,"996,800.00"
10/03/2023,"26,500.00","26,650.00","26,250.00","26,550.00",100.00,0.00,"899,800.00"
09/03/2023,"26,500.00","26,800.00","26,300.00","26,500.00",0.00,0.00,"2,421,300.00"
08/03/2023,"26,100.00","26,650.00","26,100.00","26,500.00",300.00,0.01,"2,171,900.00"
07/03/2023,"26,500.00","26,600.00","26,200.00","26,350.00",100.00,0.00,"1,442,300.00"
06/03/2023,"26,350.00","26,650.00","26,050.00","26,300.00",-100.00,0.00,"2,516,800.00"
03/03/2023,"26,400.00","26,500.00","26,100.00","26,350.00",-100.00,0.00,"1,038,500.00"
02/03/2023,"26,250.00","26,650.00","26,150.00","26,400.00",100.00,0.00,"963,200.00"
01/03/2023,"26,000.00","26,650.00","25,800.00","26,350.00",100.00,0.00,"1,099,000.00"
28/02/2023,"26,250.00","26,500.00","26,000.00","26,300.00",100.00,0.00,"1,259,200.00"
27/02/2023,"26,000.00","26,250.00","25,700.00","26,250.00",-400.00,-0.01,"3,137,900.00"
24/02/2023,"26,050.00","26,450.00","25,850.00","26,450.00",-100.00,0.00,"2,411,600.00"
23/02/2023,"26,400.00","26,550.00","25,550.00","26,500.00",0.00,0.00,"2,387,100.00"
22/02/2023,"26,750.00","26,800.00","26,200.00","26,500.00","-1,300.00",-0.02,"2,745,400.00"
21/02/2023,"27,100.00","27,350.00","26,850.00","27,150.00",200.00,0.00,"1,795,600.00"
20/02/2023,"26,650.00","27,500.00","26,500.00","27,050.00",600.00,0.01,"1,515,200.00"
17/02/2023,"26,700.00","26,750.00","26,100.00","26,750.00",100.00,0.00,"2,166,800.00"
16/02/2023,"26,500.00","26,850.00","25,700.00","26,700.00",500.00,0.01,"3,240,500.00"
15/02/2023,"26,350.00","26,450.00","25,450.00","26,450.00",0.00,0.00,"3,448,200.00"
14/02/2023,"26,550.00","26,550.00","25,400.00","26,450.00",-500.00,-0.01,"3,429,000.00"
13/02/2023,"26,550.00","26,800.00","26,250.00","26,700.00",-600.00,-0.01,"1,627,100.00"
10/02/2023,"26,750.00","27,150.00","26,300.00","27,000.00",-200.00,0.00,"1,853,200.00"
09/02/2023,"26,750.00","27,250.00","26,200.00","27,100.00",-200.00,0.00,"3,113,800.00"
08/02/2023,"27,300.00","27,300.00","26,500.00","27,200.00",-600.00,-0.01,"2,145,800.00"
07/02/2023,"28,000.00","28,000.00","26,800.00","27,500.00","-1,000.00",-0.02,"1,804,600.00"
06/02/2023,"27,650.00","28,000.00","27,150.00","28,000.00",0.00,0.00,"1,416,100.00"
03/02/2023,"28,000.00","28,000.00","27,500.00","28,000.00",200.00,0.00,"1,199,400.00"
02/02/2023,"27,600.00","28,050.00","27,550.00","27,900.00",600.00,0.01,"1,358,600.00"
01/02/2023,"28,800.00","28,800.00","27,400.00","27,600.00","-1,900.00",-0.03,"1,851,600.00"
31/01/2023,"29,050.00","29,250.00","28,250.00","28,550.00",-600.00,-0.01,"1,377,800.00"
30/01/2023,"29,750.00","29,750.00","28,750.00","28,850.00","-1,500.00",-0.03,"1,124,500.00"
27/01/2023,"28,900.00","29,650.00","28,800.00","29,600.00","1,800.00",0.03,"2,197,800.00"
19/01/2023,"28,150.00","28,700.00","28,000.00","28,700.00",700.00,0.01,"2,443,100.00"
18/01/2023,"27,700.00","28,350.00","27,500.00","28,350.00","1,500.00",0.03,"1,647,300.00"
17/01/2023,"26,750.00","27,600.00","26,750.00","27,600.00",400.00,0.01,"1,371,200.00"
16/01/2023,"27,500.00","27,500.00","26,700.00","27,400.00",-200.00,0.00,"3,087,100.00"
13/01/2023,"27,500.00","27,650.00","27,200.00","27,500.00",0.00,0.00,"1,223,800.00"
12/01/2023,"27,750.00","27,750.00","27,250.00","27,500.00",-100.00,0.00,"1,067,000.00"
11/01/2023,"27,250.00","27,750.00","27,050.00","27,550.00",600.00,0.01,"1,633,600.00"
10/01/2023,"27,500.00","27,500.00","26,800.00","27,250.00",-500.00,-0.01,"1,942,900.00"
09/01/2023,"28,100.00","28,100.00","27,500.00","27,500.00","-1,100.00",-0.02,"1,204,200.00"
06/01/2023,"28,000.00","28,050.00","27,450.00","28,050.00",-100.00,0.00,"3,147,400.00"
05/01/2023,"28,050.00","28,450.00","27,900.00","28,100.00",200.00,0.00,"1,641,900.00"
04/01/2023,"28,450.00","28,550.00","27,950.00","28,000.00",-800.00,-0.01,"2,528,400.00"
03/01/2023,"26,900.00","28,400.00","26,700.00","28,400.00","3,000.00",0.06,"2,009,300.00"
30/12/2022,"26,900.00","26,950.00","26,500.00","26,900.00",200.00,0.00,"2,461,700.00"
29/12/2022,"26,600.00","27,000.00","26,250.00","26,800.00",,,"18,842,400.00"
28/12/2022,"26,750.00","26,750.00","26,050.00","26,750.00",,,"3,289,000.00"
27/12/2022,"26,450.00","27,400.00","26,050.00","26,700.00",,,"1,866,000.00"
26/12/2022,"27,500.00","27,500.00","26,250.00","26,450.00",,,"2,367,800.00"
23/12/2022,"27,650.00","27,950.00","26,950.00","27,550.00",,,"3,411,300.00"
22/12/2022,"28,000.00","28,500.00","27,500.00","27,500.00",,,"3,752,600.00"
21/12/2022,"28,300.00","28,500.00","27,400.00","27,450.00",,,"2,477,400.00"
20/12/2022,"28,250.00","28,900.00","27,550.00","27,950.00",,,"3,088,400.00"
19/12/2022,"29,500.00","29,700.00","28,250.00","28,250.00",,,"3,043,600.00"
16/12/2022,"30,300.00","30,400.00","29,200.00","29,200.00",,,"4,362,600.00"
15/12/2022,"30,550.00","30,800.00","30,150.00","30,300.00",,,"3,311,900.00"
14/12/2022,"31,250.00","31,850.00","30,150.00","30,400.00",,,"2,946,700.00"
13/12/2022,"31,950.00","32,000.00","30,050.00","30,800.00",,,"3,011,100.00"
12/12/2022,"33,900.00","34,000.00","31,550.00","31,550.00",,,"3,251,200.00"
09/12/2022,"35,250.00","35,850.00","33,900.00","33,900.00",,,"3,161,700.00"
08/12/2022,"37,200.00","37,250.00","34,950.00","34,950.00",,,"5,602,500.00"
07/12/2022,"34,600.00","35,600.00","34,250.00","35,600.00",,,"9,421,500.00"
06/12/2022,"34,050.00","34,250.00","32,500.00","33,300.00",,,"1,803,300.00"
05/12/2022,"34,400.00","35,000.00","34,000.00","34,050.00",,,"2,301,900.00"
02/12/2022,"32,550.00","34,400.00","32,550.00","34,400.00",,,"3,591,400.00"
01/12/2022,"34,700.00","34,800.00","33,000.00","33,000.00",,,"3,204,600.00"
30/11/2022,"34,750.00","35,100.00","34,000.00","34,800.00",,,"3,225,000.00"
29/11/2022,"32,500.00","34,700.00","32,100.00","34,700.00",,,"3,559,000.00"
28/11/2022,"33,250.00","33,550.00","32,500.00","32,500.00",,,"3,249,900.00"
25/11/2022,"31,500.00","32,500.00","31,300.00","32,500.00",,,"2,290,900.00"
24/11/2022,"30,000.00","31,050.00","30,000.00","30,500.00",,,"1,141,700.00"
23/11/2022,"30,050.00","31,300.00","29,850.00","29,850.00",,,"998,800.00"
22/11/2022,"32,000.00","32,950.00","30,500.00","30,500.00",,,"1,466,300.00"
21/11/2022,"33,000.00","33,350.00","31,800.00","32,000.00",,,"1,198,200.00"
18/11/2022,"33,450.00","33,450.00","31,550.00","32,800.00",,,"1,693,400.00"
17/11/2022,"31,200.00","32,300.00","30,250.00","32,300.00",,,"4,785,400.00"
16/11/2022,"28,450.00","30,450.00","28,050.00","30,200.00",,,"2,249,500.00"
15/11/2022,"27,950.00","28,750.00","27,500.00","28,500.00",,,"1,583,400.00"
14/11/2022,"27,100.00","27,750.00","26,550.00","27,500.00",,,"1,394,600.00"
11/11/2022,"26,500.00","27,400.00","26,250.00","27,150.00",,,"938,500.00"
10/11/2022,"26,800.00","27,000.00","26,000.00","26,500.00",,,"1,558,000.00"
09/11/2022,"26,650.00","27,150.00","26,100.00","26,850.00",,,"1,573,900.00"
08/11/2022,"26,100.00","26,650.00","24,850.00","26,650.00",,,"3,076,100.00"
07/11/2022,"27,000.00","27,000.00","25,850.00","26,700.00",,,"1,702,500.00"
04/11/2022,"27,450.00","27,450.00","26,050.00","27,150.00",,,"1,617,900.00"
03/11/2022,"27,200.00","27,550.00","27,150.00","27,550.00",,,"909,700.00"
02/11/2022,"27,650.00","27,700.00","27,000.00","27,700.00",,,"1,352,500.00"
01/11/2022,"27,850.00","27,900.00","27,000.00","27,700.00",,,"1,419,100.00"
31/10/2022,"28,000.00","28,200.00","27,150.00","27,700.00",,,"3,052,800.00"
28/10/2022,"27,700.00","27,900.00","26,750.00","27,850.00",,,"1,281,000.00"
27/10/2022,"27,300.00","27,500.00","26,250.00","27,500.00",,,"1,974,800.00"
26/10/2022,"28,050.00","28,050.00","26,750.00","27,400.00",,,"2,390,100.00"
25/10/2022,"28,150.00","28,150.00","26,500.00","28,050.00",,,"1,446,700.00"
24/10/2022,"28,000.00","28,300.00","26,450.00","28,250.00",,,"1,606,100.00"
21/10/2022,"29,250.00","29,250.00","27,250.00","28,400.00",,,"1,414,600.00"
20/10/2022,"29,050.00","29,350.00","28,600.00","29,300.00",,,"1,099,200.00"
19/10/2022,"29,250.00","29,350.00","28,250.00","29,250.00",,,"826,400.00"
18/10/2022,"28,250.00","29,300.00","28,250.00","29,200.00",,,"626,100.00"
17/10/2022,"29,300.00","29,500.00","28,000.00","28,000.00",,,"1,738,700.00"
14/10/2022,"30,250.00","30,250.00","29,200.00","29,850.00",,,"779,400.00"
13/10/2022,"29,350.00","30,500.00","29,100.00","30,200.00",,,"3,072,400.00"
12/10/2022,"30,000.00","30,100.00","29,150.00","30,000.00",,,"1,709,700.00"
11/10/2022,"29,150.00","30,050.00","28,350.00","30,000.00",,,"4,356,800.00"
10/10/2022,"30,100.00","30,450.00","28,850.00","30,100.00",,,"3,058,400.00"
07/10/2022,"30,250.00","30,350.00","29,150.00","30,100.00",,,"2,987,900.00"
06/10/2022,"29,900.00","31,000.00","29,050.00","30,050.00",,,"1,011,900.00"
05/10/2022,"28,750.00","30,450.00","28,500.00","30,000.00",,,"1,328,100.00"
04/10/2022,"28,000.00","28,500.00","27,300.00","28,500.00",,,"1,696,700.00"
03/10/2022,"27,450.00","27,750.00","26,500.00","27,750.00",,,"1,859,900.00"
30/09/2022,"26,650.00","28,200.00","26,650.00","27,500.00",,,"1,724,300.00"
29/09/2022,"28,850.00","29,100.00","27,150.00","27,300.00",,,"1,701,100.00"
28/09/2022,"30,050.00","30,400.00","28,750.00","28,750.00",,,"1,138,100.00"
27/09/2022,"31,050.00","31,100.00","30,400.00","30,500.00",,,"639,100.00"
26/09/2022,"30,900.00","31,300.00","30,800.00","31,000.00",,,"2,195,900.00"
23/09/2022,"31,500.00","31,650.00","31,000.00","31,300.00",,,"324,200.00"
22/09/2022,"31,250.00","31,650.00","29,350.00","31,650.00",,,"1,238,700.00"
21/09/2022,"31,750.00","31,800.00","31,350.00","31,550.00",,,"641,000.00"
20/09/2022,"31,300.00","31,950.00","31,300.00","31,950.00",,,"800,100.00"
19/09/2022,"31,250.00","31,650.00","31,050.00","31,450.00",,,"786,000.00"
16/09/2022,"31,600.00","32,250.00","31,250.00","31,250.00",,,"1,684,400.00"
15/09/2022,"31,750.00","32,000.00","31,400.00","31,950.00",,,"851,300.00"
14/09/2022,"31,750.00","31,850.00","31,050.00","31,700.00",,,"711,000.00"
13/09/2022,"32,000.00","32,150.00","31,800.00","32,050.00",,,"1,059,100.00"
12/09/2022,"32,450.00","32,450.00","31,900.00","32,000.00",,,"552,900.00"
09/09/2022,"31,600.00","32,200.00","31,450.00","32,200.00",,,"1,193,800.00"
08/09/2022,"31,650.00","31,800.00","31,200.00","31,450.00",,,"841,200.00"
07/09/2022,"31,650.00","31,700.00","31,250.00","31,250.00",,,"1,347,400.00"
06/09/2022,"32,050.00","32,400.00","31,550.00","31,650.00",,,"1,335,600.00"
05/09/2022,"32,400.00","32,600.00","32,000.00","32,000.00",,,"1,610,100.00"
31/08/2022,"32,000.00","32,850.00","31,850.00","31,850.00",,,"1,436,800.00"
30/08/2022,"31,800.00","32,050.00","31,600.00","31,800.00",,,"868,400.00"
29/08/2022,"32,150.00","32,200.00","31,500.00","31,800.00",,,"1,337,500.00"
26/08/2022,"33,000.00","33,000.00","32,500.00","32,500.00",,,"861,300.00"
25/08/2022,"32,500.00","32,950.00","32,500.00","32,950.00",,,"483,000.00"
24/08/2022,"32,600.00","32,900.00","32,450.00","32,450.00",,,"787,500.00"
23/08/2022,"32,750.00","32,800.00","32,400.00","32,500.00",,,"1,437,800.00"
22/08/2022,"33,600.00","34,000.00","33,000.00","33,000.00",,,"1,583,500.00"
19/08/2022,"34,000.00","34,200.00","33,400.00","33,950.00",,,"1,560,600.00"
18/08/2022,"33,600.00","34,650.00","33,600.00","34,050.00",,,"2,792,100.00"
17/08/2022,"33,100.00","33,900.00","33,000.00","33,650.00",,,"2,201,000.00"
16/08/2022,"33,200.00","33,200.00","32,850.00","32,950.00",,,"862,200.00"
15/08/2022,"33,150.00","33,250.00","33,050.00","33,200.00",,,"802,100.00"
12/08/2022,"32,900.00","33,100.00","32,750.00","33,100.00",,,"811,200.00"
11/08/2022,"32,800.00","33,200.00","32,500.00","32,900.00",,,"1,674,000.00"
10/08/2022,"32,500.00","32,800.00","32,350.00","32,400.00",,,"967,900.00"
09/08/2022,"32,400.00","32,700.00","32,350.00","32,650.00",,,"792,000.00"
08/08/2022,"32,700.00","32,850.00","32,300.00","32,300.00",,,"1,010,300.00"
05/08/2022,"32,950.00","33,100.00","32,600.00","32,700.00",,,"1,134,900.00"
04/08/2022,"33,000.00","33,200.00","32,700.00","33,200.00",,,"1,146,000.00"
03/08/2022,"32,900.00","33,200.00","32,550.00","33,000.00",,,"1,250,700.00"
02/08/2022,"32,400.00","33,300.00","32,250.00","33,300.00",,,"1,372,600.00"
01/08/2022,"32,450.00","32,550.00","32,050.00","32,350.00",,,"1,281,823.00"
29/07/2022,"33,900.00","33,900.00","32,000.00","32,000.00",,,"1,908,500.00"
28/07/2022,"33,300.00","33,550.00","33,000.00","33,500.00",,,"1,152,200.00"
27/07/2022,"33,100.00","33,400.00","33,000.00","33,250.00",,,"581,400.00"
26/07/2022,"33,050.00","33,800.00","33,050.00","33,050.00",,,"642,700.00"
25/07/2022,"33,450.00","33,700.00","33,250.00","33,650.00",,,"755,800.00"
22/07/2022,"34,050.00","34,250.00","33,250.00","33,250.00",,,"674,700.00"
21/07/2022,"34,100.00","34,400.00","34,050.00","34,250.00",,,"930,600.00"
20/07/2022,"34,400.00","34,500.00","34,100.00","34,100.00",,,"626,100.00"
19/07/2022,"34,000.00","34,500.00","34,000.00","34,400.00",,,"655,400.00"
18/07/2022,"34,800.00","34,800.00","34,000.00","34,000.00",,,"1,156,732.00"
15/07/2022,"34,550.00","34,900.00","34,300.00","34,800.00",,,"1,582,500.00"
14/07/2022,"34,750.00","34,900.00","34,250.00","34,750.00",,,"1,414,300.00"
13/07/2022,"34,300.00","35,000.00","34,150.00","34,750.00",,,"2,004,600.00"
12/07/2022,"34,300.00","35,100.00","34,000.00","34,950.00",,,"1,212,400.00"
11/07/2022,"33,850.00","35,000.00","33,100.00","35,000.00",,,"2,385,900.00"
08/07/2022,"35,000.00","35,350.00","33,750.00","35,000.00",,,"1,413,800.00"
07/07/2022,"34,000.00","34,900.00","33,250.00","34,900.00",,,"2,174,100.00"
06/07/2022,"36,000.00","36,050.00","33,750.00","33,750.00",,,"2,171,700.00"
05/07/2022,"36,350.00","36,400.00","36,000.00","36,150.00",,,"1,478,700.00"
04/07/2022,"36,200.00","36,350.00","36,100.00","36,350.00",,,"758,300.00"
01/07/2022,"36,600.00","36,700.00","36,050.00","36,300.00",,,"1,866,600.00"
30/06/2022,"36,350.00","36,750.00","36,200.00","36,750.00",,,"1,918,800.00"
29/06/2022,"36,400.00","36,700.00","36,150.00","36,700.00",,,"1,729,300.00"
28/06/2022,"36,500.00","36,900.00","36,200.00","36,800.00",,,"2,228,300.00"
27/06/2022,"36,900.00","37,400.00","36,750.00","36,900.00",,,"1,822,400.00"
24/06/2022,"36,750.00","37,300.00","36,000.00","37,300.00",,,"1,514,800.00"
23/06/2022,"37,050.00","37,100.00","36,500.00","37,100.00",,,"1,548,900.00"
22/06/2022,"37,350.00","37,500.00","36,800.00","37,500.00",,,"2,418,900.00"
21/06/2022,"37,600.00","37,600.00","36,900.00","37,500.00",,,"1,956,200.00"
20/06/2022,"38,300.00","38,300.00","37,650.00","37,800.00",,,"2,132,800.00"
17/06/2022,"37,900.00","38,300.00","37,550.00","38,300.00",,,"3,725,300.00"
16/06/2022,"38,000.00","38,850.00","37,900.00","38,300.00",,,"1,597,800.00"
15/06/2022,"38,300.00","38,450.00","37,650.00","38,350.00",,,"2,037,200.00"
14/06/2022,"38,100.00","38,300.00","37,600.00","38,300.00",,,"2,058,500.00"
13/06/2022,"38,300.00","38,700.00","38,100.00","38,200.00",,,"1,795,500.00"
10/06/2022,"38,900.00","39,100.00","38,750.00","39,000.00",,,"979,600.00"
09/06/2022,"39,000.00","39,100.00","38,650.00","39,050.00",,,"1,542,100.00"
08/06/2022,"38,900.00","39,350.00","38,800.00","39,050.00",,,"1,441,700.00"
07/06/2022,"39,250.00","39,250.00","38,850.00","39,000.00",,,"1,612,200.00"
06/06/2022,"39,350.00","39,450.00","38,950.00","39,250.00",,,"1,503,500.00"
03/06/2022,"39,050.00","39,600.00","39,000.00","39,400.00",,,"1,249,100.00"
02/06/2022,"39,600.00","39,600.00","38,800.00","39,450.00",,,"3,905,400.00"
01/06/2022,"39,300.00","39,700.00","39,150.00","39,650.00",,,"2,014,200.00"
31/05/2022,"39,000.00","39,750.00","38,850.00","39,400.00",,,"1,776,600.00"
30/05/2022,"39,000.00","39,250.00","38,600.00","39,250.00",,,"1,546,400.00"
27/05/2022,"38,700.00","39,000.00","38,500.00","39,000.00",,,"1,575,800.00"
26/05/2022,"38,850.00","38,850.00","38,400.00","38,850.00",,,"2,076,700.00"
25/05/2022,"38,800.00","39,050.00","38,350.00","38,850.00",,,"1,360,400.00"
24/05/2022,"38,500.00","38,800.00","38,200.00","38,800.00",,,"1,568,300.00"
23/05/2022,"38,800.00","38,850.00","38,100.00","38,700.00",,,"2,664,747.00"
20/05/2022,"38,950.00","38,950.00","38,250.00","38,900.00",,,"2,331,100.00"
19/05/2022,"38,200.00","39,500.00","38,100.00","38,950.00",,,"2,650,300.00"
18/05/2022,"39,000.00","39,000.00","38,000.00","39,000.00",,,"3,178,500.00"
17/05/2022,"38,000.00","39,000.00","37,600.00","39,000.00",,,"2,315,400.00"
16/05/2022,"39,500.00","39,500.00","38,100.00","38,500.00",,,"2,544,100.00"
13/05/2022,"39,500.00","39,500.00","38,600.00","39,000.00",,,"3,394,600.00"
12/05/2022,"40,000.00","40,000.00","38,550.00","39,500.00",,,"2,474,100.00"
11/05/2022,"40,100.00","40,250.00","39,350.00","40,250.00",,,"1,983,600.00"
10/05/2022,"39,450.00","40,200.00","39,050.00","40,200.00",,,"3,157,900.00"
09/05/2022,"39,350.00","39,600.00","38,950.00","39,550.00",,,"2,428,900.00"
06/05/2022,"39,250.00","40,000.00","39,000.00","39,900.00",,,"2,652,000.00"
05/05/2022,"39,800.00","40,000.00","39,250.00","40,000.00",,,"1,858,600.00"
04/05/2022,"39,800.00","40,000.00","38,850.00","39,850.00",,,"1,466,000.00"
29/04/2022,"38,750.00","40,000.00","38,300.00","40,000.00",,,"2,172,900.00"
28/04/2022,"39,000.00","39,100.00","38,150.00","38,950.00",,,"1,386,100.00"
27/04/2022,"38,750.00","39,000.00","37,500.00","39,000.00",,,"3,128,500.00"
26/04/2022,"36,750.00","39,250.00","36,750.00","39,000.00",,,"3,661,700.00"
25/04/2022,"38,900.00","39,600.00","36,350.00","38,100.00",,,"2,738,000.00"
22/04/2022,"38,850.00","39,500.00","38,800.00","38,850.00",,,"1,897,300.00"
21/04/2022,"39,500.00","39,750.00","38,750.00","38,750.00",,,"2,684,300.00"
20/04/2022,"39,000.00","39,900.00","39,000.00","39,650.00",,,"1,776,400.00"
19/04/2022,"39,300.00","39,900.00","38,900.00","39,400.00",,,"2,467,280.00"
18/04/2022,"40,000.00","40,050.00","39,050.00","39,750.00",,,"3,059,700.00"
15/04/2022,"40,750.00","40,900.00","40,300.00","40,350.00",,,"1,678,400.00"
14/04/2022,"40,800.00","41,100.00","40,550.00","40,850.00",,,"1,848,700.00"
13/04/2022,"40,500.00","41,150.00","40,350.00","41,100.00",,,"3,296,300.00"
12/04/2022,"40,700.00","40,700.00","40,150.00","40,650.00",,,"2,356,500.00"
08/04/2022,"40,000.00","41,200.00","40,000.00","40,850.00",,,"5,391,024.00"
07/04/2022,"40,100.00","40,150.00","38,800.00","39,750.00",,,"3,764,800.00"
06/04/2022,"40,250.00","41,150.00","39,750.00","40,250.00",,,"5,679,100.00"
05/04/2022,"41,250.00","41,550.00","40,850.00","41,150.00",,,"3,676,100.00"
04/04/2022,"41,250.00","41,400.00","40,750.00","41,350.00",,,"2,810,500.00"
01/04/2022,"40,700.00","41,250.00","40,450.00","41,050.00",,,"2,609,900.00"
31/03/2022,"40,550.00","41,150.00","40,500.00","40,600.00",,,"1,557,000.00"
30/03/2022,"41,250.00","41,350.00","40,200.00","40,550.00",,,"3,088,400.00"
29/03/2022,"40,000.00","40,900.00","39,900.00","40,400.00",,,"2,898,300.00"
28/03/2022,"39,950.00","40,600.00","39,850.00","40,250.00",,,"2,524,900.00"
25/03/2022,"40,300.00","40,500.00","39,850.00","40,500.00",,,"2,193,500.00"
24/03/2022,"40,700.00","40,700.00","40,200.00","40,500.00",,,"2,565,200.00"
23/03/2022,"41,050.00","41,200.00","40,700.00","40,700.00",,,"16,888,009.00"
22/03/2022,"40,500.00","41,200.00","40,500.00","41,100.00",,,"3,631,800.00"
21/03/2022,"39,400.00","40,500.00","39,150.00","40,500.00",,,"3,755,300.00"
,,,,,,,
,,,,,,,
SIMPLIZE,,,,,,,
"Số 5 ngõ 316 Lê Trọng Tấn, Phường Khương Mai, Quận Thanh Xuân, TP.Hà Nội
",,,,,,,
Website: simplize.vn,,,,,,,
Email: info@simplize.vn,,,,,,,
Tel: (+84) 38 840 8668,,,,,,,
