Tên công ty,Ngân hàng Thương mại Cổ phần Đầu tư và Phát triển Việt Nam,,,,,,
Tên báo cáo,Lịch sử giá,,,,,,
Ngày tải,24/03/2026,,,,,,
,,,,,,,
NGÀY,GIÁ MỞ CỬA,GIÁ CAO NHẤT,GIÁ THẤP NHẤT,GIÁ ĐÓNG CỬA,THAY ĐỔI GIÁ,% THAY ĐỔI,KHỐI LƯỢNG
24/03/2026,"39,300.00","39,600.00","38,800.00","38,950.00",500.00,0.01,"4,191,200.00"
23/03/2026,"39,400.00","39,450.00","38,100.00","38,450.00","-1,300.00",-0.03,"10,634,100.00"
20/03/2026,"40,650.00","41,100.00","39,600.00","39,750.00",-900.00,-0.02,"10,147,300.00"
19/03/2026,"40,900.00","41,100.00","40,100.00","40,650.00",-650.00,-0.02,"6,392,700.00"
18/03/2026,"41,100.00","43,000.00","41,000.00","41,300.00",850.00,0.02,"14,609,300.00"
17/03/2026,"40,800.00","41,300.00","40,350.00","40,450.00",150.00,0.00,"6,922,000.00"
16/03/2026,"40,500.00","41,200.00","40,000.00","40,300.00",-350.00,-0.01,"5,174,500.00"
13/03/2026,"40,600.00","41,250.00","39,950.00","40,650.00",-100.00,0.00,"7,923,500.00"
12/03/2026,"41,800.00","41,900.00","40,650.00","40,750.00",-950.00,-0.02,"6,452,900.00"
11/03/2026,"41,300.00","42,350.00","41,300.00","41,700.00",-100.00,0.00,"6,154,500.00"
10/03/2026,"41,500.00","42,800.00","39,500.00","41,800.00","1,250.00",0.03,"14,055,500.00"
09/03/2026,"40,550.00","41,000.00","40,550.00","40,550.00","-3,000.00",-0.07,"6,134,800.00"
06/03/2026,"44,000.00","45,000.00","43,000.00","43,550.00",-850.00,-0.02,"5,423,100.00"
05/03/2026,"46,100.00","46,100.00","44,400.00","44,400.00","-1,200.00",-0.03,"6,063,200.00"
04/03/2026,"43,400.00","45,600.00","43,400.00","45,600.00","2,050.00",0.05,"10,734,400.00"
03/03/2026,"45,100.00","45,900.00","43,500.00","43,550.00","-1,650.00",-0.04,"15,198,300.00"
02/03/2026,"46,050.00","47,400.00","45,200.00","45,200.00","-2,700.00",-0.06,"11,738,000.00"
27/02/2026,"48,450.00","49,100.00","47,500.00","47,900.00",-550.00,-0.01,"6,519,700.00"
26/02/2026,"48,550.00","48,900.00","47,750.00","48,450.00",-50.00,0.00,"4,690,300.00"
25/02/2026,"48,950.00","49,950.00","48,500.00","48,500.00",-250.00,-0.01,"8,375,400.00"
24/02/2026,"49,450.00","49,450.00","48,450.00","48,750.00",-350.00,-0.01,"5,739,400.00"
23/02/2026,"47,600.00","49,700.00","47,150.00","49,100.00","2,200.00",0.05,"7,557,400.00"
13/02/2026,"47,550.00","47,700.00","46,800.00","46,900.00",-650.00,-0.01,"6,762,700.00"
12/02/2026,"48,300.00","48,500.00","47,350.00","47,550.00",-950.00,-0.02,"4,806,600.00"
11/02/2026,"46,550.00","48,750.00","46,100.00","48,500.00","1,400.00",0.03,"8,738,800.00"
10/02/2026,"50,200.00","50,500.00","47,100.00","47,100.00","-3,500.00",-0.07,"22,973,600.00"
09/02/2026,"51,800.00","51,800.00","50,600.00","50,600.00",-800.00,-0.02,"3,595,300.00"
06/02/2026,"50,700.00","52,300.00","50,700.00","51,400.00",-100.00,0.00,"9,885,700.00"
05/02/2026,"53,000.00","53,300.00","51,500.00","51,500.00","-1,500.00",-0.03,"9,817,200.00"
04/02/2026,"54,000.00","54,400.00","52,600.00","53,000.00","-1,100.00",-0.02,"9,645,300.00"
03/02/2026,"55,700.00","56,500.00","54,000.00","54,100.00",-900.00,-0.02,"11,573,700.00"
02/02/2026,"53,800.00","55,200.00","52,100.00","55,000.00","1,100.00",0.02,"11,934,200.00"
30/01/2026,"52,300.00","54,500.00","51,900.00","53,900.00","2,000.00",0.04,"13,696,100.00"
29/01/2026,"51,800.00","52,800.00","51,000.00","51,900.00",0.00,0.00,"7,082,200.00"
28/01/2026,"53,400.00","55,900.00","51,400.00","51,900.00",-700.00,-0.01,"17,897,800.00"
27/01/2026,"52,500.00","52,800.00","49,500.00","52,600.00",100.00,0.00,"12,478,800.00"
26/01/2026,"51,000.00","52,600.00","50,800.00","52,500.00","1,700.00",0.03,"11,947,600.00"
23/01/2026,"51,800.00","52,800.00","50,700.00","50,800.00","-1,200.00",-0.02,"10,080,300.00"
22/01/2026,"53,500.00","56,600.00","51,600.00","52,000.00","-1,000.00",-0.02,"18,089,900.00"
21/01/2026,"52,600.00","53,900.00","51,100.00","53,000.00",-200.00,0.00,"11,935,000.00"
20/01/2026,"52,900.00","55,300.00","52,200.00","53,200.00","1,200.00",0.02,"15,547,500.00"
19/01/2026,"51,100.00","52,600.00","50,500.00","52,000.00",900.00,0.02,"9,409,600.00"
16/01/2026,"51,000.00","54,200.00","50,400.00","51,100.00",400.00,0.01,"13,973,800.00"
15/01/2026,"52,600.00","54,000.00","50,700.00","50,700.00","-3,800.00",-0.07,"26,455,700.00"
14/01/2026,"50,800.00","54,500.00","50,200.00","54,500.00","3,500.00",0.07,"17,646,800.00"
13/01/2026,"49,350.00","51,600.00","48,600.00","51,000.00","1,750.00",0.04,"21,869,900.00"
12/01/2026,"47,900.00","49,250.00","47,000.00","49,250.00","3,200.00",0.07,"7,783,600.00"
09/01/2026,"43,800.00","46,050.00","43,700.00","46,050.00","3,000.00",0.07,"22,918,600.00"
08/01/2026,"41,300.00","43,800.00","40,900.00","43,050.00","2,100.00",0.05,"27,506,700.00"
07/01/2026,"39,500.00","41,400.00","39,500.00","40,950.00","2,050.00",0.05,"13,409,700.00"
06/01/2026,"38,300.00","38,900.00","37,800.00","38,900.00",450.00,0.01,"4,854,900.00"
05/01/2026,"38,850.00","38,900.00","37,900.00","38,450.00",-450.00,-0.01,"3,885,400.00"
31/12/2025,"39,500.00","39,550.00","38,900.00","38,900.00",-500.00,-0.01,"1,630,700.00"
30/12/2025,"38,800.00","39,850.00","38,650.00","39,400.00",600.00,0.02,"5,379,000.00"
29/12/2025,"38,800.00","38,900.00","38,600.00","38,800.00",0.00,0.00,"1,644,300.00"
26/12/2025,"38,450.00","38,800.00","38,000.00","38,800.00",0.00,0.00,"2,657,200.00"
25/12/2025,"38,400.00","38,950.00","38,350.00","38,800.00",400.00,0.01,"3,728,800.00"
24/12/2025,"38,000.00","38,450.00","37,800.00","38,400.00",400.00,0.01,"1,986,000.00"
23/12/2025,"38,500.00","38,800.00","37,900.00","38,000.00",-400.00,-0.01,"1,919,100.00"
22/12/2025,"37,700.00","38,450.00","37,650.00","38,400.00",700.00,0.02,"2,714,700.00"
19/12/2025,"38,000.00","38,150.00","37,600.00","37,700.00",-300.00,-0.01,"2,050,700.00"
18/12/2025,"38,100.00","38,300.00","37,900.00","38,000.00",0.00,0.00,"1,238,300.00"
17/12/2025,"37,450.00","38,500.00","37,450.00","38,000.00",600.00,0.02,"4,085,100.00"
16/12/2025,"37,100.00","37,750.00","36,850.00","37,400.00",400.00,0.01,"2,060,100.00"
15/12/2025,"37,050.00","37,150.00","36,900.00","37,000.00",0.00,0.00,"1,243,400.00"
12/12/2025,"37,700.00","37,700.00","37,000.00","37,000.00",-600.00,-0.02,"1,877,500.00"
11/12/2025,"37,700.00","38,100.00","37,600.00","37,600.00",-100.00,0.00,"1,133,200.00"
10/12/2025,"37,500.00","37,900.00","37,450.00","37,700.00",250.00,0.01,"1,904,100.00"
09/12/2025,"37,500.00","37,950.00","37,100.00","37,450.00",-50.00,0.00,"3,264,300.00"
08/12/2025,"37,800.00","37,950.00","37,450.00","37,500.00",-300.00,-0.01,"1,702,006.00"
05/12/2025,"38,300.00","38,450.00","37,800.00","37,800.00",-400.00,-0.01,"1,626,100.00"
04/12/2025,"38,500.00","38,550.00","38,050.00","38,200.00",-200.00,-0.01,"2,052,100.00"
03/12/2025,"37,000.00","38,450.00","37,000.00","38,400.00","1,550.00",0.04,"4,011,709.00"
02/12/2025,"36,950.00","37,050.00","36,650.00","36,850.00",-100.00,0.00,"1,590,302.00"
01/12/2025,"37,200.00","37,300.00","36,950.00","36,950.00",-150.00,0.00,"1,458,902.00"
28/11/2025,"37,550.00","37,600.00","37,100.00","37,100.00",-450.00,-0.01,"878,607.00"
27/11/2025,"37,450.00","37,700.00","37,300.00","37,550.00",200.00,0.01,"1,071,307.00"
26/11/2025,"37,050.00","37,550.00","37,050.00","37,350.00",350.00,0.01,"1,237,305.00"
25/11/2025,"37,800.00","37,800.00","37,000.00","37,000.00",-650.00,-0.02,"1,798,109.00"
24/11/2025,"37,600.00","37,950.00","37,600.00","37,650.00",50.00,0.00,"1,091,706.00"
21/11/2025,"37,900.00","37,900.00","37,400.00","37,600.00",-350.00,-0.01,"1,247,014.00"
20/11/2025,"38,200.00","38,200.00","37,900.00","37,950.00",-150.00,0.00,"1,467,942.00"
19/11/2025,"38,300.00","38,450.00","38,100.00","38,100.00",-300.00,-0.01,"1,302,401.00"
18/11/2025,"38,500.00","38,500.00","38,250.00","38,400.00",0.00,0.00,"1,451,406.00"
17/11/2025,"38,350.00","38,550.00","38,300.00","38,400.00",50.00,0.00,"1,422,735.00"
14/11/2025,"38,200.00","38,500.00","38,200.00","38,350.00",50.00,0.00,"2,234,600.00"
13/11/2025,"38,250.00","38,450.00","38,000.00","38,300.00",50.00,0.00,"1,942,704.00"
12/11/2025,"38,200.00","38,400.00","37,800.00","38,250.00",250.00,0.01,"2,029,800.00"
11/11/2025,"37,600.00","38,150.00","37,600.00","38,000.00",600.00,0.02,"2,393,800.00"
10/11/2025,"37,500.00","38,000.00","37,300.00","37,400.00",-100.00,0.00,"2,337,400.00"
07/11/2025,"38,350.00","38,650.00","37,450.00","37,500.00","-1,000.00",-0.03,"3,220,907.00"
06/11/2025,"38,700.00","38,900.00","38,350.00","38,500.00",-150.00,0.00,"2,392,709.00"
05/11/2025,"37,600.00","38,800.00","37,600.00","38,650.00",750.00,0.02,"3,945,700.00"
04/11/2025,"37,100.00","38,000.00","36,900.00","37,900.00",800.00,0.02,"3,902,618.00"
03/11/2025,"37,600.00","37,800.00","37,100.00","37,100.00",-300.00,-0.01,"2,453,800.00"
31/10/2025,"38,000.00","38,000.00","37,400.00","37,400.00",-500.00,-0.01,"2,380,014.00"
30/10/2025,"37,950.00","38,250.00","37,600.00","37,900.00",100.00,0.00,"2,599,600.00"
29/10/2025,"37,500.00","37,900.00","37,300.00","37,800.00",700.00,0.02,"3,204,212.00"
28/10/2025,"36,600.00","37,150.00","36,600.00","37,100.00",600.00,0.02,"2,793,500.00"
27/10/2025,"36,950.00","37,200.00","36,500.00","36,500.00",-400.00,-0.01,"2,062,600.00"
24/10/2025,"37,000.00","37,100.00","36,200.00","36,900.00",0.00,0.00,"3,489,900.00"
23/10/2025,"37,000.00","37,450.00","36,850.00","36,900.00",-300.00,-0.01,"2,708,600.00"
22/10/2025,"37,500.00","37,500.00","36,500.00","37,200.00",150.00,0.00,"3,971,100.00"
21/10/2025,"36,550.00","37,500.00","36,550.00","37,050.00",550.00,0.02,"4,500,300.00"
20/10/2025,"38,950.00","39,050.00","36,500.00","36,500.00","-2,550.00",-0.07,"7,393,700.00"
17/10/2025,"39,750.00","39,800.00","39,050.00","39,050.00",-700.00,-0.02,"4,176,200.00"
16/10/2025,"39,350.00","39,750.00","39,200.00","39,750.00",400.00,0.01,"3,801,100.00"
15/10/2025,"39,700.00","40,150.00","39,350.00","39,350.00",-250.00,-0.01,"4,329,400.00"
14/10/2025,"40,600.00","40,750.00","39,600.00","39,600.00",-850.00,-0.02,"7,724,500.00"
13/10/2025,"40,548.90","40,697.25","40,301.65","40,450.00",-300.00,-0.01,"4,558,600.00"
10/10/2025,"40,450.00","41,043.40","40,450.00","40,746.70",400.00,0.01,"6,794,000.00"
09/10/2025,"40,103.85","40,499.45","39,955.50","40,351.10",350.00,0.01,"4,346,900.00"
08/10/2025,"40,450.00","40,450.00","39,807.15","40,004.95",-50.00,0.00,"4,602,600.00"
07/10/2025,"40,548.90","40,548.90","40,004.95","40,054.40",-250.00,-0.01,"2,418,400.00"
06/10/2025,"39,856.60","40,450.00","39,609.35","40,301.65",950.00,0.02,"3,058,100.00"
03/10/2025,"39,559.90","39,708.25","39,362.10","39,362.10",-300.00,-0.01,"2,515,700.00"
02/10/2025,"39,708.25","40,252.20","39,559.90","39,658.80",50.00,0.00,"2,995,400.00"
01/10/2025,"39,559.90","40,202.75","39,362.10","39,609.35",50.00,0.00,"2,219,300.00"
30/09/2025,"39,757.70","40,103.85","39,164.30","39,559.90",-300.00,-0.01,"3,683,900.00"
29/09/2025,"39,807.15","40,103.85","39,658.80","39,856.60",-250.00,-0.01,"2,110,500.00"
26/09/2025,"40,351.10","40,697.25","40,103.85","40,103.85",-350.00,-0.01,"2,295,100.00"
25/09/2025,"40,697.25","40,697.25","40,351.10","40,450.00",-300.00,-0.01,"2,009,200.00"
24/09/2025,"40,400.55","40,746.70","39,757.70","40,746.70",350.00,0.01,"4,714,500.00"
23/09/2025,"40,252.20","40,450.00","40,054.40","40,400.55",-150.00,0.00,"3,466,500.00"
22/09/2025,"39,757.70","40,548.90","39,164.30","40,548.90","1,200.00",0.03,"7,994,300.00"
19/09/2025,"40,647.80","40,746.70","39,362.10","39,362.10","-1,000.00",-0.02,"6,161,400.00"
18/09/2025,"40,548.90","40,993.95","40,103.85","40,351.10",-200.00,0.00,"4,684,500.00"
17/09/2025,"41,537.90","41,933.50","40,548.90","40,548.90","-1,050.00",-0.02,"3,700,300.00"
16/09/2025,"42,032.40","42,230.20","41,537.90","41,587.35",-150.00,0.00,"7,340,200.00"
15/09/2025,"40,598.35","41,735.70","40,598.35","41,735.70","1,250.00",0.03,"7,330,300.00"
12/09/2025,"40,351.10","40,796.15","40,351.10","40,499.45",300.00,0.01,"3,319,500.00"
11/09/2025,"40,351.10","40,351.10","39,411.55","40,202.75",-50.00,0.00,"5,782,600.00"
10/09/2025,"40,252.20","40,895.05","40,103.85","40,252.20",50.00,0.00,"5,472,700.00"
09/09/2025,"40,202.75","40,548.90","39,906.05","40,202.75",0.00,0.00,"4,248,700.00"
08/09/2025,"41,241.20","41,389.55","40,202.75","40,202.75","-1,300.00",-0.03,"9,074,900.00"
05/09/2025,"43,120.29","43,120.29","41,488.45","41,488.45","-1,450.00",-0.03,"13,561,000.00"
04/09/2025,"43,268.64","43,466.44","42,675.24","42,922.49",-100.00,0.00,"7,236,000.00"
03/09/2025,"42,625.79","43,416.99","41,587.35","43,021.39",650.00,0.02,"11,449,700.00"
29/08/2025,"42,230.20","43,120.29","42,032.40","42,378.55",350.00,0.01,"10,429,800.00"
28/08/2025,"42,576.34","42,774.14","41,785.15","42,032.40",-300.00,-0.01,"5,841,200.00"
27/08/2025,"41,686.25","44,010.39","41,389.55","42,329.10","1,000.00",0.02,"14,870,300.00"
26/08/2025,"40,548.90","41,389.55","40,103.85","41,340.10",800.00,0.02,"11,173,900.00"
25/08/2025,"43,416.99","43,416.99","40,548.90","40,548.90","-2,250.00",-0.05,"11,310,800.00"
22/08/2025,"41,933.50","44,603.79","41,488.45","42,774.14",950.00,0.02,"22,730,700.00"
21/08/2025,"40,548.90","42,131.30","40,450.00","41,834.60","1,600.00",0.04,"17,532,300.00"
20/08/2025,"40,548.90","41,389.55","39,164.30","40,252.20",-150.00,0.00,"14,543,200.00"
19/08/2025,"40,450.00","41,043.40","40,252.20","40,400.55",50.00,0.00,"9,924,300.00"
18/08/2025,"40,598.35","40,845.60","40,153.30","40,351.10",-200.00,0.00,"7,511,900.00"
15/08/2025,"42,131.30","42,131.30","40,252.20","40,548.90","-1,150.00",-0.03,"14,374,100.00"
14/08/2025,"41,142.30","42,180.75","40,697.25","41,686.25",800.00,0.02,"15,166,900.00"
13/08/2025,"41,340.10","41,340.10","39,856.60","40,895.05",-150.00,0.00,"11,836,100.00"
12/08/2025,"40,054.40","41,488.45","40,004.95","41,043.40","1,300.00",0.03,"15,506,900.00"
11/08/2025,"39,559.90","40,153.30","39,164.30","39,757.70",500.00,0.01,"11,391,300.00"
08/08/2025,"40,548.90","40,548.90","38,917.05","39,263.20",-750.00,-0.02,"16,734,500.00"
07/08/2025,"39,263.20","40,054.40","39,065.40","40,004.95",950.00,0.02,"12,283,900.00"
06/08/2025,"38,570.90","39,461.00","38,521.45","39,065.40",750.00,0.02,"7,044,500.00"
05/08/2025,"37,977.51","39,757.70","37,779.71","38,323.66",700.00,0.02,"28,565,100.00"
04/08/2025,"36,790.71","37,829.16","36,790.71","37,631.36",850.00,0.02,"4,467,900.00"
01/08/2025,"37,433.56","37,878.61","36,691.81","36,790.71",-650.00,-0.02,"7,122,300.00"
31/07/2025,"38,076.41","38,076.41","37,087.41","37,433.56",-250.00,-0.01,"6,291,400.00"
30/07/2025,"36,988.51","38,373.11","36,889.61","37,680.81",700.00,0.02,"9,670,000.00"
29/07/2025,"39,213.75","39,213.75","36,988.51","36,988.51","-2,000.00",-0.05,"15,396,400.00"
28/07/2025,"38,669.80","39,362.10","38,472.00","38,966.50",550.00,0.01,"11,422,400.00"
25/07/2025,"38,669.80","38,669.80","38,323.66","38,422.56",0.00,0.00,"6,289,500.00"
24/07/2025,"38,570.90","39,213.75","38,274.21","38,422.56",150.00,0.00,"10,953,100.00"
23/07/2025,"38,669.80","38,768.70","38,125.86","38,274.21",-200.00,-0.01,"6,983,000.00"
22/07/2025,"37,631.36","38,867.60","37,581.91","38,472.00",800.00,0.02,"10,824,300.00"
21/07/2025,"38,026.96","38,224.76","37,631.36","37,680.81",-250.00,-0.01,"6,901,500.00"
18/07/2025,"37,878.61","38,373.11","37,581.91","37,928.06",50.00,0.00,"9,035,700.00"
17/07/2025,"38,373.11","38,373.11","37,730.26","37,878.61",-100.00,0.00,"5,879,300.00"
16/07/2025,"37,483.01","37,977.51","37,433.56","37,977.51",300.00,0.01,"4,922,000.00"
15/07/2025,"38,175.31","38,323.66","37,680.81","37,680.81",-550.00,-0.01,"5,787,900.00"
14/07/2025,"38,076.41","38,917.05","37,878.61","38,224.76",350.00,0.01,"8,309,600.00"
11/07/2025,"37,829.16","38,224.76","37,730.26","37,878.61",50.00,0.00,"8,713,900.00"
10/07/2025,"38,076.41","38,274.21","37,631.36","37,829.16",50.00,0.00,"7,852,900.00"
09/07/2025,"37,235.76","38,026.96","37,087.41","37,779.71",700.00,0.02,"11,215,600.00"
08/07/2025,"36,790.71","37,087.41","36,592.91","37,087.41",300.00,0.01,"7,822,100.00"
07/07/2025,"36,246.76","36,790.71","36,246.76","36,790.71",650.00,0.02,"11,238,100.00"
04/07/2025,"36,048.96","36,296.21","35,900.61","36,147.86",250.00,0.01,"4,207,700.00"
03/07/2025,"36,098.41","36,395.11","35,752.26","35,900.61",-100.00,0.00,"6,056,200.00"
02/07/2025,"36,197.31","36,246.76","35,900.61","35,999.51",-200.00,-0.01,"3,804,400.00"
01/07/2025,"35,950.06","36,444.56","35,851.16","36,197.31",300.00,0.01,"7,013,400.00"
30/06/2025,"35,950.06","35,950.06","35,801.71","35,900.61",200.00,0.01,"4,550,000.00"
27/06/2025,"35,307.21","36,246.76","35,307.21","35,702.81",400.00,0.01,"8,298,600.00"
26/06/2025,"35,505.01","35,554.46","35,208.31","35,307.21",-150.00,0.00,"2,340,200.00"
25/06/2025,"35,653.36","35,851.16","35,455.56","35,455.56",-150.00,0.00,"3,395,300.00"
24/06/2025,"35,653.36","35,801.71","35,307.21","35,603.91",150.00,0.00,"4,416,300.00"
23/06/2025,"35,257.76","35,603.91","35,158.86","35,455.56",-150.00,0.00,"2,359,600.00"
20/06/2025,"35,406.11","35,999.51","35,406.11","35,603.91",200.00,0.01,"5,982,300.00"
19/06/2025,"35,307.21","35,505.01","35,109.41","35,406.11",150.00,0.00,"1,873,000.00"
18/06/2025,"35,505.01","35,653.36","35,208.31","35,257.76",-250.00,-0.01,"2,595,800.00"
17/06/2025,"35,603.91","35,801.71","35,455.56","35,505.01",50.00,0.00,"3,745,800.00"
16/06/2025,"35,158.86","35,505.01","35,059.96","35,455.56",300.00,0.01,"2,707,600.00"
13/06/2025,"34,664.36","35,851.16","34,614.91","35,158.86",250.00,0.01,"6,320,900.00"
12/06/2025,"34,713.81","35,010.51","34,713.81","34,911.61",250.00,0.01,"1,416,400.00"
11/06/2025,"34,911.61","35,010.51","34,614.91","34,664.36",-150.00,0.00,"1,236,800.00"
10/06/2025,"34,862.16","35,059.96","34,812.71","34,812.71",-50.00,0.00,"1,865,600.00"
09/06/2025,"34,862.16","34,961.06","34,614.91","34,862.16",0.00,0.00,"1,659,900.00"
06/06/2025,"35,109.41","35,257.76","34,812.71","34,862.16",-250.00,-0.01,"2,792,100.00"
05/06/2025,"35,505.01","35,505.01","35,059.96","35,109.41",-250.00,-0.01,"3,302,200.00"
04/06/2025,"35,603.91","35,702.81","35,257.76","35,356.66",-150.00,0.00,"3,010,300.00"
03/06/2025,"35,505.01","35,752.26","35,406.11","35,505.01",200.00,0.01,"2,729,300.00"
02/06/2025,"35,406.11","35,455.56","35,109.41","35,307.21",-300.00,-0.01,"2,796,500.00"
30/05/2025,"35,999.51","35,999.51","35,406.11","35,603.91",-450.00,-0.01,"2,334,100.00"
29/05/2025,"36,098.41","36,098.41","35,702.81","36,048.96",-50.00,0.00,"3,029,800.00"
28/05/2025,"36,543.46","36,543.46","35,653.36","36,098.41",200.00,0.01,"4,671,900.00"
27/05/2025,"35,603.91","35,999.51","35,406.11","35,900.61",450.00,0.01,"3,546,900.00"
26/05/2025,"35,455.56","35,505.01","34,614.91","35,455.56",0.00,0.00,"2,512,800.00"
23/05/2025,"35,603.91","35,603.91","35,109.41","35,455.56",-150.00,0.00,"3,338,100.00"
22/05/2025,"35,801.71","35,801.71","35,455.56","35,603.91",-200.00,-0.01,"3,481,000.00"
21/05/2025,"35,950.06","36,444.56","35,603.91","35,801.71",0.00,0.00,"3,685,900.00"
20/05/2025,"35,851.16","35,999.51","35,455.56","35,801.71",0.00,0.00,"4,650,500.00"
19/05/2025,"36,098.41","36,147.86","35,702.81","35,801.71",-400.00,-0.01,"2,742,800.00"
16/05/2025,"36,988.51","37,037.96","36,147.86","36,197.31",-800.00,-0.02,"6,251,932.00"
15/05/2025,"37,087.41","37,285.21","36,741.26","36,988.51",-50.00,0.00,"6,623,800.00"
14/05/2025,"35,554.46","37,087.41","35,505.01","37,037.96","1,650.00",0.05,"11,855,500.00"
13/05/2025,"35,059.96","35,406.11","34,911.61","35,406.11",550.00,0.02,"6,592,100.00"
12/05/2025,"34,713.81","34,911.61","34,614.91","34,862.16",150.00,0.00,"3,137,300.00"
09/05/2025,"35,158.86","35,307.21","34,713.81","34,713.81",-350.00,-0.01,"3,058,100.00"
08/05/2025,"34,516.01","35,158.86","34,318.22","35,059.96",550.00,0.02,"4,666,200.00"
07/05/2025,"34,417.11","34,516.01","34,219.32","34,516.01",-50.00,0.00,"2,129,800.00"
06/05/2025,"34,516.01","34,812.71","34,169.87","34,565.46",100.00,0.00,"2,972,100.00"
05/05/2025,"34,268.77","34,466.56","33,922.62","34,466.56",300.00,0.01,"1,834,700.00"
29/04/2025,"34,219.32","34,367.67","33,972.07","34,169.87",0.00,0.00,"2,440,200.00"
28/04/2025,"34,911.61","34,911.61","34,021.52","34,169.87",-450.00,-0.01,"4,070,200.00"
25/04/2025,"34,911.61","35,010.51","34,614.91","34,614.91",-450.00,-0.01,"2,684,500.00"
24/04/2025,"34,961.06","35,059.96","34,516.01","35,059.96",100.00,0.00,"2,778,700.00"
23/04/2025,"35,356.66","35,356.66","34,614.91","34,961.06",250.00,0.01,"1,849,600.00"
22/04/2025,"34,763.26","34,812.71","32,439.12","34,713.81",-150.00,0.00,"3,799,900.00"
21/04/2025,"35,554.46","35,603.91","34,713.81","34,862.16",-700.00,-0.02,"2,105,600.00"
18/04/2025,"35,801.71","35,851.16","35,455.56","35,554.46",100.00,0.00,"3,477,600.00"
17/04/2025,"34,812.71","35,455.56","34,565.46","35,455.56",-150.00,0.00,"3,126,800.00"
16/04/2025,"35,702.81","35,999.51","35,307.21","35,603.91",-500.00,-0.01,"2,914,600.00"
15/04/2025,"36,197.31","36,345.66","35,603.91","36,098.41",-500.00,-0.01,"2,999,100.00"
14/04/2025,"36,592.91","36,592.91","35,603.91","36,592.91",250.00,0.01,"3,547,400.00"
11/04/2025,"36,494.01","36,494.01","35,158.86","36,345.66","2,050.00",0.06,"6,947,500.00"
10/04/2025,"34,318.22","34,318.22","34,318.22","34,318.22","2,250.00",0.07,"635,800.00"
09/04/2025,"30,856.72","34,120.42","30,856.72","32,092.97","-1,050.00",-0.03,"6,519,100.00"
08/04/2025,"34,614.91","35,109.41","33,131.42","33,131.42","-2,500.00",-0.07,"5,562,300.00"
04/04/2025,"33,180.87","35,603.91","33,180.87","35,603.91",0.00,0.00,"6,883,200.00"
03/04/2025,"36,592.91","37,483.01","35,603.91","35,603.91","-2,700.00",-0.07,"7,520,100.00"
02/04/2025,"38,818.15","38,818.15","38,274.21","38,274.21",-300.00,-0.01,"3,026,000.00"
01/04/2025,"38,472.00","38,570.90","38,274.21","38,570.90",250.00,0.01,"1,367,000.00"
31/03/2025,"38,570.90","38,570.90","38,076.41","38,323.66",-350.00,-0.01,"2,899,600.00"
28/03/2025,"38,719.25","38,818.15","38,620.35","38,669.80",0.00,0.00,"1,436,400.00"
27/03/2025,"39,213.75","39,213.75","38,669.80","38,669.80",-450.00,-0.01,"1,862,400.00"
26/03/2025,"39,164.30","39,411.55","38,966.50","39,114.85",-150.00,0.00,"2,603,800.00"
25/03/2025,"38,768.70","39,263.20","38,768.70","39,263.20",600.00,0.02,"2,966,500.00"
24/03/2025,"39,015.95","39,065.40","38,570.90","38,669.80",-350.00,-0.01,"3,733,500.00"
21/03/2025,"39,164.30","39,362.10","39,015.95","39,015.95",-350.00,-0.01,"2,407,600.00"
20/03/2025,"39,114.85","39,461.00","39,114.85","39,362.10",0.00,0.00,"2,255,800.00"
19/03/2025,"39,757.70","39,757.70","39,114.85","39,362.10",-200.00,-0.01,"3,182,000.00"
18/03/2025,"40,054.40","40,153.30","39,559.90","39,559.90",-350.00,-0.01,"3,419,200.00"
17/03/2025,"39,955.50","40,103.85","39,708.25","39,906.05",-50.00,0.00,"3,319,900.00"
14/03/2025,"39,757.70","39,955.50","39,609.35","39,955.50",200.00,0.00,"2,298,100.00"
13/03/2025,"40,450.00","40,450.00","39,658.80","39,757.70",-700.00,-0.02,"5,683,300.00"
12/03/2025,"40,895.05","40,944.50","40,400.55","40,450.00",-500.00,-0.01,"3,968,100.00"
11/03/2025,"40,499.45","40,944.50","40,301.65","40,944.50",0.00,0.00,"3,352,200.00"
10/03/2025,"40,845.60","41,537.90","40,746.70","40,944.50",250.00,0.01,"4,881,700.00"
07/03/2025,"40,351.10","40,697.25","40,252.20","40,697.25",350.00,0.01,"4,622,400.00"
06/03/2025,"40,202.75","40,450.00","40,103.85","40,351.10",150.00,0.00,"2,390,500.00"
05/03/2025,"40,252.20","40,697.25","40,004.95","40,202.75",-150.00,0.00,"2,829,800.00"
04/03/2025,"40,351.10","40,450.00","39,955.50","40,351.10",-150.00,0.00,"3,340,100.00"
03/03/2025,"40,499.45","40,746.70","40,400.55","40,499.45",0.00,0.00,"1,966,100.00"
28/02/2025,"40,499.45","40,499.45","40,252.20","40,499.45",0.00,0.00,"3,051,600.00"
27/02/2025,"40,746.70","40,845.60","40,450.00","40,499.45",-250.00,-0.01,"2,552,300.00"
26/02/2025,"40,746.70","40,796.15","40,499.45","40,746.70",-50.00,0.00,"3,020,100.00"
25/02/2025,"40,697.25","40,895.05","40,548.90","40,796.15",150.00,0.00,"4,348,800.00"
24/02/2025,"40,450.00","40,944.50","40,252.20","40,647.80",200.00,0.00,"4,168,600.00"
21/02/2025,"40,400.55","40,598.35","40,202.75","40,450.00",0.00,0.00,"2,988,800.00"
20/02/2025,"40,548.90","40,598.35","40,202.75","40,450.00",50.00,0.00,"3,398,400.00"
19/02/2025,"40,054.40","40,450.00","39,955.50","40,400.55",350.00,0.01,"5,452,400.00"
18/02/2025,"39,658.80","40,202.75","39,609.35","40,054.40",300.00,0.01,"3,320,100.00"
17/02/2025,"40,202.75","40,202.75","39,708.25","39,757.70",-450.00,-0.01,"2,273,100.00"
14/02/2025,"39,906.05","40,400.55","39,708.25","40,202.75",650.00,0.02,"4,707,800.00"
13/02/2025,"39,559.90","39,807.15","39,461.00","39,559.90",0.00,0.00,"2,430,100.00"
12/02/2025,"39,906.05","40,004.95","39,461.00","39,559.90",-450.00,-0.01,"4,336,000.00"
11/02/2025,"40,054.40","40,301.65","39,658.80","40,004.95",100.00,0.00,"3,873,800.00"
10/02/2025,"40,054.40","40,746.70","39,658.80","39,906.05",-150.00,0.00,"4,596,700.00"
07/02/2025,"39,362.10","40,351.10","39,362.10","40,054.40",700.00,0.02,"8,054,000.00"
06/02/2025,"39,213.75","39,559.90","39,164.30","39,362.10",200.00,0.01,"3,976,100.00"
05/02/2025,"39,461.00","39,510.45","39,114.85","39,164.30",-50.00,0.00,"2,370,300.00"
04/02/2025,"39,065.40","39,658.80","38,719.25","39,213.75",250.00,0.01,"4,413,900.00"
03/02/2025,"39,263.20","39,461.00","38,669.80","38,966.50",-600.00,-0.02,"3,550,500.00"
24/01/2025,"39,461.00","39,559.90","39,312.65","39,559.90",100.00,0.00,"2,333,900.00"
23/01/2025,"39,065.40","39,658.80","39,015.95","39,461.00",400.00,0.01,"2,925,500.00"
22/01/2025,"39,362.10","39,362.10","39,015.95","39,065.40",-300.00,-0.01,"2,020,900.00"
21/01/2025,"39,609.35","39,609.35","39,065.40","39,362.10",-100.00,0.00,"2,339,600.00"
20/01/2025,"39,015.95","39,658.80","38,966.50","39,461.00",400.00,0.01,"2,854,300.00"
17/01/2025,"38,768.70","39,065.40","38,620.35","39,065.40",100.00,0.00,"1,572,900.00"
16/01/2025,"38,768.70","39,065.40","38,620.35","38,966.50",200.00,0.01,"1,628,500.00"
15/01/2025,"38,768.70","38,768.70","38,175.31","38,768.70",200.00,0.01,"1,485,800.00"
14/01/2025,"38,768.70","38,768.70","38,472.00","38,570.90",-300.00,-0.01,"957,600.00"
13/01/2025,"38,669.80","38,917.05","37,977.51","38,867.60",200.00,0.01,"2,461,400.00"
10/01/2025,"39,461.00","39,461.00","38,669.80","38,669.80",-850.00,-0.02,"3,114,500.00"
09/01/2025,"39,461.00","39,609.35","38,917.05","39,510.45",-400.00,-0.01,"3,699,100.00"
08/01/2025,"39,955.50","39,955.50","39,213.75","39,906.05",-50.00,0.00,"3,295,200.00"
07/01/2025,"38,669.80","40,054.40","38,620.35","39,955.50","1,600.00",0.04,"10,448,400.00"
06/01/2025,"37,878.61","38,719.25","37,779.71","38,373.11",600.00,0.02,"5,010,800.00"
03/01/2025,"37,779.71","38,175.31","37,779.71","37,779.71",0.00,0.00,"3,698,500.00"
02/01/2025,"37,779.71","38,224.76","37,483.01","37,779.71",650.00,0.02,"3,160,500.00"
31/12/2024,"38,076.41","38,323.66","37,136.86","37,136.86",-700.00,-0.02,"3,416,900.00"
30/12/2024,"38,669.80","38,719.25","37,829.16","37,829.16",-900.00,-0.02,"4,011,800.00"
27/12/2024,"38,818.15","39,065.40","38,669.80","38,719.25",150.00,0.00,"2,859,500.00"
26/12/2024,"38,521.45","38,917.05","38,373.11","38,570.90",350.00,0.01,"4,184,200.00"
25/12/2024,"37,779.71","39,362.10","37,680.81","38,224.76",550.00,0.01,"5,277,300.00"
24/12/2024,"38,274.21","38,422.56","37,631.36","37,680.81",-500.00,-0.01,"3,216,000.00"
23/12/2024,"38,472.00","38,570.90","38,076.41","38,175.31",200.00,0.01,"2,895,400.00"
20/12/2024,"38,006.93","38,170.40","37,884.33","37,966.06",0.00,0.00,"2,993,400.00"
19/12/2024,"38,129.53","38,211.27","37,925.20","37,966.06",-400.00,-0.01,"2,726,000.00"
18/12/2024,"38,293.00","38,415.61","38,170.40","38,293.00",250.00,0.01,"1,661,100.00"
17/12/2024,"38,415.61","38,538.21","38,088.67","38,088.67",-150.00,0.00,"2,248,800.00"
16/12/2024,"38,415.61","38,619.95","38,170.40","38,211.27",350.00,0.01,"3,247,200.00"
13/12/2024,"38,047.80","38,252.14","37,925.20","37,925.20",-200.00,0.00,"1,382,900.00"
12/12/2024,"38,170.40","38,538.21","38,088.67","38,088.67",0.00,0.00,"1,935,300.00"
11/12/2024,"38,374.74","38,415.61","38,006.93","38,088.67",-150.00,0.00,"1,286,600.00"
10/12/2024,"38,252.14","38,701.68","38,211.27","38,211.27",50.00,0.00,"1,943,300.00"
09/12/2024,"38,129.53","38,415.61","38,088.67","38,170.40",100.00,0.00,"1,717,700.00"
06/12/2024,"37,925.20","38,374.74","37,925.20","38,088.67",600.00,0.01,"2,497,200.00"
05/12/2024,"37,026.11","38,252.14","37,026.11","37,598.25",850.00,0.02,"2,427,400.00"
04/12/2024,"37,679.99","37,720.86","36,903.50","36,903.50",-900.00,-0.02,"2,399,100.00"
03/12/2024,"38,006.93","38,006.93","37,639.12","37,639.12",-450.00,-0.01,"1,400,100.00"
02/12/2024,"38,333.87","38,497.34","38,006.93","38,006.93",-250.00,-0.01,"1,314,100.00"
29/11/2024,"37,679.99","38,211.27","37,475.65","38,211.27",650.00,0.01,"1,443,200.00"
28/11/2024,"38,006.93","38,047.80","37,679.99","37,679.99",-250.00,-0.01,"1,284,700.00"
27/11/2024,"37,802.59","37,966.06","37,639.12","37,884.33",100.00,0.00,"1,214,900.00"
26/11/2024,"37,189.58","37,802.59","37,189.58","37,802.59",700.00,0.02,"1,839,300.00"
25/11/2024,"37,353.05","37,434.78","37,189.58","37,230.45",-150.00,0.00,"1,110,400.00"
22/11/2024,"37,434.78","37,434.78","36,985.24","37,353.05",350.00,0.01,"1,874,700.00"
21/11/2024,"36,862.64","37,312.18","36,862.64","37,066.97",350.00,0.01,"1,472,400.00"
20/11/2024,"36,535.69","37,475.65","36,372.22","36,780.90",400.00,0.01,"2,188,800.00"
19/11/2024,"36,944.37","36,944.37","36,453.96","36,453.96",150.00,0.00,"1,457,400.00"
18/11/2024,"36,494.83","37,271.31","36,331.36","36,331.36",-250.00,-0.01,"1,914,300.00"
15/11/2024,"37,271.31","37,271.31","36,535.69","36,535.69",-800.00,-0.02,"2,255,800.00"
14/11/2024,"37,802.59","37,802.59","37,189.58","37,189.58",-650.00,-0.01,"1,998,500.00"
13/11/2024,"37,843.46","38,006.93","37,475.65","37,720.86",-150.00,0.00,"1,816,400.00"
12/11/2024,"38,006.93","38,293.00","37,843.46","37,843.46",-200.00,0.00,"1,686,200.00"
11/11/2024,"38,742.55","38,824.28","37,925.20","38,006.93",-900.00,-0.02,"2,751,300.00"
08/11/2024,"38,987.75","39,151.23","38,415.61","38,742.55",-200.00,0.00,"2,648,700.00"
07/11/2024,"39,559.90","39,559.90","38,906.02","38,906.02",-450.00,-0.01,"1,263,600.00"
06/11/2024,"38,906.02","39,355.56","38,906.02","39,273.83",650.00,0.01,"1,082,600.00"
05/11/2024,"38,987.75","39,151.23","38,701.68","38,742.55",-300.00,-0.01,"1,526,000.00"
04/11/2024,"39,028.62","39,396.43","38,865.15","38,987.75",-50.00,0.00,"1,337,100.00"
01/11/2024,"39,232.96","39,314.70","38,865.15","39,028.62",0.00,0.00,"1,543,202.00"
31/10/2024,"39,232.96","39,600.77","38,946.89","39,028.62",50.00,0.00,"1,792,200.00"
30/10/2024,"38,946.89","39,396.43","38,946.89","38,987.75",150.00,0.00,"1,415,800.00"
29/10/2024,"38,987.75","39,600.77","38,824.28","38,865.15",50.00,0.00,"2,176,400.00"
28/10/2024,"38,824.28","39,028.62","38,660.81","38,824.28",0.00,0.00,"2,226,200.00"
25/10/2024,"39,273.83","39,478.17","38,824.28","38,824.28",-500.00,-0.01,"1,696,500.00"
24/10/2024,"39,314.70","39,927.71","39,232.96","39,232.96",-400.00,-0.01,"1,740,200.00"
23/10/2024,"39,845.98","39,845.98","39,232.96","39,559.90",-350.00,-0.01,"2,397,200.00"
22/10/2024,"40,622.46","40,622.46","39,805.11","39,845.98",-900.00,-0.02,"3,371,900.00"
21/10/2024,"40,867.67","41,031.14","40,581.59","40,581.59",-650.00,-0.01,"2,125,200.00"
18/10/2024,"41,439.81","41,685.02","41,112.87","41,112.87",0.00,0.00,"3,395,116.00"
17/10/2024,"41,031.14","41,112.87","40,499.86","41,112.87",450.00,0.01,"2,118,918.00"
16/10/2024,"40,867.67","41,276.34","40,704.20","40,745.06",-150.00,0.00,"1,791,000.00"
15/10/2024,"40,458.99","41,685.02","40,458.99","40,867.67",600.00,0.01,"6,928,429.00"
14/10/2024,"40,458.99","40,663.33","40,377.26","40,377.26",0.00,0.00,"1,161,900.00"
11/10/2024,"40,745.06","40,745.06","40,295.52","40,377.26",-350.00,-0.01,"1,539,824.00"
10/10/2024,"40,826.80","40,826.80","40,377.26","40,663.33",300.00,0.01,"2,650,441.00"
09/10/2024,"40,213.78","40,540.73","39,886.84","40,418.12",550.00,0.01,"2,190,961.00"
08/10/2024,"40,091.18","40,336.39","39,886.84","39,968.58",-150.00,0.00,"2,070,134.00"
07/10/2024,"40,458.99","40,458.99","40,050.31","40,091.18",-150.00,0.00,"1,492,500.00"
04/10/2024,"40,458.99","40,540.73","40,172.92","40,213.78",-300.00,-0.01,"2,164,800.00"
03/10/2024,"40,704.20","41,521.55","40,458.99","40,458.99",-300.00,-0.01,"3,503,800.00"
02/10/2024,"40,622.46","41,031.14","40,540.73","40,704.20",100.00,0.00,"1,835,200.00"
01/10/2024,"40,622.46","41,439.81","40,622.46","40,622.46",0.00,0.00,"2,817,700.00"
30/09/2024,"40,949.40","41,031.14","40,540.73","40,622.46",-400.00,-0.01,"2,190,627.00"
27/09/2024,"41,112.87","42,257.17","40,867.67","40,949.40",100.00,0.00,"3,204,000.00"
26/09/2024,"41,112.87","41,521.55","40,745.06","40,867.67",0.00,0.00,"4,232,630.00"
25/09/2024,"40,622.46","41,194.61","40,336.39","40,867.67",750.00,0.02,"5,257,946.00"
24/09/2024,"40,009.45","40,254.65","39,641.64","40,254.65",550.00,0.01,"1,414,206.00"
23/09/2024,"40,091.18","40,377.26","39,805.11","39,805.11",-350.00,-0.01,"1,217,700.00"
20/09/2024,"40,458.99","40,785.93","40,091.18","40,091.18",-200.00,0.00,"3,327,218.00"
19/09/2024,"40,213.78","40,377.26","39,886.84","40,254.65",200.00,0.00,"1,356,117.00"
18/09/2024,"39,886.84","40,418.12","39,641.64","40,091.18",350.00,0.01,"1,836,347.00"
17/09/2024,"39,069.49","39,805.11","38,824.28","39,805.11",950.00,0.02,"2,038,305.00"
16/09/2024,"39,396.43","39,723.37","39,028.62","39,028.62",-450.00,-0.01,"1,570,700.00"
13/09/2024,"39,396.43","39,682.51","39,396.43","39,396.43",-150.00,0.00,"747,405.00"
12/09/2024,"39,641.64","39,805.11","39,519.03","39,519.03",50.00,0.00,"1,105,246.00"
11/09/2024,"39,600.77","39,764.24","39,232.96","39,478.17",-200.00,0.00,"1,405,844.00"
10/09/2024,"40,295.52","40,295.52","39,600.77","39,641.64",-550.00,-0.01,"2,399,926.00"
09/09/2024,"40,213.78","40,499.86","39,968.58","40,091.18",-250.00,-0.01,"1,202,400.00"
06/09/2024,"39,805.11","40,458.99","39,764.24","40,295.52",600.00,0.01,"2,361,500.00"
05/09/2024,"39,845.98","40,458.99","39,723.37","39,805.11",-250.00,-0.01,"1,899,138.00"
04/09/2024,"39,641.64","40,418.12","39,355.56","40,009.45",50.00,0.00,"1,971,050.00"
30/08/2024,"40,499.86","40,622.46","39,968.58","39,968.58",-400.00,-0.01,"1,798,000.00"
29/08/2024,"40,295.52","41,358.08","40,295.52","40,295.52",-300.00,-0.01,"1,686,131.00"
28/08/2024,"40,540.73","41,112.87","40,458.99","40,540.73",0.00,0.00,"1,206,113.00"
27/08/2024,"41,112.87","41,112.87","40,132.05","40,540.73",-600.00,-0.01,"4,209,847.00"
26/08/2024,"41,521.55","41,603.29","40,949.40","41,031.14",-300.00,-0.01,"2,276,536.00"
23/08/2024,"41,031.14","41,521.55","40,949.40","41,276.34",200.00,0.00,"2,273,263.00"
22/08/2024,"41,685.02","41,930.23","40,785.93","41,112.87",-300.00,-0.01,"2,738,039.00"
21/08/2024,"40,418.12","41,521.55","40,091.18","41,358.08","1,450.00",0.03,"6,670,948.00"
20/08/2024,"39,478.17","40,213.78","39,355.56","40,172.92","1,250.00",0.03,"4,428,439.00"
19/08/2024,"39,069.49","39,641.64","38,906.02","39,151.23",400.00,0.01,"2,107,237.00"
16/08/2024,"38,211.27","39,273.83","38,211.27","38,824.28",850.00,0.02,"2,382,246.00"
15/08/2024,"38,456.48","38,783.42","38,129.53","38,129.53",-400.00,-0.01,"1,004,349.00"
14/08/2024,"38,252.14","39,028.62","38,252.14","38,456.48",400.00,0.01,"1,703,835.00"
13/08/2024,"38,415.61","38,538.21","38,006.93","38,129.53",-150.00,0.00,"1,015,400.00"
12/08/2024,"38,170.40","38,701.68","38,006.93","38,252.14",100.00,0.00,"1,358,400.00"
09/08/2024,"38,415.61","38,415.61","37,884.33","38,170.40",700.00,0.02,"1,050,910.00"
08/08/2024,"38,006.93","38,252.14","37,353.05","37,598.25",-400.00,-0.01,"1,424,000.00"
07/08/2024,"38,742.55","38,742.55","37,598.25","37,925.20",-350.00,-0.01,"2,145,000.00"
06/08/2024,"37,925.20","38,946.89","37,475.65","38,211.27",650.00,0.01,"1,806,100.00"
05/08/2024,"38,333.87","38,579.08","36,780.90","37,679.99","-1,650.00",-0.03,"2,723,100.00"
02/08/2024,"38,006.93","39,028.62","38,006.93","39,028.62",950.00,0.02,"1,968,800.00"
01/08/2024,"39,151.23","39,968.58","38,252.14","38,252.14",-800.00,-0.02,"3,825,500.00"
31/07/2024,"38,415.61","39,559.90","38,333.87","38,906.02",800.00,0.02,"3,161,200.00"
30/07/2024,"38,701.68","38,701.68","38,006.93","38,252.14",-300.00,-0.01,"2,282,100.00"
29/07/2024,"37,884.33","38,619.95","37,884.33","38,497.34",850.00,0.02,"1,045,400.00"
26/07/2024,"37,843.46","38,047.80","37,475.65","37,802.59",250.00,0.01,"2,786,300.00"
25/07/2024,"37,966.06","37,966.06","37,189.58","37,598.25",-100.00,0.00,"1,465,000.00"
24/07/2024,"36,780.90","38,293.00","36,780.90","37,679.99",100.00,0.00,"4,026,000.00"
23/07/2024,"39,069.49","39,437.30","36,372.22","37,598.25","-1,700.00",-0.04,"3,359,700.00"
22/07/2024,"38,987.75","39,805.11","38,579.08","38,987.75",0.00,0.00,"3,438,100.00"
19/07/2024,"39,886.84","40,050.31","38,824.28","38,987.75",-800.00,-0.02,"3,082,727.00"
18/07/2024,"39,723.37","40,295.52","39,110.36","39,641.64",500.00,0.01,"3,362,916.00"
17/07/2024,"39,151.23","40,867.67","38,865.15","39,232.96",850.00,0.02,"9,890,194.00"
16/07/2024,"38,252.14","39,478.17","38,006.93","38,538.21",600.00,0.01,"4,079,931.00"
15/07/2024,"38,415.61","38,456.48","37,843.46","38,047.80",-50.00,0.00,"3,520,520.00"
12/07/2024,"38,333.87","38,579.08","37,802.59","38,088.67",-200.00,0.00,"1,435,711.00"
11/07/2024,"38,783.42","38,783.42","38,252.14","38,252.14",-100.00,0.00,"1,293,905.00"
10/07/2024,"39,110.36","39,151.23","38,333.87","38,333.87",-600.00,-0.01,"2,020,055.00"
09/07/2024,"38,824.28","39,232.96","38,333.87","38,824.28",500.00,0.01,"2,572,521.00"
08/07/2024,"38,865.15","39,069.49","38,211.27","38,415.61",-300.00,-0.01,"1,981,844.00"
05/07/2024,"38,701.68","39,396.43","38,497.34","38,660.81",0.00,0.00,"4,622,360.00"
04/07/2024,"38,415.61","38,742.55","38,252.14","38,660.81",100.00,0.00,"2,666,271.00"
03/07/2024,"37,598.25","38,579.08","37,230.45","38,579.08","1,450.00",0.03,"4,601,980.00"
02/07/2024,"36,167.89","37,434.78","36,004.42","37,393.92","1,850.00",0.04,"3,612,680.00"
01/07/2024,"35,391.40","35,881.81","35,146.19","35,881.81",650.00,0.02,"1,236,947.00"
28/06/2024,"36,045.28","36,453.96","35,350.53","35,350.53",-850.00,-0.02,"2,120,533.00"
27/06/2024,"36,535.69","36,780.90","36,045.28","36,045.28",-400.00,-0.01,"1,573,796.00"
26/06/2024,"36,167.89","36,617.43","35,963.55","36,372.22",300.00,0.01,"1,689,959.00"
25/06/2024,"37,107.84","37,353.05","35,595.74","36,127.02",-800.00,-0.02,"2,891,269.00"
24/06/2024,"37,598.25","37,884.33","36,780.90","36,780.90",-600.00,-0.01,"1,951,137.00"
21/06/2024,"37,271.31","37,966.06","37,230.45","37,271.31",100.00,0.00,"1,540,292.00"
20/06/2024,"37,598.25","37,761.72","37,066.97","37,189.58",-600.00,-0.01,"2,671,363.00"
19/06/2024,"38,252.14","38,252.14","37,475.65","37,679.99",-400.00,-0.01,"2,599,697.00"
18/06/2024,"38,170.40","38,456.48","38,006.93","38,006.93",0.00,0.00,"1,468,000.00"
17/06/2024,"38,824.28","38,824.28","38,006.93","38,006.93","-1,000.00",-0.02,"2,812,800.00"
14/06/2024,"39,559.90","39,845.98","38,824.28","38,824.28",-850.00,-0.02,"2,240,900.00"
13/06/2024,"39,519.03","39,519.03","39,151.23","39,519.03",450.00,0.01,"2,615,400.00"
12/06/2024,"38,906.02","39,192.09","38,415.61","39,151.23",550.00,0.01,"2,649,200.00"
11/06/2024,"39,069.49","39,110.36","38,579.08","38,701.68",-300.00,-0.01,"2,535,681.00"
10/06/2024,"39,110.36","39,682.51","38,865.15","38,946.89",-100.00,0.00,"2,062,905.00"
07/06/2024,"39,314.70","39,478.17","38,987.75","39,028.62",-150.00,0.00,"1,233,560.00"
06/06/2024,"38,987.75","39,314.70","38,987.75","39,151.23",250.00,0.01,"1,413,175.00"
05/06/2024,"39,151.23","39,396.43","38,946.89","38,946.89",50.00,0.00,"2,099,558.00"
04/06/2024,"39,110.36","39,396.43","38,865.15","38,906.02",300.00,0.01,"1,112,975.00"
03/06/2024,"39,151.23","39,600.77","38,579.08","38,660.81",200.00,0.00,"2,095,305.00"
31/05/2024,"38,987.75","39,478.17","38,497.34","38,497.34",-600.00,-0.01,"1,968,066.00"
30/05/2024,"39,559.90","39,641.64","38,742.55","38,987.75",-900.00,-0.02,"2,092,022.00"
29/05/2024,"40,418.12","40,418.12","39,723.37","39,723.37",-500.00,-0.01,"1,389,049.00"
28/05/2024,"40,050.31","40,213.78","39,723.37","40,132.05",200.00,0.00,"1,230,902.00"
27/05/2024,"40,377.26","40,377.26","39,682.51","39,968.58",-300.00,-0.01,"763,312.00"
24/05/2024,"40,540.73","41,358.08","39,641.64","40,213.78",-300.00,-0.01,"2,444,810.00"
23/05/2024,"40,704.20","41,031.14","40,377.26","40,458.99",-300.00,-0.01,"1,789,006.00"
22/05/2024,"41,276.34","41,848.49","40,663.33","40,704.20",-200.00,0.00,"2,428,018.00"
21/05/2024,"40,867.67","41,112.87","40,377.26","40,867.67",400.00,0.01,"1,794,799.00"
20/05/2024,"40,540.73","41,439.81","40,458.99","40,540.73",250.00,0.01,"2,192,039.00"
17/05/2024,"40,581.59","40,622.46","40,213.78","40,336.39",-250.00,-0.01,"1,518,384.00"
16/05/2024,"40,172.92","41,112.87","40,091.18","40,540.73","1,000.00",0.02,"3,447,319.00"
15/05/2024,"39,600.77","40,009.45","39,519.03","39,723.37",500.00,0.01,"1,393,028.00"
14/05/2024,"39,886.84","40,213.78","39,273.83","39,314.70",-500.00,-0.01,"1,948,394.00"
13/05/2024,"40,213.78","40,458.99","39,641.64","39,723.37",-450.00,-0.01,"1,663,829.00"
10/05/2024,"40,540.73","40,663.33","40,009.45","40,091.18",-450.00,-0.01,"827,739.00"
09/05/2024,"41,112.87","41,112.87","40,458.99","40,458.99",-300.00,-0.01,"970,601.00"
08/05/2024,"40,949.40","41,521.55","40,704.20","40,704.20",-200.00,0.00,"1,057,600.00"
07/05/2024,"41,358.08","41,685.02","40,867.67","40,867.67",-500.00,-0.01,"1,069,500.00"
06/05/2024,"40,295.52","41,276.34","40,295.52","41,276.34","1,300.00",0.03,"1,192,000.00"
03/05/2024,"40,581.59","40,785.93","40,050.31","40,213.78",0.00,0.00,"700,800.00"
02/05/2024,"40,295.52","40,622.46","39,927.71","40,213.78",0.00,0.00,"1,716,600.00"
26/04/2024,"40,540.73","40,949.40","40,132.05","40,213.78",-400.00,-0.01,"774,500.00"
25/04/2024,"40,663.33","41,112.87","40,295.52","40,540.73",-400.00,-0.01,"1,053,600.00"
24/04/2024,"40,418.12","41,194.61","40,336.39","40,867.67",600.00,0.01,"1,652,800.00"
23/04/2024,"40,213.78","41,276.34","39,641.64","40,377.26",-700.00,-0.01,"3,043,300.00"
22/04/2024,"39,886.84","40,949.40","39,886.84","40,949.40","1,750.00",0.04,"1,298,900.00"
19/04/2024,"39,151.23","40,458.99","38,497.34","39,519.03",250.00,0.01,"2,170,000.00"
17/04/2024,"41,603.29","41,685.02","39,232.96","39,314.70","-2,200.00",-0.04,"1,973,200.00"
16/04/2024,"40,622.46","41,848.49","40,418.12","41,112.87",600.00,0.01,"2,349,900.00"
15/04/2024,"43,564.93","44,545.76","40,622.46","40,622.46","-3,700.00",-0.07,"2,541,500.00"
12/04/2024,"43,319.73","44,545.76","43,156.26","43,646.67",400.00,0.01,"3,374,100.00"
11/04/2024,"42,093.70","43,646.67","41,930.23","43,319.73","1,000.00",0.02,"2,276,400.00"
10/04/2024,"43,156.26","43,156.26","42,420.64","42,502.37",-700.00,-0.01,"1,238,200.00"
09/04/2024,"41,766.76","43,074.52","41,521.55","43,074.52","1,900.00",0.04,"2,201,000.00"
08/04/2024,"41,031.14","42,175.43","40,867.67","41,521.55",600.00,0.01,"1,454,800.00"
05/04/2024,"41,603.29","41,603.29","41,031.14","41,031.14",-800.00,-0.02,"1,758,300.00"
04/04/2024,"42,338.90","42,338.90","41,685.02","41,685.02",0.00,0.00,"1,093,500.00"
03/04/2024,"42,502.37","42,747.58","41,685.02","41,685.02",-900.00,-0.02,"1,850,300.00"
02/04/2024,"42,420.64","42,829.32","42,093.70","42,420.64",-200.00,0.00,"1,576,300.00"
01/04/2024,"42,665.84","43,074.52","42,257.17","42,584.11",0.00,0.00,"1,387,900.00"
29/03/2024,"43,483.20","43,483.20","42,502.37","42,584.11",-500.00,-0.01,"1,813,300.00"
28/03/2024,"43,483.20","44,055.35","42,911.05","42,992.79",100.00,0.00,"1,358,700.00"
27/03/2024,"43,564.93","43,564.93","42,911.05","42,911.05",-500.00,-0.01,"1,629,600.00"
26/03/2024,"43,319.73","44,055.35","43,319.73","43,319.73",0.00,0.00,"1,409,500.00"
25/03/2024,"44,300.55","45,363.11","43,074.52","43,319.73","-1,200.00",-0.02,"1,289,800.00"
22/03/2024,"43,564.93","46,343.94","43,564.93","44,300.55","1,200.00",0.02,"4,361,200.00"
21/03/2024,"43,483.20","43,646.67","43,156.26","43,319.73",0.00,0.00,"1,884,700.00"
20/03/2024,"42,175.43","43,401.46","41,276.34","43,319.73","1,400.00",0.03,"3,132,600.00"
19/03/2024,"42,584.11","42,584.11","41,685.02","42,175.43",-400.00,-0.01,"765,300.00"
18/03/2024,"42,502.37","43,156.26","40,785.93","42,502.37",-200.00,0.00,"1,481,000.00"
15/03/2024,"42,175.43","43,156.26","41,685.02","42,665.84",500.00,0.01,"1,433,700.00"
14/03/2024,"43,728.40","43,728.40","42,011.96","42,257.17",-900.00,-0.02,"1,482,400.00"
13/03/2024,"42,665.84","42,992.79","42,338.90","42,992.79",600.00,0.01,"1,596,500.00"
12/03/2024,"41,358.08","42,584.11","41,276.34","42,502.37","1,500.00",0.03,"1,560,100.00"
11/03/2024,"42,338.90","42,829.32","41,276.34","41,276.34",-600.00,-0.01,"1,478,700.00"
08/03/2024,"43,646.67","43,646.67","40,540.73","41,766.76","-2,200.00",-0.04,"2,810,700.00"
07/03/2024,"44,464.02","44,464.02","43,483.20","43,564.93","-1,100.00",-0.02,"2,125,200.00"
06/03/2024,"44,137.08","44,790.96","43,728.40","44,464.02",0.00,0.00,"1,585,300.00"
05/03/2024,"43,728.40","44,464.02","43,237.99","44,464.02",900.00,0.02,"1,591,400.00"
04/03/2024,"43,810.14","44,545.76","42,911.05","43,728.40",0.00,0.00,"2,366,400.00"
01/03/2024,"43,564.93","44,382.29","42,829.32","43,728.40",500.00,0.01,"1,471,100.00"
29/02/2024,"44,055.35","44,137.08","43,319.73","43,319.73",-900.00,-0.02,"1,737,300.00"
28/02/2024,"43,483.20","44,790.96","42,747.58","44,055.35",900.00,0.02,"2,993,100.00"
27/02/2024,"43,891.87","44,137.08","43,319.73","43,319.73",-600.00,-0.01,"2,322,700.00"
26/02/2024,"43,156.26","44,545.76","42,502.37","43,810.14","1,600.00",0.03,"2,053,000.00"
23/02/2024,"40,704.20","43,483.20","40,295.52","42,502.37","2,250.00",0.05,"7,182,900.00"
22/02/2024,"40,704.20","40,785.93","40,458.99","40,663.33",0.00,0.00,"1,596,200.00"
21/02/2024,"40,663.33","40,704.20","39,968.58","40,663.33",350.00,0.01,"1,850,900.00"
20/02/2024,"40,458.99","41,031.14","40,377.26","40,377.26",100.00,0.00,"1,569,300.00"
19/02/2024,"39,845.98","41,112.87","39,437.30","40,295.52",750.00,0.02,"3,283,300.00"
16/02/2024,"40,050.31","40,050.31","39,478.17","39,682.51",-400.00,-0.01,"1,353,000.00"
15/02/2024,"40,009.45","40,254.65","39,600.77","40,009.45",0.00,0.00,"1,625,600.00"
07/02/2024,"39,886.84","40,091.18","39,723.37","40,009.45",150.00,0.00,"1,859,200.00"
06/02/2024,"39,886.84","39,886.84","39,232.96","39,886.84",150.00,0.00,"1,527,400.00"
05/02/2024,"38,497.34","40,377.26","38,456.48","39,764.24","1,750.00",0.04,"2,249,900.00"
02/02/2024,"38,660.81","38,824.28","38,170.40","38,333.87",-350.00,-0.01,"1,982,800.00"
01/02/2024,"38,824.28","39,192.09","38,538.21","38,619.95",-450.00,-0.01,"1,572,600.00"
31/01/2024,"39,641.64","39,886.84","38,824.28","38,987.75",-750.00,-0.02,"1,673,600.00"
30/01/2024,"39,886.84","39,968.58","39,396.43","39,600.77",-250.00,-0.01,"1,121,300.00"
29/01/2024,"39,968.58","40,213.78","39,641.64","39,805.11",-250.00,-0.01,"984,500.00"
26/01/2024,"39,559.90","40,009.45","39,559.90","40,009.45",550.00,0.01,"812,400.00"
25/01/2024,"39,968.58","40,663.33","39,559.90","39,559.90",-500.00,-0.01,"1,348,900.00"
24/01/2024,"39,641.64","40,213.78","39,600.77","39,968.58",-500.00,-0.01,"1,868,700.00"
23/01/2024,"40,458.99","40,704.20","39,764.24","40,377.26",-400.00,-0.01,"2,182,200.00"
22/01/2024,"40,826.80","41,031.14","39,805.11","40,704.20",-50.00,0.00,"2,365,400.00"
19/01/2024,"39,151.23","40,745.06","38,579.08","40,745.06","2,350.00",0.05,"3,054,000.00"
18/01/2024,"38,293.00","39,110.36","38,129.53","38,824.28",650.00,0.01,"2,278,300.00"
17/01/2024,"38,047.80","38,415.61","37,843.46","38,293.00",-50.00,0.00,"1,463,000.00"
16/01/2024,"37,639.12","38,374.74","37,639.12","38,333.87",300.00,0.01,"1,130,700.00"
15/01/2024,"37,639.12","38,415.61","37,639.12","38,088.67",600.00,0.01,"1,335,700.00"
12/01/2024,"37,516.52","38,579.08","36,821.77","37,598.25",-500.00,-0.01,"3,074,500.00"
11/01/2024,"38,579.08","38,619.95","37,761.72","38,006.93",-900.00,-0.02,"3,385,600.00"
10/01/2024,"37,639.12","39,069.49","37,598.25","38,742.55","1,350.00",0.03,"2,191,800.00"
09/01/2024,"38,415.61","38,415.61","37,639.12","37,639.12",-350.00,-0.01,"1,741,100.00"
08/01/2024,"36,617.43","38,006.93","36,494.83","37,925.20","1,900.00",0.04,"1,999,000.00"
05/01/2024,"35,718.34","36,740.03","35,718.34","36,372.22",850.00,0.02,"1,329,800.00"
04/01/2024,"35,881.81","36,780.90","35,636.61","35,677.47",-150.00,0.00,"3,273,200.00"
03/01/2024,"35,473.14","36,045.28","35,146.19","35,800.08",800.00,0.02,"1,559,300.00"
02/01/2024,"35,473.14","35,636.61","34,900.99","35,146.19",-400.00,-0.01,"1,262,000.00"
29/12/2023,"34,900.99","35,473.14","34,574.05","35,473.14",700.00,0.02,"919,000.00"
28/12/2023,"35,146.19","35,268.80","34,900.99","34,900.99",-300.00,-0.01,"1,414,500.00"
27/12/2023,"34,982.72","35,309.66","34,982.72","35,146.19",0.00,0.00,"978,900.00"
26/12/2023,"35,309.66","35,595.74","34,900.99","35,146.19",-200.00,0.00,"1,163,800.00"
25/12/2023,"34,737.52","35,391.40","34,328.84","35,309.66",750.00,0.02,"1,287,400.00"
22/12/2023,"34,165.37","34,696.65","33,838.43","34,696.65",650.00,0.02,"1,258,100.00"
21/12/2023,"33,429.75","34,247.11","33,429.75","34,165.37",500.00,0.01,"1,136,900.00"
20/12/2023,"34,247.11","34,328.84","33,348.02","33,756.69",100.00,0.00,"1,024,900.00"
19/12/2023,"33,511.49","33,920.16","33,143.68","33,674.96",200.00,0.00,"823,300.00"
18/12/2023,"33,552.36","33,920.16","33,102.81","33,511.49",-500.00,-0.01,"678,400.00"
15/12/2023,"33,879.30","34,083.63","33,715.83","33,920.16",-100.00,0.00,"562,000.00"
14/12/2023,"34,042.77","34,165.37","33,756.69","34,001.90",0.00,0.00,"779,800.00"
13/12/2023,"34,247.11","34,328.84","33,184.55","34,001.90",-300.00,-0.01,"793,400.00"
12/12/2023,"33,920.16","34,369.71","33,674.96","34,247.11",500.00,0.01,"956,500.00"
11/12/2023,"34,328.84","34,492.31","33,797.56","33,838.43",-500.00,-0.01,"1,589,400.00"
08/12/2023,"33,184.55","34,328.84","33,184.55","34,247.11","1,300.00",0.03,"2,406,400.00"
07/12/2023,"32,980.21","33,511.49","32,694.13","33,184.55",600.00,0.01,"1,955,000.00"
06/12/2023,"32,408.06","33,021.08","32,203.72","32,694.13",350.00,0.01,"1,157,100.00"
05/12/2023,"32,530.66","32,612.40","32,203.72","32,408.06",-150.00,0.00,"654,400.00"
04/12/2023,"32,285.46","32,530.66","32,162.85","32,530.66",400.00,0.01,"791,900.00"
01/12/2023,"31,795.05","32,285.46","31,754.18","32,203.72",550.00,0.01,"761,100.00"
30/11/2023,"31,876.78","32,285.46","31,713.31","31,754.18",-450.00,-0.01,"726,300.00"
29/11/2023,"31,876.78","32,121.99","31,795.05","32,121.99",450.00,0.01,"811,800.00"
28/11/2023,"31,876.78","31,876.78","31,222.90","31,754.18",700.00,0.02,"833,900.00"
27/11/2023,"31,659.84","31,659.84","31,043.33","31,188.39",-650.00,-0.01,"747,600.00"
24/11/2023,"31,188.39","31,659.84","30,753.20","31,659.84",650.00,0.02,"811,000.00"
23/11/2023,"31,913.70","31,913.70","31,188.39","31,188.39",-600.00,-0.01,"755,300.00"
22/11/2023,"31,877.43","31,913.70","31,478.51","31,623.57",-350.00,-0.01,"738,100.00"
21/11/2023,"31,696.11","31,877.43","31,188.39","31,877.43",800.00,0.02,"824,200.00"
20/11/2023,"30,463.08","31,804.90","30,463.08","31,297.18",250.00,0.01,"809,800.00"
17/11/2023,"31,913.70","31,913.70","30,862.00","31,115.86",-850.00,-0.02,"1,209,700.00"
16/11/2023,"32,095.03","32,203.82","31,514.78","31,732.37",-400.00,-0.01,"970,300.00"
15/11/2023,"31,478.51","32,022.50","31,333.45","32,022.50","1,150.00",0.03,"1,449,200.00"
14/11/2023,"30,644.40","31,514.78","30,644.40","31,188.39",900.00,0.02,"1,571,600.00"
13/11/2023,"30,608.14","30,970.79","30,426.81","30,535.61",-100.00,0.00,"473,900.00"
10/11/2023,"30,753.20","31,115.86","30,535.61","30,608.14",-650.00,-0.02,"627,400.00"
09/11/2023,"31,188.39","31,297.18","30,898.26","31,079.59",-50.00,0.00,"756,700.00"
08/11/2023,"30,209.22","31,188.39","30,136.69","31,115.86","1,100.00",0.03,"966,700.00"
07/11/2023,"30,463.08","30,463.08","30,100.42","30,318.01",0.00,0.00,"531,300.00"
06/11/2023,"30,209.22","30,608.14","30,172.95","30,318.01",300.00,0.01,"586,900.00"
03/11/2023,"30,644.40","30,644.40","30,100.42","30,100.42",-150.00,0.00,"563,400.00"
02/11/2023,"29,628.97","30,209.22","29,447.64","30,209.22","1,650.00",0.04,"690,200.00"
01/11/2023,"29,665.23","29,665.23","28,794.86","29,012.45",-200.00,0.00,"419,900.00"
31/10/2023,"29,737.77","30,100.42","29,157.52","29,157.52",-800.00,-0.02,"545,000.00"
30/10/2023,"30,390.55","30,390.55","29,737.77","29,737.77","-1,000.00",-0.02,"607,700.00"
27/10/2023,"29,411.37","30,463.08","29,157.52","30,463.08","1,450.00",0.04,"894,500.00"
26/10/2023,"29,012.45","29,665.23","28,287.14","29,411.37",-200.00,0.00,"1,976,000.00"
25/10/2023,"29,955.36","30,172.95","29,556.44","29,556.44",-550.00,-0.01,"741,800.00"
24/10/2023,"29,121.25","30,064.16","29,121.25","29,955.36","1,000.00",0.02,"915,400.00"
23/10/2023,"29,230.05","29,375.11","29,084.98","29,230.05",-200.00,0.00,"706,800.00"
20/10/2023,"29,157.52","29,375.11","28,686.06","29,375.11",300.00,0.01,"978,400.00"
19/10/2023,"29,157.52","29,447.64","28,794.86","29,157.52",200.00,0.00,"1,169,600.00"
18/10/2023,"29,955.36","29,991.62","29,012.45","29,012.45","-1,300.00",-0.03,"1,475,600.00"
17/10/2023,"30,390.55","30,608.14","29,955.36","29,955.36",-350.00,-0.01,"978,500.00"
16/10/2023,"30,825.73","30,825.73","29,919.09","30,209.22",-850.00,-0.02,"973,400.00"
13/10/2023,"30,608.14","30,825.73","30,535.61","30,825.73",350.00,0.01,"1,127,000.00"
12/10/2023,"30,499.34","30,753.20","30,390.55","30,571.87",150.00,0.00,"1,015,900.00"
11/10/2023,"30,825.73","30,825.73","30,281.75","30,463.08",-50.00,0.00,"1,217,500.00"
10/10/2023,"30,608.14","30,825.73","30,390.55","30,499.34",100.00,0.00,"876,600.00"
09/10/2023,"30,608.14","30,680.67","30,318.01","30,426.81",-250.00,-0.01,"977,700.00"
06/10/2023,"30,172.95","30,825.73","29,882.83","30,608.14",600.00,0.01,"705,200.00"
05/10/2023,"30,825.73","31,079.59","30,136.69","30,172.95",-900.00,-0.02,"526,100.00"
04/10/2023,"29,737.77","31,152.12","29,737.77","30,825.73",950.00,0.02,"892,900.00"
03/10/2023,"31,659.84","31,732.37","30,136.69","30,136.69","-2,400.00",-0.05,"1,336,300.00"
02/10/2023,"32,167.56","32,385.15","31,768.64","31,877.43",-400.00,-0.01,"688,100.00"
29/09/2023,"32,203.82","32,457.68","32,058.76","32,167.56",0.00,0.00,"542,600.00"
28/09/2023,"32,167.56","32,421.42","32,095.03","32,167.56",-50.00,0.00,"695,600.00"
27/09/2023,"32,167.56","32,421.42","32,095.03","32,203.82",50.00,0.00,"1,079,800.00"
26/09/2023,"32,856.60","32,856.60","32,058.76","32,167.56",-750.00,-0.02,"1,121,800.00"
25/09/2023,"33,400.59","33,400.59","32,566.48","32,711.54",-950.00,-0.02,"1,038,300.00"
22/09/2023,"32,493.95","33,400.59","32,058.76","33,400.59",850.00,0.02,"1,822,500.00"
21/09/2023,"33,146.73","33,400.59","32,711.54","32,784.07",-500.00,-0.01,"915,200.00"
20/09/2023,"32,784.07","33,146.73","32,711.54","33,146.73",500.00,0.01,"673,300.00"
19/09/2023,"33,219.26","33,473.12","32,639.01","32,784.07",-550.00,-0.01,"1,189,600.00"
18/09/2023,"34,089.63","34,089.63","32,856.60","33,182.99","-1,050.00",-0.02,"1,446,600.00"
15/09/2023,"34,089.63","34,379.76","33,944.57","33,944.57",50.00,0.00,"1,054,000.00"
14/09/2023,"34,089.63","34,742.41","33,908.31","33,908.31",-250.00,-0.01,"1,873,900.00"
13/09/2023,"34,162.16","34,343.49","33,726.98","34,089.63",0.00,0.00,"1,201,100.00"
12/09/2023,"33,908.31","34,089.63","33,654.45","34,089.63",500.00,0.01,"991,701.00"
11/09/2023,"34,379.76","34,379.76","33,364.32","33,726.98",-500.00,-0.01,"967,290.00"
08/09/2023,"34,452.29","34,488.55","34,053.37","34,089.63",-350.00,-0.01,"1,600,711.00"
07/09/2023,"34,452.29","34,923.74","34,234.70","34,343.49",50.00,0.00,"1,372,704.00"
06/09/2023,"34,597.35","34,597.35","34,198.43","34,307.23",-200.00,0.00,"1,178,702.00"
05/09/2023,"34,089.63","34,597.35","34,089.63","34,452.29",550.00,0.01,"1,362,306.00"
31/08/2023,"33,618.18","34,053.37","33,581.92","34,053.37",750.00,0.02,"1,668,901.00"
30/08/2023,"33,364.32","33,799.51","33,219.26","33,509.38",400.00,0.01,"1,123,802.00"
29/08/2023,"32,929.13","33,436.85","32,892.87","33,219.26",400.00,0.01,"1,359,604.00"
28/08/2023,"32,892.87","33,291.79","32,856.60","32,929.13",200.00,0.00,"740,305.00"
25/08/2023,"33,219.26","33,219.26","32,675.28","32,784.07",-600.00,-0.01,"1,374,700.00"
24/08/2023,"33,146.73","33,436.85","32,892.87","33,219.26",100.00,0.00,"1,508,214.00"
23/08/2023,"33,509.38","33,509.38","32,929.13","33,146.73",-100.00,0.00,"1,363,112.00"
22/08/2023,"32,566.48","33,328.06","32,276.35","33,219.26",200.00,0.00,"1,307,541.00"
21/08/2023,"32,348.89","33,980.84","32,276.35","33,074.20","1,400.00",0.03,"1,810,037.00"
18/08/2023,"34,162.16","34,162.16","31,986.23","32,058.76","-2,900.00",-0.06,"2,845,403.00"
17/08/2023,"34,452.29","34,597.35","34,162.16","34,162.16",-400.00,-0.01,"1,666,030.00"
16/08/2023,"34,053.37","34,524.82","34,017.10","34,452.29",500.00,0.01,"1,353,745.00"
15/08/2023,"34,379.76","34,524.82","33,980.84","34,089.63",-600.00,-0.01,"1,658,050.00"
14/08/2023,"34,089.63","34,561.09","33,835.77","34,524.82",900.00,0.02,"2,117,157.00"
11/08/2023,"33,726.98","34,017.10","33,074.20","33,872.04",200.00,0.00,"2,102,433.00"
10/08/2023,"34,960.01","35,105.07","33,726.98","33,726.98","-1,700.00",-0.04,"2,612,141.00"
09/08/2023,"35,286.40","35,395.19","34,851.21","34,960.01",-450.00,-0.01,"1,802,335.00"
08/08/2023,"35,467.72","35,866.65","35,213.87","35,286.40",-200.00,0.00,"2,104,930.00"
07/08/2023,"35,322.66","35,866.65","35,141.33","35,431.46",450.00,0.01,"2,004,743.00"
04/08/2023,"35,177.60","35,467.72","34,960.01","35,105.07",-150.00,0.00,"2,196,043.00"
03/08/2023,"35,612.79","35,649.05","35,105.07","35,213.87",-550.00,-0.01,"2,094,442.00"
02/08/2023,"34,960.01","35,757.85","34,923.74","35,612.79",900.00,0.02,"2,355,639.00"
01/08/2023,"34,488.55","35,902.91","34,234.70","34,960.01","1,000.00",0.02,"3,814,122.00"
31/07/2023,"34,089.63","34,416.02","33,872.04","34,234.70",500.00,0.01,"1,873,051.00"
28/07/2023,"33,872.04","34,307.23","33,654.45","33,872.04",0.00,0.00,"1,754,635.00"
27/07/2023,"34,307.23","34,379.76","33,835.77","33,872.04",-650.00,-0.01,"1,369,722.00"
26/07/2023,"34,198.43","34,851.21","34,198.43","34,343.49",200.00,0.00,"2,329,124.00"
25/07/2023,"33,908.31","34,234.70","33,872.04","34,198.43",350.00,0.01,"1,621,631.00"
24/07/2023,"34,017.10","34,524.82","33,944.57","33,944.57",450.00,0.01,"1,970,038.00"
21/07/2023,"33,545.65","33,908.31","33,436.85","33,908.31",500.00,0.01,"1,422,119.00"
20/07/2023,"33,509.38","33,654.45","33,255.53","33,545.65",0.00,0.00,"934,612.00"
19/07/2023,"34,017.10","34,017.10","33,255.53","33,545.65",-450.00,-0.01,"2,329,500.00"
18/07/2023,"33,509.38","33,872.04","33,509.38","33,872.04",500.00,0.01,"1,667,200.00"
17/07/2023,"33,908.31","34,162.16","33,509.38","33,509.38",-550.00,-0.01,"2,231,500.00"
14/07/2023,"34,017.10","34,561.09","33,400.59","33,908.31",-150.00,0.00,"2,606,100.00"
13/07/2023,"34,017.10","34,452.29","33,763.24","34,017.10",200.00,0.00,"2,784,600.00"
12/07/2023,"34,053.37","34,198.43","33,473.12","33,872.04",150.00,0.00,"2,332,100.00"
11/07/2023,"34,234.70","34,379.76","33,726.98","33,763.24",-400.00,-0.01,"3,520,200.00"
10/07/2023,"32,203.82","34,053.37","32,058.76","34,053.37","2,650.00",0.06,"4,620,400.00"
07/07/2023,"31,696.11","32,131.29","31,696.11","32,131.29",350.00,0.01,"880,100.00"
06/07/2023,"32,058.76","32,385.15","31,623.57","31,877.43",-400.00,-0.01,"1,337,000.00"
05/07/2023,"32,058.76","32,457.68","31,949.96","32,167.56",350.00,0.01,"1,388,400.00"
04/07/2023,"32,203.82","32,312.62","31,732.37","31,913.70",-500.00,-0.01,"1,183,300.00"
03/07/2023,"31,841.17","32,276.35","31,696.11","32,276.35","1,150.00",0.03,"1,085,400.00"
30/06/2023,"32,276.35","32,493.95","31,442.25","31,442.25","-1,150.00",-0.03,"975,000.00"
29/06/2023,"32,929.13","33,291.79","32,276.35","32,276.35",-850.00,-0.02,"1,582,000.00"
28/06/2023,"32,131.29","32,892.87","32,022.50","32,892.87","1,050.00",0.02,"3,137,400.00"
27/06/2023,"31,986.23","32,240.09","31,913.70","32,131.29",0.00,0.00,"793,800.00"
26/06/2023,"32,276.35","32,530.21","31,841.17","32,131.29",0.00,0.00,"1,225,100.00"
23/06/2023,"31,841.17","32,602.74","31,696.11","32,131.29",350.00,0.01,"1,911,900.00"
22/06/2023,"31,696.11","31,949.96","31,478.51","31,877.43",550.00,0.01,"1,284,000.00"
21/06/2023,"31,551.04","31,913.70","31,405.98","31,478.51",-100.00,0.00,"812,800.00"
20/06/2023,"31,514.78","31,551.04","31,297.18","31,551.04",200.00,0.00,"812,700.00"
19/06/2023,"31,768.64","31,804.90","31,405.98","31,405.98",-400.00,-0.01,"1,096,000.00"
16/06/2023,"32,131.29","32,276.35","31,659.84","31,696.11",-150.00,0.00,"1,941,500.00"
15/06/2023,"31,841.17","32,058.76","31,696.11","31,804.90",-150.00,0.00,"823,400.00"
14/06/2023,"32,348.89","32,421.42","31,913.70","31,913.70",-350.00,-0.01,"1,534,800.00"
13/06/2023,"31,696.11","32,276.35","31,659.84","32,167.56",700.00,0.02,"1,528,340.00"
12/06/2023,"31,623.57","31,659.84","31,188.39","31,659.84",200.00,0.00,"1,245,600.00"
09/06/2023,"31,768.64","31,949.96","31,260.92","31,514.78",-250.00,-0.01,"1,289,600.00"
08/06/2023,"32,203.82","32,276.35","31,696.11","31,696.11",-650.00,-0.01,"1,655,400.00"
07/06/2023,"32,493.95","32,566.48","32,167.56","32,167.56",-450.00,-0.01,"967,700.00"
06/06/2023,"32,639.01","32,639.01","32,131.29","32,493.95",100.00,0.00,"846,100.00"
05/06/2023,"32,566.48","32,892.87","32,421.42","32,421.42",0.00,0.00,"959,100.00"
02/06/2023,"31,913.70","32,566.48","31,913.70","32,421.42",800.00,0.02,"1,502,800.00"
01/06/2023,"31,913.70","31,913.70","31,659.84","31,841.17",-100.00,0.00,"617,900.00"
31/05/2023,"31,768.64","31,913.70","31,587.31","31,913.70",200.00,0.00,"1,770,800.00"
30/05/2023,"31,913.70","31,913.70","31,623.57","31,768.64",-100.00,0.00,"800,800.00"
29/05/2023,"31,877.43","31,877.43","31,478.51","31,841.17",500.00,0.01,"1,668,100.00"
26/05/2023,"31,986.23","31,986.23","31,478.51","31,478.51",-350.00,-0.01,"544,800.00"
25/05/2023,"31,551.04","31,913.70","31,514.78","31,732.37",250.00,0.01,"655,400.00"
24/05/2023,"31,913.70","31,913.70","31,551.04","31,551.04",-350.00,-0.01,"767,100.00"
23/05/2023,"32,566.48","32,566.48","31,804.90","31,804.90",-550.00,-0.01,"753,500.00"
22/05/2023,"32,203.82","32,602.74","32,203.82","32,203.82",0.00,0.00,"607,800.00"
19/05/2023,"32,348.89","32,602.74","32,131.29","32,203.82",-250.00,-0.01,"771,200.00"
18/05/2023,"32,566.48","32,602.74","32,276.35","32,385.15",-150.00,0.00,"514,700.00"
17/05/2023,"32,639.01","32,711.54","32,493.95","32,493.95",-200.00,0.00,"1,117,100.00"
16/05/2023,"32,711.54","32,711.54","32,457.68","32,639.01",100.00,0.00,"680,201.00"
15/05/2023,"33,364.32","33,364.32","32,566.48","32,566.48",-100.00,0.00,"570,500.00"
12/05/2023,"32,639.01","32,711.54","32,312.62","32,639.01",0.00,0.00,"428,300.00"
11/05/2023,"32,639.01","32,820.34","32,493.95","32,639.01",0.00,0.00,"510,500.00"
10/05/2023,"32,856.60","32,856.60","32,276.35","32,639.01",-100.00,0.00,"595,000.00"
09/05/2023,"32,421.42","32,892.87","32,421.42","32,711.54",400.00,0.01,"650,900.00"
08/05/2023,"31,587.31","33,001.67","31,587.31","32,421.42","1,250.00",0.03,"1,130,501.00"
05/05/2023,"31,768.64","31,804.90","31,514.78","31,514.78",-300.00,-0.01,"296,500.00"
04/05/2023,"31,551.04","32,058.76","31,405.98","31,732.37",250.00,0.01,"376,500.00"
28/04/2023,"31,877.43","31,986.23","31,551.04","31,551.04",-400.00,-0.01,"414,600.00"
27/04/2023,"31,986.23","31,986.23","31,551.04","31,841.17",-200.00,0.00,"163,100.00"
26/04/2023,"31,551.04","32,131.29","31,333.45","31,986.23",550.00,0.01,"405,100.00"
25/04/2023,"31,623.57","31,841.17","31,297.18","31,587.31",-150.00,0.00,"539,200.00"
24/04/2023,"32,058.76","32,058.76","31,696.11","31,696.11",-500.00,-0.01,"462,900.00"
21/04/2023,"32,348.89","32,348.89","32,058.76","32,058.76",-400.00,-0.01,"354,500.00"
20/04/2023,"32,167.56","32,348.89","32,022.50","32,348.89",200.00,0.00,"256,900.00"
19/04/2023,"32,457.68","32,457.68","32,058.76","32,203.82",-200.00,0.00,"452,100.00"
18/04/2023,"32,493.95","32,639.01","32,131.29","32,348.89",-400.00,-0.01,"639,700.00"
17/04/2023,"32,240.09","32,711.54","32,203.82","32,639.01",550.00,0.01,"716,600.00"
14/04/2023,"32,639.01","32,639.01","32,240.09","32,240.09",-500.00,-0.01,"618,700.00"
13/04/2023,"32,203.82","32,639.01","32,203.82","32,602.74",550.00,0.01,"779,000.00"
12/04/2023,"32,276.35","32,493.95","32,058.76","32,203.82",0.00,0.00,"775,500.00"
11/04/2023,"32,240.09","32,385.15","32,022.50","32,203.82",-300.00,-0.01,"1,229,100.00"
10/04/2023,"33,219.26","33,219.26","32,421.42","32,421.42",-950.00,-0.02,"1,806,100.00"
07/04/2023,"33,182.99","33,364.32","33,001.67","33,110.46",-350.00,-0.01,"731,900.00"
06/04/2023,"33,001.67","33,726.98","32,856.60","33,364.32",500.00,0.01,"1,514,700.00"
05/04/2023,"33,364.32","33,581.92","32,856.60","33,001.67",-500.00,-0.01,"1,363,800.00"
04/04/2023,"33,291.79","33,473.12","33,146.73","33,364.32",100.00,0.00,"889,600.00"
03/04/2023,"33,835.77","33,944.57","33,219.26","33,291.79",-300.00,-0.01,"1,263,700.00"
31/03/2023,"33,509.38","34,089.63","33,400.59","33,509.38",0.00,0.00,"643,700.00"
30/03/2023,"33,545.65","33,799.51","33,509.38","33,509.38",0.00,0.00,"699,700.00"
29/03/2023,"33,364.32","33,618.18","33,037.93","33,509.38",200.00,0.00,"303,100.00"
28/03/2023,"33,726.98","33,944.57","33,364.32","33,364.32",0.00,0.00,"504,000.00"
27/03/2023,"33,037.93","33,473.12","32,639.01","33,364.32",450.00,0.01,"672,200.00"
24/03/2023,"33,291.79","33,581.92","33,001.67","33,037.93",-350.00,-0.01,"364,600.00"
23/03/2023,"32,856.60","33,364.32","32,856.60","33,291.79",-200.00,0.00,"414,900.00"
22/03/2023,"33,182.99","33,509.38","32,965.40","33,436.85",750.00,0.02,"560,800.00"
21/03/2023,"32,929.13","33,182.99","32,493.95","32,892.87",0.00,0.00,"741,600.00"
20/03/2023,"33,364.32","33,364.32","32,639.01","32,892.87",-950.00,-0.02,"585,800.00"
17/03/2023,"34,089.63","34,089.63","33,364.32","33,581.92",50.00,0.00,"310,700.00"
16/03/2023,"33,400.59","34,017.10","33,400.59","33,545.65",-550.00,-0.01,"875,700.00"
15/03/2023,"33,364.32","34,379.76","32,965.40","33,944.57","1,750.00",0.04,"628,400.00"
14/03/2023,"33,436.85","33,618.18","32,457.68","32,675.28","-1,200.00",-0.03,"1,444,500.00"
13/03/2023,"33,799.51","34,017.10","33,545.65","33,545.65",-900.00,-0.02,"933,700.00"
10/03/2023,"34,416.02","34,416.02","34,053.37","34,198.43",-500.00,-0.01,"862,200.00"
09/03/2023,"34,814.94","34,814.94","34,125.90","34,561.09",-350.00,-0.01,"1,170,600.00"
08/03/2023,"33,654.45","34,814.94","33,291.79","34,814.94","1,100.00",0.02,"1,229,700.00"
07/03/2023,"33,001.67","34,162.16","33,001.67","34,017.10","1,100.00",0.02,"1,634,600.00"
06/03/2023,"33,291.79","34,089.63","32,856.60","33,219.26",-100.00,0.00,"864,900.00"
03/03/2023,"33,654.45","33,726.98","32,820.34","33,291.79",-500.00,-0.01,"735,400.00"
02/03/2023,"33,110.46","33,726.98","32,929.13","33,654.45",750.00,0.02,"976,200.00"
01/03/2023,"31,913.70","33,110.46","31,768.64","33,110.46","1,550.00",0.04,"740,900.00"
28/02/2023,"32,095.03","32,348.89","31,949.96","31,986.23",-150.00,0.00,"257,600.00"
27/02/2023,"32,276.35","32,276.35","31,623.57","32,095.03",-350.00,-0.01,"939,200.00"
24/02/2023,"32,675.28","33,037.93","32,203.82","32,348.89",-950.00,-0.02,"497,900.00"
23/02/2023,"32,602.74","33,037.93","31,696.11","33,037.93",550.00,0.01,"1,279,900.00"
22/02/2023,"33,255.53","33,364.32","32,639.01","32,639.01","-1,250.00",-0.03,"994,100.00"
21/02/2023,"34,234.70","34,307.23","33,545.65","33,545.65",-950.00,-0.02,"996,600.00"
20/02/2023,"33,219.26","34,343.49","33,219.26","34,234.70","1,400.00",0.03,"1,508,300.00"
17/02/2023,"32,639.01","33,219.26","32,602.74","33,219.26",800.00,0.02,"1,493,700.00"
16/02/2023,"32,421.42","32,639.01","31,913.70","32,639.01","1,000.00",0.02,"1,068,100.00"
15/02/2023,"31,297.18","32,240.09","31,297.18","31,913.70",600.00,0.01,"604,600.00"
14/02/2023,"32,276.35","32,276.35","31,405.98","31,478.51","-1,000.00",-0.02,"1,325,100.00"
13/02/2023,"31,152.12","32,203.82","31,152.12","32,203.82","1,450.00",0.03,"1,589,700.00"
10/02/2023,"32,203.82","32,312.62","31,152.12","31,152.12","-1,050.00",-0.02,"1,398,000.00"
09/02/2023,"32,276.35","32,639.01","31,913.70","31,913.70",-500.00,-0.01,"1,184,800.00"
08/02/2023,"31,841.17","32,820.34","31,841.17","32,276.35",700.00,0.02,"1,796,700.00"
07/02/2023,"32,639.01","32,892.87","31,696.11","31,768.64","-1,200.00",-0.03,"1,629,900.00"
06/02/2023,"31,405.98","32,639.01","31,115.86","32,639.01","1,650.00",0.04,"1,747,200.00"
03/02/2023,"31,551.04","31,768.64","31,297.18","31,442.25",200.00,0.00,"1,377,900.00"
02/02/2023,"31,007.06","31,623.57","30,535.61","31,297.18",350.00,0.01,"2,864,500.00"
01/02/2023,"32,892.87","33,001.67","30,898.26","31,043.33","-2,300.00",-0.05,"2,599,500.00"
31/01/2023,"32,095.03","32,711.54","31,587.31","32,711.54",600.00,0.01,"1,643,500.00"
30/01/2023,"31,913.70","32,566.48","31,913.70","32,276.35",-50.00,0.00,"1,390,300.00"
27/01/2023,"33,726.98","33,799.51","32,276.35","32,312.62","-1,400.00",-0.03,"1,729,800.00"
19/01/2023,"32,711.54","33,581.92","32,602.74","33,328.06",850.00,0.02,"1,857,800.00"
18/01/2023,"32,566.48","33,037.93","32,493.95","32,711.54",150.00,0.00,"1,832,900.00"
17/01/2023,"32,639.01","32,856.60","32,348.89","32,602.74",250.00,0.01,"1,499,200.00"
16/01/2023,"30,463.08","32,421.42","30,426.81","32,421.42","2,900.00",0.07,"4,737,900.00"
13/01/2023,"30,172.95","30,608.14","30,172.95","30,318.01",350.00,0.01,"1,630,000.00"
12/01/2023,"29,991.62","30,426.81","29,737.77","30,064.16",200.00,0.00,"900,200.00"
11/01/2023,"30,172.95","30,608.14","29,665.23","29,919.09",-50.00,0.00,"1,531,300.00"
10/01/2023,"30,172.95","30,245.48","29,556.44","29,955.36",300.00,0.01,"924,000.00"
09/01/2023,"30,608.14","30,608.14","29,628.97","29,737.77",-650.00,-0.02,"1,326,400.00"
06/01/2023,"29,556.44","30,789.47","29,447.64","30,209.22",900.00,0.02,"3,400,900.00"
05/01/2023,"29,737.77","29,810.30","29,193.78","29,556.44",-50.00,0.00,"1,175,100.00"
04/01/2023,"29,882.83","30,608.14","29,302.58","29,592.70",-400.00,-0.01,"2,070,300.00"
03/01/2023,"28,504.74","29,882.83","28,323.41","29,882.83","2,600.00",0.07,"1,732,900.00"
30/12/2022,"29,193.78","30,100.42","27,997.02","27,997.02","-1,400.00",-0.04,"2,618,200.00"
29/12/2022,"30,463.08","30,535.61","29,012.45","29,012.45",,,"1,265,700.00"
28/12/2022,"29,084.98","30,753.20","28,722.33","30,390.55",,,"3,692,800.00"
27/12/2022,"28,142.08","29,012.45","28,069.55","29,012.45",,,"1,686,000.00"
26/12/2022,"28,287.14","28,359.67","28,105.81","28,142.08",,,"1,255,700.00"
23/12/2022,"28,649.80","28,649.80","28,287.14","28,287.14",,,"690,600.00"
22/12/2022,"28,178.35","28,939.92","28,105.81","28,287.14",,,"1,335,700.00"
21/12/2022,"28,178.35","28,722.33","27,888.22","27,997.02",,,"1,432,800.00"
20/12/2022,"28,142.08","28,287.14","27,199.18","27,924.49",,,"1,652,700.00"
19/12/2022,"28,142.08","29,375.11","28,142.08","28,142.08",,,"1,917,400.00"
16/12/2022,"28,033.28","28,649.80","28,033.28","28,214.61",,,"1,000,200.00"
15/12/2022,"27,997.02","28,903.66","27,997.02","28,287.14",,,"1,459,900.00"
14/12/2022,"28,794.86","28,794.86","28,142.08","28,142.08",,,"679,400.00"
13/12/2022,"27,598.10","28,649.80","27,598.10","28,069.55",,,"1,706,400.00"
12/12/2022,"28,577.27","28,939.92","27,634.36","27,634.36",,,"1,983,700.00"
09/12/2022,"28,214.61","28,649.80","27,779.42","28,432.20",,,"1,747,100.00"
08/12/2022,"28,432.20","29,882.83","28,142.08","28,287.14",,,"2,731,500.00"
07/12/2022,"28,649.80","28,649.80","27,924.49","28,287.14",,,"1,797,900.00"
06/12/2022,"29,810.30","29,810.30","28,359.67","28,359.67",,,"2,673,000.00"
05/12/2022,"30,027.89","30,463.08","29,411.37","29,919.09",,,"1,665,800.00"
02/12/2022,"28,287.14","29,955.36","28,250.88","29,882.83",,,"1,503,000.00"
01/12/2022,"29,810.30","30,100.42","28,287.14","28,287.14",,,"1,935,500.00"
30/11/2022,"29,737.77","30,680.67","28,649.80","29,810.30",,,"2,054,900.00"
29/11/2022,"28,649.80","29,737.77","28,178.35","29,737.77",,,"2,549,200.00"
28/11/2022,"29,012.45","29,447.64","28,287.14","28,649.80",,,"2,605,800.00"
25/11/2022,"27,851.96","29,012.45","27,706.89","29,012.45",,,"2,564,400.00"
24/11/2022,"26,981.58","27,851.96","26,691.46","27,561.83",,,"1,789,300.00"
23/11/2022,"26,401.33","27,561.83","26,074.94","27,126.64",,,"2,475,200.00"
22/11/2022,"25,095.77","26,655.19","25,095.77","26,437.60",,,"2,109,100.00"
21/11/2022,"26,473.86","26,473.86","25,748.55","25,748.55",,,"1,285,300.00"
18/11/2022,"25,857.35","26,147.47","24,660.59","26,074.94",,,"1,383,600.00"
17/11/2022,"26,256.27","26,473.86","25,748.55","25,857.35",,,"1,492,200.00"
16/11/2022,"23,137.43","25,893.61","22,883.57","25,893.61",,,"1,603,000.00"
15/11/2022,"25,385.90","25,929.88","24,225.40","24,225.40",,,"1,888,700.00"
14/11/2022,"25,821.08","26,763.99","25,313.37","26,038.68",,,"1,326,800.00"
11/11/2022,"26,111.21","26,473.86","25,676.02","26,111.21",,,"2,165,600.00"
10/11/2022,"26,074.94","26,074.94","24,406.73","25,168.30",,,"2,499,700.00"
09/11/2022,"25,458.43","26,691.46","25,422.16","26,220.01",,,"4,501,700.00"
08/11/2022,"23,935.27","25,385.90","23,935.27","25,313.37",,,"3,079,100.00"
07/11/2022,"23,790.21","24,733.12","23,790.21","24,152.87",,,"1,582,200.00"
04/11/2022,"23,935.27","24,406.73","22,883.57","24,152.87",,,"2,376,600.00"
03/11/2022,"24,044.07","24,515.52","23,935.27","23,935.27",,,"1,125,400.00"
02/11/2022,"24,696.85","24,914.44","24,334.20","24,442.99",,,"1,325,200.00"
01/11/2022,"25,095.77","25,494.69","24,660.59","24,696.85",,,"1,615,200.00"
31/10/2022,"24,515.52","25,277.10","24,442.99","25,059.51",,,"2,917,500.00"
28/10/2022,"24,878.18","25,349.63","24,515.52","24,515.52",,,"2,106,200.00"
27/10/2022,"23,064.90","24,588.05","23,064.90","24,588.05",,,"2,310,800.00"
26/10/2022,"22,847.31","23,572.62","22,702.25","22,992.37",,,"684,000.00"
25/10/2022,"21,759.34","23,536.35","21,251.62","22,702.25",,,"1,464,500.00"
24/10/2022,"23,899.01","23,899.01","22,013.20","22,013.20",,,"1,374,200.00"
21/10/2022,"24,044.07","24,044.07","23,282.49","23,645.15",,,"1,657,300.00"
20/10/2022,"23,645.15","24,660.59","23,572.62","24,044.07",,,"1,476,325.00"
19/10/2022,"23,790.21","24,297.93","23,500.09","23,935.27",,,"1,062,800.00"
18/10/2022,"23,935.27","24,261.66","23,717.68","23,790.21",,,"882,400.00"
17/10/2022,"23,899.01","23,899.01","22,992.37","23,717.68",,,"1,089,600.00"
14/10/2022,"23,935.27","24,080.34","23,645.15","23,935.27",,,"1,720,800.00"
13/10/2022,"22,158.26","23,536.35","22,085.73","23,536.35",,,"1,698,700.00"
12/10/2022,"21,034.03","22,085.73","20,816.44","22,085.73",,,"1,476,600.00"
11/10/2022,"21,759.34","21,759.34","20,671.37","20,671.37",,,"1,192,900.00"
10/10/2022,"20,417.51","22,085.73","20,308.72","21,759.34",,,"1,000,800.00"
07/10/2022,"22,122.00","22,194.53","20,961.50","21,179.09",,,"1,716,300.00"
06/10/2022,"23,173.70","23,173.70","22,484.65","22,484.65",,,"915,800.00"
05/10/2022,"23,064.90","23,209.96","22,702.25","23,064.90",,,"864,200.00"
04/10/2022,"23,209.96","23,246.23","22,412.12","22,484.65",,,"1,195,400.00"
03/10/2022,"24,007.81","24,370.46","22,883.57","22,883.57",,,"1,573,400.00"
30/09/2022,"23,790.21","24,588.05","23,427.56","24,588.05",,,"1,817,900.00"
29/09/2022,"24,660.59","24,733.12","24,261.66","24,297.93",,,"1,000,100.00"
28/09/2022,"24,442.99","24,588.05","24,189.13","24,297.93",,,"777,900.00"
27/09/2022,"24,297.93","24,696.85","23,935.27","24,442.99",,,"607,300.00"
26/09/2022,"24,733.12","24,841.91","23,500.09","24,225.40",,,"2,016,400.00"
23/09/2022,"25,821.08","25,821.08","25,023.24","25,204.57",,,"785,400.00"
22/09/2022,"25,059.51","25,603.49","24,986.98","25,494.69",,,"977,300.00"
21/09/2022,"25,240.83","25,458.43","25,204.57","25,204.57",,,"837,400.00"
20/09/2022,"24,878.18","25,567.22","24,878.18","25,494.69",,,"1,116,600.00"
19/09/2022,"25,712.29","25,712.29","24,733.12","24,805.65",,,"1,276,000.00"
16/09/2022,"26,111.21","26,256.27","25,748.55","25,748.55",,,"974,900.00"
15/09/2022,"26,473.86","26,691.46","25,857.35","25,929.88",,,"1,945,600.00"
14/09/2022,"26,111.21","26,473.86","26,074.94","26,473.86",,,"933,100.00"
13/09/2022,"26,763.99","27,017.85","26,582.66","26,691.46",,,"840,200.00"
12/09/2022,"26,836.52","27,199.18","26,691.46","26,763.99",,,"937,800.00"
09/09/2022,"26,618.93","26,909.05","26,220.01","26,836.52",,,"1,111,000.00"
08/09/2022,"27,489.30","27,815.69","26,546.40","26,618.93",,,"2,190,400.00"
07/09/2022,"28,939.92","28,939.92","27,416.77","27,416.77",,,"3,012,000.00"
06/09/2022,"28,649.80","29,411.37","28,613.53","29,048.72",,,"1,779,600.00"
05/09/2022,"29,012.45","29,048.72","28,468.47","28,649.80",,,"803,800.00"
31/08/2022,"28,867.39","29,157.52","28,722.33","29,012.45",,,"1,622,100.00"
30/08/2022,"28,323.41","29,338.84","28,287.14","28,867.39",,,"2,704,700.00"
29/08/2022,"27,997.02","28,504.74","27,670.63","28,287.14",,,"1,345,400.00"
26/08/2022,"28,504.74","29,121.25","28,504.74","28,577.27",,,"2,006,200.00"
25/08/2022,"28,287.14","28,649.80","28,250.88","28,504.74",,,"1,272,100.00"
24/08/2022,"28,794.86","28,867.39","28,250.88","28,504.74",,,"969,800.00"
23/08/2022,"27,815.69","28,649.80","27,706.89","28,649.80",,,"1,732,500.00"
22/08/2022,"28,541.00","28,541.00","27,815.69","27,888.22",,,"1,761,800.00"
19/08/2022,"28,686.06","29,012.45","28,432.20","28,541.00",,,"1,451,800.00"
18/08/2022,"28,794.86","29,084.98","28,722.33","28,722.33",,,"1,480,900.00"
17/08/2022,"29,375.11","29,447.64","29,012.45","29,012.45",,,"1,394,900.00"
16/08/2022,"29,701.50","29,810.30","29,375.11","29,375.11",,,"981,400.00"
15/08/2022,"28,504.74","29,846.56","28,504.74","29,737.77",,,"3,772,200.00"
12/08/2022,"27,779.42","28,432.20","27,670.63","28,432.20",,,"1,639,000.00"
11/08/2022,"28,287.14","28,504.74","27,706.89","27,779.42",,,"1,834,100.00"
10/08/2022,"27,924.49","28,142.08","27,851.96","27,851.96",,,"987,000.00"
09/08/2022,"28,142.08","28,432.20","27,997.02","28,033.28",,,"1,567,700.00"
08/08/2022,"28,287.14","28,468.47","28,069.55","28,142.08",,,"987,900.00"
05/08/2022,"28,432.20","28,432.20","27,924.49","28,287.14",,,"1,029,400.00"
04/08/2022,"28,504.74","28,758.59","27,924.49","28,504.74",,,"2,421,700.00"
03/08/2022,"27,525.57","28,504.74","27,489.30","28,504.74",,,"2,146,200.00"
02/08/2022,"27,997.02","28,287.14","27,706.89","27,924.49",,,"1,951,800.00"
01/08/2022,"27,126.64","28,287.14","27,054.11","28,287.14",,,"3,367,400.00"
29/07/2022,"26,618.93","27,489.30","26,582.66","27,054.11",,,"4,174,700.00"
28/07/2022,"26,111.21","26,727.72","25,893.61","26,473.86",,,"2,049,800.00"
27/07/2022,"25,784.82","25,857.35","25,385.90","25,784.82",,,"725,200.00"
26/07/2022,"25,966.15","26,111.21","25,748.55","25,784.82",,,"1,090,800.00"
25/07/2022,"25,748.55","26,038.68","25,240.83","25,676.02",,,"1,196,800.00"
22/07/2022,"26,763.99","26,763.99","25,748.55","25,748.55",,,"1,247,400.00"
21/07/2022,"26,256.27","26,727.72","26,256.27","26,473.86",,,"1,519,100.00"
20/07/2022,"26,256.27","26,763.99","26,074.94","26,401.33",,,"1,587,800.00"
19/07/2022,"25,748.55","26,002.41","25,385.90","25,857.35",,,"1,081,900.00"
18/07/2022,"26,111.21","26,111.21","25,676.02","25,748.55",,,"1,698,400.00"
15/07/2022,"26,183.74","26,655.19","25,966.15","25,966.15",,,"1,387,300.00"
14/07/2022,"25,966.15","26,763.99","25,929.88","26,220.01",,,"1,504,200.00"
13/07/2022,"26,256.27","26,981.58","25,966.15","26,147.47",,,"2,657,100.00"
12/07/2022,"24,914.44","26,473.86","24,805.65","26,401.33",,,"1,671,000.00"
11/07/2022,"25,313.37","25,494.69","23,935.27","25,023.24",,,"2,058,500.00"
08/07/2022,"26,401.33","26,437.60","25,385.90","25,385.90",,,"1,979,400.00"
07/07/2022,"25,676.02","26,582.66","24,878.18","26,328.80",,,"2,824,700.00"
06/07/2022,"25,966.15","26,763.99","25,748.55","25,821.08",,,"2,751,616.00"
05/07/2022,"25,422.16","27,199.18","25,385.90","26,328.80",,,"4,953,559.00"
04/07/2022,"25,748.55","25,929.88","25,313.37","25,422.16",,,"1,827,500.00"
01/07/2022,"23,862.74","25,893.61","23,282.49","25,422.16",,,"3,520,700.00"
30/06/2022,"25,385.90","25,385.90","24,297.93","24,297.93",,,"1,498,400.00"
29/06/2022,"23,935.27","25,313.37","23,935.27","25,313.37",,,"2,412,200.00"
28/06/2022,"22,919.84","24,624.32","22,919.84","24,406.73",,,"2,512,700.00"
27/06/2022,"22,702.25","23,064.90","22,593.45","23,028.64",,,"826,300.00"
24/06/2022,"22,629.71","23,391.29","22,557.18","22,629.71",,,"1,328,200.00"
23/06/2022,"22,122.00","22,484.65","21,795.61","22,484.65",,,"422,300.00"
22/06/2022,"21,976.93","22,919.84","21,614.28","22,122.00",,,"1,532,700.00"
21/06/2022,"21,106.56","22,230.79","20,997.76","21,976.93",,,"1,403,700.00"
20/06/2022,"22,992.37","23,064.90","21,396.68","21,396.68",,,"972,600.00"
17/06/2022,"23,173.70","23,173.70","22,629.71","22,919.84",,,"1,218,700.00"
16/06/2022,"23,209.96","23,790.21","23,209.96","23,427.56",,,"1,621,500.00"
15/06/2022,"23,209.96","23,572.62","22,484.65","23,209.96",,,"1,366,100.00"
14/06/2022,"23,137.43","23,790.21","22,557.18","23,427.56",,,"1,178,900.00"
13/06/2022,"23,971.54","24,189.13","23,173.70","23,173.70",,,"1,446,900.00"
10/06/2022,"24,696.85","24,878.18","24,515.52","24,515.52",,,"916,000.00"
09/06/2022,"24,914.44","25,204.57","24,733.12","25,023.24",,,"594,400.00"
08/06/2022,"24,442.99","25,240.83","24,406.73","24,878.18",,,"982,900.00"
07/06/2022,"24,733.12","24,805.65","24,007.81","24,370.46",,,"1,172,500.00"
06/06/2022,"24,914.44","25,132.04","24,515.52","24,805.65",,,"918,800.00"
03/06/2022,"25,168.30","25,204.57","24,660.59","24,914.44",,,"570,700.00"
02/06/2022,"25,494.69","25,530.96","25,023.24","25,168.30",,,"905,200.00"
01/06/2022,"25,458.43","25,784.82","25,349.63","25,494.69",,,"1,071,100.00"
31/05/2022,"25,748.55","25,821.08","25,385.90","25,603.49",,,"1,027,300.00"
30/05/2022,"25,748.55","26,002.41","25,530.96","25,929.88",,,"1,088,100.00"
27/05/2022,"25,458.43","25,676.02","25,313.37","25,603.49",,,"891,000.00"
26/05/2022,"25,821.08","25,929.88","25,385.90","25,458.43",,,"1,194,100.00"
25/05/2022,"24,660.59","25,458.43","24,660.59","25,313.37",,,"1,066,800.00"
24/05/2022,"24,442.99","24,551.79","24,007.81","24,479.26",,,"768,000.00"
23/05/2022,"24,950.71","25,168.30","23,935.27","24,189.13",,,"1,002,800.00"
20/05/2022,"24,950.71","25,313.37","24,878.18","25,023.24",,,"1,128,100.00"
19/05/2022,"24,660.59","25,385.90","24,588.05","25,132.04",,,"895,100.00"
18/05/2022,"25,313.37","25,748.55","24,805.65","25,313.37",,,"1,288,800.00"
17/05/2022,"23,572.62","24,986.98","23,246.23","24,986.98",,,"1,175,800.00"
16/05/2022,"24,080.34","24,116.60","23,355.03","23,355.03",,,"1,280,700.00"
13/05/2022,"24,515.52","24,660.59","23,064.90","23,064.90",,,"2,353,900.00"
12/05/2022,"25,676.02","25,966.15","24,370.46","24,370.46",,,"1,507,900.00"
11/05/2022,"25,929.88","26,183.74","25,422.16","26,183.74",,,"862,900.00"
10/05/2022,"24,733.12","26,038.68","24,297.93","25,966.15",,,"1,727,600.00"
09/05/2022,"26,546.40","26,763.99","24,986.98","24,986.98",,,"2,414,100.00"
06/05/2022,"27,090.38","27,453.03","26,836.52","26,836.52",,,"1,606,200.00"
05/05/2022,"27,271.71","27,706.89","26,836.52","27,706.89",,,"1,990,600.00"
04/05/2022,"27,017.85","27,344.24","26,800.25","27,017.85",,,"1,561,000.00"
29/04/2022,"26,727.72","27,380.50","26,691.46","27,017.85",,,"1,518,600.00"
28/04/2022,"26,981.58","26,981.58","26,618.93","26,618.93",,,"974,900.00"
27/04/2022,"26,836.52","27,199.18","26,437.60","26,981.58",,,"748,100.00"
26/04/2022,"25,494.69","27,017.85","25,494.69","26,763.99",,,"1,857,800.00"
25/04/2022,"27,924.49","27,997.02","26,002.41","26,002.41",,,"2,945,400.00"
22/04/2022,"27,997.02","28,359.67","27,561.83","27,924.49",,,"2,628,900.00"
21/04/2022,"27,489.30","28,105.81","27,307.97","27,924.49",,,"2,094,100.00"
20/04/2022,"27,525.57","28,142.08","27,453.03","27,525.57",,,"1,458,300.00"
19/04/2022,"27,815.69","28,432.20","27,199.18","27,525.57",,,"2,322,500.00"
18/04/2022,"28,686.06","28,794.86","27,416.77","27,525.57",,,"2,820,600.00"
15/04/2022,"29,447.64","29,882.83","28,287.14","28,504.74",,,"2,508,700.00"
14/04/2022,"30,027.89","30,027.89","29,375.11","29,375.11",,,"1,890,900.00"
13/04/2022,"29,375.11","30,027.89","29,084.98","29,665.23",,,"1,996,100.00"
12/04/2022,"30,680.67","30,680.67","29,338.84","29,338.84",,,"3,187,500.00"
08/04/2022,"31,188.39","31,333.45","30,318.01","30,390.55",,,"3,146,100.00"
07/04/2022,"31,551.04","32,167.56","31,224.65","31,224.65",,,"3,152,800.00"
06/04/2022,"31,188.39","31,768.64","30,934.53","31,551.04",,,"3,242,600.00"
05/04/2022,"31,551.04","31,768.64","31,297.18","31,405.98",,,"2,905,000.00"
04/04/2022,"32,602.74","32,602.74","32,095.03","32,095.03",,,"2,081,900.00"
01/04/2022,"31,551.04","32,276.35","31,478.51","32,167.56",,,"3,165,900.00"
31/03/2022,"31,732.37","31,877.43","31,478.51","31,551.04",,,"1,444,000.00"
30/03/2022,"30,535.61","32,639.01","30,245.48","31,587.31",,,"3,512,800.00"
29/03/2022,"30,245.48","30,825.73","30,100.42","30,753.20",,,"1,733,800.00"
28/03/2022,"31,188.39","31,514.78","30,064.16","30,172.95",,,"3,983,900.00"
25/03/2022,"31,297.18","31,804.90","30,898.26","31,514.78",,,"1,969,000.00"
24/03/2022,"31,478.51","31,514.78","31,188.39","31,260.92",,,"1,287,000.00"
23/03/2022,"31,514.78","32,203.82","31,297.18","31,478.51",,,"1,995,900.00"
22/03/2022,"31,768.64","31,877.43","31,333.45","31,551.04",,,"2,825,000.00"
21/03/2022,"31,841.17","31,986.23","31,405.98","31,768.64",,,"1,279,000.00"
,,,,,,,
,,,,,,,
SIMPLIZE,,,,,,,
"Số 5 ngõ 316 Lê Trọng Tấn, Phường Khương Mai, Quận Thanh Xuân, TP.Hà Nội
",,,,,,,
Website: simplize.vn,,,,,,,
Email: info@simplize.vn,,,,,,,
Tel: (+84) 38 840 8668,,,,,,,
