Tên công ty,Ngân hàng Thương mại Cổ phần Công Thương Việt Nam,,,,,,
Tên báo cáo,Lịch sử giá,,,,,,
Ngày tải,24/03/2026,,,,,,
,,,,,,,
NGÀY,GIÁ MỞ CỬA,GIÁ CAO NHẤT,GIÁ THẤP NHẤT,GIÁ ĐÓNG CỬA,THAY ĐỔI GIÁ,% THAY ĐỔI,KHỐI LƯỢNG
24/03/2026,"33,300.00","33,950.00","33,100.00","33,500.00","1,000.00",0.03,"5,107,300.00"
23/03/2026,"33,200.00","33,200.00","32,000.00","32,500.00","-1,100.00",-0.03,"13,238,000.00"
20/03/2026,"34,550.00","34,600.00","33,600.00","33,600.00","-1,050.00",-0.03,"10,708,700.00"
19/03/2026,"34,500.00","34,800.00","34,300.00","34,650.00",-350.00,-0.01,"7,530,900.00"
18/03/2026,"34,600.00","35,750.00","34,600.00","35,000.00",600.00,0.02,"12,546,300.00"
17/03/2026,"34,450.00","34,800.00","34,400.00","34,400.00",250.00,0.01,"7,184,200.00"
16/03/2026,"34,050.00","34,500.00","34,000.00","34,150.00",150.00,0.00,"5,159,300.00"
13/03/2026,"34,300.00","34,500.00","33,950.00","34,000.00",-300.00,-0.01,"8,278,900.00"
12/03/2026,"34,800.00","34,900.00","34,250.00","34,300.00",-800.00,-0.02,"12,913,700.00"
11/03/2026,"35,000.00","35,600.00","34,700.00","35,100.00",50.00,0.00,"12,877,000.00"
10/03/2026,"34,200.00","35,150.00","33,600.00","35,050.00","1,850.00",0.06,"24,975,700.00"
09/03/2026,"33,200.00","33,500.00","33,200.00","33,200.00","-2,450.00",-0.07,"17,770,800.00"
06/03/2026,"35,900.00","36,300.00","35,650.00","35,650.00",-550.00,-0.02,"8,532,000.00"
05/03/2026,"37,000.00","37,100.00","36,200.00","36,200.00",-200.00,-0.01,"8,015,700.00"
04/03/2026,"35,750.00","36,700.00","35,450.00","36,400.00",500.00,0.01,"19,451,000.00"
03/03/2026,"36,800.00","37,300.00","35,900.00","35,900.00",-950.00,-0.03,"21,254,700.00"
02/03/2026,"37,500.00","37,850.00","36,850.00","36,850.00","-1,400.00",-0.04,"25,730,000.00"
27/02/2026,"38,450.00","38,450.00","38,050.00","38,250.00",-250.00,-0.01,"8,888,400.00"
26/02/2026,"38,550.00","38,750.00","38,050.00","38,500.00",0.00,0.00,"11,489,400.00"
25/02/2026,"38,350.00","39,100.00","38,200.00","38,500.00",300.00,0.01,"10,573,600.00"
24/02/2026,"38,550.00","38,700.00","38,050.00","38,200.00",-500.00,-0.01,"12,133,300.00"
23/02/2026,"38,950.00","39,000.00","38,550.00","38,700.00",100.00,0.00,"8,379,600.00"
13/02/2026,"38,000.00","38,600.00","37,700.00","38,600.00",600.00,0.02,"9,259,700.00"
12/02/2026,"38,300.00","38,300.00","37,750.00","38,000.00",100.00,0.00,"8,656,700.00"
11/02/2026,"37,450.00","38,250.00","37,300.00","37,900.00",800.00,0.02,"13,723,100.00"
10/02/2026,"37,500.00","37,600.00","36,650.00","37,100.00",0.00,0.00,"12,648,100.00"
09/02/2026,"37,700.00","37,850.00","36,800.00","37,100.00",-300.00,-0.01,"9,918,300.00"
06/02/2026,"38,200.00","38,350.00","37,400.00","37,400.00","-1,200.00",-0.03,"24,838,700.00"
05/02/2026,"39,650.00","39,700.00","38,600.00","38,600.00","-1,000.00",-0.03,"16,072,100.00"
04/02/2026,"39,900.00","39,900.00","39,150.00","39,600.00",-100.00,0.00,"18,233,300.00"
03/02/2026,"39,750.00","40,300.00","39,300.00","39,700.00",350.00,0.01,"23,670,600.00"
02/02/2026,"38,800.00","39,800.00","38,700.00","39,350.00",600.00,0.02,"23,383,000.00"
30/01/2026,"38,200.00","39,000.00","37,800.00","38,750.00",450.00,0.01,"28,474,900.00"
29/01/2026,"38,500.00","38,900.00","38,100.00","38,300.00",-100.00,0.00,"10,027,200.00"
28/01/2026,"38,350.00","39,650.00","38,300.00","38,400.00",150.00,0.00,"15,308,300.00"
27/01/2026,"38,200.00","38,650.00","38,100.00","38,250.00",50.00,0.00,"12,601,700.00"
26/01/2026,"39,050.00","39,150.00","38,050.00","38,200.00",-800.00,-0.02,"17,221,600.00"
23/01/2026,"40,000.00","40,050.00","38,850.00","39,000.00",-900.00,-0.02,"17,979,800.00"
22/01/2026,"40,400.00","41,300.00","39,850.00","39,900.00",-300.00,-0.01,"21,656,100.00"
21/01/2026,"39,550.00","40,550.00","39,000.00","40,200.00",550.00,0.01,"20,390,200.00"
20/01/2026,"40,450.00","40,600.00","39,650.00","39,650.00",-350.00,-0.01,"18,904,200.00"
19/01/2026,"39,650.00","40,350.00","39,550.00","40,000.00",400.00,0.01,"13,549,500.00"
16/01/2026,"40,700.00","41,550.00","39,500.00","39,600.00",-400.00,-0.01,"21,678,400.00"
15/01/2026,"40,500.00","41,000.00","39,600.00","40,000.00","-1,450.00",-0.03,"28,177,000.00"
14/01/2026,"40,800.00","43,250.00","40,650.00","41,450.00",150.00,0.00,"30,568,900.00"
13/01/2026,"41,500.00","42,350.00","40,000.00","41,300.00",-200.00,0.00,"32,378,300.00"
12/01/2026,"42,000.00","43,500.00","41,350.00","41,500.00",750.00,0.02,"37,246,900.00"
09/01/2026,"39,000.00","40,850.00","38,700.00","40,750.00","2,550.00",0.07,"38,922,900.00"
08/01/2026,"37,550.00","39,500.00","37,100.00","38,200.00",750.00,0.02,"31,939,500.00"
07/01/2026,"36,400.00","37,500.00","36,350.00","37,450.00","1,250.00",0.03,"22,144,400.00"
06/01/2026,"35,400.00","36,200.00","34,800.00","36,200.00",700.00,0.02,"14,857,900.00"
05/01/2026,"35,800.00","36,100.00","34,550.00","35,500.00",-250.00,-0.01,"10,427,300.00"
31/12/2025,"35,700.00","35,800.00","35,400.00","35,750.00",100.00,0.00,"7,920,700.00"
30/12/2025,"35,350.00","35,950.00","35,200.00","35,650.00",350.00,0.01,"8,456,300.00"
29/12/2025,"35,000.00","35,350.00","34,900.00","35,300.00",100.00,0.00,"7,192,400.00"
26/12/2025,"34,900.00","35,250.00","34,250.00","35,200.00",200.00,0.01,"10,622,300.00"
25/12/2025,"35,400.00","36,450.00","35,000.00","35,000.00",-300.00,-0.01,"13,969,300.00"
24/12/2025,"35,000.00","35,300.00","34,700.00","35,300.00",300.00,0.01,"9,502,300.00"
23/12/2025,"35,300.00","35,550.00","34,650.00","35,000.00",-150.00,0.00,"9,893,700.00"
22/12/2025,"34,500.00","35,250.00","34,300.00","35,150.00",700.00,0.02,"11,776,100.00"
19/12/2025,"34,350.00","34,600.00","34,050.00","34,450.00",100.00,0.00,"7,234,100.00"
18/12/2025,"34,700.00","34,750.00","33,950.00","34,350.00",-350.00,-0.01,"5,822,900.00"
17/12/2025,"35,500.00","35,550.00","34,350.00","34,700.00",-550.00,-0.02,"10,665,100.00"
16/12/2025,"34,569.40","35,260.79","33,912.58","35,260.79","1,300.00",0.03,"15,208,412.00"
15/12/2025,"34,292.85","34,396.55","33,912.58","34,361.98",200.00,0.00,"6,529,000.00"
12/12/2025,"34,776.82","34,984.23","34,223.71","34,223.71",-600.00,-0.01,"9,014,406.00"
11/12/2025,"35,053.37","35,053.37","34,569.40","34,638.54",-400.00,-0.01,"4,633,204.00"
10/12/2025,"34,845.96","35,122.51","34,638.54","34,915.09",400.00,0.01,"5,476,600.00"
09/12/2025,"35,191.65","35,191.65","34,534.83","34,638.54","-1,000.00",-0.02,"9,598,107.00"
08/12/2025,"35,537.34","35,537.34","34,984.23","35,329.93",-400.00,-0.01,"6,347,903.00"
05/12/2025,"36,021.32","36,090.45","35,399.07","35,606.48",-500.00,-0.01,"6,756,703.00"
04/12/2025,"36,090.45","36,367.01","35,744.76","35,952.18",0.00,0.00,"7,628,000.00"
03/12/2025,"34,223.71","36,228.73","34,223.71","35,952.18","2,950.00",0.06,"22,797,704.00"
02/12/2025,"33,843.44","34,016.29","33,463.18","33,912.58",650.00,0.01,"9,021,700.00"
01/12/2025,"33,808.87","33,843.44","33,463.18","33,463.18",-600.00,-0.01,"3,949,632.00"
28/11/2025,"33,636.03","33,878.01","33,324.90","33,878.01",150.00,0.00,"4,747,409.00"
27/11/2025,"33,878.01","34,292.85","33,739.73","33,774.30",-50.00,0.00,"7,692,311.00"
26/11/2025,"33,394.04","33,808.87","33,117.49","33,808.87",750.00,0.02,"7,145,215.00"
25/11/2025,"33,670.60","33,843.44","33,290.33","33,290.33",-650.00,-0.01,"5,698,505.00"
24/11/2025,"33,947.15","34,016.29","33,705.17","33,739.73",-300.00,-0.01,"4,321,817.00"
21/11/2025,"33,601.46","34,016.29","33,394.04","33,947.15",0.00,0.00,"6,630,908.00"
20/11/2025,"34,085.43","34,085.43","33,636.03","33,947.15",-250.00,-0.01,"4,637,203.00"
19/11/2025,"34,154.57","34,154.57","33,705.17","34,120.00",-50.00,0.00,"5,409,701.00"
18/11/2025,"33,808.87","34,258.28","33,774.30","34,154.57",550.00,0.01,"6,066,415.00"
17/11/2025,"33,705.17","33,843.44","33,428.61","33,774.30",300.00,0.01,"5,404,850.00"
14/11/2025,"33,532.32","33,601.46","33,221.19","33,566.89",-300.00,-0.01,"6,617,600.00"
13/11/2025,"33,981.72","33,981.72","33,463.18","33,774.30",-350.00,-0.01,"5,668,500.00"
12/11/2025,"33,532.32","34,223.71","33,255.76","34,016.29",700.00,0.01,"6,729,000.00"
11/11/2025,"33,290.33","33,532.32","32,495.24","33,532.32",500.00,0.01,"8,871,108.00"
10/11/2025,"33,670.60","33,878.01","32,944.64","33,186.62","-1,000.00",-0.02,"8,171,700.00"
07/11/2025,"34,915.09","35,399.07","33,497.75","33,878.01","-2,100.00",-0.04,"13,156,805.00"
06/11/2025,"35,399.07","35,399.07","34,638.54","35,329.93",-200.00,0.00,"8,525,508.00"
05/11/2025,"34,431.12","35,675.62","34,223.71","35,468.20","1,350.00",0.03,"10,663,403.00"
04/11/2025,"33,359.47","34,569.40","33,082.92","34,534.83","1,450.00",0.03,"8,743,310.00"
03/11/2025,"34,085.43","34,292.85","33,532.32","33,532.32",-500.00,-0.01,"5,785,807.00"
31/10/2025,"34,465.69","34,915.09","33,878.01","33,878.01",-200.00,0.00,"10,058,415.00"
30/10/2025,"34,431.12","34,465.69","33,947.15","34,016.29",-450.00,-0.01,"4,880,504.00"
29/10/2025,"34,016.29","34,776.82","33,912.58","34,327.41",650.00,0.01,"7,475,603.00"
28/10/2025,"33,566.89","33,878.01","33,013.78","33,878.01",400.00,0.01,"6,328,500.00"
27/10/2025,"34,431.12","34,465.69","33,601.46","33,601.46","-1,200.00",-0.02,"5,486,100.00"
24/10/2025,"34,120.00","34,500.26","33,186.62","34,431.12",100.00,0.00,"11,759,500.00"
23/10/2025,"34,569.40","34,845.96","34,292.85","34,361.98",-800.00,-0.02,"8,542,000.00"
22/10/2025,"34,915.09","34,915.09","33,532.32","34,915.09",550.00,0.01,"11,774,700.00"
21/10/2025,"33,878.01","34,845.96","33,808.87","34,534.83","1,050.00",0.02,"13,902,900.00"
20/10/2025,"36,505.29","36,920.12","33,739.73","33,808.87","-3,300.00",-0.06,"25,218,500.00"
17/10/2025,"37,127.54","37,473.23","36,090.45","36,090.45","-1,600.00",-0.03,"17,844,200.00"
16/10/2025,"37,957.20","38,026.34","36,989.26","37,196.67","-1,000.00",-0.02,"11,083,700.00"
15/10/2025,"37,680.65","38,164.62","37,404.09","37,888.06",400.00,0.01,"8,115,900.00"
14/10/2025,"38,648.59","38,648.59","37,611.51","37,611.51","-1,200.00",-0.02,"13,820,600.00"
13/10/2025,"37,515.02","38,612.35","37,446.44","38,406.60",800.00,0.01,"13,279,600.00"
10/10/2025,"38,200.85","38,749.52","37,652.19","37,857.94",200.00,0.00,"13,574,400.00"
09/10/2025,"36,280.52","37,720.77","36,074.77","37,720.77","2,100.00",0.04,"23,979,800.00"
08/10/2025,"35,800.44","36,623.44","35,663.28","36,280.52","1,300.00",0.03,"12,086,900.00"
07/10/2025,"36,211.94","36,211.94","35,388.94","35,388.94",-800.00,-0.02,"7,660,100.00"
06/10/2025,"35,183.19","36,143.36","34,977.44","35,937.61","1,600.00",0.03,"9,679,400.00"
03/10/2025,"35,183.19","35,251.78","34,497.36","34,840.28",-700.00,-0.01,"7,630,900.00"
02/10/2025,"35,526.11","35,937.61","35,114.61","35,320.36",0.00,0.00,"8,530,200.00"
01/10/2025,"34,977.44","35,594.69","34,565.94","35,320.36",700.00,0.01,"7,803,100.00"
30/09/2025,"34,840.28","34,977.44","34,291.61","34,840.28",-200.00,0.00,"6,642,300.00"
29/09/2025,"34,771.69","35,114.61","34,565.94","34,977.44",300.00,0.01,"4,416,900.00"
26/09/2025,"34,497.36","35,388.94","34,257.32","34,771.69",400.00,0.01,"10,397,000.00"
25/09/2025,"34,634.53","34,840.28","34,360.19","34,497.36",-200.00,0.00,"4,716,600.00"
24/09/2025,"34,085.86","34,634.53","33,811.53","34,634.53",500.00,0.01,"5,260,700.00"
23/09/2025,"33,948.69","34,291.61","33,880.11","34,291.61",700.00,0.01,"4,323,500.00"
22/09/2025,"34,771.69","34,908.86","33,640.07","33,811.53","-1,900.00",-0.04,"11,784,200.00"
19/09/2025,"35,046.03","35,251.78","34,497.36","35,114.61",0.00,0.00,"8,158,800.00"
18/09/2025,"35,320.36","35,388.94","34,703.11","35,114.61",-200.00,0.00,"8,307,900.00"
17/09/2025,"36,006.19","36,006.19","35,251.78","35,251.78","-1,100.00",-0.02,"7,878,000.00"
16/09/2025,"35,663.28","36,417.69","35,526.11","36,006.19",900.00,0.02,"18,832,800.00"
15/09/2025,"34,703.11","35,388.94","34,257.32","35,388.94","1,200.00",0.02,"12,899,800.00"
12/09/2025,"34,771.69","35,251.78","34,565.94","34,565.94",-200.00,0.00,"8,156,000.00"
11/09/2025,"34,428.78","34,703.11","33,502.90","34,703.11",100.00,0.00,"6,966,500.00"
10/09/2025,"34,017.28","35,251.78","34,017.28","34,634.53",900.00,0.02,"12,058,700.00"
09/09/2025,"33,948.69","34,154.44","33,502.90","34,017.28",100.00,0.00,"7,640,900.00"
08/09/2025,"34,291.61","34,360.19","33,640.07","33,948.69",-800.00,-0.02,"14,834,400.00"
05/09/2025,"35,114.61","35,388.94","34,497.36","34,497.36",-700.00,-0.01,"11,266,800.00"
04/09/2025,"34,703.11","35,526.11","34,565.94","34,977.44",400.00,0.01,"9,145,200.00"
03/09/2025,"35,046.03","35,114.61","34,565.94","34,703.11",-700.00,-0.01,"10,235,900.00"
29/08/2025,"35,594.69","35,594.69","34,908.86","35,183.19",-300.00,-0.01,"12,327,700.00"
28/08/2025,"35,114.61","35,526.11","34,565.94","35,388.94",500.00,0.01,"11,396,700.00"
27/08/2025,"35,663.28","36,486.27","34,840.28","35,046.03",-100.00,0.00,"18,567,600.00"
26/08/2025,"33,297.15","35,114.61","33,262.86","35,114.61","2,100.00",0.04,"10,162,500.00"
25/08/2025,"35,320.36","35,388.94","33,468.61","33,674.36","-1,800.00",-0.04,"15,832,700.00"
22/08/2025,"35,320.36","36,623.44","34,223.03","34,908.86",-900.00,-0.02,"24,410,800.00"
21/08/2025,"35,183.19","36,143.36","34,977.44","35,526.11","1,200.00",0.02,"17,887,200.00"
20/08/2025,"34,051.57","35,663.28","33,674.36","34,703.11","1,000.00",0.02,"15,990,000.00"
19/08/2025,"33,537.20","34,154.44","33,502.90","34,017.28","1,100.00",0.02,"11,749,300.00"
18/08/2025,"33,640.07","33,880.11","33,057.11","33,262.86",-500.00,-0.01,"12,702,300.00"
15/08/2025,"34,840.28","34,908.86","33,468.61","33,605.78","-1,200.00",-0.02,"15,853,500.00"
14/08/2025,"34,428.78","35,046.03","34,017.28","34,428.78",600.00,0.01,"18,777,000.00"
13/08/2025,"32,988.53","34,017.28","32,336.99","34,017.28","1,600.00",0.03,"17,933,600.00"
12/08/2025,"32,577.03","33,228.57","32,234.11","32,919.95",500.00,0.01,"14,447,400.00"
11/08/2025,"32,782.78","32,817.07","32,336.99","32,577.03",-200.00,0.00,"9,037,900.00"
08/08/2025,"32,885.65","32,919.95","32,096.95","32,714.20",-150.00,0.00,"12,538,000.00"
07/08/2025,"32,919.95","32,919.95","32,199.82","32,817.07",350.00,0.01,"9,351,600.00"
06/08/2025,"32,371.28","32,748.49","31,925.49","32,577.03","1,000.00",0.02,"10,501,100.00"
05/08/2025,"31,513.99","33,434.32","31,273.95","31,891.20",850.00,0.02,"24,346,700.00"
04/08/2025,"30,176.62","31,376.82","29,902.28","31,308.24","1,350.00",0.03,"9,917,000.00"
01/08/2025,"31,548.28","31,548.28","30,279.49","30,382.37","-1,600.00",-0.03,"16,339,400.00"
31/07/2025,"32,577.03","32,577.03","30,896.74","31,479.70",-300.00,-0.01,"20,410,700.00"
30/07/2025,"30,176.62","32,131.24","30,073.74","31,685.45","2,400.00",0.05,"22,513,200.00"
29/07/2025,"31,411.12","31,582.57","30,039.45","30,039.45","-1,800.00",-0.04,"14,822,900.00"
28/07/2025,"31,205.37","31,548.28","31,136.78","31,273.95",0.00,0.00,"11,052,000.00"
25/07/2025,"31,411.12","31,685.45","31,171.07","31,273.95",-100.00,0.00,"6,007,900.00"
24/07/2025,"31,308.24","31,513.99","30,999.62","31,342.53",50.00,0.00,"5,115,900.00"
23/07/2025,"31,342.53","31,445.41","30,725.28","31,308.24",50.00,0.00,"6,424,800.00"
22/07/2025,"30,999.62","31,273.95","30,656.70","31,273.95",400.00,0.01,"4,912,800.00"
21/07/2025,"31,273.95","31,376.82","30,656.70","30,999.62",150.00,0.00,"6,648,900.00"
18/07/2025,"30,862.45","31,239.66","30,553.83","30,896.74",50.00,0.00,"8,336,000.00"
17/07/2025,"30,793.87","30,965.32","30,588.12","30,862.45",50.00,0.00,"7,610,100.00"
16/07/2025,"30,279.49","30,828.16","30,108.03","30,828.16",800.00,0.02,"2,865,200.00"
15/07/2025,"30,382.37","30,759.57","30,245.20","30,279.49",-150.00,0.00,"7,356,000.00"
14/07/2025,"30,519.53","30,553.83","29,970.87","30,382.37",-300.00,-0.01,"12,187,300.00"
11/07/2025,"30,828.16","30,828.16","30,553.83","30,588.12",-400.00,-0.01,"5,825,700.00"
10/07/2025,"30,793.87","30,862.45","30,382.37","30,862.45",0.00,0.00,"6,592,000.00"
09/07/2025,"30,450.95","30,999.62","30,382.37","30,862.45",600.00,0.01,"7,957,100.00"
08/07/2025,"30,519.53","30,588.12","30,210.91","30,450.95",0.00,0.00,"5,127,800.00"
07/07/2025,"29,490.79","30,450.95","29,456.49","30,450.95","1,700.00",0.04,"12,486,400.00"
04/07/2025,"29,285.04","29,353.62","28,942.12","29,285.04",200.00,0.00,"5,522,100.00"
03/07/2025,"28,702.08","29,319.33","28,667.79","29,147.87",600.00,0.01,"10,792,700.00"
02/07/2025,"28,702.08","28,873.54","28,667.79","28,736.37",0.00,0.00,"4,322,400.00"
01/07/2025,"28,599.20","28,804.95","28,496.33","28,736.37",0.00,0.00,"4,151,100.00"
30/06/2025,"28,804.95","28,804.95","28,496.33","28,736.37",-50.00,0.00,"6,484,500.00"
27/06/2025,"28,804.95","28,907.83","28,496.33","28,770.66",50.00,0.00,"5,976,500.00"
26/06/2025,"28,667.79","28,736.37","28,324.87","28,736.37",200.00,0.00,"6,109,700.00"
25/06/2025,"28,599.20","28,804.95","28,462.04","28,599.20",150.00,0.00,"8,648,000.00"
24/06/2025,"28,496.33","28,667.79","28,359.16","28,496.33",200.00,0.00,"9,883,700.00"
23/06/2025,"28,084.83","28,359.16","27,810.50","28,359.16",50.00,0.00,"5,115,700.00"
20/06/2025,"27,981.95","28,667.79","27,879.08","28,324.87",600.00,0.01,"12,520,200.00"
19/06/2025,"27,570.45","28,153.41","27,467.58","27,913.37",550.00,0.01,"10,199,000.00"
18/06/2025,"27,570.45","27,707.62","27,399.00","27,536.16",-200.00,0.00,"5,675,200.00"
17/06/2025,"27,741.91","27,741.91","27,296.12","27,673.33",50.00,0.00,"7,934,100.00"
16/06/2025,"27,399.00","27,639.04","27,364.71","27,639.04",400.00,0.01,"6,157,700.00"
13/06/2025,"26,335.96","27,947.66","26,164.50","27,364.71","1,400.00",0.04,"23,931,500.00"
12/06/2025,"26,095.92","26,438.83","25,993.04","26,404.54",500.00,0.01,"8,313,800.00"
11/06/2025,"26,061.62","26,061.62","25,753.00","26,061.62",150.00,0.00,"6,303,400.00"
10/06/2025,"26,061.62","26,198.79","25,958.75","25,958.75",-150.00,0.00,"4,718,300.00"
09/06/2025,"26,198.79","26,233.08","25,993.04","26,061.62",-200.00,-0.01,"3,549,900.00"
06/06/2025,"26,370.25","26,370.25","26,095.92","26,198.79",-350.00,-0.01,"3,538,900.00"
05/06/2025,"26,404.54","26,576.00","26,061.62","26,438.83",50.00,0.00,"4,395,000.00"
04/06/2025,"26,541.71","26,678.87","26,370.25","26,404.54",-50.00,0.00,"4,226,400.00"
03/06/2025,"26,507.42","26,576.00","26,335.96","26,438.83",150.00,0.00,"4,358,200.00"
02/06/2025,"26,233.08","26,507.42","26,027.33","26,335.96",100.00,0.00,"4,483,100.00"
30/05/2025,"26,850.33","26,850.33","26,198.79","26,267.37",-600.00,-0.02,"7,743,600.00"
29/05/2025,"27,056.08","27,090.37","26,678.87","26,678.87",-650.00,-0.02,"7,519,200.00"
28/05/2025,"27,227.54","27,261.83","26,816.04","27,124.66",-50.00,0.00,"5,643,900.00"
27/05/2025,"26,918.91","27,158.96","26,747.46","27,158.96",350.00,0.01,"7,823,400.00"
26/05/2025,"26,576.00","26,918.91","26,061.62","26,918.91",450.00,0.01,"7,670,300.00"
23/05/2025,"26,644.58","26,747.46","26,473.12","26,610.29",-50.00,0.00,"4,410,900.00"
22/05/2025,"26,987.50","27,090.37","26,507.42","26,644.58",-600.00,-0.02,"7,124,000.00"
21/05/2025,"26,953.21","27,707.62","26,953.21","27,056.08",-50.00,0.00,"8,709,000.00"
20/05/2025,"26,541.71","27,090.37","26,541.71","27,090.37",400.00,0.01,"6,678,100.00"
19/05/2025,"26,576.00","26,884.62","26,438.83","26,816.04",100.00,0.00,"7,329,400.00"
16/05/2025,"27,296.12","27,296.12","26,747.46","26,747.46",-750.00,-0.02,"6,642,600.00"
15/05/2025,"27,158.96","27,536.16","26,918.91","27,261.83",150.00,0.00,"9,871,500.00"
14/05/2025,"27,056.08","27,158.96","26,816.04","27,158.96",200.00,0.01,"9,362,800.00"
13/05/2025,"26,130.21","27,021.79","26,130.21","27,021.79","1,550.00",0.04,"15,839,400.00"
12/05/2025,"25,718.71","26,027.33","25,684.42","25,958.75",400.00,0.01,"9,059,900.00"
09/05/2025,"25,821.58","25,924.46","25,650.12","25,684.42",-100.00,0.00,"6,335,100.00"
08/05/2025,"25,650.12","25,787.29","25,512.96","25,753.00",100.00,0.00,"8,034,300.00"
07/05/2025,"25,718.71","25,753.00","25,478.67","25,684.42",-150.00,0.00,"6,368,600.00"
06/05/2025,"25,615.83","25,958.75","25,512.96","25,787.29",250.00,0.01,"7,279,200.00"
05/05/2025,"25,581.54","25,718.71","25,410.08","25,615.83",150.00,0.00,"3,862,800.00"
29/04/2025,"25,204.33","25,512.96","25,170.04","25,512.96",350.00,0.01,"4,956,700.00"
28/04/2025,"25,547.25","25,547.25","25,170.04","25,272.92",-300.00,-0.01,"5,216,100.00"
25/04/2025,"25,512.96","25,718.71","25,410.08","25,478.67",-250.00,-0.01,"6,488,300.00"
24/04/2025,"25,684.42","25,684.42","25,272.92","25,650.12",100.00,0.00,"6,855,100.00"
23/04/2025,"25,650.12","25,821.58","25,375.79","25,581.54",200.00,0.01,"6,755,500.00"
22/04/2025,"25,307.21","25,478.67","23,764.09","25,444.38",-150.00,0.00,"15,198,300.00"
21/04/2025,"25,753.00","25,958.75","25,170.04","25,547.25",-200.00,-0.01,"11,108,700.00"
18/04/2025,"25,958.75","26,095.92","25,684.42","25,684.42",200.00,0.01,"8,644,000.00"
17/04/2025,"25,375.79","25,615.83","25,135.75","25,547.25",50.00,0.00,"9,773,900.00"
16/04/2025,"25,890.17","26,130.21","25,512.96","25,512.96",-550.00,-0.01,"6,695,500.00"
15/04/2025,"25,924.46","26,061.62","25,512.96","25,890.17",-550.00,-0.01,"10,253,700.00"
14/04/2025,"26,473.12","26,473.12","25,958.75","26,267.37",-100.00,0.00,"9,975,357.00"
11/04/2025,"25,375.79","26,404.54","25,067.17","26,335.96","2,250.00",0.06,"20,246,200.00"
10/04/2025,"24,792.83","24,792.83","24,792.83","24,792.83","2,350.00",0.07,"2,907,100.00"
09/04/2025,"23,181.13","25,375.79","23,181.13","23,181.13","-2,200.00",-0.06,"17,505,900.00"
08/04/2025,"24,758.54","26,198.79","24,689.96","24,689.96","-2,700.00",-0.07,"19,507,400.00"
04/04/2025,"24,930.00","26,541.71","24,930.00","26,541.71",-350.00,-0.01,"17,713,000.00"
03/04/2025,"27,913.37","27,913.37","26,781.75","26,781.75","-2,900.00",-0.07,"19,949,700.00"
02/04/2025,"28,770.66","29,010.70","28,599.20","28,770.66",100.00,0.00,"5,595,900.00"
01/04/2025,"28,564.91","28,702.08","28,153.41","28,702.08",400.00,0.01,"4,851,500.00"
31/03/2025,"28,256.29","28,427.75","28,050.54","28,427.75",100.00,0.00,"4,639,700.00"
28/03/2025,"28,462.04","28,496.33","28,222.00","28,359.16",-250.00,-0.01,"4,235,000.00"
27/03/2025,"28,393.45","28,633.49","28,290.58","28,530.62",-150.00,0.00,"3,528,800.00"
26/03/2025,"28,976.41","29,113.58","28,530.62","28,633.49",-550.00,-0.01,"6,183,500.00"
25/03/2025,"28,770.66","29,010.70","28,599.20","29,010.70",500.00,0.01,"5,056,300.00"
24/03/2025,"28,393.45","28,667.79","28,187.70","28,667.79",150.00,0.00,"7,565,700.00"
21/03/2025,"28,530.62","28,564.91","28,153.41","28,564.91",50.00,0.00,"7,381,100.00"
20/03/2025,"28,496.33","28,667.79","28,119.12","28,530.62",50.00,0.00,"8,924,000.00"
19/03/2025,"28,736.37","28,804.95","28,393.45","28,496.33",-450.00,-0.01,"8,688,600.00"
18/03/2025,"29,422.20","29,422.20","28,770.66","28,804.95",-600.00,-0.01,"5,520,700.00"
17/03/2025,"29,010.70","29,216.45","28,942.12","29,216.45",300.00,0.01,"3,479,900.00"
14/03/2025,"28,839.24","29,010.70","28,667.79","29,010.70",0.00,0.00,"7,901,700.00"
13/03/2025,"29,285.04","29,285.04","28,907.83","29,010.70",-350.00,-0.01,"7,934,900.00"
12/03/2025,"29,353.62","29,696.53","29,010.70","29,250.74",50.00,0.00,"9,464,500.00"
11/03/2025,"28,804.95","29,216.45","28,667.79","29,216.45",150.00,0.00,"6,963,500.00"
10/03/2025,"29,285.04","29,285.04","28,873.54","29,113.58",50.00,0.00,"11,977,000.00"
07/03/2025,"28,599.20","29,079.29","28,564.91","29,079.29",750.00,0.02,"10,878,900.00"
06/03/2025,"28,393.45","28,633.49","28,256.29","28,564.91",450.00,0.01,"5,753,200.00"
05/03/2025,"28,530.62","28,976.41","28,222.00","28,256.29",-400.00,-0.01,"7,812,100.00"
04/03/2025,"28,119.12","28,667.79","27,981.95","28,530.62",350.00,0.01,"7,443,800.00"
03/03/2025,"28,256.29","28,290.58","28,016.25","28,290.58",-250.00,-0.01,"7,694,500.00"
28/02/2025,"28,324.87","28,530.62","28,119.12","28,462.04",0.00,0.00,"5,643,300.00"
27/02/2025,"28,290.58","28,496.33","28,016.25","28,462.04",150.00,0.00,"6,099,700.00"
26/02/2025,"28,667.79","28,667.79","28,187.70","28,359.16",-500.00,-0.01,"9,544,900.00"
25/02/2025,"28,770.66","28,873.54","28,393.45","28,702.08",-50.00,0.00,"5,778,900.00"
24/02/2025,"28,462.04","28,770.66","28,359.16","28,736.37",400.00,0.01,"7,279,700.00"
21/02/2025,"28,016.25","28,462.04","27,776.20","28,462.04",650.00,0.02,"7,730,600.00"
20/02/2025,"28,153.41","28,153.41","27,741.91","28,016.25",350.00,0.01,"5,379,200.00"
19/02/2025,"27,810.50","28,084.83","27,741.91","27,776.20",200.00,0.00,"6,156,000.00"
18/02/2025,"27,536.16","28,119.12","27,467.58","27,639.04",150.00,0.00,"6,653,300.00"
17/02/2025,"27,776.20","27,879.08","27,536.16","27,536.16",-400.00,-0.01,"7,166,100.00"
14/02/2025,"28,119.12","28,359.16","27,776.20","27,810.50",-300.00,-0.01,"5,740,600.00"
13/02/2025,"27,639.04","28,324.87","27,639.04","28,016.25",350.00,0.01,"6,965,200.00"
12/02/2025,"27,913.37","27,981.95","27,707.62","27,776.20",-200.00,0.00,"4,949,000.00"
11/02/2025,"27,673.33","28,050.54","27,536.16","27,913.37",400.00,0.01,"8,428,400.00"
10/02/2025,"27,981.95","28,187.70","27,467.58","27,639.04",-500.00,-0.01,"9,649,800.00"
07/02/2025,"27,090.37","28,256.29","26,918.91","27,981.95","1,300.00",0.03,"14,993,700.00"
06/02/2025,"27,021.79","27,330.41","26,884.62","27,090.37",150.00,0.00,"6,641,700.00"
05/02/2025,"27,193.25","27,227.54","26,816.04","26,987.50",-50.00,0.00,"6,706,000.00"
04/02/2025,"26,233.08","27,261.83","26,095.92","27,021.79","1,350.00",0.04,"14,798,400.00"
03/02/2025,"26,233.08","26,473.12","25,924.46","26,095.92",50.00,0.00,"8,367,900.00"
24/01/2025,"26,130.21","26,164.50","25,890.17","26,061.62",-100.00,0.00,"5,067,600.00"
23/01/2025,"25,650.12","26,198.79","25,581.54","26,130.21",800.00,0.02,"7,625,800.00"
22/01/2025,"25,787.29","25,787.29","25,547.25","25,581.54",0.00,0.00,"4,589,700.00"
21/01/2025,"25,684.42","25,924.46","25,410.08","25,581.54",0.00,0.00,"5,599,600.00"
20/01/2025,"25,547.25","25,855.87","25,478.67","25,581.54",100.00,0.00,"4,492,000.00"
17/01/2025,"25,238.63","25,512.96","25,101.46","25,512.96",400.00,0.01,"3,990,300.00"
16/01/2025,"25,272.92","25,512.96","24,964.29","25,238.63",50.00,0.00,"6,733,100.00"
15/01/2025,"25,375.79","25,444.38","25,101.46","25,204.33",-200.00,-0.01,"5,422,700.00"
14/01/2025,"25,684.42","25,993.04","25,307.21","25,341.50",-750.00,-0.02,"4,456,700.00"
13/01/2025,"25,512.96","25,855.87","24,827.13","25,855.87",200.00,0.01,"9,511,500.00"
10/01/2025,"25,650.12","26,198.79","25,512.96","25,718.71",100.00,0.00,"7,501,000.00"
09/01/2025,"25,924.46","25,993.04","25,547.25","25,650.12",-400.00,-0.01,"4,290,700.00"
08/01/2025,"25,650.12","25,993.04","25,547.25","25,924.46",350.00,0.01,"3,834,700.00"
07/01/2025,"25,718.71","26,061.62","25,478.67","25,684.42",250.00,0.01,"6,401,400.00"
06/01/2025,"25,547.25","25,821.58","25,410.08","25,512.96",0.00,0.00,"6,045,300.00"
03/01/2025,"25,924.46","26,061.62","25,512.96","25,512.96",-900.00,-0.02,"10,418,500.00"
02/01/2025,"26,061.62","26,267.37","25,787.29","26,130.21",300.00,0.01,"5,742,600.00"
31/12/2024,"26,473.12","26,541.71","25,924.46","25,924.46","-1,100.00",-0.03,"6,043,700.00"
30/12/2024,"26,404.54","26,678.87","26,301.67","26,678.87",100.00,0.00,"7,280,600.00"
27/12/2024,"26,301.67","26,610.29","26,061.62","26,610.29",600.00,0.02,"9,539,300.00"
26/12/2024,"26,335.96","26,335.96","26,061.62","26,198.79",0.00,0.00,"4,917,100.00"
25/12/2024,"24,827.13","26,541.71","24,827.13","26,198.79","2,000.00",0.06,"25,284,700.00"
24/12/2024,"24,758.54","24,827.13","24,621.38","24,827.13",-50.00,0.00,"2,941,100.00"
23/12/2024,"24,827.13","24,895.71","24,758.54","24,861.42",100.00,0.00,"3,121,200.00"
20/12/2024,"24,689.96","24,792.83","24,484.21","24,792.83",-50.00,0.00,"3,508,200.00"
19/12/2024,"24,587.08","24,827.13","24,415.63","24,827.13",-50.00,0.00,"6,363,500.00"
18/12/2024,"24,827.13","24,964.29","24,552.79","24,861.42",0.00,0.00,"2,953,300.00"
17/12/2024,"24,861.42","24,930.00","24,724.25","24,861.42",0.00,0.00,"3,543,900.00"
16/12/2024,"24,930.00","25,170.04","24,827.13","24,861.42",-100.00,0.00,"2,886,500.00"
13/12/2024,"24,792.83","25,032.88","24,758.54","24,930.00",50.00,0.00,"4,294,300.00"
12/12/2024,"24,964.29","25,238.63","24,827.13","24,895.71",-50.00,0.00,"5,030,500.00"
11/12/2024,"24,895.71","25,101.46","24,827.13","24,930.00",0.00,0.00,"4,504,000.00"
10/12/2024,"24,998.58","25,032.88","24,758.54","24,930.00",-100.00,0.00,"3,313,400.00"
09/12/2024,"24,792.83","25,032.88","24,724.25","24,998.58",200.00,0.01,"4,462,500.00"
06/12/2024,"25,032.88","25,135.75","24,861.42","24,861.42",-150.00,0.00,"5,625,800.00"
05/12/2024,"24,209.88","25,032.88","24,038.42","24,964.29","1,100.00",0.03,"10,529,100.00"
04/12/2024,"24,415.63","24,484.21","24,209.88","24,209.88",-600.00,-0.02,"4,137,800.00"
03/12/2024,"24,655.67","24,655.67","24,312.75","24,621.38",50.00,0.00,"5,440,900.00"
02/12/2024,"24,621.38","24,689.96","24,484.21","24,587.08",100.00,0.00,"4,468,300.00"
29/11/2024,"24,347.04","24,587.08","24,175.59","24,518.50",350.00,0.01,"5,276,400.00"
28/11/2024,"24,209.88","24,278.46","23,969.84","24,278.46",250.00,0.01,"3,289,800.00"
27/11/2024,"24,072.71","24,209.88","23,969.84","24,107.00",-150.00,0.00,"2,895,100.00"
26/11/2024,"24,004.13","24,244.17","23,935.54","24,209.88",200.00,0.01,"4,538,800.00"
25/11/2024,"23,969.84","24,072.71","23,798.38","24,072.71",100.00,0.00,"3,988,000.00"
22/11/2024,"23,935.54","24,141.29","23,798.38","24,004.13",0.00,0.00,"6,275,600.00"
21/11/2024,"23,318.30","24,004.13","23,043.96","24,004.13","1,000.00",0.03,"7,924,300.00"
20/11/2024,"22,666.75","23,318.30","22,666.75","23,318.30",650.00,0.02,"6,588,000.00"
19/11/2024,"22,975.38","23,043.96","22,632.46","22,872.50",50.00,0.00,"6,320,700.00"
18/11/2024,"22,701.05","23,078.25","22,426.71","22,838.21",200.00,0.01,"4,107,900.00"
15/11/2024,"23,043.96","23,043.96","22,495.30","22,701.05",-500.00,-0.01,"8,427,400.00"
14/11/2024,"23,524.04","23,524.04","23,043.96","23,043.96",-750.00,-0.02,"5,327,200.00"
13/11/2024,"23,626.92","23,661.21","23,284.00","23,558.34",-150.00,0.00,"4,503,900.00"
12/11/2024,"23,866.96","23,901.25","23,455.46","23,661.21",-450.00,-0.01,"4,399,200.00"
11/11/2024,"24,004.13","24,004.13","23,215.42","23,969.84",-50.00,0.00,"16,746,500.00"
08/11/2024,"24,484.21","24,689.96","23,866.96","24,004.13",-600.00,-0.02,"5,010,300.00"
07/11/2024,"24,621.38","24,792.83","24,415.63","24,415.63",-300.00,-0.01,"4,522,400.00"
06/11/2024,"24,141.29","24,621.38","24,072.71","24,621.38",850.00,0.02,"3,637,500.00"
05/11/2024,"24,347.04","24,484.21","24,038.42","24,038.42",-650.00,-0.02,"5,153,100.00"
04/11/2024,"24,381.34","24,655.67","24,244.17","24,484.21",100.00,0.00,"5,341,600.00"
01/11/2024,"24,381.34","24,655.67","24,347.04","24,415.63",-100.00,0.00,"8,047,200.00"
31/10/2024,"23,935.54","24,518.50","23,866.96","24,484.21",950.00,0.03,"9,494,500.00"
30/10/2024,"23,935.54","24,004.13","23,661.21","23,832.67",-200.00,-0.01,"2,666,400.00"
29/10/2024,"23,798.38","23,969.84","23,798.38","23,969.84",250.00,0.01,"2,984,000.00"
28/10/2024,"23,764.09","23,866.96","23,695.50","23,798.38",100.00,0.00,"2,328,100.00"
25/10/2024,"23,832.67","23,866.96","23,661.21","23,729.79",-250.00,-0.01,"4,542,300.00"
24/10/2024,"24,004.13","24,107.00","23,352.59","23,901.25",-200.00,-0.01,"6,445,900.00"
23/10/2024,"24,004.13","24,107.00","23,832.67","24,038.42",50.00,0.00,"4,520,500.00"
22/10/2024,"24,347.04","24,449.92","23,866.96","24,004.13",-500.00,-0.01,"9,519,000.00"
21/10/2024,"24,758.54","24,930.00","24,347.04","24,347.04",-750.00,-0.02,"8,242,100.00"
18/10/2024,"25,238.63","25,307.21","24,861.42","24,861.42",-300.00,-0.01,"7,054,400.00"
17/10/2024,"25,032.88","25,067.17","24,724.25","25,067.17",250.00,0.01,"6,200,700.00"
16/10/2024,"24,758.54","24,998.58","24,621.38","24,895.71",150.00,0.00,"4,058,300.00"
15/10/2024,"24,861.42","25,238.63","24,758.54","24,792.83",100.00,0.00,"10,587,200.00"
14/10/2024,"24,964.29","24,998.58","24,724.25","24,724.25",-200.00,-0.01,"4,210,500.00"
11/10/2024,"24,861.42","24,895.71","24,552.79","24,861.42",100.00,0.00,"4,282,800.00"
10/10/2024,"24,998.58","25,135.75","24,724.25","24,792.83",50.00,0.00,"6,295,000.00"
09/10/2024,"24,552.79","25,101.46","24,484.21","24,758.54",350.00,0.01,"9,484,500.00"
08/10/2024,"24,552.79","24,792.83","24,381.34","24,518.50",-50.00,0.00,"6,682,700.00"
07/10/2024,"24,621.38","24,655.67","24,347.04","24,552.79",200.00,0.01,"5,298,700.00"
04/10/2024,"24,792.83","24,792.83","24,415.63","24,415.63",-600.00,-0.02,"8,545,600.00"
03/10/2024,"24,689.96","25,204.33","24,621.38","24,827.13",200.00,0.01,"9,111,600.00"
02/10/2024,"24,792.83","24,998.58","24,655.67","24,689.96",-500.00,-0.01,"11,271,900.00"
01/10/2024,"25,341.50","25,444.38","24,930.00","25,032.88",-450.00,-0.01,"12,335,100.00"
30/09/2024,"25,307.21","25,512.96","25,135.75","25,341.50",-50.00,0.00,"4,899,975.00"
27/09/2024,"24,998.58","25,753.00","24,998.58","25,375.79",600.00,0.02,"15,727,800.00"
26/09/2024,"24,689.96","24,998.58","24,312.75","24,964.29",400.00,0.01,"22,853,200.00"
25/09/2024,"25,032.88","25,101.46","24,689.96","24,689.96",-50.00,0.00,"9,907,800.00"
24/09/2024,"24,621.38","24,827.13","24,449.92","24,724.25",150.00,0.00,"5,629,400.00"
23/09/2024,"24,655.67","24,895.71","24,449.92","24,621.38",-100.00,0.00,"5,629,200.00"
20/09/2024,"24,724.25","25,135.75","24,655.67","24,689.96",0.00,0.00,"13,229,300.00"
19/09/2024,"24,518.50","24,827.13","24,415.63","24,689.96",300.00,0.01,"5,945,500.00"
18/09/2024,"23,969.84","24,895.71","23,866.96","24,484.21",750.00,0.02,"17,630,600.00"
17/09/2024,"23,695.50","23,969.84","23,558.34","23,969.84",300.00,0.01,"5,340,100.00"
16/09/2024,"23,969.84","23,969.84","23,661.21","23,764.09",-250.00,-0.01,"6,040,800.00"
13/09/2024,"23,866.96","24,004.13","23,764.09","23,935.54",-100.00,0.00,"3,549,800.00"
12/09/2024,"24,175.59","24,175.59","23,798.38","24,004.13",50.00,0.00,"6,375,600.00"
11/09/2024,"23,969.84","24,072.71","23,626.92","23,969.84",0.00,0.00,"5,494,300.00"
10/09/2024,"24,278.46","24,381.34","23,866.96","23,969.84",-500.00,-0.01,"7,607,100.00"
09/09/2024,"24,141.29","24,312.75","24,004.13","24,312.75",-50.00,0.00,"5,375,600.00"
06/09/2024,"23,866.96","24,347.04","23,729.79","24,347.04",500.00,0.01,"9,610,300.00"
05/09/2024,"24,141.29","24,347.04","23,729.79","24,004.13",-300.00,-0.01,"8,473,400.00"
04/09/2024,"23,729.79","24,209.88","23,626.92","24,209.88",250.00,0.01,"10,774,800.00"
30/08/2024,"24,004.13","24,072.71","23,764.09","24,038.42",50.00,0.00,"8,124,100.00"
29/08/2024,"23,969.84","24,244.17","23,661.21","24,004.13",100.00,0.00,"12,714,200.00"
28/08/2024,"23,935.54","23,969.84","23,661.21","23,935.54",50.00,0.00,"6,788,900.00"
27/08/2024,"23,729.79","24,004.13","23,489.75","23,901.25",250.00,0.01,"12,081,100.00"
26/08/2024,"24,004.13","24,004.13","23,592.63","23,729.79",-350.00,-0.01,"9,604,400.00"
23/08/2024,"23,592.63","23,969.84","23,421.17","23,969.84",350.00,0.01,"10,303,800.00"
22/08/2024,"23,558.34","24,004.13","23,524.04","23,729.79",400.00,0.01,"18,468,585.00"
21/08/2024,"22,803.92","23,455.46","22,632.46","23,455.46","1,000.00",0.03,"27,846,100.00"
20/08/2024,"22,392.42","22,872.50","22,358.13","22,769.63",550.00,0.02,"10,829,100.00"
19/08/2024,"22,289.55","22,426.71","22,186.67","22,392.42",150.00,0.00,"6,180,200.00"
16/08/2024,"21,843.76","22,289.55","21,809.46","22,289.55",650.00,0.02,"7,939,100.00"
15/08/2024,"21,809.46","21,912.34","21,569.42","21,843.76",50.00,0.00,"5,235,800.00"
14/08/2024,"21,843.76","21,946.63","21,672.30","21,809.46",-50.00,0.00,"4,868,000.00"
13/08/2024,"21,843.76","21,843.76","21,500.84","21,843.76",150.00,0.00,"4,264,400.00"
12/08/2024,"21,638.01","21,775.17","21,397.97","21,740.88",200.00,0.01,"3,252,300.00"
09/08/2024,"20,815.01","21,603.71","20,815.01","21,603.71","1,300.00",0.04,"7,499,900.00"
08/08/2024,"20,712.13","20,883.59","20,609.26","20,712.13",0.00,0.00,"7,275,100.00"
07/08/2024,"21,020.76","21,020.76","20,609.26","20,712.13",-350.00,-0.01,"5,039,500.00"
06/08/2024,"20,917.88","20,986.47","20,540.67","20,952.17",400.00,0.01,"5,489,100.00"
05/08/2024,"21,192.22","21,226.51","20,574.97","20,677.84","-1,400.00",-0.04,"10,677,500.00"
02/08/2024,"21,295.09","21,638.01","20,746.42","21,638.01",100.00,0.00,"10,702,700.00"
01/08/2024,"21,946.63","22,255.26","21,466.55","21,569.42",-550.00,-0.02,"11,700,600.00"
31/07/2024,"21,946.63","22,152.38","21,809.46","21,946.63",0.00,0.00,"6,715,400.00"
30/07/2024,"21,946.63","22,015.21","21,809.46","21,946.63",-100.00,0.00,"4,284,300.00"
29/07/2024,"22,049.51","22,186.67","22,015.21","22,015.21",50.00,0.00,"3,423,200.00"
26/07/2024,"21,638.01","22,049.51","21,638.01","21,980.92",500.00,0.02,"3,281,100.00"
25/07/2024,"21,946.63","21,946.63","21,535.13","21,638.01",-650.00,-0.02,"8,927,200.00"
24/07/2024,"22,186.67","22,289.55","21,740.88","22,083.80",-200.00,-0.01,"10,466,300.00"
23/07/2024,"23,112.55","23,112.55","21,980.92","22,220.96","-1,250.00",-0.04,"9,908,700.00"
22/07/2024,"22,769.63","23,386.88","22,735.34","23,078.25",250.00,0.01,"15,945,100.00"
19/07/2024,"22,803.92","23,181.13","22,461.00","22,906.80",-50.00,0.00,"10,380,600.00"
18/07/2024,"22,838.21","22,941.09","22,461.00","22,941.09",450.00,0.01,"9,954,700.00"
17/07/2024,"22,426.71","23,181.13","22,323.84","22,632.46",500.00,0.02,"22,751,600.00"
16/07/2024,"22,049.51","22,529.59","22,015.21","22,289.55",400.00,0.01,"6,673,100.00"
15/07/2024,"21,980.92","22,083.80","21,946.63","22,015.21",100.00,0.00,"2,709,000.00"
12/07/2024,"22,083.80","22,152.38","21,878.05","21,946.63",-200.00,-0.01,"4,598,300.00"
11/07/2024,"22,289.55","22,358.13","22,083.80","22,083.80",-200.00,-0.01,"4,105,400.00"
10/07/2024,"22,426.71","22,529.59","22,220.96","22,220.96",-300.00,-0.01,"5,468,400.00"
09/07/2024,"22,358.13","22,495.30","22,220.96","22,426.71",100.00,0.00,"4,864,800.00"
08/07/2024,"22,461.00","22,461.00","22,152.38","22,358.13",-100.00,0.00,"4,001,700.00"
05/07/2024,"22,186.67","22,529.59","22,015.21","22,426.71",400.00,0.01,"5,723,000.00"
04/07/2024,"22,220.96","22,289.55","21,980.92","22,152.38",-50.00,0.00,"2,576,600.00"
03/07/2024,"22,186.67","22,289.55","21,980.92","22,186.67",50.00,0.00,"3,449,100.00"
02/07/2024,"21,946.63","22,186.67","21,878.05","22,152.38",300.00,0.01,"5,172,200.00"
01/07/2024,"21,157.92","21,946.63","21,157.92","21,946.63","1,000.00",0.03,"4,057,600.00"
28/06/2024,"21,466.55","21,569.42","21,260.80","21,260.80",-300.00,-0.01,"4,821,600.00"
27/06/2024,"21,466.55","21,535.13","21,363.67","21,466.55",0.00,0.00,"4,217,600.00"
26/06/2024,"21,672.30","21,706.59","21,295.09","21,466.55",-300.00,-0.01,"6,576,300.00"
25/06/2024,"21,878.05","21,878.05","21,569.42","21,672.30",-50.00,0.00,"5,453,400.00"
24/06/2024,"22,083.80","22,186.67","21,638.01","21,706.59",-550.00,-0.02,"8,539,100.00"
21/06/2024,"22,220.96","22,255.26","22,049.51","22,083.80",0.00,0.00,"4,946,100.00"
20/06/2024,"22,152.38","22,323.84","21,946.63","22,083.80",-300.00,-0.01,"7,184,100.00"
19/06/2024,"22,220.96","22,323.84","21,912.34","22,289.55",150.00,0.00,"7,107,200.00"
18/06/2024,"22,461.00","22,529.59","22,186.67","22,186.67",-400.00,-0.01,"7,886,400.00"
17/06/2024,"22,495.30","22,598.17","22,152.38","22,461.00",-50.00,0.00,"8,970,900.00"
14/06/2024,"23,249.71","23,284.00","22,495.30","22,495.30","-1,100.00",-0.03,"10,569,800.00"
13/06/2024,"23,318.30","23,421.17","22,975.38","23,249.71",400.00,0.01,"14,049,900.00"
12/06/2024,"22,803.92","23,078.25","22,529.59","22,975.38",300.00,0.01,"7,991,300.00"
11/06/2024,"23,284.00","23,284.00","22,735.34","22,769.63",-300.00,-0.01,"10,757,500.00"
10/06/2024,"22,598.17","23,284.00","22,563.88","22,975.38",700.00,0.02,"13,716,000.00"
07/06/2024,"22,495.30","22,563.88","22,392.42","22,495.30",200.00,0.01,"4,350,200.00"
06/06/2024,"22,289.55","22,426.71","22,186.67","22,358.13",200.00,0.01,"7,577,100.00"
05/06/2024,"22,563.88","22,598.17","22,220.96","22,220.96",-400.00,-0.01,"8,426,500.00"
04/06/2024,"22,426.71","22,598.17","22,255.26","22,495.30",200.00,0.01,"8,982,900.00"
03/06/2024,"22,118.09","22,495.30","21,980.92","22,358.13",700.00,0.02,"18,001,600.00"
31/05/2024,"21,809.46","22,083.80","21,809.46","21,878.05",100.00,0.00,"6,340,100.00"
30/05/2024,"21,500.84","22,015.21","21,500.84","21,809.46",150.00,0.00,"10,201,600.00"
29/05/2024,"22,083.80","22,083.80","21,706.59","21,706.59",-550.00,-0.02,"15,671,900.00"
28/05/2024,"22,255.26","22,289.55","21,740.88","22,083.80",-200.00,-0.01,"24,876,000.00"
27/05/2024,"22,426.71","22,426.71","22,015.21","22,220.96",-100.00,0.00,"8,217,500.00"
24/05/2024,"22,701.05","23,249.71","22,152.38","22,289.55",-750.00,-0.02,"14,091,600.00"
23/05/2024,"22,598.17","22,803.92","22,358.13","22,803.92",250.00,0.01,"5,573,500.00"
22/05/2024,"23,215.42","23,249.71","22,426.71","22,632.46",-650.00,-0.02,"12,259,866.00"
21/05/2024,"22,941.09","23,386.88","22,872.50","23,078.25",300.00,0.01,"6,179,100.00"
20/05/2024,"22,838.21","23,249.71","22,666.75","22,872.50",250.00,0.01,"12,318,300.00"
17/05/2024,"22,872.50","22,906.80","22,563.88","22,701.05",-100.00,0.00,"6,148,500.00"
16/05/2024,"22,495.30","23,112.55","22,323.84","22,769.63",850.00,0.03,"14,316,700.00"
15/05/2024,"22,255.26","22,632.46","22,118.09","22,186.67",50.00,0.00,"8,175,800.00"
14/05/2024,"22,220.96","22,426.71","22,118.09","22,152.38",0.00,0.00,"5,716,900.00"
13/05/2024,"22,529.59","22,529.59","22,118.09","22,152.38",-550.00,-0.02,"7,051,000.00"
10/05/2024,"22,735.34","22,735.34","22,323.84","22,529.59",-50.00,0.00,"4,809,700.00"
09/05/2024,"22,495.30","22,906.80","22,255.26","22,563.88",300.00,0.01,"7,243,700.00"
08/05/2024,"22,392.42","22,632.46","22,186.67","22,358.13",-200.00,-0.01,"8,601,000.00"
07/05/2024,"22,769.63","22,803.92","22,495.30","22,495.30",-400.00,-0.01,"5,073,600.00"
06/05/2024,"22,358.13","22,803.92","22,186.67","22,769.63",800.00,0.02,"7,777,200.00"
03/05/2024,"22,255.26","22,529.59","22,049.51","22,220.96",50.00,0.00,"6,180,500.00"
02/05/2024,"22,495.30","22,495.30","21,946.63","22,186.67",-450.00,-0.01,"6,461,000.00"
26/04/2024,"22,323.84","22,735.34","22,049.51","22,495.30",-200.00,-0.01,"8,992,900.00"
25/04/2024,"22,529.59","22,632.46","22,118.09","22,632.46",50.00,0.00,"4,963,800.00"
24/04/2024,"21,946.63","22,598.17","21,740.88","22,598.17","1,450.00",0.05,"9,112,800.00"
23/04/2024,"22,118.09","22,289.55","21,363.67","21,603.71",-800.00,-0.02,"10,789,200.00"
22/04/2024,"21,980.92","22,220.96","21,740.88","22,152.38",700.00,0.02,"7,788,100.00"
19/04/2024,"22,015.21","22,461.00","21,432.26","21,672.30","-1,100.00",-0.03,"13,140,500.00"
17/04/2024,"23,489.75","23,489.75","22,392.42","22,426.71","-1,350.00",-0.04,"19,246,271.00"
16/04/2024,"23,249.71","23,352.59","22,495.30","23,352.59",600.00,0.02,"15,514,300.00"
15/04/2024,"24,552.79","24,895.71","22,906.80","22,941.09","-2,450.00",-0.07,"29,312,700.00"
12/04/2024,"23,181.13","24,724.25","23,078.25","24,621.38","2,200.00",0.07,"23,915,200.00"
11/04/2024,"22,838.21","23,112.55","22,803.92","23,112.55",50.00,0.00,"4,199,700.00"
10/04/2024,"23,558.34","23,558.34","23,078.25","23,078.25",-600.00,-0.02,"4,641,500.00"
09/04/2024,"23,249.71","23,489.75","23,009.67","23,489.75",750.00,0.02,"5,258,500.00"
08/04/2024,"22,838.21","23,489.75","22,598.17","22,975.38",300.00,0.01,"12,347,900.00"
05/04/2024,"22,769.63","23,043.96","22,701.05","22,769.63",-350.00,-0.01,"9,854,200.00"
04/04/2024,"23,455.46","23,524.04","22,975.38","23,009.67",-500.00,-0.01,"7,204,500.00"
03/04/2024,"23,935.54","24,004.13","23,249.71","23,352.59",-950.00,-0.03,"9,109,200.00"
02/04/2024,"23,661.21","24,141.29","23,386.88","24,004.13",0.00,0.00,"7,099,000.00"
01/04/2024,"24,278.46","24,278.46","23,832.67","24,004.13",-550.00,-0.02,"7,918,200.00"
29/03/2024,"24,518.50","24,518.50","24,107.00","24,381.34",-200.00,-0.01,"4,610,100.00"
28/03/2024,"24,621.38","24,621.38","24,209.88","24,518.50",250.00,0.01,"7,031,500.00"
27/03/2024,"24,004.13","24,347.04","23,866.96","24,347.04",300.00,0.01,"5,249,500.00"
26/03/2024,"23,832.67","24,278.46","23,764.09","24,141.29",500.00,0.01,"3,801,300.00"
25/03/2024,"24,347.04","24,484.21","23,661.21","23,798.38","-1,000.00",-0.03,"9,762,300.00"
22/03/2024,"24,072.71","24,964.29","24,004.13","24,484.21",800.00,0.02,"16,016,800.00"
21/03/2024,"23,729.79","23,935.54","23,352.59","23,935.54",550.00,0.02,"9,309,200.00"
20/03/2024,"22,769.63","23,661.21","22,632.46","23,558.34","1,050.00",0.03,"9,923,700.00"
19/03/2024,"22,906.80","23,181.13","22,598.17","22,838.21",0.00,0.00,"8,305,800.00"
18/03/2024,"23,832.67","24,004.13","22,186.67","22,838.21","-1,450.00",-0.04,"11,387,200.00"
15/03/2024,"23,592.63","24,278.46","23,284.00","23,832.67",300.00,0.01,"9,706,500.00"
14/03/2024,"24,141.29","24,141.29","23,455.46","23,626.92",-700.00,-0.02,"7,010,100.00"
13/03/2024,"23,729.79","24,107.00","23,455.46","24,107.00",650.00,0.02,"6,250,500.00"
12/03/2024,"23,318.30","23,729.79","23,284.00","23,661.21",350.00,0.01,"6,760,600.00"
11/03/2024,"23,661.21","23,832.67","23,249.71","23,421.17",-350.00,-0.01,"7,982,600.00"
08/03/2024,"24,552.79","24,587.08","23,661.21","23,661.21","-1,300.00",-0.04,"20,828,300.00"
07/03/2024,"24,689.96","24,724.25","24,312.75","24,552.79",-300.00,-0.01,"9,360,473.00"
06/03/2024,"24,964.29","25,341.50","24,449.92","24,758.54",-350.00,-0.01,"11,134,900.00"
05/03/2024,"24,689.96","24,998.58","24,518.50","24,998.58",450.00,0.01,"7,418,300.00"
04/03/2024,"24,415.63","25,307.21","24,107.00","24,689.96",400.00,0.01,"17,814,863.00"
01/03/2024,"24,484.21","24,484.21","24,004.13","24,415.63",50.00,0.00,"9,219,700.00"
29/02/2024,"24,827.13","24,895.71","24,141.29","24,381.34",-400.00,-0.01,"12,898,100.00"
28/02/2024,"24,964.29","24,998.58","24,449.92","24,655.67",-200.00,-0.01,"9,829,600.00"
27/02/2024,"24,484.21","24,895.71","24,312.75","24,792.83",500.00,0.01,"9,166,000.00"
26/02/2024,"24,141.29","24,587.08","24,072.71","24,449.92",450.00,0.01,"6,411,800.00"
23/02/2024,"24,552.79","25,478.67","24,004.13","24,141.29",-500.00,-0.01,"25,863,100.00"
22/02/2024,"24,484.21","24,518.50","24,175.59","24,484.21",150.00,0.00,"7,076,000.00"
21/02/2024,"24,175.59","24,827.13","24,038.42","24,381.34",350.00,0.01,"10,491,600.00"
20/02/2024,"24,209.88","24,415.63","23,798.38","24,141.29",-200.00,-0.01,"6,882,100.00"
19/02/2024,"24,072.71","24,347.04","23,661.21","24,278.46",150.00,0.00,"10,777,500.00"
16/02/2024,"24,209.88","24,209.88","23,764.09","24,175.59",250.00,0.01,"7,524,900.00"
15/02/2024,"24,415.63","24,552.79","24,004.13","24,004.13",-500.00,-0.01,"8,949,700.00"
07/02/2024,"23,592.63","24,895.71","23,592.63","24,347.04","1,100.00",0.03,"13,654,000.00"
06/02/2024,"23,318.30","23,626.92","23,215.42","23,592.63",500.00,0.01,"8,778,600.00"
05/02/2024,"21,775.17","23,249.71","21,775.17","23,249.71","2,200.00",0.07,"21,792,200.00"
02/02/2024,"21,946.63","22,049.51","21,638.01","21,740.88",-350.00,-0.01,"6,709,342.00"
01/02/2024,"21,569.42","22,015.21","21,569.42","21,980.92",450.00,0.01,"5,146,100.00"
31/01/2024,"22,255.26","22,289.55","21,466.55","21,672.30",-600.00,-0.02,"12,235,100.00"
30/01/2024,"22,186.67","22,255.26","21,980.92","22,083.80",-100.00,0.00,"4,737,748.00"
29/01/2024,"22,015.21","22,461.00","21,946.63","22,152.38",200.00,0.01,"8,185,097.00"
26/01/2024,"22,015.21","22,118.09","21,912.34","22,015.21",50.00,0.00,"5,176,400.00"
25/01/2024,"21,946.63","22,015.21","21,672.30","21,980.92",50.00,0.00,"6,284,700.00"
24/01/2024,"21,912.34","22,220.96","21,878.05","21,946.63",-200.00,-0.01,"5,597,700.00"
23/01/2024,"22,392.42","22,495.30","21,878.05","22,083.80",-450.00,-0.01,"10,356,000.00"
22/01/2024,"22,323.84","22,392.42","21,912.34","22,392.42",50.00,0.00,"10,179,800.00"
19/01/2024,"21,740.88","22,358.13","21,569.42","22,358.13","1,100.00",0.03,"14,548,300.00"
18/01/2024,"21,363.67","21,672.30","21,192.22","21,603.71",350.00,0.01,"8,842,000.00"
17/01/2024,"21,295.09","21,603.71","21,260.80","21,363.67",-250.00,-0.01,"6,859,800.00"
16/01/2024,"21,295.09","21,535.13","21,123.63","21,535.13",0.00,0.00,"7,511,452.00"
15/01/2024,"21,638.01","21,740.88","21,260.80","21,535.13",-100.00,0.00,"7,071,700.00"
12/01/2024,"21,123.63","21,843.76","20,986.47","21,603.71",500.00,0.02,"17,353,500.00"
11/01/2024,"21,329.38","21,603.71","20,849.30","21,260.80",0.00,0.00,"9,966,100.00"
10/01/2024,"20,574.97","21,363.67","20,472.09","21,260.80","1,000.00",0.03,"14,402,900.00"
09/01/2024,"20,300.63","20,677.84","20,094.88","20,574.97",450.00,0.02,"14,610,600.00"
08/01/2024,"20,232.05","20,437.80","19,923.43","20,266.34",550.00,0.02,"12,113,500.00"
05/01/2024,"19,717.68","19,992.01","19,683.38","19,889.13",400.00,0.01,"8,885,200.00"
04/01/2024,"18,963.26","20,232.05","18,894.68","19,614.80","1,000.00",0.04,"14,923,700.00"
03/01/2024,"18,654.64","18,928.97","18,551.76","18,928.97",400.00,0.01,"3,243,600.00"
02/01/2024,"18,620.34","18,688.93","18,551.76","18,654.64",100.00,0.00,"3,300,000.00"
29/12/2023,"18,654.64","18,757.51","18,586.05","18,586.05",0.00,0.00,"4,974,400.00"
28/12/2023,"18,414.59","18,586.05","18,346.01","18,586.05",250.00,0.01,"3,620,700.00"
27/12/2023,"18,380.30","18,448.89","18,346.01","18,414.59",50.00,0.00,"4,093,900.00"
26/12/2023,"18,414.59","18,483.18","18,380.30","18,380.30",-100.00,0.00,"3,247,900.00"
25/12/2023,"18,208.85","18,448.89","18,174.55","18,448.89",450.00,0.02,"5,496,200.00"
22/12/2023,"18,174.55","18,243.14","18,071.68","18,140.26",-100.00,0.00,"4,149,200.00"
21/12/2023,"18,105.97","18,243.14","18,003.10","18,208.85",0.00,0.00,"3,141,300.00"
20/12/2023,"18,037.39","18,243.14","17,968.80","18,208.85",50.00,0.00,"9,734,200.00"
19/12/2023,"17,900.22","18,174.55","17,797.35","18,174.55",450.00,0.02,"2,878,300.00"
18/12/2023,"18,174.55","18,311.72","17,865.93","17,865.93",-650.00,-0.02,"11,182,400.00"
15/12/2023,"18,174.55","18,414.59","18,071.68","18,311.72",-50.00,0.00,"4,473,200.00"
14/12/2023,"18,483.18","18,483.18","18,140.26","18,346.01",0.00,0.00,"3,873,600.00"
13/12/2023,"18,620.34","18,757.51","18,311.72","18,346.01",-250.00,-0.01,"3,749,800.00"
12/12/2023,"18,448.89","18,517.47","18,311.72","18,517.47",150.00,0.01,"3,346,200.00"
11/12/2023,"18,483.18","18,551.76","18,311.72","18,414.59",-50.00,0.00,"2,323,100.00"
08/12/2023,"18,517.47","18,586.05","18,311.72","18,448.89",0.00,0.00,"4,518,900.00"
07/12/2023,"18,346.01","18,586.05","18,208.85","18,448.89",250.00,0.01,"5,776,600.00"
06/12/2023,"18,174.55","18,311.72","18,174.55","18,277.43",150.00,0.01,"3,493,758.00"
05/12/2023,"18,243.14","18,311.72","18,174.55","18,174.55",-50.00,0.00,"2,957,358.00"
04/12/2023,"18,140.26","18,243.14","18,003.10","18,208.85",250.00,0.01,"7,638,100.00"
01/12/2023,"18,140.26","18,140.26","17,831.64","18,037.39",0.00,0.00,"2,052,600.00"
30/11/2023,"18,037.39","18,311.72","17,934.51","18,037.39",0.00,0.00,"2,651,700.00"
29/11/2023,"17,983.37","18,136.81","17,921.99","18,044.74",100.00,0.00,"2,629,800.00"
28/11/2023,"17,983.37","17,983.37","17,707.17","17,983.37",-100.00,0.00,"2,108,800.00"
27/11/2023,"18,198.19","18,198.19","17,860.61","18,044.74",-200.00,-0.01,"1,511,700.00"
24/11/2023,"17,921.99","18,167.50","17,615.11","18,167.50",400.00,0.01,"3,128,400.00"
23/11/2023,"18,259.56","18,259.56","17,921.99","17,921.99",-400.00,-0.01,"1,993,600.00"
22/11/2023,"18,106.12","18,228.87","18,014.06","18,167.50",200.00,0.01,"2,215,000.00"
21/11/2023,"18,320.94","18,320.94","18,044.74","18,044.74",-150.00,-0.01,"2,217,700.00"
20/11/2023,"17,921.99","18,259.56","17,860.61","18,136.81",-150.00,-0.01,"2,208,700.00"
17/11/2023,"18,535.76","18,597.13","18,075.43","18,228.87",-550.00,-0.02,"4,361,100.00"
16/11/2023,"18,382.32","18,597.13","18,351.63","18,566.45",50.00,0.00,"2,284,100.00"
15/11/2023,"18,474.38","18,781.26","18,474.38","18,535.76",400.00,0.01,"5,453,200.00"
14/11/2023,"18,320.94","18,474.38","18,167.50","18,290.25",400.00,0.01,"3,772,500.00"
13/11/2023,"17,983.37","18,136.81","17,921.99","18,044.74",0.00,0.00,"3,249,500.00"
10/11/2023,"17,952.68","18,044.74","17,768.55","18,044.74",-100.00,0.00,"3,517,700.00"
09/11/2023,"18,014.06","18,259.56","17,921.99","18,106.12",250.00,0.01,"4,986,900.00"
08/11/2023,"17,553.73","17,952.68","17,338.91","17,952.68",700.00,0.02,"2,974,800.00"
07/11/2023,"17,430.98","17,615.11","17,369.60","17,523.04",0.00,0.00,"2,595,100.00"
06/11/2023,"17,400.29","17,615.11","17,400.29","17,523.04",550.00,0.02,"2,377,400.00"
03/11/2023,"17,430.98","17,461.67","17,185.47","17,185.47",-250.00,-0.01,"3,639,600.00"
02/11/2023,"16,939.96","17,492.35","16,939.96","17,338.91",850.00,0.03,"2,391,900.00"
01/11/2023,"17,062.72","17,062.72","16,755.83","16,817.21",-300.00,-0.01,"3,296,700.00"
31/10/2023,"17,032.03","17,185.47","16,939.96","17,001.34",50.00,0.00,"2,873,300.00"
30/10/2023,"16,970.65","17,308.22","16,970.65","16,970.65",-550.00,-0.02,"2,108,300.00"
27/10/2023,"17,400.29","17,461.67","17,032.03","17,308.22",-150.00,-0.01,"2,941,000.00"
26/10/2023,"17,400.29","17,523.04","16,909.27","17,400.29",-650.00,-0.02,"6,054,000.00"
25/10/2023,"17,983.37","18,106.12","17,768.55","17,799.24",-500.00,-0.02,"1,789,000.00"
24/10/2023,"17,983.37","18,106.12","17,829.93","18,106.12",200.00,0.01,"2,597,900.00"
23/10/2023,"18,044.74","18,044.74","17,676.48","17,983.37",-100.00,0.00,"1,627,400.00"
20/10/2023,"17,461.67","18,259.56","17,124.09","18,044.74",800.00,0.03,"3,797,000.00"
19/10/2023,"17,400.29","17,553.73","17,185.47","17,553.73",250.00,0.01,"1,860,200.00"
18/10/2023,"17,553.73","17,676.48","17,216.16","17,400.29",-250.00,-0.01,"2,295,400.00"
17/10/2023,"17,799.24","17,891.30","17,553.73","17,553.73",-200.00,-0.01,"1,720,400.00"
16/10/2023,"17,952.68","17,983.37","17,676.48","17,676.48",-500.00,-0.02,"2,075,200.00"
13/10/2023,"17,983.37","18,167.50","17,799.24","17,983.37",-300.00,-0.01,"1,497,500.00"
12/10/2023,"18,228.87","18,259.56","18,014.06","18,167.50",100.00,0.00,"2,497,400.00"
11/10/2023,"17,983.37","18,106.12","17,829.93","18,106.12",200.00,0.01,"2,229,400.00"
10/10/2023,"18,014.06","18,136.81","17,921.99","17,983.37",150.00,0.01,"3,140,400.00"
09/10/2023,"17,584.42","17,921.99","17,584.42","17,891.30",450.00,0.02,"1,993,300.00"
06/10/2023,"17,492.35","17,645.80","17,093.40","17,615.11",600.00,0.02,"3,154,500.00"
05/10/2023,"17,829.93","17,891.30","17,246.85","17,246.85",-800.00,-0.03,"5,324,500.00"
04/10/2023,"17,615.11","17,860.61","17,553.73","17,737.86",-200.00,-0.01,"3,077,200.00"
03/10/2023,"18,106.12","18,106.12","17,645.80","17,860.61",-850.00,-0.03,"7,965,100.00"
02/10/2023,"18,474.38","18,627.82","17,154.78","18,382.32",-100.00,0.00,"5,334,700.00"
29/09/2023,"18,750.58","19,057.46","18,443.69","18,443.69",-800.00,-0.03,"5,470,700.00"
28/09/2023,"18,842.64","19,026.77","17,707.17","18,934.71",-150.00,0.00,"7,874,400.00"
27/09/2023,"18,658.51","19,026.77","18,413.00","19,026.77",700.00,0.02,"3,808,100.00"
26/09/2023,"18,351.63","18,934.71","18,259.56","18,597.13",500.00,0.02,"5,255,800.00"
25/09/2023,"19,302.97","19,456.41","18,290.25","18,290.25","-1,850.00",-0.06,"6,832,400.00"
22/09/2023,"19,333.65","19,487.10","19,026.77","19,425.72",-50.00,0.00,"8,272,000.00"
21/09/2023,"19,701.91","19,732.60","19,456.41","19,456.41",-350.00,-0.01,"6,067,300.00"
20/09/2023,"19,701.91","19,855.36","19,487.10","19,671.23",-50.00,0.00,"7,159,400.00"
19/09/2023,"19,671.23","19,793.98","19,364.34","19,701.91",50.00,0.00,"4,953,200.00"
18/09/2023,"20,100.86","20,100.86","19,517.78","19,671.23",-700.00,-0.02,"9,192,400.00"
15/09/2023,"20,315.68","20,561.19","20,039.49","20,100.86",-450.00,-0.01,"7,381,800.00"
14/09/2023,"20,100.86","20,653.25","20,100.86","20,377.06",650.00,0.02,"14,175,200.00"
13/09/2023,"19,824.67","20,100.86","19,609.85","19,978.11",250.00,0.01,"8,069,400.00"
12/09/2023,"19,640.54","19,824.67","19,487.10","19,824.67",400.00,0.01,"4,591,157.00"
11/09/2023,"19,947.42","20,100.86","19,517.78","19,579.16",-400.00,-0.01,"8,329,560.00"
08/09/2023,"20,070.17","20,070.17","19,824.67","19,824.67",-350.00,-0.01,"3,724,406.00"
07/09/2023,"20,070.17","20,438.43","20,039.49","20,039.49",0.00,0.00,"7,906,305.00"
06/09/2023,"20,070.17","20,100.86","19,793.98","20,039.49",0.00,0.00,"4,513,907.00"
05/09/2023,"19,947.42","20,254.30","19,947.42","20,039.49",200.00,0.01,"6,038,603.00"
31/08/2023,"19,732.60","20,008.80","19,732.60","19,916.73",350.00,0.01,"5,322,802.00"
30/08/2023,"19,302.97","19,701.91","19,302.97","19,701.91",850.00,0.03,"9,415,201.00"
29/08/2023,"19,272.28","19,517.78","19,180.21","19,180.21",100.00,0.00,"3,826,403.00"
28/08/2023,"19,057.46","19,210.90","19,026.77","19,118.84",0.00,0.00,"5,431,303.00"
25/08/2023,"19,487.10","19,487.10","19,057.46","19,118.84",-600.00,-0.02,"8,726,804.00"
24/08/2023,"19,333.65","19,579.16","19,088.15","19,487.10",450.00,0.01,"5,097,915.00"
23/08/2023,"19,425.72","19,487.10","19,057.46","19,210.90",-250.00,-0.01,"6,427,414.00"
22/08/2023,"19,640.54","19,671.23","18,965.39","19,364.34",-450.00,-0.01,"5,845,149.00"
21/08/2023,"18,965.39","19,824.67","18,781.26","19,640.54","1,300.00",0.04,"11,983,560.00"
18/08/2023,"19,824.67","19,916.73","18,842.64","18,842.64","-1,900.00",-0.06,"16,046,215.00"
17/08/2023,"19,886.04","20,192.93","19,793.98","20,008.80",250.00,0.01,"12,832,645.00"
16/08/2023,"19,763.29","20,070.17","19,579.16","19,855.36",-50.00,0.00,"8,492,564.00"
15/08/2023,"19,824.67","19,886.04","19,671.23","19,886.04",100.00,0.00,"5,310,665.00"
14/08/2023,"19,701.91","19,886.04","19,456.41","19,824.67",200.00,0.01,"6,420,159.00"
11/08/2023,"19,487.10","19,732.60","19,210.90","19,701.91",450.00,0.01,"6,979,057.00"
10/08/2023,"19,947.42","20,039.49","19,395.03","19,425.72",-850.00,-0.03,"7,995,748.00"
09/08/2023,"19,947.42","20,008.80","19,671.23","19,947.42",-100.00,0.00,"8,134,165.00"
08/08/2023,"20,162.24","20,162.24","19,824.67","20,008.80",0.00,0.00,"9,364,852.00"
07/08/2023,"19,302.97","20,008.80","19,180.21","20,008.80","1,600.00",0.05,"13,121,936.00"
04/08/2023,"19,026.77","19,026.77","18,811.95","19,026.77",100.00,0.00,"7,557,354.00"
03/08/2023,"18,996.08","19,088.15","18,842.64","18,965.39",-150.00,0.00,"8,198,048.00"
02/08/2023,"18,719.89","19,118.84","18,719.89","19,057.46",650.00,0.02,"13,380,448.00"
01/08/2023,"18,535.76","18,904.02","18,474.38","18,658.51",400.00,0.01,"14,663,746.00"
31/07/2023,"18,351.63","18,413.00","18,167.50","18,413.00",500.00,0.02,"5,765,951.00"
28/07/2023,"18,044.74","18,106.12","17,983.37","18,106.12",150.00,0.01,"5,309,848.00"
27/07/2023,"18,320.94","18,351.63","17,983.37","18,014.06",-450.00,-0.02,"7,951,528.00"
26/07/2023,"18,382.32","18,443.69","18,228.87","18,290.25",-100.00,0.00,"6,175,131.00"
25/07/2023,"18,382.32","18,597.13","18,320.94","18,351.63",50.00,0.00,"6,091,922.00"
24/07/2023,"18,351.63","18,474.38","18,259.56","18,290.25",250.00,0.01,"5,284,751.00"
21/07/2023,"18,198.19","18,290.25","18,106.12","18,228.87",50.00,0.00,"5,557,432.00"
20/07/2023,"18,351.63","18,351.63","18,136.81","18,198.19",-250.00,-0.01,"4,693,813.00"
19/07/2023,"18,413.00","18,443.69","18,106.12","18,351.63",50.00,0.00,"6,760,400.00"
18/07/2023,"18,228.87","18,413.00","18,228.87","18,320.94",150.00,0.01,"4,670,900.00"
17/07/2023,"18,351.63","18,382.32","18,136.81","18,228.87",-200.00,-0.01,"6,601,701.00"
14/07/2023,"18,413.00","18,535.76","18,044.74","18,351.63",-100.00,0.00,"8,067,000.00"
13/07/2023,"18,535.76","18,535.76","18,320.94","18,413.00",0.00,0.00,"5,322,700.00"
12/07/2023,"18,597.13","18,658.51","18,290.25","18,413.00",-300.00,-0.01,"6,413,800.00"
11/07/2023,"18,382.32","18,781.26","18,382.32","18,597.13",600.00,0.02,"14,508,800.00"
10/07/2023,"18,259.56","18,290.25","18,106.12","18,228.87",100.00,0.00,"8,698,900.00"
07/07/2023,"17,952.68","18,167.50","17,829.93","18,167.50",250.00,0.01,"3,913,600.00"
06/07/2023,"18,136.81","18,167.50","17,707.17","18,014.06",-200.00,-0.01,"7,090,000.00"
05/07/2023,"18,136.81","18,228.87","18,014.06","18,136.81",100.00,0.00,"4,586,500.00"
04/07/2023,"17,891.30","18,106.12","17,829.93","18,075.43",200.00,0.01,"5,125,500.00"
03/07/2023,"18,106.12","18,167.50","17,921.99","17,952.68",-250.00,-0.01,"4,679,401.00"
30/06/2023,"18,228.87","18,259.56","18,014.06","18,106.12",-400.00,-0.01,"5,653,900.00"
29/06/2023,"18,413.00","18,474.38","18,106.12","18,351.63",-100.00,0.00,"5,201,200.00"
28/06/2023,"18,044.74","18,535.76","18,014.06","18,413.00",650.00,0.02,"8,813,900.00"
27/06/2023,"17,983.37","18,014.06","17,799.24","18,014.06",100.00,0.00,"5,286,100.00"
26/06/2023,"17,829.93","18,075.43","17,737.86","17,952.68",0.00,0.00,"6,462,100.00"
23/06/2023,"18,106.12","18,136.81","17,891.30","17,952.68",-200.00,-0.01,"5,753,700.00"
22/06/2023,"17,983.37","18,198.19","17,921.99","18,075.43",300.00,0.01,"5,102,500.00"
21/06/2023,"17,860.61","17,983.37","17,707.17","17,891.30",-50.00,0.00,"4,840,200.00"
20/06/2023,"17,584.42","17,921.99","17,523.04","17,921.99",600.00,0.02,"5,281,600.00"
19/06/2023,"17,523.04","17,707.17","17,523.04","17,553.73",100.00,0.00,"3,524,700.00"
16/06/2023,"17,829.93","17,921.99","17,492.35","17,492.35",-500.00,-0.02,"7,432,700.00"
15/06/2023,"17,615.11","18,014.06","17,615.11","17,799.24",300.00,0.01,"9,803,600.00"
14/06/2023,"17,461.67","17,921.99","17,461.67","17,615.11",400.00,0.01,"17,453,300.00"
13/06/2023,"17,400.29","17,461.67","17,308.22","17,369.60",-100.00,0.00,"7,103,200.00"
12/06/2023,"17,430.98","17,461.67","17,093.40","17,430.98",50.00,0.00,"10,534,400.00"
09/06/2023,"17,523.04","17,584.42","17,246.85","17,400.29",-200.00,-0.01,"9,112,800.00"
08/06/2023,"17,737.86","17,799.24","17,523.04","17,523.04",-350.00,-0.01,"6,765,700.00"
07/06/2023,"17,707.17","17,921.99","17,645.80","17,737.86",200.00,0.01,"7,966,700.00"
06/06/2023,"17,707.17","17,799.24","17,553.73","17,615.11",-50.00,0.00,"8,906,600.00"
05/06/2023,"17,737.86","17,829.93","17,584.42","17,645.80",100.00,0.00,"5,065,800.00"
02/06/2023,"17,216.16","17,645.80","17,185.47","17,584.42",700.00,0.03,"14,681,900.00"
01/06/2023,"17,185.47","17,246.85","17,093.40","17,154.78",-50.00,0.00,"2,515,200.00"
31/05/2023,"17,216.16","17,216.16","17,062.72","17,185.47",-50.00,0.00,"8,564,985.00"
30/05/2023,"17,246.85","17,277.54","17,124.09","17,216.16",50.00,0.00,"3,048,100.00"
29/05/2023,"17,062.72","17,277.54","17,062.72","17,185.47",200.00,0.01,"4,860,900.00"
26/05/2023,"16,939.96","17,062.72","16,878.59","17,062.72",200.00,0.01,"3,381,900.00"
25/05/2023,"16,970.65","17,062.72","16,909.27","16,939.96",-150.00,-0.01,"3,099,700.00"
24/05/2023,"17,185.47","17,185.47","16,939.96","17,032.03",-150.00,-0.01,"3,921,700.00"
23/05/2023,"17,246.85","17,246.85","17,001.34","17,124.09",-50.00,0.00,"4,048,500.00"
22/05/2023,"17,185.47","17,308.22","17,154.78","17,154.78",-50.00,0.00,"3,167,100.00"
19/05/2023,"17,124.09","17,308.22","16,970.65","17,185.47",250.00,0.01,"2,085,300.00"
18/05/2023,"17,001.34","17,124.09","16,878.59","17,032.03",250.00,0.01,"4,714,700.00"
17/05/2023,"17,185.47","17,246.85","16,878.59","16,878.59",-450.00,-0.02,"5,272,300.00"
16/05/2023,"17,308.22","17,338.91","17,154.78","17,154.78",-150.00,-0.01,"3,107,900.00"
15/05/2023,"17,492.35","17,584.42","17,246.85","17,246.85",-300.00,-0.01,"6,862,500.00"
12/05/2023,"17,400.29","17,430.98","17,277.54","17,430.98",50.00,0.00,"3,915,800.00"
11/05/2023,"17,430.98","17,461.67","17,338.91","17,400.29",100.00,0.00,"3,048,300.00"
10/05/2023,"17,216.16","17,338.91","17,154.78","17,338.91",250.00,0.01,"5,574,200.00"
09/05/2023,"17,216.16","17,338.91","17,185.47","17,185.47",100.00,0.00,"2,939,401.00"
08/05/2023,"17,185.47","17,216.16","17,093.40","17,124.09",50.00,0.00,"3,731,900.00"
05/05/2023,"17,338.91","17,369.60","17,062.72","17,093.40",-400.00,-0.01,"4,340,400.00"
04/05/2023,"17,553.73","17,553.73","17,308.22","17,338.91",-600.00,-0.02,"2,874,901.00"
28/04/2023,"17,492.35","17,707.17","17,492.35","17,707.17",500.00,0.02,"4,415,900.00"
27/04/2023,"17,430.98","17,615.11","17,400.29","17,400.29",-50.00,0.00,"2,008,300.00"
26/04/2023,"17,492.35","17,676.48","17,154.78","17,430.98",-100.00,0.00,"3,821,400.00"
25/04/2023,"17,799.24","17,799.24","17,492.35","17,492.35",-400.00,-0.01,"1,310,600.00"
24/04/2023,"17,523.04","17,921.99","17,308.22","17,737.86",300.00,0.01,"2,792,900.00"
21/04/2023,"17,492.35","17,645.80","17,492.35","17,553.73",-150.00,-0.01,"958,500.00"
20/04/2023,"17,584.42","17,645.80","17,430.98","17,645.80",50.00,0.00,"1,358,400.00"
19/04/2023,"17,829.93","17,891.30","17,584.42","17,615.11",-400.00,-0.01,"3,718,400.00"
18/04/2023,"17,921.99","17,983.37","17,799.24","17,860.61",-100.00,0.00,"1,207,200.00"
17/04/2023,"17,860.61","17,983.37","17,676.48","17,921.99",100.00,0.00,"1,388,300.00"
14/04/2023,"18,075.43","18,106.12","17,860.61","17,860.61",-300.00,-0.01,"1,542,400.00"
13/04/2023,"18,044.74","18,106.12","17,860.61","18,044.74",-100.00,0.00,"1,465,900.00"
12/04/2023,"18,228.87","18,228.87","18,044.74","18,106.12",-100.00,0.00,"4,422,800.00"
11/04/2023,"18,075.43","18,167.50","17,921.99","18,167.50",250.00,0.01,"1,230,200.00"
10/04/2023,"18,106.12","18,228.87","17,983.37","18,014.06",-150.00,-0.01,"1,899,500.00"
07/04/2023,"18,106.12","18,136.81","17,983.37","18,106.12",-50.00,0.00,"1,611,600.00"
06/04/2023,"18,413.00","18,413.00","18,136.81","18,136.81",-450.00,-0.02,"1,980,300.00"
05/04/2023,"18,198.19","18,474.38","18,014.06","18,413.00",350.00,0.01,"3,508,900.00"
04/04/2023,"18,382.32","18,382.32","18,136.81","18,198.19",-300.00,-0.01,"2,270,100.00"
03/04/2023,"18,106.12","18,443.69","18,044.74","18,382.32",750.00,0.03,"3,802,300.00"
31/03/2023,"17,737.86","17,921.99","17,615.11","17,921.99",200.00,0.01,"2,331,800.00"
30/03/2023,"17,860.61","17,921.99","17,676.48","17,799.24",0.00,0.00,"1,516,300.00"
29/03/2023,"17,676.48","17,829.93","17,676.48","17,799.24",100.00,0.00,"1,729,300.00"
28/03/2023,"17,645.80","17,799.24","17,645.80","17,737.86",150.00,0.01,"2,114,500.00"
27/03/2023,"17,492.35","17,737.86","17,369.60","17,645.80",250.00,0.01,"1,392,700.00"
24/03/2023,"17,615.11","17,707.17","17,369.60","17,492.35",-200.00,-0.01,"2,659,100.00"
23/03/2023,"17,308.22","17,615.11","17,246.85","17,615.11",200.00,0.01,"2,956,100.00"
22/03/2023,"17,461.67","17,615.11","17,308.22","17,492.35",200.00,0.01,"1,499,500.00"
21/03/2023,"17,553.73","17,553.73","17,185.47","17,369.60",300.00,0.01,"1,056,300.00"
20/03/2023,"17,768.55","17,768.55","17,185.47","17,185.47","-1,000.00",-0.03,"1,731,400.00"
17/03/2023,"17,829.93","17,983.37","17,676.48","17,799.24",50.00,0.00,"1,136,900.00"
16/03/2023,"17,799.24","17,921.99","17,492.35","17,768.55",-550.00,-0.02,"2,230,600.00"
15/03/2023,"17,983.37","18,167.50","17,829.93","18,106.12",500.00,0.02,"2,836,300.00"
14/03/2023,"17,952.68","17,952.68","17,400.29","17,799.24",-300.00,-0.01,"2,223,800.00"
13/03/2023,"17,584.42","18,044.74","17,553.73","17,983.37",100.00,0.00,"1,859,400.00"
10/03/2023,"17,952.68","17,952.68","17,615.11","17,921.99",-200.00,-0.01,"1,704,000.00"
09/03/2023,"18,044.74","18,228.87","17,952.68","18,044.74",0.00,0.00,"2,763,600.00"
08/03/2023,"17,492.35","18,106.12","17,461.67","18,044.74",400.00,0.01,"4,416,500.00"
07/03/2023,"17,400.29","17,799.24","17,400.29","17,799.24",650.00,0.02,"3,151,600.00"
06/03/2023,"17,093.40","17,645.80","17,093.40","17,400.29",550.00,0.02,"3,193,600.00"
03/03/2023,"17,185.47","17,185.47","16,847.90","17,062.72",0.00,0.00,"1,868,100.00"
02/03/2023,"17,369.60","17,400.29","17,032.03","17,062.72",-450.00,-0.02,"1,829,900.00"
01/03/2023,"16,786.52","17,338.91","16,633.08","17,338.91",850.00,0.03,"2,258,600.00"
28/02/2023,"17,062.72","17,185.47","16,817.21","16,817.21",-150.00,-0.01,"1,305,600.00"
27/02/2023,"17,308.22","17,308.22","16,847.90","16,909.27",-700.00,-0.02,"1,798,800.00"
24/02/2023,"17,737.86","17,737.86","17,338.91","17,338.91",-750.00,-0.03,"2,218,200.00"
23/02/2023,"17,492.35","17,799.24","17,369.60","17,799.24",100.00,0.00,"4,133,200.00"
22/02/2023,"18,167.50","18,228.87","17,737.86","17,737.86",-950.00,-0.03,"4,014,800.00"
21/02/2023,"18,658.51","18,719.89","18,320.94","18,320.94",-600.00,-0.02,"3,005,300.00"
20/02/2023,"18,320.94","18,689.20","18,228.87","18,689.20",800.00,0.03,"4,643,900.00"
17/02/2023,"18,228.87","18,351.63","18,044.74","18,198.19",-50.00,0.00,"2,537,100.00"
16/02/2023,"17,829.93","18,382.32","17,768.55","18,228.87",800.00,0.03,"3,021,100.00"
15/02/2023,"17,615.11","18,014.06","17,553.73","17,737.86",200.00,0.01,"1,473,700.00"
14/02/2023,"17,983.37","18,044.74","17,615.11","17,615.11",-450.00,-0.02,"1,752,200.00"
13/02/2023,"17,707.17","17,983.37","17,676.48","17,891.30",50.00,0.00,"2,183,600.00"
10/02/2023,"18,044.74","18,290.25","17,860.61","17,860.61",-300.00,-0.01,"2,173,300.00"
09/02/2023,"18,351.63","18,535.76","18,044.74","18,044.74",-500.00,-0.02,"2,771,300.00"
08/02/2023,"17,952.68","18,535.76","17,921.99","18,351.63",700.00,0.02,"3,228,400.00"
07/02/2023,"18,290.25","18,535.76","17,891.30","17,921.99",-700.00,-0.02,"3,304,700.00"
06/02/2023,"17,676.48","18,351.63","17,523.04","18,351.63",850.00,0.03,"2,700,000.00"
03/02/2023,"17,921.99","18,044.74","17,829.93","17,829.93",-150.00,-0.01,"3,667,300.00"
02/02/2023,"17,799.24","18,075.43","17,615.11","17,921.99",200.00,0.01,"3,365,700.00"
01/02/2023,"18,719.89","18,811.95","17,492.35","17,799.24","-1,500.00",-0.05,"4,562,000.00"
31/01/2023,"18,228.87","18,719.89","18,106.12","18,719.89",750.00,0.03,"3,448,000.00"
30/01/2023,"18,413.00","18,505.07","18,228.87","18,259.56",-600.00,-0.02,"3,938,500.00"
27/01/2023,"19,088.15","19,180.21","18,535.76","18,627.82",-750.00,-0.02,"3,426,200.00"
19/01/2023,"18,842.64","19,088.15","18,505.07","19,088.15",350.00,0.01,"5,157,400.00"
18/01/2023,"18,781.26","18,934.71","18,658.51","18,873.33",150.00,0.00,"3,324,700.00"
17/01/2023,"18,474.38","18,811.95","18,474.38","18,781.26",600.00,0.02,"3,475,900.00"
16/01/2023,"17,860.61","18,413.00","17,737.86","18,413.00",900.00,0.03,"5,564,391.00"
13/01/2023,"17,860.61","17,921.99","17,430.98","17,860.61",200.00,0.01,"2,974,400.00"
12/01/2023,"17,860.61","17,921.99","17,645.80","17,737.86",-200.00,-0.01,"3,029,500.00"
11/01/2023,"17,553.73","17,891.30","17,553.73","17,860.61",550.00,0.02,"3,475,200.00"
10/01/2023,"17,921.99","17,921.99","17,523.04","17,523.04",-550.00,-0.02,"3,125,300.00"
09/01/2023,"17,615.11","17,860.61","17,615.11","17,860.61",500.00,0.02,"4,251,600.00"
06/01/2023,"17,492.35","17,952.68","17,216.16","17,553.73",100.00,0.00,"6,855,200.00"
05/01/2023,"17,492.35","17,645.80","17,338.91","17,492.35",0.00,0.00,"2,113,300.00"
04/01/2023,"17,185.47","17,737.86","17,124.09","17,492.35",500.00,0.02,"5,903,700.00"
03/01/2023,"16,786.52","17,185.47","16,725.14","17,185.47",750.00,0.03,"3,477,200.00"
30/12/2022,"16,571.70","16,786.52","16,418.26","16,725.14",250.00,0.01,"1,394,100.00"
29/12/2022,"16,633.08","16,878.59","16,510.33","16,571.70",,,"1,838,100.00"
28/12/2022,"16,326.20","16,694.46","16,142.07","16,663.77",,,"1,890,200.00"
27/12/2022,"16,019.31","16,418.26","15,957.94","16,326.20",,,"3,610,900.00"
26/12/2022,"16,970.65","17,001.34","15,957.94","15,988.62",,,"3,558,900.00"
23/12/2022,"16,878.59","17,154.78","16,755.83","16,970.65",,,"3,027,900.00"
22/12/2022,"16,878.59","17,277.54","16,878.59","16,939.96",,,"3,383,200.00"
21/12/2022,"17,185.47","17,185.47","16,571.70","16,878.59",,,"3,061,700.00"
20/12/2022,"16,909.27","17,185.47","16,326.20","17,185.47",,,"6,698,800.00"
19/12/2022,"17,185.47","17,492.35","16,909.27","16,909.27",,,"5,466,900.00"
16/12/2022,"17,032.03","17,338.91","17,032.03","17,216.16",,,"3,340,100.00"
15/12/2022,"17,124.09","17,338.91","17,124.09","17,338.91",,,"3,529,300.00"
14/12/2022,"17,430.98","17,461.67","17,093.40","17,124.09",,,"2,580,100.00"
13/12/2022,"16,755.83","17,308.22","16,633.08","17,277.54",,,"3,912,200.00"
12/12/2022,"17,185.47","17,308.22","16,847.90","16,847.90",,,"3,993,100.00"
09/12/2022,"17,062.72","17,216.16","16,602.39","17,216.16",,,"5,287,800.00"
08/12/2022,"16,939.96","17,737.86","16,817.21","17,062.72",,,"5,342,700.00"
07/12/2022,"16,510.33","17,062.72","16,418.26","16,786.52",,,"4,159,300.00"
06/12/2022,"17,246.85","17,553.73","16,479.64","16,571.70",,,"7,721,900.00"
05/12/2022,"17,492.35","17,553.73","17,062.72","17,553.73",,,"7,687,500.00"
02/12/2022,"16,142.07","17,154.78","15,988.62","17,154.78",,,"9,082,500.00"
01/12/2022,"16,786.52","17,001.34","15,957.94","16,050.00",,,"10,765,700.00"
30/11/2022,"16,602.39","17,185.47","16,356.88","16,725.14",,,"6,514,800.00"
29/11/2022,"16,571.70","16,817.21","16,019.31","16,817.21",,,"9,674,400.00"
28/11/2022,"16,019.31","16,847.90","16,019.31","16,755.83",,,"11,610,400.00"
25/11/2022,"15,282.79","15,835.18","15,129.35","15,835.18",,,"14,164,700.00"
24/11/2022,"14,883.84","15,098.66","14,607.65","15,098.66",,,"4,181,700.00"
23/11/2022,"14,669.03","15,190.73","14,607.65","14,975.91",,,"6,020,300.00"
22/11/2022,"14,669.03","15,282.79","14,423.52","14,669.03",,,"7,689,900.00"
21/11/2022,"15,160.04","15,221.42","14,791.78","14,791.78",,,"5,780,300.00"
18/11/2022,"15,067.97","15,344.17","14,423.52","15,160.04",,,"11,616,200.00"
17/11/2022,"15,344.17","15,835.18","15,129.35","15,344.17",,,"11,877,400.00"
16/11/2022,"13,687.00","15,282.79","13,656.31","15,221.42",,,"13,029,200.00"
15/11/2022,"14,484.90","14,669.03","13,656.31","14,362.14",,,"12,492,800.00"
14/11/2022,"14,239.39","14,945.22","13,963.19","14,669.03",,,"9,034,900.00"
11/11/2022,"14,576.96","14,914.53","14,362.14","14,484.90",,,"9,790,500.00"
10/11/2022,"14,791.78","14,914.53","13,963.19","13,963.19",,,"9,623,300.00"
09/11/2022,"14,791.78","15,252.10","14,730.40","15,006.60",,,"11,208,700.00"
08/11/2022,"14,116.64","14,822.47","14,116.64","14,638.34",,,"8,346,600.00"
07/11/2022,"14,914.53","15,037.29","14,147.32","14,331.45",,,"7,325,600.00"
04/11/2022,"14,362.14","15,037.29","13,502.87","15,037.29",,,"14,707,000.00"
03/11/2022,"14,454.21","14,791.78","14,423.52","14,484.90",,,"7,579,200.00"
02/11/2022,"14,761.09","15,067.97","14,638.34","14,730.40",,,"5,390,300.00"
01/11/2022,"15,160.04","15,620.36","14,975.91","15,006.60",,,"8,831,500.00"
31/10/2022,"14,914.53","15,129.35","14,331.45","15,098.66",,,"10,319,500.00"
28/10/2022,"14,914.53","15,282.79","14,730.40","14,761.09",,,"7,631,500.00"
27/10/2022,"13,963.19","14,699.71","13,809.75","14,699.71",,,"8,203,600.00"
26/10/2022,"13,779.06","14,239.39","13,717.69","13,748.38",,,"3,499,600.00"
25/10/2022,"13,011.86","13,779.06","12,858.41","13,779.06",,,"8,715,300.00"
24/10/2022,"13,318.74","13,502.87","12,766.35","12,889.10",,,"5,015,000.00"
21/10/2022,"14,270.08","14,270.08","13,288.05","13,288.05",,,"6,728,600.00"
20/10/2022,"14,239.39","14,546.27","13,901.82","14,270.08",,,"3,928,500.00"
19/10/2022,"14,116.64","14,331.45","13,840.44","14,239.39",,,"4,225,800.00"
18/10/2022,"14,055.26","14,362.14","14,024.57","14,116.64",,,"3,945,400.00"
17/10/2022,"13,871.13","13,963.19","13,441.49","13,840.44",,,"4,785,300.00"
14/10/2022,"14,024.57","14,085.95","13,779.06","13,932.51",,,"7,182,200.00"
13/10/2022,"13,073.23","13,748.38","12,981.17","13,748.38",,,"7,428,400.00"
12/10/2022,"12,275.34","12,981.17","12,213.96","12,981.17",,,"6,259,200.00"
11/10/2022,"12,704.97","12,735.66","11,968.45","12,152.58",,,"6,735,200.00"
10/10/2022,"12,091.21","12,858.41","11,968.45","12,704.97",,,"4,943,200.00"
07/10/2022,"13,073.23","13,073.23","12,244.65","12,244.65",,,"8,501,600.00"
06/10/2022,"13,502.87","13,656.31","13,042.54","13,134.61",,,"4,256,200.00"
05/10/2022,"13,073.23","13,625.62","13,073.23","13,502.87",,,"4,480,300.00"
04/10/2022,"13,502.87","13,932.51","12,582.22","12,735.66",,,"6,135,700.00"
03/10/2022,"13,932.51","14,116.64","13,257.36","13,257.36",,,"5,690,400.00"
30/09/2022,"13,901.82","14,270.08","13,779.06","14,239.39",,,"5,517,300.00"
29/09/2022,"14,454.21","14,669.03","13,871.13","13,871.13",,,"3,417,400.00"
28/09/2022,"14,362.14","14,576.96","14,300.77","14,300.77",,,"2,714,800.00"
27/09/2022,"14,423.52","14,669.03","14,300.77","14,392.83",,,"2,516,800.00"
26/09/2022,"15,160.04","15,160.04","14,270.08","14,423.52",,,"6,512,500.00"
23/09/2022,"15,589.68","15,712.43","15,344.17","15,344.17",,,"1,658,100.00"
22/09/2022,"15,528.30","15,712.43","15,344.17","15,589.68",,,"3,276,900.00"
21/09/2022,"15,896.56","15,927.25","15,651.05","15,681.74",,,"1,711,900.00"
20/09/2022,"15,712.43","15,957.94","15,712.43","15,957.94",,,"2,001,200.00"
19/09/2022,"15,927.25","16,050.00","15,497.61","15,651.05",,,"2,487,600.00"
16/09/2022,"16,326.20","16,510.33","16,080.69","16,080.69",,,"1,983,400.00"
15/09/2022,"16,571.70","16,755.83","16,510.33","16,510.33",,,"1,345,100.00"
14/09/2022,"16,571.70","16,694.46","16,510.33","16,571.70",,,"2,183,200.00"
13/09/2022,"16,633.08","16,970.65","16,602.39","16,878.59",,,"2,478,900.00"
12/09/2022,"16,571.70","16,725.14","16,571.70","16,602.39",,,"1,673,958.00"
09/09/2022,"16,541.01","16,694.46","16,172.75","16,479.64",,,"1,820,400.00"
08/09/2022,"16,878.59","16,939.96","16,479.64","16,479.64",,,"3,709,100.00"
07/09/2022,"17,338.91","17,430.98","16,786.52","16,786.52",,,"4,257,500.00"
06/09/2022,"17,124.09","17,584.42","17,124.09","17,338.91",,,"3,040,400.00"
05/09/2022,"17,338.91","17,400.29","17,124.09","17,154.78",,,"1,805,800.00"
31/08/2022,"17,369.60","17,492.35","17,124.09","17,338.91",,,"2,075,300.00"
30/08/2022,"17,124.09","17,523.04","17,124.09","17,430.98",,,"4,085,000.00"
29/08/2022,"17,277.54","17,308.22","16,939.96","17,124.09",,,"4,119,900.00"
26/08/2022,"17,737.86","17,737.86","17,400.29","17,461.67",,,"3,965,700.00"
25/08/2022,"17,400.29","17,615.11","17,246.85","17,615.11",,,"4,240,600.00"
24/08/2022,"17,400.29","17,523.04","17,277.54","17,308.22",,,"3,127,900.00"
23/08/2022,"17,062.72","17,277.54","16,970.65","17,185.47",,,"4,507,300.00"
22/08/2022,"17,338.91","17,430.98","17,093.40","17,185.47",,,"5,609,300.00"
19/08/2022,"17,584.42","17,829.93","17,308.22","17,338.91",,,"4,899,700.00"
18/08/2022,"17,860.61","17,891.30","17,645.80","17,645.80",,,"3,643,900.00"
17/08/2022,"17,983.37","18,075.43","17,860.61","17,860.61",,,"3,782,100.00"
16/08/2022,"18,075.43","18,106.12","17,860.61","17,921.99",,,"3,887,512.00"
15/08/2022,"17,707.17","18,075.43","17,676.48","18,075.43",,,"6,225,200.00"
12/08/2022,"17,523.04","17,615.11","17,430.98","17,584.42",,,"1,941,500.00"
11/08/2022,"17,645.80","17,799.24","17,430.98","17,492.35",,,"4,453,400.00"
10/08/2022,"17,553.73","17,707.17","17,400.29","17,461.67",,,"3,664,500.00"
09/08/2022,"17,829.93","17,860.61","17,584.42","17,676.48",,,"3,627,800.00"
08/08/2022,"17,829.93","17,952.68","17,707.17","17,799.24",,,"3,291,700.00"
05/08/2022,"17,737.86","17,860.61","17,615.11","17,799.24",,,"2,954,300.00"
04/08/2022,"17,921.99","17,983.37","17,645.80","17,707.17",,,"5,360,900.00"
03/08/2022,"17,430.98","17,952.68","17,369.60","17,860.61",,,"6,140,900.00"
02/08/2022,"17,553.73","17,768.55","17,400.29","17,553.73",,,"4,570,600.00"
01/08/2022,"16,909.27","17,615.11","16,909.27","17,615.11",,,"8,757,900.00"
29/07/2022,"17,032.03","17,185.47","16,694.46","16,694.46",,,"5,464,700.00"
28/07/2022,"16,694.46","17,308.22","16,571.70","16,939.96",,,"9,197,200.00"
27/07/2022,"16,203.44","16,571.70","16,111.38","16,571.70",,,"1,748,200.00"
26/07/2022,"16,479.64","16,510.33","16,264.82","16,295.51",,,"2,693,000.00"
25/07/2022,"16,418.26","16,633.08","16,326.20","16,326.20",,,"2,220,100.00"
22/07/2022,"16,939.96","16,970.65","16,510.33","16,510.33",,,"3,403,000.00"
21/07/2022,"16,602.39","16,878.59","16,602.39","16,878.59",,,"4,824,700.00"
20/07/2022,"16,541.01","16,786.52","16,326.20","16,602.39",,,"4,316,400.00"
19/07/2022,"16,418.26","16,510.33","16,142.07","16,295.51",,,"2,852,900.00"
18/07/2022,"16,633.08","16,694.46","16,510.33","16,510.33",,,"3,976,500.00"
15/07/2022,"16,694.46","16,878.59","16,571.70","16,571.70",,,"9,134,300.00"
14/07/2022,"16,264.82","16,694.46","16,142.07","16,571.70",,,"6,162,300.00"
13/07/2022,"15,804.49","16,541.01","15,804.49","16,295.51",,,"3,868,900.00"
12/07/2022,"15,651.05","15,957.94","15,589.68","15,773.81",,,"4,441,500.00"
11/07/2022,"15,865.87","15,865.87","15,620.36","15,651.05",,,"2,552,300.00"
08/07/2022,"16,264.82","16,356.88","15,804.49","15,896.56",,,"2,655,300.00"
07/07/2022,"15,896.56","16,448.95","15,835.18","16,142.07",,,"3,333,500.00"
06/07/2022,"16,111.38","16,510.33","15,835.18","15,865.87",,,"4,331,400.00"
05/07/2022,"16,295.51","16,878.59","16,295.51","16,571.70",,,"4,934,900.00"
04/07/2022,"16,663.77","16,663.77","16,326.20","16,326.20",,,"4,009,200.00"
01/07/2022,"16,080.69","16,571.70","15,681.74","16,541.01",,,"3,534,400.00"
30/06/2022,"16,448.95","16,541.01","16,019.31","16,050.00",,,"3,116,800.00"
29/06/2022,"16,295.51","16,571.70","16,295.51","16,479.64",,,"3,769,100.00"
28/06/2022,"15,651.05","16,786.52","15,313.48","16,387.57",,,"9,338,000.00"
27/06/2022,"15,190.73","15,743.12","15,160.04","15,712.43",,,"4,017,800.00"
24/06/2022,"15,497.61","15,651.05","15,160.04","15,190.73",,,"2,945,000.00"
23/06/2022,"14,423.52","15,497.61","14,423.52","15,497.61",,,"4,669,100.00"
22/06/2022,"14,331.45","14,730.40","14,331.45","14,484.90",,,"2,892,500.00"
21/06/2022,"13,809.75","14,454.21","13,809.75","14,147.32",,,"4,588,400.00"
20/06/2022,"14,362.14","14,638.34","13,871.13","13,871.13",,,"4,733,900.00"
17/06/2022,"14,730.40","14,822.47","14,147.32","14,454.21",,,"3,221,800.00"
16/06/2022,"15,221.42","15,466.92","15,037.29","15,160.04",,,"2,961,700.00"
15/06/2022,"15,344.17","15,589.68","14,761.09","15,037.29",,,"3,205,400.00"
14/06/2022,"15,344.17","15,804.49","15,160.04","15,497.61",,,"2,936,700.00"
13/06/2022,"16,264.82","16,326.20","15,497.61","15,497.61",,,"6,956,600.00"
10/06/2022,"16,878.59","16,939.96","16,633.08","16,633.08",,,"3,296,400.00"
09/06/2022,"17,124.09","17,124.09","16,878.59","17,001.34",,,"3,092,700.00"
08/06/2022,"16,817.21","17,246.85","16,755.83","17,001.34",,,"5,453,400.00"
07/06/2022,"16,694.46","16,817.21","16,264.82","16,817.21",,,"2,889,500.00"
06/06/2022,"16,817.21","17,032.03","16,694.46","16,694.46",,,"3,756,100.00"
03/06/2022,"16,817.21","16,939.96","16,479.64","16,817.21",,,"2,339,500.00"
02/06/2022,"17,032.03","17,185.47","16,755.83","17,032.03",,,"4,391,900.00"
01/06/2022,"16,909.27","17,185.47","16,878.59","17,032.03",,,"4,137,200.00"
31/05/2022,"16,602.39","17,154.78","16,571.70","17,124.09",,,"6,177,500.00"
30/05/2022,"16,602.39","16,817.21","16,571.70","16,755.83",,,"2,818,400.00"
27/05/2022,"16,571.70","16,725.14","16,387.57","16,571.70",,,"3,929,200.00"
26/05/2022,"16,725.14","16,725.14","16,295.51","16,387.57",,,"3,900,600.00"
25/05/2022,"15,957.94","16,571.70","15,957.94","16,510.33",,,"5,502,000.00"
24/05/2022,"15,344.17","15,957.94","15,344.17","15,957.94",,,"4,449,100.00"
23/05/2022,"15,927.25","16,080.69","15,344.17","15,344.17",,,"4,328,800.00"
20/05/2022,"16,019.31","16,234.13","15,865.87","15,896.56",,,"5,051,800.00"
19/05/2022,"15,957.94","16,203.44","15,835.18","16,019.31",,,"4,270,100.00"
18/05/2022,"16,295.51","16,725.14","16,142.07","16,326.20",,,"6,546,500.00"
17/05/2022,"14,975.91","16,111.38","14,975.91","16,111.38",,,"5,909,200.00"
16/05/2022,"15,344.17","15,558.99","15,037.29","15,067.97",,,"5,223,400.00"
13/05/2022,"15,344.17","15,436.23","14,423.52","14,669.03",,,"8,034,400.00"
12/05/2022,"15,988.62","16,326.20","15,252.10","15,344.17",,,"6,390,806.00"
11/05/2022,"15,558.99","16,510.33","15,466.92","16,387.57",,,"5,787,100.00"
10/05/2022,"14,730.40","15,528.30","14,730.40","15,466.92",,,"6,494,400.00"
09/05/2022,"16,387.57","16,448.95","15,436.23","15,436.23",,,"5,432,800.00"
06/05/2022,"16,755.83","17,124.09","16,571.70","16,571.70",,,"2,455,600.00"
05/05/2022,"16,817.21","17,124.09","16,571.70","17,124.09",,,"4,604,600.00"
04/05/2022,"17,032.03","17,185.47","16,510.33","16,571.70",,,"4,604,700.00"
29/04/2022,"17,093.40","17,400.29","17,032.03","17,032.03",,,"6,067,200.00"
28/04/2022,"17,369.60","17,461.67","17,154.78","17,308.22",,,"2,072,300.00"
27/04/2022,"16,970.65","17,369.60","16,878.59","17,369.60",,,"3,380,800.00"
26/04/2022,"16,571.70","17,032.03","15,651.05","16,970.65",,,"6,097,600.00"
25/04/2022,"18,014.06","18,014.06","16,786.52","16,786.52",,,"6,875,600.00"
22/04/2022,"18,075.43","18,167.50","17,737.86","18,044.74",,,"3,585,200.00"
21/04/2022,"17,553.73","18,106.12","17,430.98","17,799.24",,,"5,307,000.00"
20/04/2022,"17,645.80","17,983.37","17,523.04","17,615.11",,,"4,259,300.00"
19/04/2022,"18,106.12","18,351.63","17,645.80","17,645.80",,,"4,637,100.00"
18/04/2022,"18,965.39","18,965.39","17,921.99","17,921.99",,,"8,523,800.00"
15/04/2022,"19,302.97","19,302.97","18,965.39","19,026.77",,,"5,073,900.00"
14/04/2022,"19,333.65","19,579.16","19,118.84","19,149.52",,,"2,929,200.00"
13/04/2022,"19,149.52","19,425.72","19,149.52","19,333.65",,,"4,307,400.00"
12/04/2022,"19,732.60","19,763.29","19,026.77","19,026.77",,,"5,830,076.00"
08/04/2022,"19,947.42","19,978.11","19,671.23","19,671.23",,,"5,331,500.00"
07/04/2022,"20,070.17","20,254.30","19,855.36","19,978.11",,,"6,180,300.00"
06/04/2022,"19,701.91","20,039.49","19,701.91","20,008.80",,,"5,774,800.00"
05/04/2022,"19,947.42","20,131.55","19,855.36","19,855.36",,,"6,075,100.00"
04/04/2022,"20,499.81","20,499.81","20,162.24","20,162.24",,,"6,793,500.00"
01/04/2022,"19,947.42","20,346.37","19,916.73","20,284.99",,,"8,660,000.00"
31/03/2022,"19,701.91","20,008.80","19,701.91","19,916.73",,,"4,793,800.00"
30/03/2022,"19,579.16","19,978.11","19,548.47","19,671.23",,,"5,158,200.00"
29/03/2022,"19,640.54","19,701.91","19,579.16","19,640.54",,,"3,822,900.00"
28/03/2022,"19,763.29","19,978.11","19,517.78","19,517.78",,,"6,550,700.00"
25/03/2022,"19,947.42","20,070.17","19,701.91","19,763.29",,,"6,095,200.00"
24/03/2022,"20,131.55","20,192.93","19,978.11","19,978.11",,,"4,490,100.00"
23/03/2022,"20,254.30","20,530.50","20,162.24","20,162.24",,,"4,160,700.00"
22/03/2022,"20,131.55","20,407.75","20,131.55","20,254.30",,,"6,211,300.00"
21/03/2022,"20,131.55","20,223.62","19,978.11","20,162.24",,,"3,447,300.00"
,,,,,,,
,,,,,,,
SIMPLIZE,,,,,,,
"Số 5 ngõ 316 Lê Trọng Tấn, Phường Khương Mai, Quận Thanh Xuân, TP.Hà Nội
",,,,,,,
Website: simplize.vn,,,,,,,
Email: info@simplize.vn,,,,,,,
Tel: (+84) 38 840 8668,,,,,,,
