Tên công ty,Ngân hàng Thương mại Cổ phần Phát triển Thành phố Hồ Chí Minh,,,,,,
Tên báo cáo,Lịch sử giá,,,,,,
Ngày tải,24/03/2026,,,,,,
,,,,,,,
NGÀY,GIÁ MỞ CỬA,GIÁ CAO NHẤT,GIÁ THẤP NHẤT,GIÁ ĐÓNG CỬA,THAY ĐỔI GIÁ,% THAY ĐỔI,KHỐI LƯỢNG
24/03/2026,"24,500.00","24,900.00","24,500.00","24,500.00",200.00,0.01,"8,199,500.00"
23/03/2026,"24,750.00","24,750.00","23,800.00","24,300.00",-700.00,-0.03,"24,481,200.00"
20/03/2026,"25,500.00","25,500.00","24,900.00","25,000.00",-650.00,-0.03,"12,201,400.00"
19/03/2026,"25,500.00","25,700.00","25,250.00","25,650.00",-50.00,0.00,"13,069,900.00"
18/03/2026,"25,700.00","26,000.00","25,250.00","25,700.00",0.00,0.00,"9,744,800.00"
17/03/2026,"25,700.00","26,200.00","25,650.00","25,700.00",100.00,0.00,"11,718,400.00"
16/03/2026,"25,500.00","25,650.00","25,200.00","25,600.00",0.00,0.00,"6,905,100.00"
13/03/2026,"25,300.00","25,750.00","25,200.00","25,600.00",-100.00,0.00,"8,896,300.00"
12/03/2026,"25,300.00","25,750.00","25,100.00","25,700.00",-50.00,0.00,"11,637,800.00"
11/03/2026,"25,150.00","26,000.00","24,950.00","25,750.00",600.00,0.02,"14,822,800.00"
10/03/2026,"25,000.00","25,750.00","24,600.00","25,150.00","1,050.00",0.04,"24,488,200.00"
09/03/2026,"24,100.00","25,500.00","24,100.00","24,100.00","-1,800.00",-0.07,"28,176,000.00"
06/03/2026,"25,900.00","26,200.00","25,600.00","25,900.00",-50.00,0.00,"11,697,700.00"
05/03/2026,"26,500.00","26,600.00","25,950.00","25,950.00",-400.00,-0.02,"18,266,100.00"
04/03/2026,"26,400.00","26,600.00","25,700.00","26,350.00",-150.00,-0.01,"17,900,500.00"
03/03/2026,"27,000.00","27,100.00","26,300.00","26,500.00",-450.00,-0.02,"19,337,900.00"
02/03/2026,"27,300.00","27,650.00","26,950.00","26,950.00","-1,000.00",-0.04,"23,024,400.00"
27/02/2026,"28,400.00","28,400.00","27,950.00","27,950.00",-450.00,-0.02,"13,120,700.00"
26/02/2026,"28,500.00","28,550.00","27,950.00","28,400.00",-50.00,0.00,"14,130,400.00"
25/02/2026,"28,500.00","28,850.00","28,200.00","28,450.00",-50.00,0.00,"18,493,700.00"
24/02/2026,"28,100.00","28,500.00","27,750.00","28,500.00",300.00,0.01,"22,582,600.00"
23/02/2026,"28,300.00","28,500.00","28,050.00","28,200.00",0.00,0.00,"10,138,800.00"
13/02/2026,"27,750.00","28,200.00","27,700.00","28,200.00",350.00,0.01,"14,478,600.00"
12/02/2026,"27,850.00","28,000.00","27,650.00","27,850.00",50.00,0.00,"9,614,300.00"
11/02/2026,"26,750.00","27,950.00","26,650.00","27,800.00","1,000.00",0.04,"29,253,800.00"
10/02/2026,"26,850.00","26,900.00","26,000.00","26,800.00",0.00,0.00,"12,368,700.00"
09/02/2026,"26,750.00","26,800.00","26,250.00","26,800.00",300.00,0.01,"13,142,300.00"
06/02/2026,"27,200.00","27,500.00","26,500.00","26,500.00","-1,050.00",-0.04,"27,190,700.00"
05/02/2026,"27,550.00","27,900.00","27,250.00","27,550.00",0.00,0.00,"17,052,600.00"
04/02/2026,"27,550.00","27,600.00","27,200.00","27,550.00",0.00,0.00,"13,382,500.00"
03/02/2026,"27,900.00","28,000.00","27,350.00","27,550.00",-250.00,-0.01,"20,463,600.00"
02/02/2026,"28,000.00","28,250.00","27,250.00","27,800.00",-500.00,-0.02,"16,113,700.00"
30/01/2026,"27,900.00","28,400.00","27,800.00","28,300.00",450.00,0.02,"15,990,600.00"
29/01/2026,"28,550.00","28,600.00","27,800.00","27,850.00",-650.00,-0.02,"13,587,000.00"
28/01/2026,"28,500.00","28,850.00","28,350.00","28,500.00",-500.00,-0.02,"24,360,600.00"
27/01/2026,"28,350.00","29,000.00","27,800.00","29,000.00",650.00,0.02,"15,743,500.00"
26/01/2026,"29,400.00","29,400.00","28,300.00","28,350.00","-1,250.00",-0.04,"11,703,400.00"
23/01/2026,"29,250.00","29,600.00","28,650.00","29,600.00",400.00,0.01,"16,077,900.00"
22/01/2026,"29,100.00","29,750.00","29,050.00","29,200.00",150.00,0.01,"18,695,900.00"
21/01/2026,"28,650.00","30,000.00","28,300.00","29,050.00",100.00,0.00,"24,503,900.00"
20/01/2026,"29,000.00","29,800.00","28,750.00","28,950.00",200.00,0.01,"19,555,100.00"
19/01/2026,"28,500.00","29,000.00","28,200.00","28,750.00",300.00,0.01,"16,574,300.00"
16/01/2026,"29,500.00","29,500.00","28,450.00","28,450.00","-1,100.00",-0.04,"15,902,500.00"
15/01/2026,"27,500.00","29,550.00","26,800.00","29,550.00","1,900.00",0.07,"32,989,100.00"
14/01/2026,"28,500.00","28,500.00","27,550.00","27,650.00",-800.00,-0.03,"21,961,000.00"
13/01/2026,"28,200.00","28,450.00","28,000.00","28,450.00",250.00,0.01,"16,194,800.00"
12/01/2026,"27,700.00","28,350.00","27,250.00","28,200.00",300.00,0.01,"23,631,100.00"
09/01/2026,"28,850.00","29,100.00","27,500.00","27,900.00",-900.00,-0.03,"29,852,300.00"
08/01/2026,"29,150.00","29,200.00","28,500.00","28,800.00",-300.00,-0.01,"17,601,200.00"
07/01/2026,"29,050.00","29,550.00","28,350.00","29,100.00",50.00,0.00,"23,080,000.00"
06/01/2026,"28,800.00","29,050.00","28,100.00","29,050.00",100.00,0.00,"14,635,600.00"
05/01/2026,"29,500.00","29,500.00","28,000.00","28,950.00",-750.00,-0.03,"24,967,900.00"
31/12/2025,"27,800.00","29,700.00","27,750.00","29,700.00","1,750.00",0.06,"43,989,500.00"
30/12/2025,"27,600.00","27,950.00","27,000.00","27,950.00",350.00,0.01,"29,039,500.00"
29/12/2025,"27,700.00","27,700.00","27,150.00","27,600.00",0.00,0.00,"14,634,000.00"
26/12/2025,"27,000.00","28,000.00","26,800.00","27,600.00",50.00,0.00,"21,297,400.00"
25/12/2025,"27,700.00","27,900.00","26,950.00","27,550.00",-300.00,-0.01,"16,421,500.00"
24/12/2025,"27,550.00","28,000.00","27,400.00","27,850.00",350.00,0.01,"25,185,800.00"
23/12/2025,"27,000.00","28,000.00","26,950.00","27,500.00",500.00,0.02,"32,590,800.00"
22/12/2025,"26,000.00","27,100.00","25,750.00","27,000.00","1,050.00",0.04,"39,574,300.00"
19/12/2025,"25,600.00","26,000.00","25,450.00","25,950.00",350.00,0.01,"21,301,200.00"
18/12/2025,"25,000.00","26,000.00","24,750.00","25,600.00",850.00,0.03,"27,159,300.00"
17/12/2025,"24,674.22","25,098.31","24,442.90","24,751.33",0.00,0.00,"31,970,800.00"
16/12/2025,"23,170.64","24,751.33","23,016.42","24,751.33","2,100.00",0.07,"22,023,100.00"
15/12/2025,"23,324.85","23,440.51","23,054.98","23,132.08",-200.00,-0.01,"15,992,700.00"
12/12/2025,"24,520.01","24,597.12","23,286.30","23,286.30","-1,550.00",-0.05,"17,587,400.00"
11/12/2025,"24,828.44","24,866.99","24,365.80","24,481.46",-400.00,-0.01,"7,041,800.00"
10/12/2025,"24,905.54","25,445.29","24,365.80","24,789.88",650.00,0.02,"25,674,400.00"
09/12/2025,"25,175.42","25,175.42","24,288.69","24,288.69","-1,250.00",-0.04,"22,892,400.00"
08/12/2025,"25,329.63","25,406.74","24,982.65","25,252.53",-200.00,-0.01,"10,114,700.00"
05/12/2025,"25,445.29","25,445.29","25,021.20","25,406.74",0.00,0.00,"9,205,900.00"
04/12/2025,"25,291.08","25,522.40","24,982.65","25,406.74",700.00,0.02,"15,130,300.00"
03/12/2025,"24,674.22","25,059.76","24,481.46","24,866.99",250.00,0.01,"19,599,900.00"
02/12/2025,"24,288.69","24,674.22","23,864.60","24,674.22",500.00,0.02,"16,531,800.00"
01/12/2025,"24,712.78","24,712.78","24,250.13","24,288.69",-500.00,-0.02,"7,633,801.00"
28/11/2025,"24,597.12","24,674.22","24,250.13","24,674.22",0.00,0.00,"14,440,801.00"
27/11/2025,"25,021.20","25,021.20","24,365.80","24,674.22",-300.00,-0.01,"12,702,600.00"
26/11/2025,"24,520.01","24,905.54","24,365.80","24,905.54",500.00,0.02,"14,640,700.00"
25/11/2025,"24,095.92","24,751.33","24,095.92","24,520.01",700.00,0.02,"57,307,300.00"
24/11/2025,"24,134.47","24,674.22","23,941.71","23,980.26",-100.00,0.00,"17,902,700.00"
21/11/2025,"24,404.35","24,558.56","23,903.15","24,057.37",-600.00,-0.02,"48,698,700.00"
20/11/2025,"24,211.58","24,597.12","24,057.37","24,520.01",500.00,0.02,"24,074,900.00"
19/11/2025,"23,517.62","24,288.69","23,132.08","24,134.47",850.00,0.03,"25,036,700.00"
18/11/2025,"23,247.74","23,517.62","23,132.08","23,479.07",400.00,0.01,"20,233,401.00"
17/11/2025,"23,132.08","23,517.62","22,977.87","23,170.64",200.00,0.01,"18,147,901.00"
14/11/2025,"23,016.42","23,132.08","22,746.55","23,016.42",-100.00,0.00,"28,290,200.00"
13/11/2025,"23,132.08","23,247.74","22,900.76","23,093.53",-50.00,0.00,"12,081,700.00"
12/11/2025,"22,900.76","23,209.19","22,592.34","23,132.08",400.00,0.01,"18,585,301.00"
11/11/2025,"22,823.66","22,900.76","22,399.57","22,823.66",0.00,0.00,"16,087,100.00"
10/11/2025,"23,054.98","23,170.64","22,592.34","22,823.66",-400.00,-0.01,"16,970,500.00"
07/11/2025,"23,093.53","23,247.74","22,553.78","23,132.08",-100.00,0.00,"22,688,600.00"
06/11/2025,"23,980.26","23,980.26","23,170.64","23,209.19",-950.00,-0.03,"13,672,600.00"
05/11/2025,"23,980.26","24,520.01","23,748.94","23,941.71",-50.00,0.00,"9,484,600.00"
04/11/2025,"23,556.17","23,980.26","22,553.78","23,980.26",550.00,0.02,"34,543,800.00"
03/11/2025,"24,674.22","24,751.33","23,517.62","23,556.17","-1,450.00",-0.05,"26,640,100.00"
31/10/2025,"25,869.38","25,869.38","24,674.22","24,674.22","-1,400.00",-0.04,"25,068,800.00"
30/10/2025,"25,792.27","26,486.24","25,599.51","25,753.72",0.00,0.00,"23,784,200.00"
29/10/2025,"25,021.20","26,293.47","24,944.10","25,753.72","1,200.00",0.04,"34,743,500.00"
28/10/2025,"23,556.17","24,828.44","23,556.17","24,828.44","1,100.00",0.04,"20,882,423.00"
27/10/2025,"25,406.74","25,406.74","23,980.26","23,980.26","-1,600.00",-0.05,"23,858,400.00"
24/10/2025,"25,252.53","25,483.85","24,674.22","25,213.97",-300.00,-0.01,"19,718,100.00"
23/10/2025,"25,021.20","26,409.13","24,982.65","25,445.29",500.00,0.02,"49,594,900.00"
22/10/2025,"25,059.76","25,098.31","24,442.90","25,059.76",150.00,0.00,"18,939,900.00"
21/10/2025,"23,440.51","24,944.10","23,440.51","24,944.10","2,100.00",0.07,"31,997,900.00"
20/10/2025,"24,674.22","24,828.44","23,324.85","23,324.85","-2,250.00",-0.07,"38,820,800.00"
17/10/2025,"25,869.38","25,869.38","25,059.76","25,059.76",-900.00,-0.03,"21,529,000.00"
16/10/2025,"25,638.06","25,753.72","25,368.19","25,753.72",300.00,0.01,"27,738,979.00"
15/10/2025,"25,136.86","25,907.93","25,059.76","25,522.40",450.00,0.01,"31,173,401.00"
14/10/2025,"25,368.19","25,792.27","24,751.33","25,175.42",0.00,0.00,"36,016,101.00"
13/10/2025,"24,250.13","25,175.42","24,173.03","25,175.42",800.00,0.03,"38,899,300.00"
10/10/2025,"24,597.12","24,635.67","24,442.90","24,558.56",200.00,0.01,"15,290,501.00"
09/10/2025,"24,250.13","24,558.56","24,057.37","24,404.35",200.00,0.01,"18,846,800.00"
08/10/2025,"24,442.90","24,442.90","23,903.15","24,250.13",150.00,0.00,"19,751,400.00"
07/10/2025,"24,481.46","24,481.46","24,018.81","24,134.47",-200.00,-0.01,"21,193,000.00"
06/10/2025,"23,517.62","24,520.01","23,401.96","24,288.69","1,300.00",0.04,"34,774,200.00"
03/10/2025,"23,748.94","23,787.49","23,286.30","23,286.30",-650.00,-0.02,"9,573,800.00"
02/10/2025,"23,903.15","24,134.47","23,594.73","23,787.49",-50.00,0.00,"14,170,800.00"
01/10/2025,"23,903.15","23,980.26","23,671.83","23,826.05",-100.00,0.00,"10,748,200.00"
30/09/2025,"23,671.83","23,903.15","23,247.74","23,903.15",100.00,0.00,"14,956,400.00"
29/09/2025,"23,247.74","23,980.26","22,977.87","23,826.05",750.00,0.02,"13,706,000.00"
26/09/2025,"23,903.15","23,941.71","23,247.74","23,247.74",-850.00,-0.03,"12,495,800.00"
25/09/2025,"24,288.69","24,365.80","23,826.05","23,903.15",300.00,0.01,"16,075,600.00"
24/09/2025,"22,206.80","23,671.83","21,782.71","23,671.83","2,000.00",0.07,"25,056,700.00"
23/09/2025,"22,399.57","22,592.34","22,129.69","22,129.69",-300.00,-0.01,"12,092,100.00"
22/09/2025,"23,286.30","23,286.30","22,361.01","22,361.01","-1,200.00",-0.04,"20,494,800.00"
19/09/2025,"23,594.73","23,594.73","23,132.08","23,286.30",-500.00,-0.02,"15,895,376.00"
18/09/2025,"23,864.60","23,864.60","23,286.30","23,671.83",-200.00,-0.01,"14,096,801.00"
17/09/2025,"24,057.37","24,095.92","23,826.05","23,826.05",-400.00,-0.01,"9,467,800.00"
16/09/2025,"24,211.58","24,327.24","23,826.05","24,134.47",50.00,0.00,"18,396,800.00"
15/09/2025,"24,288.69","24,365.80","23,941.71","24,095.92",-250.00,-0.01,"17,266,701.00"
12/09/2025,"24,288.69","24,327.24","23,941.71","24,288.69",0.00,0.00,"12,652,000.00"
11/09/2025,"24,057.37","24,365.80","23,517.62","24,288.69",-100.00,0.00,"13,244,200.00"
10/09/2025,"24,365.80","24,404.35","23,864.60","24,365.80",50.00,0.00,"14,970,749.00"
09/09/2025,"23,671.83","24,327.24","23,556.17","24,327.24",650.00,0.02,"16,258,200.00"
08/09/2025,"24,597.12","24,635.67","23,517.62","23,826.05","-1,400.00",-0.04,"31,177,200.00"
05/09/2025,"25,830.83","25,869.38","24,597.12","24,905.54",-850.00,-0.03,"23,178,800.00"
04/09/2025,"25,560.95","25,599.51","25,098.31","25,560.95",50.00,0.00,"21,081,901.00"
03/09/2025,"25,830.83","25,869.38","25,445.29","25,522.40",-350.00,-0.01,"15,109,600.00"
29/08/2025,"25,368.19","26,062.15","25,213.97","25,792.27",950.00,0.03,"29,429,100.00"
28/08/2025,"25,059.76","25,098.31","24,481.46","25,059.76",50.00,0.00,"23,349,100.00"
27/08/2025,"25,368.19","25,445.29","24,712.78","25,021.20",150.00,0.00,"17,014,600.00"
26/08/2025,"24,134.47","24,905.54","23,864.60","24,905.54","1,000.00",0.03,"13,202,401.00"
25/08/2025,"25,368.19","25,368.19","23,556.17","24,134.47","-1,050.00",-0.03,"23,609,800.00"
22/08/2025,"25,638.06","25,638.06","24,288.69","24,944.10",-900.00,-0.03,"30,878,400.00"
21/08/2025,"24,674.22","26,177.81","24,674.22","25,638.06","1,400.00",0.04,"38,941,000.00"
20/08/2025,"25,136.86","25,252.53","23,864.60","24,558.56",-650.00,-0.02,"31,215,301.00"
19/08/2025,"23,826.05","25,136.86","23,633.28","25,059.76","2,000.00",0.07,"38,696,300.00"
18/08/2025,"24,057.37","24,057.37","23,132.08","23,517.62",-500.00,-0.02,"28,646,584.00"
15/08/2025,"24,404.35","24,442.90","23,440.51","23,903.15",50.00,0.00,"37,673,400.00"
14/08/2025,"23,054.98","23,864.60","22,515.23","23,864.60","2,000.00",0.07,"66,657,400.00"
13/08/2025,"22,669.44","22,708.00","21,936.93","22,322.46",50.00,0.00,"30,234,700.00"
12/08/2025,"21,589.95","22,322.46","21,512.84","22,283.91","1,000.00",0.04,"31,359,401.00"
11/08/2025,"21,859.82","21,859.82","21,512.84","21,512.84",-150.00,-0.01,"29,644,001.00"
08/08/2025,"22,052.59","22,129.69","21,512.84","21,628.50",-450.00,-0.02,"25,735,221.00"
07/08/2025,"22,129.69","22,129.69","21,551.39","21,975.48",250.00,0.01,"32,444,102.00"
06/08/2025,"21,975.48","22,052.59","21,589.95","21,782.71",350.00,0.01,"17,689,500.00"
05/08/2025,"22,129.69","22,438.12","20,818.88","21,512.84",-100.00,0.00,"36,137,600.00"
04/08/2025,"20,857.43","21,589.95","20,741.77","21,589.95","1,000.00",0.04,"22,838,600.00"
01/08/2025,"20,394.79","20,934.54","20,356.23","20,818.88",550.00,0.02,"23,544,500.00"
31/07/2025,"20,934.54","21,320.07","20,009.25","20,394.79",-200.00,-0.01,"33,174,601.00"
30/07/2025,"20,433.34","20,664.66","19,855.04","20,549.00",150.00,0.01,"21,088,700.00"
29/07/2025,"21,898.37","21,898.37","20,433.34","20,433.34","-1,950.00",-0.07,"37,832,000.00"
28/07/2025,"21,859.82","22,553.78","21,512.84","21,936.93",200.00,0.01,"26,536,700.00"
25/07/2025,"21,281.52","21,898.37","21,127.30","21,782.71",650.00,0.02,"26,496,300.00"
24/07/2025,"20,934.54","21,859.82","20,703.22","21,281.52","1,100.00",0.04,"74,251,800.00"
23/07/2025,"19,816.49","20,587.55","19,777.93","20,433.34","1,050.00",0.04,"35,693,700.00"
22/07/2025,"18,891.20","19,623.72","18,775.54","19,623.72",950.00,0.04,"33,332,100.00"
21/07/2025,"18,891.20","19,006.86","18,736.99","18,891.20",100.00,0.00,"21,034,900.00"
18/07/2025,"18,852.65","18,891.20","18,582.77","18,814.10",50.00,0.00,"20,748,500.00"
17/07/2025,"18,775.54","18,852.65","18,621.33","18,775.54",100.00,0.00,"21,370,100.00"
16/07/2025,"18,621.33","18,736.99","18,582.77","18,698.43",100.00,0.00,"14,327,500.00"
15/07/2025,"18,814.10","19,083.97","18,621.33","18,621.33",-250.00,-0.01,"43,604,600.00"
14/07/2025,"18,891.20","18,891.20","18,544.22","18,814.10",-50.00,0.00,"17,079,301.00"
11/07/2025,"18,775.54","18,852.65","18,467.11","18,852.65",100.00,0.00,"19,947,300.00"
10/07/2025,"18,775.54","18,814.10","18,544.22","18,775.54",150.00,0.01,"18,394,701.00"
09/07/2025,"18,197.24","19,045.42","18,120.13","18,659.88",700.00,0.03,"39,764,001.00"
08/07/2025,"18,043.03","18,158.69","17,927.37","18,120.13",200.00,0.01,"17,331,201.00"
07/07/2025,"17,464.72","17,965.92","17,426.17","17,965.92",750.00,0.03,"27,588,700.00"
04/07/2025,"17,464.72","17,580.38","17,271.96","17,387.62",0.00,0.00,"13,207,400.00"
03/07/2025,"17,194.85","17,541.83","17,117.74","17,387.62",250.00,0.01,"22,733,700.00"
02/07/2025,"17,079.19","17,349.06","17,002.08","17,194.85",200.00,0.01,"19,351,900.00"
01/07/2025,"16,847.87","17,194.85","16,809.31","17,040.64",300.00,0.01,"39,957,800.00"
30/06/2025,"16,809.31","16,886.42","16,770.76","16,809.31",0.00,0.00,"8,362,700.00"
27/06/2025,"16,770.76","16,886.42","16,655.10","16,809.31",100.00,0.00,"10,137,100.00"
26/06/2025,"16,847.87","16,886.42","16,655.10","16,732.21",-100.00,0.00,"59,590,802.00"
25/06/2025,"16,963.53","17,002.08","16,809.31","16,809.31",-150.00,-0.01,"11,739,900.00"
24/06/2025,"17,040.64","17,117.74","16,886.42","16,924.97",0.00,0.00,"25,304,002.00"
23/06/2025,"16,963.53","17,040.64","16,847.87","16,924.97",-200.00,-0.01,"14,879,600.00"
20/06/2025,"17,002.08","17,233.40","16,924.97","17,079.19",150.00,0.01,"18,097,904.00"
19/06/2025,"16,963.53","17,079.19","16,847.87","16,963.53",50.00,0.00,"8,180,401.00"
18/06/2025,"16,886.42","17,040.64","16,809.31","16,924.97",50.00,0.00,"17,248,000.00"
17/06/2025,"16,847.87","16,924.97","16,732.21","16,886.42",150.00,0.01,"13,083,600.00"
16/06/2025,"16,616.55","16,847.87","16,539.44","16,770.76",150.00,0.01,"11,085,600.00"
13/06/2025,"16,655.10","16,770.76","16,462.33","16,655.10",-150.00,-0.01,"12,407,900.00"
12/06/2025,"16,577.99","16,809.31","16,539.44","16,770.76",350.00,0.02,"10,074,000.00"
11/06/2025,"16,616.55","16,616.55","16,462.33","16,500.89",-100.00,0.00,"8,491,201.00"
10/06/2025,"16,577.99","16,770.76","16,500.89","16,577.99",50.00,0.00,"8,468,902.00"
09/06/2025,"16,809.31","16,809.31","16,539.44","16,539.44",-350.00,-0.02,"7,740,200.00"
06/06/2025,"16,616.55","16,809.31","16,539.44","16,809.31",150.00,0.01,"10,159,901.00"
05/06/2025,"16,847.87","16,886.42","16,616.55","16,693.65",-200.00,-0.01,"11,646,700.00"
04/06/2025,"16,924.97","16,963.53","16,770.76","16,847.87",0.00,0.00,"7,838,500.00"
03/06/2025,"16,693.65","17,002.08","16,655.10","16,847.87",250.00,0.01,"21,717,600.00"
02/06/2025,"16,616.55","16,770.76","16,500.89","16,655.10",-100.00,0.00,"10,689,301.00"
30/05/2025,"17,040.64","17,079.19","16,732.21","16,732.21",-350.00,-0.02,"29,909,000.00"
29/05/2025,"17,194.85","17,387.62","17,002.08","17,002.08",-200.00,-0.01,"13,724,800.00"
28/05/2025,"17,464.72","17,503.28","17,156.30","17,156.30",-350.00,-0.02,"13,490,500.00"
27/05/2025,"17,426.17","17,541.83","17,349.06","17,426.17",0.00,0.00,"9,757,700.00"
26/05/2025,"17,117.74","17,426.17","17,079.19","17,426.17",500.00,0.02,"22,364,700.00"
23/05/2025,"17,040.64","17,156.30","16,963.53","17,040.64",50.00,0.00,"15,051,002.00"
22/05/2025,"17,117.74","17,233.40","17,002.08","17,002.08",-350.00,-0.02,"17,093,400.00"
21/05/2025,"17,194.85","17,503.28","17,117.74","17,271.96",100.00,0.00,"18,895,100.00"
20/05/2025,"16,963.53","17,271.96","16,963.53","17,194.85",300.00,0.01,"15,236,500.00"
19/05/2025,"16,847.87","17,194.85","16,693.65","16,963.53",50.00,0.00,"19,745,500.00"
16/05/2025,"17,156.30","17,194.85","16,924.97","16,924.97",-300.00,-0.01,"9,310,700.00"
15/05/2025,"17,079.19","17,271.96","16,924.97","17,156.30",50.00,0.00,"12,695,400.00"
14/05/2025,"16,847.87","17,156.30","16,847.87","17,117.74",400.00,0.02,"13,823,800.00"
13/05/2025,"16,655.10","17,040.64","16,655.10","16,809.31",300.00,0.01,"15,957,000.00"
12/05/2025,"16,308.12","16,577.99","16,308.12","16,577.99",300.00,0.01,"11,769,300.00"
09/05/2025,"16,385.23","16,423.78","16,269.57","16,346.67",-50.00,0.00,"10,651,636.00"
08/05/2025,"16,192.46","16,500.89","16,153.91","16,385.23",300.00,0.01,"11,827,200.00"
07/05/2025,"16,308.12","16,423.78","16,115.35","16,153.91",-300.00,-0.01,"11,767,700.00"
06/05/2025,"16,385.23","16,577.99","16,308.12","16,385.23",50.00,0.00,"7,788,000.00"
05/05/2025,"16,577.99","16,616.55","16,308.12","16,346.67",-250.00,-0.01,"13,251,700.00"
29/04/2025,"16,539.44","16,616.55","16,346.67","16,539.44",-50.00,0.00,"12,936,900.00"
28/04/2025,"16,500.89","16,577.99","16,269.57","16,577.99",250.00,0.01,"9,385,900.00"
25/04/2025,"16,385.23","16,423.78","16,115.35","16,385.23",0.00,0.00,"14,568,501.00"
24/04/2025,"16,038.25","16,385.23","15,961.14","16,385.23",900.00,0.04,"17,363,600.00"
23/04/2025,"15,806.92","15,999.69","15,691.26","15,691.26",50.00,0.00,"12,573,536.00"
22/04/2025,"15,652.71","15,729.82","14,765.98","15,652.71",-100.00,0.00,"18,462,100.00"
21/04/2025,"16,038.25","16,115.35","15,729.82","15,729.82",-400.00,-0.02,"15,358,364.00"
18/04/2025,"16,038.25","16,153.91","16,038.25","16,038.25",100.00,0.00,"12,349,300.00"
17/04/2025,"15,884.03","15,961.14","15,691.26","15,961.14",50.00,0.00,"14,662,000.00"
16/04/2025,"15,884.03","16,076.80","15,768.37","15,922.58",100.00,0.00,"13,342,400.00"
15/04/2025,"15,999.69","16,231.01","15,806.92","15,845.48",-450.00,-0.02,"16,033,100.00"
14/04/2025,"16,423.78","16,423.78","16,153.91","16,192.46",300.00,0.01,"19,061,609.00"
11/04/2025,"15,961.14","16,038.25","15,344.28","15,961.14","1,250.00",0.06,"18,471,700.00"
10/04/2025,"14,997.30","14,997.30","14,997.30","14,997.30","1,250.00",0.07,"18,087,022.00"
09/04/2025,"13,917.80","15,151.52","13,879.25","14,033.46","-1,150.00",-0.06,"35,984,500.00"
08/04/2025,"15,729.82","15,884.03","14,920.19","14,920.19","-1,450.00",-0.07,"29,668,000.00"
04/04/2025,"15,035.85","16,269.57","15,035.85","16,038.25",-100.00,0.00,"39,537,900.00"
03/04/2025,"16,809.31","16,924.97","16,115.35","16,115.35","-1,550.00",-0.07,"33,162,100.00"
02/04/2025,"17,310.51","17,503.28","17,194.85","17,310.51",0.00,0.00,"41,877,497.00"
01/04/2025,"17,117.74","17,310.51","17,002.08","17,310.51",350.00,0.02,"15,831,100.00"
31/03/2025,"17,040.64","17,117.74","16,963.53","17,040.64",-150.00,-0.01,"8,375,200.00"
28/03/2025,"17,426.17","17,464.72","17,156.30","17,156.30",-400.00,-0.02,"14,135,000.00"
27/03/2025,"17,503.28","17,541.83","17,349.06","17,464.72",-100.00,0.00,"12,982,700.00"
26/03/2025,"17,580.38","17,773.15","17,426.17","17,541.83",0.00,0.00,"18,824,900.00"
25/03/2025,"17,503.28","17,696.04","17,464.72","17,541.83",100.00,0.00,"27,334,001.00"
24/03/2025,"17,734.60","17,773.15","17,387.62","17,464.72",-350.00,-0.02,"13,150,300.00"
21/03/2025,"17,811.70","17,850.26","17,696.04","17,734.60",-100.00,0.00,"9,147,900.00"
20/03/2025,"17,927.37","18,158.69","17,696.04","17,811.70",50.00,0.00,"11,489,000.00"
19/03/2025,"17,888.81","18,004.47","17,734.60","17,773.15",-200.00,-0.01,"13,142,500.00"
18/03/2025,"18,081.58","18,120.13","17,888.81","17,927.37",-150.00,-0.01,"8,446,200.00"
17/03/2025,"17,927.37","18,158.69","17,850.26","18,043.03",200.00,0.01,"8,389,500.00"
14/03/2025,"17,850.26","18,004.47","17,773.15","17,888.81",50.00,0.00,"7,318,200.00"
13/03/2025,"18,274.35","18,274.35","17,811.70","17,850.26",-500.00,-0.02,"13,362,800.00"
12/03/2025,"18,428.56","18,467.11","18,158.69","18,235.79",-150.00,-0.01,"9,524,200.00"
11/03/2025,"18,120.13","18,351.45","17,965.92","18,351.45",100.00,0.00,"9,382,000.00"
10/03/2025,"18,158.69","18,428.56","18,120.13","18,274.35",300.00,0.01,"15,852,300.00"
07/03/2025,"17,773.15","18,197.24","17,734.60","18,043.03",350.00,0.02,"25,702,000.00"
06/03/2025,"17,657.49","17,773.15","17,618.94","17,773.15",150.00,0.01,"13,750,600.00"
05/03/2025,"17,657.49","17,965.92","17,657.49","17,657.49",-50.00,0.00,"9,704,300.00"
04/03/2025,"17,657.49","17,734.60","17,541.83","17,696.04",-50.00,0.00,"10,016,700.00"
03/03/2025,"17,773.15","17,811.70","17,618.94","17,734.60",-50.00,0.00,"9,926,400.00"
28/02/2025,"17,850.26","17,888.81","17,580.38","17,773.15",-150.00,-0.01,"12,530,100.00"
27/02/2025,"17,773.15","17,888.81","17,618.94","17,888.81",150.00,0.01,"9,859,500.00"
26/02/2025,"17,927.37","17,965.92","17,773.15","17,773.15",-150.00,-0.01,"9,790,401.00"
25/02/2025,"18,120.13","18,120.13","17,773.15","17,888.81",-250.00,-0.01,"16,171,200.00"
24/02/2025,"17,734.60","18,120.13","17,657.49","18,081.58",400.00,0.02,"18,335,400.00"
21/02/2025,"17,618.94","17,888.81","17,580.38","17,773.15",200.00,0.01,"12,362,000.00"
20/02/2025,"17,618.94","17,657.49","17,541.83","17,618.94",50.00,0.00,"11,942,400.00"
19/02/2025,"17,503.28","17,618.94","17,426.17","17,580.38",100.00,0.00,"9,981,600.00"
18/02/2025,"17,464.72","17,580.38","17,426.17","17,503.28",50.00,0.00,"8,806,800.00"
17/02/2025,"17,696.04","17,696.04","17,426.17","17,464.72",-200.00,-0.01,"10,554,401.00"
14/02/2025,"17,618.94","17,657.49","17,541.83","17,618.94",150.00,0.01,"8,793,600.00"
13/02/2025,"17,387.62","17,503.28","17,349.06","17,503.28",150.00,0.01,"9,663,600.00"
12/02/2025,"17,503.28","17,580.38","17,387.62","17,387.62",0.00,0.00,"10,631,901.00"
11/02/2025,"17,541.83","17,618.94","17,349.06","17,387.62",-50.00,0.00,"13,045,100.00"
10/02/2025,"17,349.06","17,618.94","17,349.06","17,426.17",-300.00,-0.01,"9,924,100.00"
07/02/2025,"17,811.70","17,811.70","17,618.94","17,657.49",-50.00,0.00,"10,223,300.00"
06/02/2025,"17,503.28","17,773.15","17,464.72","17,696.04",350.00,0.02,"15,639,500.00"
05/02/2025,"17,426.17","17,580.38","17,387.62","17,426.17",0.00,0.00,"9,051,800.00"
04/02/2025,"17,310.51","17,580.38","17,271.96","17,426.17",200.00,0.01,"10,032,000.00"
03/02/2025,"17,349.06","17,387.62","17,040.64","17,271.96",-250.00,-0.01,"9,427,900.00"
24/01/2025,"17,310.51","17,850.26","17,310.51","17,464.72",250.00,0.01,"12,368,800.00"
23/01/2025,"16,924.97","17,696.04","16,886.42","17,271.96",400.00,0.02,"25,261,100.00"
22/01/2025,"17,503.28","17,503.28","16,963.53","16,963.53",-650.00,-0.03,"35,405,000.00"
21/01/2025,"17,927.37","18,004.47","17,233.40","17,464.72",-350.00,-0.02,"27,713,600.00"
20/01/2025,"17,349.06","17,811.70","16,963.53","17,734.60",500.00,0.02,"31,864,540.00"
17/01/2025,"16,655.10","17,349.06","16,500.89","17,349.06",800.00,0.04,"17,844,000.00"
16/01/2025,"16,732.21","16,847.87","16,539.44","16,732.21",50.00,0.00,"15,013,888.00"
15/01/2025,"16,308.12","16,693.65","16,308.12","16,693.65",500.00,0.02,"13,305,900.00"
14/01/2025,"16,770.76","16,809.31","16,269.57","16,308.12",-550.00,-0.03,"13,857,900.00"
13/01/2025,"16,346.67","16,847.87","16,346.67","16,732.21",100.00,0.00,"16,868,100.00"
10/01/2025,"17,194.85","17,233.40","16,655.10","16,655.10",-750.00,-0.03,"16,354,300.00"
09/01/2025,"17,811.70","17,965.92","17,194.85","17,233.40",-950.00,-0.04,"18,643,901.00"
08/01/2025,"18,659.88","18,698.43","17,927.37","17,965.92",-950.00,-0.04,"20,550,600.00"
07/01/2025,"18,929.76","18,929.76","18,582.77","18,698.43",-250.00,-0.01,"10,497,500.00"
06/01/2025,"18,852.65","18,968.31","18,621.33","18,891.20",50.00,0.00,"6,427,500.00"
03/01/2025,"19,276.74","19,276.74","18,698.43","18,852.65",-650.00,-0.03,"9,552,300.00"
02/01/2025,"19,623.72","19,662.27","18,852.65","19,353.84",-400.00,-0.02,"16,145,700.00"
31/12/2024,"20,317.68","20,317.68","19,469.50","19,662.27","-1,150.00",-0.04,"10,844,500.00"
30/12/2024,"19,238.18","20,549.00","18,814.10","20,549.00","1,700.00",0.07,"15,699,201.00"
27/12/2024,"18,621.33","19,238.18","18,582.77","19,238.18",800.00,0.03,"17,836,100.00"
26/12/2024,"18,428.56","18,621.33","18,274.35","18,621.33",250.00,0.01,"14,838,400.00"
25/12/2024,"18,081.58","18,467.11","18,043.03","18,428.56",500.00,0.02,"11,611,000.00"
24/12/2024,"18,043.03","18,043.03","17,773.15","18,043.03",0.00,0.00,"8,419,600.00"
23/12/2024,"18,120.13","18,120.13","17,927.37","18,043.03",0.00,0.00,"8,928,702.00"
20/12/2024,"18,120.13","18,197.24","17,850.26","18,043.03",-100.00,0.00,"9,081,200.00"
19/12/2024,"18,197.24","18,197.24","17,888.81","18,120.13",-300.00,-0.01,"13,927,500.00"
18/12/2024,"18,351.45","18,505.67","18,235.79","18,351.45",0.00,0.00,"11,671,500.00"
17/12/2024,"18,390.01","18,428.56","18,235.79","18,351.45",50.00,0.00,"13,498,000.00"
16/12/2024,"18,235.79","18,312.90","18,120.13","18,312.90",50.00,0.00,"9,619,900.00"
13/12/2024,"18,467.11","18,505.67","18,004.47","18,274.35",-200.00,-0.01,"14,719,700.00"
12/12/2024,"18,235.79","18,467.11","18,235.79","18,428.56",300.00,0.01,"13,940,700.00"
11/12/2024,"18,197.24","18,274.35","17,965.92","18,197.24",250.00,0.01,"21,154,101.00"
10/12/2024,"17,349.06","17,991.62","17,316.94","17,991.62","1,000.00",0.04,"24,217,400.00"
09/12/2024,"17,284.81","17,413.32","17,156.30","17,349.06",150.00,0.01,"13,551,701.00"
06/12/2024,"17,188.42","17,284.81","17,059.91","17,252.68",150.00,0.01,"7,606,400.00"
05/12/2024,"16,674.38","17,156.30","16,642.25","17,156.30",800.00,0.03,"11,629,400.00"
04/12/2024,"16,738.63","16,802.89","16,577.99","16,642.25",-150.00,-0.01,"9,855,700.00"
03/12/2024,"16,642.25","16,802.89","16,449.48","16,738.63",650.00,0.03,"16,135,100.00"
02/12/2024,"16,320.97","16,385.23","16,224.59","16,320.97",50.00,0.00,"7,362,800.00"
29/11/2024,"16,288.84","16,385.23","16,160.33","16,288.84",50.00,0.00,"6,061,800.00"
28/11/2024,"16,192.46","16,417.35","16,031.82","16,256.71",150.00,0.01,"9,450,300.00"
27/11/2024,"16,096.08","16,288.84","16,063.95","16,160.33",100.00,0.00,"8,710,500.00"
26/11/2024,"15,871.18","16,192.46","15,839.05","16,096.08",350.00,0.01,"10,038,600.00"
25/11/2024,"15,871.18","15,935.44","15,839.05","15,871.18",0.00,0.00,"9,307,100.00"
22/11/2024,"15,935.44","15,999.69","15,839.05","15,871.18",-100.00,0.00,"9,649,300.00"
21/11/2024,"15,839.05","15,935.44","15,678.41","15,935.44",150.00,0.01,"8,102,200.00"
20/11/2024,"15,806.92","15,967.56","15,614.16","15,839.05",0.00,0.00,"11,221,000.00"
19/11/2024,"15,806.92","15,967.56","15,710.54","15,839.05",100.00,0.00,"17,007,100.00"
18/11/2024,"15,839.05","15,999.69","15,582.03","15,774.80",-150.00,-0.01,"17,886,601.00"
15/11/2024,"16,224.59","16,224.59","15,806.92","15,871.18",-550.00,-0.02,"17,884,400.00"
14/11/2024,"16,481.61","16,481.61","16,192.46","16,224.59",-400.00,-0.02,"7,753,800.00"
13/11/2024,"16,513.74","16,674.38","16,385.23","16,481.61",-150.00,-0.01,"7,335,200.00"
12/11/2024,"16,256.71","16,642.25","16,256.71","16,577.99",250.00,0.01,"7,744,900.00"
11/11/2024,"16,867.14","16,867.14","16,288.84","16,417.35",-700.00,-0.03,"10,756,301.00"
08/11/2024,"16,867.14","16,867.14","16,642.25","16,867.14",0.00,0.00,"10,173,500.00"
07/11/2024,"16,995.66","17,027.78","16,835.02","16,867.14",-150.00,-0.01,"9,855,400.00"
06/11/2024,"16,738.63","16,963.53","16,738.63","16,963.53",350.00,0.01,"11,369,600.00"
05/11/2024,"16,706.51","16,867.14","16,642.25","16,738.63",0.00,0.00,"5,680,302.00"
04/11/2024,"17,092.04","17,092.04","16,738.63","16,738.63",-500.00,-0.02,"8,069,502.00"
01/11/2024,"17,284.81","17,316.94","17,059.91","17,059.91",-350.00,-0.01,"10,033,200.00"
31/10/2024,"17,477.57","17,477.57","17,284.81","17,284.81",-300.00,-0.01,"9,060,800.00"
30/10/2024,"17,541.83","17,573.96","17,381.19","17,477.57",-100.00,0.00,"7,533,500.00"
29/10/2024,"17,188.42","17,606.09","17,156.30","17,541.83",650.00,0.02,"8,199,200.00"
28/10/2024,"17,252.68","17,284.81","17,027.78","17,124.17",-250.00,-0.01,"10,410,300.00"
25/10/2024,"17,284.81","17,284.81","17,124.17","17,284.81",0.00,0.00,"5,776,300.00"
24/10/2024,"17,316.94","17,316.94","17,092.04","17,284.81",-50.00,0.00,"7,014,800.00"
23/10/2024,"17,349.06","17,349.06","17,092.04","17,316.94",-50.00,0.00,"7,162,200.00"
22/10/2024,"17,316.94","17,349.06","17,156.30","17,349.06",50.00,0.00,"11,372,800.00"
21/10/2024,"17,349.06","17,381.19","17,252.68","17,316.94",-50.00,0.00,"7,179,000.00"
18/10/2024,"17,156.30","17,349.06","17,124.17","17,349.06",400.00,0.02,"10,437,200.00"
17/10/2024,"17,349.06","17,349.06","17,092.04","17,092.04",-450.00,-0.02,"15,779,100.00"
16/10/2024,"17,381.19","17,381.19","17,124.17","17,381.19",-100.00,0.00,"18,242,301.00"
15/10/2024,"17,381.19","17,477.57","17,316.94","17,445.45",150.00,0.01,"8,009,200.00"
14/10/2024,"17,606.09","17,638.21","17,349.06","17,349.06",-350.00,-0.01,"13,341,200.00"
11/10/2024,"17,638.21","17,638.21","17,413.32","17,573.96",-100.00,0.00,"7,401,900.00"
10/10/2024,"17,413.32","17,702.47","17,413.32","17,638.21",450.00,0.02,"13,513,400.00"
09/10/2024,"17,509.70","17,509.70","17,284.81","17,349.06",-200.00,-0.01,"17,614,500.00"
08/10/2024,"17,284.81","17,670.34","17,124.17","17,477.57",350.00,0.01,"12,827,500.00"
07/10/2024,"17,541.83","17,541.83","17,156.30","17,252.68",-450.00,-0.02,"9,450,800.00"
04/10/2024,"17,798.85","17,798.85","17,541.83","17,541.83",-350.00,-0.01,"8,692,200.00"
03/10/2024,"17,734.60","17,991.62","17,670.34","17,766.73",100.00,0.00,"9,384,500.00"
02/10/2024,"17,927.37","17,991.62","17,638.21","17,702.47",-450.00,-0.02,"9,025,400.00"
01/10/2024,"18,120.13","18,152.26","17,895.24","17,991.62",-200.00,-0.01,"10,733,000.00"
30/09/2024,"18,248.64","18,248.64","17,830.98","18,120.13",-100.00,0.00,"9,394,402.00"
27/09/2024,"18,248.64","18,377.16","18,055.88","18,184.39",0.00,0.00,"10,545,600.00"
26/09/2024,"17,509.70","18,248.64","17,477.57","18,184.39","1,050.00",0.04,"19,688,500.00"
25/09/2024,"17,413.32","17,573.96","17,349.06","17,509.70",250.00,0.01,"11,737,901.00"
24/09/2024,"17,349.06","17,381.19","17,220.55","17,349.06",0.00,0.00,"11,197,900.00"
23/09/2024,"17,413.32","17,445.45","17,220.55","17,349.06",-50.00,0.00,"10,342,800.00"
20/09/2024,"17,284.81","17,477.57","17,252.68","17,381.19",200.00,0.01,"11,717,200.00"
19/09/2024,"17,156.30","17,284.81","17,092.04","17,252.68",150.00,0.01,"11,910,300.00"
18/09/2024,"17,059.91","17,188.42","16,995.66","17,156.30",100.00,0.00,"8,261,600.00"
17/09/2024,"16,867.14","17,092.04","16,706.51","17,092.04",400.00,0.02,"7,725,301.00"
16/09/2024,"16,963.53","16,963.53","16,738.63","16,835.02",-200.00,-0.01,"7,480,802.00"
13/09/2024,"16,899.27","17,027.78","16,802.89","16,963.53",200.00,0.01,"5,532,600.00"
12/09/2024,"16,995.66","16,995.66","16,802.89","16,835.02",-150.00,-0.01,"5,829,301.00"
11/09/2024,"16,899.27","16,963.53","16,674.38","16,931.40",50.00,0.00,"7,974,700.00"
10/09/2024,"17,092.04","17,092.04","16,770.76","16,899.27",-200.00,-0.01,"6,282,900.00"
09/09/2024,"17,220.55","17,220.55","16,802.89","17,027.78",-250.00,-0.01,"6,316,000.00"
06/09/2024,"17,316.94","17,349.06","17,156.30","17,188.42",-200.00,-0.01,"7,900,000.00"
05/09/2024,"17,477.57","17,477.57","17,156.30","17,316.94",-150.00,-0.01,"6,420,700.00"
04/09/2024,"17,638.21","17,670.34","17,252.68","17,413.32",-600.00,-0.02,"8,647,300.00"
30/08/2024,"17,638.21","17,798.85","17,541.83","17,798.85",350.00,0.01,"14,693,000.00"
29/08/2024,"17,413.32","17,766.73","17,381.19","17,573.96",300.00,0.01,"8,551,500.00"
28/08/2024,"17,477.57","17,509.70","17,316.94","17,381.19",-50.00,0.00,"6,799,200.00"
27/08/2024,"17,445.45","17,477.57","17,316.94","17,413.32",0.00,0.00,"5,245,000.00"
26/08/2024,"17,445.45","17,477.57","17,252.68","17,413.32",0.00,0.00,"7,114,700.00"
23/08/2024,"17,413.32","17,445.45","17,252.68","17,413.32",0.00,0.00,"11,284,600.00"
22/08/2024,"17,413.32","17,477.57","17,188.42","17,413.32",0.00,0.00,"5,621,115.00"
21/08/2024,"17,220.55","17,509.70","17,156.30","17,413.32",300.00,0.01,"8,567,601.00"
20/08/2024,"17,316.94","17,445.45","17,156.30","17,220.55",-200.00,-0.01,"7,072,200.00"
19/08/2024,"17,445.45","17,606.09","17,252.68","17,349.06",-50.00,0.00,"14,068,701.00"
16/08/2024,"16,963.53","17,381.19","16,674.38","17,381.19",900.00,0.03,"14,492,200.00"
15/08/2024,"16,642.25","17,220.55","16,642.25","16,802.89",250.00,0.01,"12,588,900.00"
14/08/2024,"16,835.02","16,835.02","16,545.87","16,642.25",-50.00,0.00,"14,791,000.00"
13/08/2024,"16,481.61","16,770.76","16,320.97","16,674.38",400.00,0.02,"22,969,200.00"
12/08/2024,"16,449.48","16,706.51","16,192.46","16,417.35",50.00,0.00,"24,728,100.00"
09/08/2024,"16,256.71","16,481.61","16,096.08","16,385.23",550.00,0.02,"11,779,300.00"
08/08/2024,"15,774.80","16,385.23","15,774.80","16,031.82",100.00,0.00,"27,971,800.00"
07/08/2024,"15,999.69","16,063.95","15,582.03","15,967.56",0.00,0.00,"6,365,600.00"
06/08/2024,"16,063.95","16,256.71","15,646.28","15,967.56",350.00,0.01,"14,030,900.00"
05/08/2024,"16,513.74","16,706.51","15,614.16","15,742.67","-1,600.00",-0.06,"15,579,400.00"
02/08/2024,"16,449.48","16,770.76","15,999.69","16,770.76",300.00,0.01,"10,346,000.00"
01/08/2024,"16,931.40","17,156.30","16,513.74","16,577.99",-500.00,-0.02,"8,271,100.00"
31/07/2024,"16,320.97","16,899.27","16,288.84","16,899.27","1,000.00",0.04,"10,109,800.00"
30/07/2024,"16,224.59","16,256.71","16,096.08","16,256.71",50.00,0.00,"15,972,000.00"
29/07/2024,"16,160.33","16,224.59","16,096.08","16,224.59",150.00,0.01,"5,021,800.00"
26/07/2024,"16,096.08","16,256.71","16,031.82","16,128.20",50.00,0.00,"7,766,500.00"
25/07/2024,"16,031.82","16,096.08","15,839.05","16,096.08",0.00,0.00,"5,506,500.00"
24/07/2024,"15,967.56","16,128.20","15,806.92","16,096.08",0.00,0.00,"9,061,801.00"
23/07/2024,"16,288.84","16,320.97","15,935.44","16,096.08",-250.00,-0.01,"8,620,200.00"
22/07/2024,"15,967.56","16,256.71","15,806.92","16,256.71",350.00,0.01,"12,887,300.00"
19/07/2024,"16,160.33","16,192.46","15,871.18","16,031.82",-150.00,-0.01,"7,612,800.00"
18/07/2024,"16,224.59","16,256.71","15,806.92","16,128.20",-100.00,0.00,"37,765,736.00"
17/07/2024,"15,935.44","16,320.97","15,806.92","16,192.46",450.00,0.02,"18,945,100.00"
16/07/2024,"15,710.54","15,935.44","15,646.28","15,903.31",350.00,0.01,"12,721,900.00"
15/07/2024,"15,549.90","15,710.54","15,485.65","15,678.41",250.00,0.01,"31,128,236.00"
12/07/2024,"15,710.54","15,742.67","15,389.26","15,517.77",-150.00,-0.01,"10,486,900.00"
11/07/2024,"15,398.15","15,675.87","15,398.15","15,614.16",350.00,0.01,"32,798,000.00"
10/07/2024,"15,583.30","15,675.87","15,305.58","15,398.15",-300.00,-0.01,"8,593,300.00"
09/07/2024,"14,997.00","15,614.16","14,997.00","15,583.30",850.00,0.03,"38,378,800.00"
08/07/2024,"15,120.43","15,120.43","14,935.28","15,058.71",0.00,0.00,"26,682,500.00"
05/07/2024,"15,182.14","15,182.14","14,935.28","15,058.71",-150.00,-0.01,"8,580,700.00"
04/07/2024,"15,182.14","15,182.14","14,997.00","15,151.29",50.00,0.00,"15,454,900.00"
03/07/2024,"14,935.28","15,120.43","14,935.28","15,120.43",400.00,0.02,"13,400,600.00"
02/07/2024,"14,287.26","14,935.28","14,287.26","14,873.56","1,000.00",0.04,"17,583,500.00"
01/07/2024,"14,194.69","14,287.26","14,071.26","14,256.40",100.00,0.00,"5,484,400.00"
28/06/2024,"14,163.83","14,194.69","14,009.54","14,194.69",50.00,0.00,"7,278,900.00"
27/06/2024,"14,009.54","14,348.98","13,886.11","14,163.83",250.00,0.01,"9,455,800.00"
26/06/2024,"13,947.82","14,009.54","13,886.11","14,009.54",100.00,0.00,"11,148,900.00"
25/06/2024,"13,793.53","14,009.54","13,762.68","13,947.82",250.00,0.01,"19,725,900.00"
24/06/2024,"14,287.26","14,348.98","13,793.53","13,793.53",-800.00,-0.03,"17,807,500.00"
21/06/2024,"14,564.98","14,564.98","14,287.26","14,287.26",-450.00,-0.02,"14,017,200.00"
20/06/2024,"14,595.84","14,657.56","14,379.84","14,564.98",-100.00,0.00,"12,129,900.00"
19/06/2024,"14,657.56","14,657.56","14,379.84","14,626.70",0.00,0.00,"13,111,675.00"
18/06/2024,"14,564.98","14,657.56","14,503.27","14,626.70",150.00,0.01,"8,453,600.00"
17/06/2024,"14,780.99","14,811.85","14,379.84","14,534.13",-400.00,-0.02,"11,874,900.00"
14/06/2024,"14,935.28","14,966.14","14,780.99","14,780.99",-150.00,-0.01,"11,762,600.00"
13/06/2024,"14,935.28","14,966.14","14,750.13","14,873.56",100.00,0.00,"14,022,300.00"
12/06/2024,"14,564.98","14,811.85","14,441.55","14,811.85",450.00,0.02,"8,027,000.00"
11/06/2024,"14,780.99","14,811.85","14,503.27","14,534.13",-350.00,-0.01,"11,081,300.00"
10/06/2024,"14,657.56","14,750.13","14,595.84","14,750.13",200.00,0.01,"6,560,900.00"
07/06/2024,"14,657.56","14,719.27","14,534.13","14,626.70",0.00,0.00,"5,688,000.00"
06/06/2024,"14,626.70","14,780.99","14,503.27","14,626.70",0.00,0.00,"9,759,100.00"
05/06/2024,"14,811.85","14,904.42","14,626.70","14,626.70",-250.00,-0.01,"5,965,400.00"
04/06/2024,"14,873.56","14,904.42","14,688.42","14,780.99",-50.00,0.00,"5,278,200.00"
03/06/2024,"14,410.69","14,811.85","14,379.84","14,811.85",750.00,0.03,"6,683,600.00"
31/05/2024,"14,287.26","14,379.84","14,256.40","14,348.98",150.00,0.01,"4,346,800.00"
30/05/2024,"14,379.84","14,410.69","14,071.26","14,256.40",-350.00,-0.01,"8,706,000.00"
29/05/2024,"14,904.42","14,904.42","14,472.41","14,472.41",-700.00,-0.03,"22,622,600.00"
28/05/2024,"14,750.13","14,904.42","14,534.13","14,904.42",350.00,0.01,"7,911,400.00"
27/05/2024,"14,935.28","14,997.00","14,626.70","14,688.42",-400.00,-0.02,"16,142,300.00"
24/05/2024,"15,120.43","15,274.72","14,811.85","14,935.28",-500.00,-0.02,"7,296,000.00"
23/05/2024,"15,058.71","15,243.86","14,811.85","15,243.86",350.00,0.01,"7,823,600.00"
22/05/2024,"15,274.72","15,274.72","15,027.85","15,027.85",-350.00,-0.01,"5,713,600.00"
21/05/2024,"15,336.43","15,367.29","15,058.71","15,243.86",-150.00,-0.01,"8,034,700.00"
20/05/2024,"15,027.85","15,490.72","15,027.85","15,336.43",550.00,0.02,"27,094,100.00"
17/05/2024,"14,966.14","15,151.29","14,842.71","14,997.00",100.00,0.00,"17,292,100.00"
16/05/2024,"14,564.98","14,966.14","14,534.13","14,935.28",700.00,0.03,"11,158,200.00"
15/05/2024,"14,410.69","14,564.98","14,379.84","14,503.27",200.00,0.01,"7,508,600.00"
14/05/2024,"14,379.84","14,626.70","14,379.84","14,379.84",50.00,0.00,"10,556,900.00"
13/05/2024,"14,626.70","14,657.56","14,348.98","14,348.98",-450.00,-0.02,"7,028,400.00"
10/05/2024,"14,657.56","14,688.42","14,441.55","14,626.70",0.00,0.00,"8,273,500.00"
09/05/2024,"14,873.56","14,935.28","14,534.13","14,626.70",-400.00,-0.02,"7,899,800.00"
08/05/2024,"14,966.14","14,997.00","14,719.27","14,873.56",-200.00,-0.01,"14,005,125.00"
07/05/2024,"15,058.71","15,058.71","14,719.27","14,997.00",0.00,0.00,"16,545,500.00"
06/05/2024,"15,120.43","15,120.43","14,719.27","14,997.00",-150.00,-0.01,"12,282,801.00"
03/05/2024,"14,595.84","15,089.57","14,595.84","15,089.57",800.00,0.03,"11,642,400.00"
02/05/2024,"14,564.98","14,595.84","14,410.69","14,595.84",50.00,0.00,"6,123,700.00"
26/04/2024,"13,886.11","14,564.98","13,793.53","14,564.98","1,100.00",0.05,"13,636,900.00"
25/04/2024,"13,824.39","13,978.68","13,731.82","13,886.11",100.00,0.00,"13,437,500.00"
24/04/2024,"13,762.68","13,947.82","13,700.96","13,824.39",200.00,0.01,"16,280,200.00"
23/04/2024,"13,700.96","13,855.25","13,330.66","13,700.96",-200.00,-0.01,"8,736,200.00"
22/04/2024,"13,762.68","13,978.68","13,700.96","13,824.39",150.00,0.01,"10,672,200.00"
19/04/2024,"14,009.54","14,040.40","13,515.81","13,731.82",-750.00,-0.03,"18,051,500.00"
17/04/2024,"14,534.13","14,534.13","13,824.39","14,194.69",-500.00,-0.02,"16,282,901.00"
16/04/2024,"14,503.27","14,595.84","14,194.69","14,503.27",0.00,0.00,"16,256,650.00"
15/04/2024,"14,966.14","15,027.85","14,379.84","14,503.27",-800.00,-0.03,"14,655,029.00"
12/04/2024,"14,811.85","15,058.71","14,595.84","14,997.00",300.00,0.01,"8,521,700.00"
11/04/2024,"14,626.70","14,811.85","14,503.27","14,811.85",50.00,0.00,"5,729,900.00"
10/04/2024,"14,811.85","14,842.71","14,564.98","14,780.99",0.00,0.00,"10,765,700.00"
09/04/2024,"14,750.13","14,842.71","14,626.70","14,780.99",50.00,0.00,"10,042,400.00"
08/04/2024,"14,410.69","14,811.85","14,379.84","14,750.13",550.00,0.02,"18,267,300.00"
05/04/2024,"14,379.84","14,626.70","14,318.12","14,410.69",0.00,0.00,"6,532,400.00"
04/04/2024,"14,441.55","14,688.42","14,410.69","14,410.69",-50.00,0.00,"6,108,000.00"
03/04/2024,"14,719.27","14,750.13","14,410.69","14,441.55",-500.00,-0.02,"8,622,300.00"
02/04/2024,"14,626.70","14,780.99","14,503.27","14,750.13",-100.00,0.00,"5,775,100.00"
01/04/2024,"14,873.56","14,904.42","14,595.84","14,811.85",-100.00,0.00,"6,987,100.00"
29/03/2024,"14,997.00","14,997.00","14,688.42","14,873.56",-150.00,-0.01,"8,004,100.00"
28/03/2024,"14,811.85","14,966.14","14,811.85","14,966.14",100.00,0.00,"5,404,000.00"
27/03/2024,"14,997.00","15,120.43","14,780.99","14,904.42",-50.00,0.00,"6,020,400.00"
26/03/2024,"14,503.27","14,935.28","14,441.55","14,935.28",650.00,0.03,"12,651,000.00"
25/03/2024,"14,688.42","14,688.42","14,410.69","14,534.13",-250.00,-0.01,"13,200,100.00"
22/03/2024,"14,750.13","14,780.99","14,595.84","14,688.42",-100.00,0.00,"6,675,900.00"
21/03/2024,"13,978.68","14,750.13","13,916.97","14,750.13","1,300.00",0.06,"15,329,000.00"
20/03/2024,"13,824.39","14,071.26","13,454.10","13,947.82",250.00,0.01,"6,798,300.00"
19/03/2024,"13,762.68","13,793.53","13,299.81","13,793.53",50.00,0.00,"8,977,800.00"
18/03/2024,"14,194.69","14,225.55","13,762.68","13,762.68",-700.00,-0.03,"9,695,201.00"
15/03/2024,"14,071.26","14,256.40","13,978.68","14,194.69",50.00,0.00,"6,210,801.00"
14/03/2024,"14,287.26","14,287.26","14,040.40","14,163.83",-150.00,-0.01,"8,217,520.00"
13/03/2024,"14,163.83","14,318.12","13,947.82","14,256.40",150.00,0.01,"8,644,700.00"
12/03/2024,"14,225.55","14,225.55","13,855.25","14,163.83",-150.00,-0.01,"7,417,000.00"
11/03/2024,"14,194.69","14,287.26","14,040.40","14,256.40",100.00,0.00,"9,062,300.00"
08/03/2024,"14,287.26","14,287.26","14,040.40","14,194.69",-150.00,-0.01,"7,031,400.00"
07/03/2024,"14,256.40","14,441.55","14,256.40","14,287.26",-300.00,-0.01,"6,537,400.00"
06/03/2024,"14,410.69","14,503.27","14,163.83","14,472.41",-50.00,0.00,"9,588,501.00"
05/03/2024,"14,379.84","14,503.27","14,194.69","14,503.27",200.00,0.01,"8,575,800.00"
04/03/2024,"14,379.84","14,410.69","14,256.40","14,379.84",0.00,0.00,"6,618,000.00"
01/03/2024,"14,379.84","14,410.69","14,163.83","14,379.84",0.00,0.00,"6,105,501.00"
29/02/2024,"14,318.12","14,441.55","14,287.26","14,379.84",100.00,0.00,"6,724,000.00"
28/02/2024,"14,009.54","14,318.12","14,009.54","14,318.12",500.00,0.02,"7,852,001.00"
27/02/2024,"14,009.54","14,194.69","13,916.97","14,009.54",0.00,0.00,"7,854,600.00"
26/02/2024,"13,886.11","14,132.97","13,855.25","14,009.54",200.00,0.01,"6,097,500.00"
23/02/2024,"14,132.97","14,225.55","13,886.11","13,886.11",-400.00,-0.02,"8,391,000.00"
22/02/2024,"14,503.27","14,503.27","14,132.97","14,132.97",-600.00,-0.03,"10,051,400.00"
21/02/2024,"14,534.13","14,657.56","14,318.12","14,503.27",-100.00,0.00,"6,221,800.00"
20/02/2024,"14,379.84","14,595.84","14,194.69","14,564.98",250.00,0.01,"7,710,900.00"
19/02/2024,"14,379.84","14,410.69","14,163.83","14,410.69",50.00,0.00,"11,570,400.00"
16/02/2024,"14,564.98","14,595.84","14,318.12","14,379.84",-350.00,-0.01,"6,111,700.00"
15/02/2024,"14,595.84","14,688.42","14,348.98","14,595.84",100.00,0.00,"6,878,100.00"
07/02/2024,"14,225.55","14,534.13","14,163.83","14,534.13",550.00,0.02,"5,967,301.00"
06/02/2024,"13,978.68","14,225.55","13,947.82","14,194.69",350.00,0.02,"7,738,900.00"
05/02/2024,"13,793.53","14,009.54","13,700.96","13,978.68",300.00,0.01,"11,174,100.00"
02/02/2024,"13,454.10","13,793.53","13,454.10","13,793.53",550.00,0.03,"9,315,300.00"
01/02/2024,"13,454.10","13,515.81","13,392.38","13,454.10",0.00,0.00,"6,271,200.00"
31/01/2024,"13,484.95","13,577.53","13,268.95","13,454.10",-50.00,0.00,"8,954,700.00"
30/01/2024,"13,238.09","13,546.67","13,207.23","13,484.95",450.00,0.02,"9,748,600.00"
29/01/2024,"13,145.52","13,207.23","13,114.66","13,207.23",100.00,0.00,"5,915,200.00"
26/01/2024,"12,991.23","13,176.37","12,991.23","13,145.52",250.00,0.01,"15,084,900.00"
25/01/2024,"13,052.94","13,052.94","12,898.65","12,991.23",-100.00,0.00,"10,419,800.00"
24/01/2024,"12,960.37","13,052.94","12,867.79","13,052.94",150.00,0.01,"7,038,900.00"
23/01/2024,"13,083.80","13,114.66","12,836.94","12,960.37",-200.00,-0.01,"7,883,600.00"
22/01/2024,"12,960.37","13,083.80","12,836.94","13,083.80",250.00,0.01,"14,591,600.00"
19/01/2024,"12,836.94","12,929.51","12,806.08","12,929.51",150.00,0.01,"7,277,600.00"
18/01/2024,"12,867.79","12,898.65","12,775.22","12,836.94",-50.00,0.00,"5,720,600.00"
17/01/2024,"12,960.37","12,960.37","12,682.65","12,867.79",-150.00,-0.01,"7,111,200.00"
16/01/2024,"12,929.51","12,991.23","12,836.94","12,960.37",0.00,0.00,"15,182,475.00"
15/01/2024,"12,929.51","12,960.37","12,744.36","12,960.37",100.00,0.00,"7,362,560.00"
12/01/2024,"12,836.94","12,898.65","12,651.79","12,898.65",100.00,0.00,"10,184,300.00"
11/01/2024,"12,775.22","12,867.79","12,744.36","12,836.94",100.00,0.00,"5,494,800.00"
10/01/2024,"12,682.65","12,775.22","12,590.07","12,775.22",150.00,0.01,"6,372,700.00"
09/01/2024,"12,682.65","12,713.50","12,590.07","12,682.65",0.00,0.00,"7,758,100.00"
08/01/2024,"12,682.65","12,806.08","12,620.93","12,682.65",50.00,0.00,"5,752,500.00"
05/01/2024,"12,590.07","12,651.79","12,466.64","12,651.79",100.00,0.00,"6,534,200.00"
04/01/2024,"12,374.07","12,682.65","12,312.35","12,590.07",400.00,0.02,"11,205,900.00"
03/01/2024,"12,281.49","12,343.21","12,219.77","12,343.21",100.00,0.01,"9,186,900.00"
02/01/2024,"12,343.21","12,497.50","12,158.06","12,281.49",-400.00,-0.02,"6,716,700.00"
29/12/2023,"11,972.91","12,528.36","11,818.62","12,528.36",950.00,0.05,"20,602,260.00"
28/12/2023,"11,849.48","11,942.05","11,726.05","11,942.05",50.00,0.00,"12,323,600.00"
27/12/2023,"11,849.48","11,911.19","11,818.62","11,911.19",100.00,0.01,"10,506,900.00"
26/12/2023,"11,849.48","11,849.48","11,695.19","11,849.48",50.00,0.00,"13,800,500.00"
25/12/2023,"11,695.19","11,818.62","11,633.47","11,818.62",200.00,0.01,"9,929,400.00"
22/12/2023,"11,571.76","11,695.19","11,448.32","11,695.19",200.00,0.01,"10,919,900.00"
21/12/2023,"11,510.04","11,633.47","11,324.89","11,571.76",-50.00,0.00,"11,404,600.00"
20/12/2023,"11,695.19","11,695.19","11,355.75","11,602.61",-150.00,-0.01,"33,776,000.00"
19/12/2023,"11,355.75","11,695.19","11,201.46","11,695.19",550.00,0.03,"11,753,300.00"
18/12/2023,"11,756.90","11,756.90","11,232.32","11,355.75",-600.00,-0.03,"37,801,700.00"
15/12/2023,"11,664.33","11,756.90","11,602.61","11,726.05",100.00,0.01,"7,306,900.00"
14/12/2023,"11,633.47","11,726.05","11,571.76","11,664.33",50.00,0.00,"6,708,900.00"
13/12/2023,"11,602.61","11,664.33","11,510.04","11,633.47",50.00,0.00,"12,751,100.00"
12/12/2023,"11,602.61","11,602.61","11,479.18","11,602.61",50.00,0.00,"7,296,000.00"
11/12/2023,"11,602.61","11,633.47","11,417.47","11,571.76",0.00,0.00,"9,058,500.00"
08/12/2023,"11,540.90","11,602.61","11,479.18","11,571.76",50.00,0.00,"9,962,100.00"
07/12/2023,"11,540.90","11,602.61","11,294.03","11,540.90",100.00,0.01,"9,275,000.00"
06/12/2023,"11,479.18","11,602.61","11,386.61","11,479.18",150.00,0.01,"8,040,800.00"
05/12/2023,"11,417.47","11,417.47","11,201.46","11,386.61",-50.00,0.00,"9,533,268.00"
04/12/2023,"11,263.18","11,479.18","11,170.60","11,417.47",300.00,0.02,"7,040,300.00"
01/12/2023,"11,139.74","11,232.32","11,016.31","11,232.32",200.00,0.01,"6,841,200.00"
30/11/2023,"11,108.89","11,201.46","11,047.17","11,108.89",-50.00,0.00,"6,004,100.00"
29/11/2023,"11,170.60","11,355.75","11,078.03","11,139.74",0.00,0.00,"9,091,600.00"
28/11/2023,"11,170.60","11,201.46","10,985.45","11,139.74",-50.00,0.00,"5,386,700.00"
27/11/2023,"11,355.75","11,355.75","11,016.31","11,170.60",-200.00,-0.01,"6,316,400.00"
24/11/2023,"11,170.60","11,355.75","11,139.74","11,294.03",250.00,0.01,"10,853,900.00"
23/11/2023,"11,510.04","11,510.04","11,139.74","11,139.74",-550.00,-0.03,"20,774,200.00"
22/11/2023,"11,571.76","11,602.61","11,386.61","11,479.18",-100.00,-0.01,"6,908,400.00"
21/11/2023,"11,571.76","11,602.61","11,417.47","11,540.90",0.00,0.00,"18,328,701.00"
20/11/2023,"11,232.32","11,602.61","11,201.46","11,540.90",200.00,0.01,"15,399,400.00"
17/11/2023,"11,695.19","11,726.05","11,263.18","11,417.47",-450.00,-0.02,"12,140,400.00"
16/11/2023,"11,756.90","11,756.90","11,571.76","11,695.19",50.00,0.00,"7,934,600.00"
15/11/2023,"11,726.05","11,818.62","11,664.33","11,664.33",150.00,0.01,"10,547,000.00"
14/11/2023,"11,633.47","11,695.19","11,448.32","11,571.76",-50.00,0.00,"11,043,700.00"
13/11/2023,"11,633.47","11,664.33","11,355.75","11,602.61",-50.00,0.00,"14,662,200.00"
10/11/2023,"11,540.90","11,633.47","11,355.75","11,633.47",100.00,0.01,"11,213,800.00"
09/11/2023,"11,664.33","11,664.33","11,540.90","11,571.76",-50.00,0.00,"10,084,300.00"
08/11/2023,"11,108.89","11,602.61","11,078.03","11,602.61",800.00,0.04,"11,508,800.00"
07/11/2023,"11,263.18","11,263.18","11,108.89","11,108.89",-250.00,-0.01,"20,906,800.00"
06/11/2023,"11,324.89","11,355.75","11,170.60","11,263.18",-100.00,-0.01,"12,862,600.00"
03/11/2023,"10,862.02","11,324.89","10,831.16","11,324.89",750.00,0.04,"16,488,700.00"
02/11/2023,"10,676.87","10,862.02","10,584.30","10,862.02",350.00,0.02,"16,040,800.00"
01/11/2023,"10,615.16","10,646.02","10,522.58","10,646.02",50.00,0.00,"7,576,900.00"
31/10/2023,"10,769.45","10,769.45","10,491.73","10,615.16",0.00,0.00,"10,765,700.00"
30/10/2023,"10,615.16","10,769.45","10,553.44","10,615.16",-50.00,0.00,"9,801,500.00"
27/10/2023,"10,522.58","10,707.73","10,399.15","10,646.02",250.00,0.01,"17,608,200.00"
26/10/2023,"10,707.73","10,738.59","10,214.00","10,491.73",-500.00,-0.03,"9,618,000.00"
25/10/2023,"10,831.16","10,862.02","10,676.87","10,800.31",-50.00,0.00,"15,164,200.00"
24/10/2023,"10,800.31","10,862.02","10,646.02","10,831.16",50.00,0.00,"11,880,000.00"
23/10/2023,"10,954.60","10,954.60","10,615.16","10,800.31",-250.00,-0.01,"8,449,800.00"
20/10/2023,"10,800.31","10,954.60","10,738.59","10,954.60",250.00,0.01,"8,989,100.00"
19/10/2023,"10,800.31","10,831.16","10,707.73","10,800.31",-50.00,0.00,"7,931,200.00"
18/10/2023,"10,862.02","10,892.88","10,707.73","10,831.16",0.00,0.00,"17,017,200.00"
17/10/2023,"10,923.74","10,985.45","10,800.31","10,831.16",150.00,0.01,"9,323,500.00"
16/10/2023,"10,831.16","10,892.88","10,707.73","10,738.59",-200.00,-0.01,"7,670,600.00"
13/10/2023,"10,769.45","10,862.02","10,676.87","10,862.02",100.00,0.01,"9,782,000.00"
12/10/2023,"10,892.88","10,923.74","10,738.59","10,800.31",-100.00,-0.01,"6,639,300.00"
11/10/2023,"10,769.45","10,862.02","10,646.02","10,862.02",200.00,0.01,"8,956,800.00"
10/10/2023,"10,584.30","10,800.31","10,553.44","10,738.59",350.00,0.02,"8,604,100.00"
09/10/2023,"10,522.58","10,584.30","10,430.01","10,522.58",-50.00,0.00,"8,461,500.00"
06/10/2023,"10,460.87","10,553.44","10,399.15","10,553.44",150.00,0.01,"7,610,000.00"
05/10/2023,"10,553.44","10,584.30","10,399.15","10,460.87",-150.00,-0.01,"9,319,700.00"
04/10/2023,"10,522.58","10,553.44","10,399.15","10,553.44",0.00,0.00,"9,778,000.00"
03/10/2023,"10,553.44","10,553.44","10,337.44","10,553.44",0.00,0.00,"10,069,400.00"
02/10/2023,"10,707.73","10,769.45","10,553.44","10,553.44",-250.00,-0.01,"10,133,000.00"
29/09/2023,"10,707.73","10,738.59","10,615.16","10,707.73",50.00,0.00,"11,553,800.00"
28/09/2023,"10,707.73","10,738.59","10,430.01","10,676.87",-100.00,-0.01,"13,970,300.00"
27/09/2023,"10,646.02","10,738.59","10,553.44","10,738.59",0.00,0.00,"18,742,000.00"
26/09/2023,"10,676.87","10,800.31","10,553.44","10,738.59",0.00,0.00,"17,619,500.00"
25/09/2023,"10,769.45","10,862.02","10,646.02","10,738.59",-150.00,-0.01,"20,515,014.00"
22/09/2023,"10,769.45","10,862.02","10,553.44","10,831.16",0.00,0.00,"14,117,400.00"
21/09/2023,"11,016.31","11,016.31","10,831.16","10,831.16",-300.00,-0.02,"8,744,500.00"
20/09/2023,"10,923.74","11,108.89","10,862.02","11,016.31",150.00,0.01,"25,325,309.00"
19/09/2023,"10,892.88","10,923.74","10,707.73","10,923.74",100.00,0.01,"27,270,200.00"
18/09/2023,"11,108.89","11,139.74","10,800.31","10,862.02",-400.00,-0.02,"18,341,700.00"
15/09/2023,"10,831.16","11,108.89","10,800.31","11,108.89",500.00,0.03,"15,132,500.00"
14/09/2023,"10,769.45","10,862.02","10,676.87","10,800.31",50.00,0.00,"29,533,600.00"
13/09/2023,"10,738.59","10,800.31","10,646.02","10,769.45",50.00,0.00,"24,180,300.00"
12/09/2023,"10,584.30","10,738.59","10,491.73","10,738.59",300.00,0.02,"6,726,179.00"
11/09/2023,"10,769.45","10,800.31","10,553.44","10,553.44",-250.00,-0.01,"10,828,122.00"
08/09/2023,"10,615.16","10,707.73","10,553.44","10,707.73",50.00,0.00,"8,576,985.00"
07/09/2023,"10,615.16","10,707.73","10,584.30","10,676.87",100.00,0.01,"4,474,205.00"
06/09/2023,"10,553.44","10,615.16","10,460.87","10,615.16",100.00,0.01,"3,689,908.00"
05/09/2023,"10,430.01","10,584.30","10,337.44","10,553.44",250.00,0.01,"9,974,507.00"
31/08/2023,"10,059.71","10,399.15","10,059.71","10,399.15",500.00,0.03,"30,641,005.00"
30/08/2023,"10,028.86","10,090.57","9,998.00","10,090.57",150.00,0.01,"2,390,102.00"
29/08/2023,"9,998.00","10,059.71","9,936.28","9,998.00",-100.00,-0.01,"2,955,000.00"
28/08/2023,"9,967.14","10,059.71","9,967.14","10,059.71",50.00,0.00,"9,895,027.00"
25/08/2023,"9,936.28","10,090.57","9,936.28","10,028.86",50.00,0.00,"1,763,207.00"
24/08/2023,"9,936.28","10,121.43","9,905.42","9,998.00",100.00,0.01,"7,153,607.00"
23/08/2023,"10,028.86","10,121.43","9,905.42","9,936.28",-300.00,-0.02,"1,948,110.00"
22/08/2023,"9,998.00","10,121.43","9,781.99","10,121.43",200.00,0.01,"3,257,045.00"
21/08/2023,"9,874.57","10,183.15","9,874.57","9,998.00",0.00,0.00,"5,366,538.00"
18/08/2023,"10,553.44","10,553.44","9,967.14","9,998.00",-950.00,-0.06,"6,580,607.00"
17/08/2023,"10,584.30","10,646.02","10,491.73","10,584.30",0.00,0.00,"5,359,236.00"
16/08/2023,"10,553.44","10,615.16","10,491.73","10,584.30",100.00,0.01,"2,740,044.00"
15/08/2023,"10,615.16","10,646.02","10,491.73","10,522.58",-100.00,-0.01,"2,157,056.00"
14/08/2023,"10,522.58","10,584.30","10,491.73","10,584.30",100.00,0.01,"2,492,256.00"
11/08/2023,"10,646.02","10,646.02","10,460.87","10,522.58",-150.00,-0.01,"2,731,932.00"
10/08/2023,"10,707.73","10,769.45","10,584.30","10,615.16",-100.00,-0.01,"2,795,137.00"
09/08/2023,"10,738.59","10,738.59","10,584.30","10,676.87",-50.00,0.00,"5,215,937.00"
08/08/2023,"10,738.59","10,800.31","10,676.87","10,707.73",0.00,0.00,"3,477,835.00"
07/08/2023,"10,676.87","10,800.31","10,646.02","10,707.73",200.00,0.01,"4,429,740.00"
04/08/2023,"10,646.02","10,707.73","10,584.30","10,584.30",-50.00,0.00,"4,535,685.00"
03/08/2023,"10,738.59","10,831.16","10,615.16","10,615.16",-200.00,-0.01,"17,086,023.00"
02/08/2023,"10,831.16","10,831.16","10,707.73","10,738.59",-150.00,-0.01,"1,483,136.00"
01/08/2023,"10,862.02","10,892.88","10,738.59","10,831.16",200.00,0.01,"12,032,428.00"
31/07/2023,"10,615.16","10,738.59","10,615.16","10,707.73",100.00,0.01,"3,003,942.00"
28/07/2023,"10,646.02","10,676.87","10,584.30","10,646.02",50.00,0.00,"4,838,826.00"
27/07/2023,"10,615.16","10,954.60","10,553.44","10,615.16",0.00,0.00,"7,347,422.00"
26/07/2023,"10,615.16","10,615.16","10,522.58","10,615.16",0.00,0.00,"7,830,230.00"
25/07/2023,"10,584.30","10,676.87","10,522.58","10,615.16",-50.00,0.00,"4,514,118.00"
24/07/2023,"10,676.87","10,676.87","10,553.44","10,646.02",-50.00,0.00,"2,326,837.00"
21/07/2023,"10,491.73","10,615.16","10,368.29","10,615.16",200.00,0.01,"16,257,026.00"
20/07/2023,"10,460.87","10,491.73","10,399.15","10,491.73",150.00,0.01,"7,114,408.00"
19/07/2023,"10,430.01","10,430.01","10,306.58","10,399.15",400.00,0.02,"10,122,801.00"
18/07/2023,"10,169.73","10,169.73","10,089.23","10,142.90",0.00,0.00,"3,376,801.00"
17/07/2023,"10,196.56","10,196.56","10,089.23","10,142.90",0.00,0.00,"9,062,400.00"
14/07/2023,"10,035.56","10,142.90","9,955.06","10,142.90",300.00,0.02,"8,791,100.00"
13/07/2023,"9,955.06","10,008.73","9,901.40","9,981.90",50.00,0.00,"1,681,400.00"
12/07/2023,"10,008.73","10,008.73","9,901.40","9,955.06",-50.00,0.00,"6,163,582.00"
11/07/2023,"9,847.73","9,981.90","9,847.73","9,981.90",250.00,0.01,"5,716,300.00"
10/07/2023,"9,874.57","9,928.23","9,794.07","9,847.73",0.00,0.00,"6,132,500.00"
07/07/2023,"9,767.23","9,874.57","9,740.40","9,847.73",150.00,0.01,"6,223,700.00"
06/07/2023,"9,901.40","9,928.23","9,713.57","9,767.23",-250.00,-0.01,"14,443,722.00"
05/07/2023,"10,008.73","10,008.73","9,901.40","9,901.40",-100.00,-0.01,"9,031,300.00"
04/07/2023,"9,928.23","10,035.56","9,901.40","9,955.06",100.00,0.01,"3,323,782.00"
03/07/2023,"10,008.73","10,062.40","9,901.40","9,901.40",-150.00,-0.01,"1,849,600.00"
30/06/2023,"9,928.23","10,062.40","9,820.90","9,981.90",250.00,0.01,"3,043,000.00"
29/06/2023,"10,062.40","10,089.23","9,820.90","9,847.73",-400.00,-0.02,"19,010,800.00"
28/06/2023,"10,035.56","10,089.23","9,981.90","10,062.40",50.00,0.00,"3,999,900.00"
27/06/2023,"10,062.40","10,089.23","10,008.73","10,035.56",-100.00,-0.01,"3,210,100.00"
26/06/2023,"10,008.73","10,142.90","9,981.90","10,089.23",150.00,0.01,"7,004,200.00"
23/06/2023,"10,035.56","10,116.06","9,955.06","10,008.73",-50.00,0.00,"7,648,700.00"
22/06/2023,"10,035.56","10,116.06","9,981.90","10,035.56",50.00,0.00,"12,257,600.00"
21/06/2023,"9,955.06","10,008.73","9,874.57","10,008.73",-50.00,0.00,"12,329,700.00"
20/06/2023,"9,847.73","10,035.56","9,767.23","10,035.56",350.00,0.02,"18,781,236.00"
19/06/2023,"9,928.23","9,981.90","9,847.73","9,847.73",-250.00,-0.01,"14,732,600.00"
16/06/2023,"10,008.73","10,169.73","9,981.90","9,981.90",-50.00,0.00,"4,510,800.00"
15/06/2023,"10,008.73","10,035.56","9,928.23","10,008.73",0.00,0.00,"1,730,300.00"
14/06/2023,"9,928.23","10,116.06","9,928.23","10,008.73",50.00,0.00,"4,731,900.00"
13/06/2023,"9,901.40","9,981.90","9,874.57","9,981.90",200.00,0.01,"3,327,000.00"
12/06/2023,"10,035.56","10,035.56","9,847.73","9,874.57",-100.00,-0.01,"3,293,000.00"
09/06/2023,"10,008.73","10,062.40","9,874.57","9,928.23",-200.00,-0.01,"3,092,200.00"
08/06/2023,"10,250.23","10,250.23","10,035.56","10,035.56",-300.00,-0.02,"4,232,900.00"
07/06/2023,"10,303.89","10,303.89","10,169.73","10,196.56",-200.00,-0.01,"2,346,442.00"
06/06/2023,"10,196.56","10,303.89","10,142.90","10,303.89",150.00,0.01,"4,078,300.00"
05/06/2023,"10,303.89","10,357.56","10,169.73","10,223.40",0.00,0.00,"5,427,301.00"
02/06/2023,"10,035.56","10,250.23","10,008.73","10,223.40",450.00,0.02,"5,647,100.00"
01/06/2023,"9,874.57","9,981.90","9,713.57","9,981.90",200.00,0.01,"5,702,700.00"
31/05/2023,"10,008.73","10,035.56","9,847.73","9,874.57",-400.00,-0.02,"2,583,600.00"
30/05/2023,"10,142.90","10,142.90","9,981.90","10,089.23",0.00,0.00,"2,378,900.00"
29/05/2023,"9,981.90","10,142.90","9,981.90","10,089.23",300.00,0.02,"2,299,100.00"
26/05/2023,"9,953.69","9,953.69","9,877.32","9,928.23",0.00,0.00,"1,268,401.00"
25/05/2023,"9,928.23","9,928.23","9,851.86","9,928.23",0.00,0.00,"2,669,200.00"
24/05/2023,"9,928.23","9,979.15","9,877.32","9,928.23",0.00,0.00,"1,704,900.00"
23/05/2023,"9,928.23","9,953.69","9,851.86","9,928.23",50.00,0.00,"9,180,700.00"
22/05/2023,"9,826.40","9,928.23","9,826.40","9,902.77",50.00,0.00,"8,814,800.00"
19/05/2023,"9,953.69","9,953.69","9,800.95","9,877.32",0.00,0.00,"5,313,700.00"
18/05/2023,"9,979.15","9,979.15","9,851.86","9,877.32",-200.00,-0.01,"14,483,200.00"
17/05/2023,"9,928.23","9,979.15","9,902.77","9,979.15",100.00,0.01,"29,284,100.00"
16/05/2023,"9,928.23","9,953.69","9,877.32","9,928.23",100.00,0.01,"17,031,300.00"
15/05/2023,"9,877.32","10,004.60","9,877.32","9,877.32",0.00,0.00,"13,269,100.00"
12/05/2023,"9,877.32","9,877.32","9,775.49","9,877.32",200.00,0.01,"6,569,700.00"
11/05/2023,"9,775.49","9,826.40","9,724.58","9,775.49",50.00,0.00,"5,170,700.00"
10/05/2023,"9,775.49","9,775.49","9,673.66","9,750.03",100.00,0.01,"9,046,300.00"
09/05/2023,"9,826.40","9,877.32","9,699.12","9,699.12",-150.00,-0.01,"2,358,900.00"
08/05/2023,"9,724.58","9,877.32","9,699.12","9,775.49",150.00,0.01,"3,913,900.00"
05/05/2023,"9,571.83","9,699.12","9,495.46","9,699.12",250.00,0.01,"7,526,900.00"
04/05/2023,"9,520.92","9,648.20","9,520.92","9,571.83",0.00,0.00,"8,435,600.00"
28/04/2023,"9,673.66","9,724.58","9,571.83","9,571.83",-200.00,-0.01,"6,956,495.00"
27/04/2023,"9,622.75","9,699.12","9,495.46","9,673.66",100.00,0.01,"14,022,725.00"
26/04/2023,"9,342.72","9,622.75","9,317.26","9,622.75",550.00,0.03,"8,438,468.00"
25/04/2023,"9,546.38","9,597.29","9,317.26","9,342.72",-400.00,-0.02,"2,687,000.00"
24/04/2023,"9,724.58","9,775.49","9,495.46","9,546.38",-50.00,0.00,"5,824,700.00"
21/04/2023,"9,775.49","9,775.49","9,571.83","9,571.83",-400.00,-0.02,"1,729,100.00"
20/04/2023,"9,699.12","9,826.40","9,673.66","9,775.49",150.00,0.01,"936,500.00"
19/04/2023,"9,851.86","9,851.86","9,699.12","9,699.12",-300.00,-0.02,"3,255,500.00"
18/04/2023,"9,826.40","9,877.32","9,724.58","9,851.86",50.00,0.00,"6,570,633.00"
17/04/2023,"9,851.86","9,928.23","9,826.40","9,826.40",-200.00,-0.01,"1,407,200.00"
14/04/2023,"10,055.52","10,055.52","9,928.23","9,928.23",-200.00,-0.01,"2,385,600.00"
13/04/2023,"10,004.60","10,030.06","9,826.40","10,030.06",50.00,0.00,"2,786,000.00"
12/04/2023,"9,953.69","10,030.06","9,953.69","10,004.60",100.00,0.01,"3,612,300.00"
11/04/2023,"9,979.15","10,030.06","9,826.40","9,953.69",-150.00,-0.01,"8,561,800.00"
10/04/2023,"9,928.23","10,055.52","9,928.23","10,030.06",250.00,0.01,"5,370,900.00"
07/04/2023,"9,928.23","10,004.60","9,775.49","9,902.77",-200.00,-0.01,"2,687,600.00"
06/04/2023,"10,030.06","10,233.72","9,953.69","10,004.60",-50.00,0.00,"6,462,200.00"
05/04/2023,"9,826.40","10,030.06","9,775.49","10,030.06",550.00,0.03,"10,575,400.00"
04/04/2023,"9,775.49","9,826.40","9,699.12","9,750.03",-200.00,-0.01,"2,694,600.00"
03/04/2023,"9,902.77","9,928.23","9,673.66","9,851.86",100.00,0.01,"3,952,500.00"
31/03/2023,"9,520.92","9,877.32","9,520.92","9,800.95",550.00,0.03,"6,818,700.00"
30/03/2023,"9,317.26","9,622.75","9,317.26","9,520.92",600.00,0.03,"8,521,600.00"
29/03/2023,"9,266.35","9,342.72","9,189.98","9,215.44",-50.00,0.00,"1,524,856.00"
28/03/2023,"9,266.35","9,317.26","9,139.06","9,240.89",-50.00,0.00,"2,388,100.00"
27/03/2023,"9,266.35","9,291.81","9,113.61","9,266.35",150.00,0.01,"1,265,000.00"
24/03/2023,"9,011.78","9,266.35","9,011.78","9,189.98",400.00,0.02,"1,377,400.00"
23/03/2023,"8,986.32","9,037.24","8,909.95","8,986.32",0.00,0.00,"1,840,000.00"
22/03/2023,"9,011.78","9,062.69","8,859.04","8,986.32",250.00,0.01,"3,366,300.00"
21/03/2023,"9,164.52","9,164.52","8,833.58","8,859.04",-400.00,-0.02,"5,107,700.00"
20/03/2023,"9,215.44","9,240.89","8,960.87","9,062.69",-700.00,-0.04,"2,908,600.00"
17/03/2023,"9,266.35","9,419.09","9,113.61","9,419.09",650.00,0.04,"2,990,200.00"
16/03/2023,"9,419.09","9,520.92","8,960.87","9,088.15",-650.00,-0.04,"2,118,500.00"
15/03/2023,"9,291.81","9,520.92","9,291.81","9,419.09",450.00,0.02,"2,758,500.00"
14/03/2023,"9,240.89","9,393.63","9,189.98","9,189.98",-400.00,-0.02,"1,783,200.00"
13/03/2023,"9,266.35","9,470.01","9,215.44","9,393.63",-50.00,0.00,"2,748,900.00"
10/03/2023,"9,266.35","9,419.09","9,189.98","9,419.09",0.00,0.00,"1,956,300.00"
09/03/2023,"9,419.09","9,520.92","9,266.35","9,419.09",-100.00,-0.01,"1,197,800.00"
08/03/2023,"9,164.52","9,470.01","9,164.52","9,470.01",100.00,0.01,"3,426,981.00"
07/03/2023,"9,113.61","9,470.01","9,113.61","9,419.09",500.00,0.03,"6,587,700.00"
06/03/2023,"9,088.15","9,291.81","8,909.95","9,164.52",200.00,0.01,"3,111,700.00"
03/03/2023,"9,164.52","9,189.98","8,859.04","9,062.69",-200.00,-0.01,"1,240,100.00"
02/03/2023,"8,960.87","9,164.52","8,935.41","9,164.52",300.00,0.02,"1,880,100.00"
01/03/2023,"8,680.84","9,062.69","8,477.18","9,011.78",650.00,0.04,"4,492,500.00"
28/02/2023,"8,655.38","8,884.49","8,655.38","8,680.84",150.00,0.01,"4,278,400.00"
27/02/2023,"8,909.95","8,909.95","8,604.47","8,604.47",-600.00,-0.03,"7,281,100.00"
24/02/2023,"9,088.15","9,266.35","8,909.95","8,909.95",-550.00,-0.03,"1,578,400.00"
23/02/2023,"9,342.72","9,342.72","8,960.87","9,189.98",-450.00,-0.02,"2,996,200.00"
22/02/2023,"9,622.75","9,673.66","9,419.09","9,419.09",-500.00,-0.03,"1,912,300.00"
21/02/2023,"9,571.83","9,673.66","9,470.01","9,673.66",200.00,0.01,"3,492,800.00"
20/02/2023,"9,393.63","9,571.83","9,317.26","9,571.83",350.00,0.02,"2,806,900.00"
17/02/2023,"9,291.81","9,393.63","9,215.44","9,393.63",-50.00,0.00,"1,997,300.00"
16/02/2023,"9,037.24","9,419.09","9,037.24","9,419.09",700.00,0.04,"2,971,500.00"
15/02/2023,"8,986.32","9,189.98","8,960.87","9,062.69",150.00,0.01,"1,811,500.00"
14/02/2023,"9,164.52","9,266.35","8,986.32","8,986.32",-400.00,-0.02,"1,486,800.00"
13/02/2023,"9,164.52","9,189.98","8,884.49","9,189.98",-100.00,-0.01,"2,384,400.00"
10/02/2023,"9,164.52","9,317.26","9,113.61","9,240.89",-50.00,0.00,"1,596,100.00"
09/02/2023,"9,317.26","9,393.63","9,062.69","9,266.35",-100.00,-0.01,"2,289,800.00"
08/02/2023,"9,062.69","9,368.18","9,011.78","9,317.26",300.00,0.02,"14,223,900.00"
07/02/2023,"9,419.09","9,470.01","9,164.52","9,164.52",-500.00,-0.03,"2,236,800.00"
06/02/2023,"9,317.26","9,419.09","9,189.98","9,419.09",-50.00,0.00,"2,209,800.00"
03/02/2023,"9,419.09","9,444.55","9,062.69","9,444.55",200.00,0.01,"10,697,300.00"
02/02/2023,"9,673.66","9,699.12","9,342.72","9,342.72",-650.00,-0.03,"2,513,300.00"
01/02/2023,"9,520.92","9,928.23","9,520.92","9,673.66",350.00,0.02,"5,421,700.00"
31/01/2023,"9,291.81","9,495.46","9,189.98","9,495.46",400.00,0.02,"7,304,500.00"
30/01/2023,"9,113.61","9,317.26","9,011.78","9,291.81",550.00,0.03,"4,061,000.00"
27/01/2023,"9,139.06","9,164.52","8,986.32","9,011.78",200.00,0.01,"1,546,900.00"
19/01/2023,"8,960.87","9,062.69","8,859.04","8,909.95",50.00,0.00,"4,525,600.00"
18/01/2023,"8,859.04","9,037.24","8,782.67","8,884.49",200.00,0.01,"2,425,400.00"
17/01/2023,"8,706.30","8,782.67","8,655.38","8,782.67",350.00,0.02,"1,944,400.00"
16/01/2023,"8,579.01","8,655.38","8,502.64","8,604.47",250.00,0.02,"2,829,200.00"
13/01/2023,"8,553.55","8,629.92","8,451.73","8,477.18",50.00,0.00,"2,104,100.00"
12/01/2023,"8,502.64","8,604.47","8,451.73","8,451.73",-100.00,-0.01,"3,679,800.00"
11/01/2023,"8,528.10","8,604.47","8,451.73","8,502.64",-50.00,0.00,"4,380,800.00"
10/01/2023,"8,579.01","8,579.01","8,400.81","8,528.10",0.00,0.00,"2,218,300.00"
09/01/2023,"8,451.73","8,579.01","8,426.27","8,528.10",300.00,0.02,"1,519,200.00"
06/01/2023,"8,349.90","8,604.47","8,324.44","8,375.35",50.00,0.00,"8,679,400.00"
05/01/2023,"8,349.90","8,400.81","8,298.98","8,349.90",50.00,0.00,"2,987,600.00"
04/01/2023,"8,553.55","8,553.55","8,324.44","8,324.44",-150.00,-0.01,"2,554,700.00"
03/01/2023,"8,197.16","8,400.81","8,095.33","8,400.81",550.00,0.03,"946,300.00"
30/12/2022,"8,095.33","8,120.78","7,968.04","8,120.78",50.00,0.00,"6,461,800.00"
29/12/2022,"8,120.78","8,349.90","8,095.33","8,095.33",,,"2,001,200.00"
28/12/2022,"8,349.90","8,400.81","8,146.24","8,248.07",,,"1,580,400.00"
27/12/2022,"8,349.90","8,400.81","8,248.07","8,324.44",,,"2,247,000.00"
26/12/2022,"8,655.38","8,757.21","8,222.61","8,273.53",,,"5,865,400.00"
23/12/2022,"8,604.47","8,655.38","8,528.10","8,655.38",,,"3,772,300.00"
22/12/2022,"8,655.38","8,731.75","8,502.64","8,579.01",,,"2,644,200.00"
21/12/2022,"8,655.38","8,655.38","8,400.81","8,553.55",,,"2,318,900.00"
20/12/2022,"8,859.04","8,909.95","8,324.44","8,477.18",,,"6,344,800.00"
19/12/2022,"8,909.95","9,113.61","8,833.58","8,833.58",,,"4,821,600.00"
16/12/2022,"8,528.10","8,884.49","8,528.10","8,808.12",,,"6,009,700.00"
15/12/2022,"8,502.64","8,553.55","8,375.35","8,528.10",,,"5,372,600.00"
14/12/2022,"8,477.18","8,477.18","8,349.90","8,375.35",,,"2,876,800.00"
13/12/2022,"8,553.55","8,553.55","8,197.16","8,375.35",,,"5,763,200.00"
12/12/2022,"8,731.75","8,731.75","8,248.07","8,248.07",,,"4,325,500.00"
09/12/2022,"8,655.38","8,655.38","8,400.81","8,553.55",,,"2,878,900.00"
08/12/2022,"8,298.98","8,528.10","8,248.07","8,400.81",,,"5,321,800.00"
07/12/2022,"8,324.44","8,400.81","8,069.87","8,095.33",,,"1,569,900.00"
06/12/2022,"8,884.49","8,884.49","8,349.90","8,349.90",,,"5,460,300.00"
05/12/2022,"8,706.30","8,731.75","8,477.18","8,629.92",,,"3,911,000.00"
02/12/2022,"8,197.16","8,400.81","8,197.16","8,400.81",,,"2,276,600.00"
01/12/2022,"8,146.24","8,222.61","7,968.04","8,120.78",,,"3,244,400.00"
30/11/2022,"7,891.67","8,018.96","7,713.47","7,917.13",,,"2,034,700.00"
29/11/2022,"7,891.67","8,018.96","7,637.10","7,866.21",,,"1,864,100.00"
28/11/2022,"7,637.10","7,917.13","7,637.10","7,866.21",,,"2,203,900.00"
25/11/2022,"7,611.64","7,611.64","7,509.82","7,611.64",,,"945,600.00"
24/11/2022,"7,586.19","7,586.19","7,331.62","7,535.27",,,"1,397,500.00"
23/11/2022,"7,637.10","7,637.10","7,433.45","7,458.90",,,"1,809,500.00"
22/11/2022,"7,637.10","7,738.93","7,433.45","7,458.90",,,"2,630,900.00"
21/11/2022,"7,789.84","7,789.84","7,458.90","7,535.27",,,"6,028,700.00"
18/11/2022,"7,789.84","7,789.84","7,331.62","7,637.10",,,"3,322,500.00"
17/11/2022,"7,484.36","7,917.13","7,484.36","7,789.84",,,"8,101,100.00"
16/11/2022,"6,924.31","7,586.19","6,644.28","7,586.19",,,"15,377,400.00"
15/11/2022,"7,382.53","7,433.45","6,949.76","7,127.96",,,"5,794,800.00"
14/11/2022,"7,026.13","7,484.36","7,026.13","7,433.45",,,"7,717,100.00"
11/11/2022,"7,433.45","7,611.64","7,433.45","7,535.27",,,"2,205,600.00"
10/11/2022,"7,382.53","7,509.82","7,077.05","7,433.45",,,"4,715,600.00"
09/11/2022,"7,331.62","7,637.10","7,331.62","7,535.27",,,"6,749,300.00"
08/11/2022,"6,797.02","7,382.53","6,797.02","7,382.53",,,"9,658,600.00"
07/11/2022,"7,993.50","7,993.50","7,306.16","7,306.16",,,"5,828,900.00"
04/11/2022,"7,993.50","8,146.24","7,586.19","7,840.76",,,"8,989,900.00"
03/11/2022,"8,197.16","8,375.35","8,146.24","8,146.24",,,"2,072,200.00"
02/11/2022,"8,451.73","8,477.18","8,273.53","8,375.35",,,"1,795,400.00"
01/11/2022,"8,400.81","8,680.84","8,349.90","8,451.73",,,"3,493,500.00"
31/10/2022,"8,298.98","8,451.73","8,146.24","8,349.90",,,"1,607,600.00"
28/10/2022,"8,477.18","8,553.55","8,298.98","8,400.81",,,"1,395,000.00"
27/10/2022,"8,120.78","8,451.73","7,968.04","8,451.73",,,"2,175,400.00"
26/10/2022,"8,146.24","8,197.16","7,942.59","8,120.78",,,"1,449,800.00"
25/10/2022,"8,095.33","8,400.81","7,840.76","8,146.24",,,"5,794,800.00"
24/10/2022,"8,400.81","8,451.73","8,018.96","8,120.78",,,"2,420,500.00"
21/10/2022,"8,655.38","8,655.38","8,248.07","8,400.81",,,"1,821,700.00"
20/10/2022,"8,655.38","8,655.38","7,917.13","8,553.55",,,"2,614,200.00"
19/10/2022,"8,655.38","8,731.75","8,451.73","8,502.64",,,"1,558,800.00"
18/10/2022,"8,629.92","8,629.92","8,400.81","8,553.55",,,"1,184,300.00"
17/10/2022,"8,553.55","8,604.47","8,222.61","8,400.81",,,"1,455,900.00"
14/10/2022,"8,782.67","8,884.49","8,579.01","8,655.38",,,"4,639,300.00"
13/10/2022,"8,808.12","8,833.58","8,477.18","8,553.55",,,"1,504,700.00"
12/10/2022,"8,298.98","8,655.38","8,171.70","8,553.55",,,"2,392,400.00"
11/10/2022,"8,502.64","8,655.38","8,095.33","8,248.07",,,"7,204,200.00"
10/10/2022,"8,757.21","8,782.67","8,324.44","8,604.47",,,"3,301,800.00"
07/10/2022,"8,935.41","9,164.52","8,655.38","8,884.49",,,"5,919,500.00"
06/10/2022,"9,342.72","9,673.66","9,164.52","9,240.89",,,"1,398,600.00"
05/10/2022,"9,673.66","9,699.12","9,419.09","9,419.09",,,"1,566,000.00"
04/10/2022,"9,393.63","9,673.66","9,317.26","9,419.09",,,"3,028,800.00"
03/10/2022,"9,470.01","9,750.03","9,317.26","9,368.18",,,"1,385,800.00"
30/09/2022,"9,444.55","9,877.32","9,444.55","9,750.03",,,"2,310,500.00"
29/09/2022,"9,750.03","9,851.86","9,724.58","9,750.03",,,"1,383,700.00"
28/09/2022,"9,571.83","9,800.95","9,571.83","9,750.03",,,"866,700.00"
27/09/2022,"9,571.83","9,928.23","9,571.83","9,826.40",,,"2,393,200.00"
26/09/2022,"9,836.59","9,836.59","9,490.37","9,551.47",,,"7,302,975.00"
23/09/2022,"9,979.15","10,101.34","9,897.68","9,897.68",,,"833,900.00"
22/09/2022,"9,999.51","10,060.61","9,897.68","10,060.61",,,"760,800.00"
21/09/2022,"10,162.44","10,162.44","9,918.05","10,060.61",,,"5,207,200.00"
20/09/2022,"10,142.07","10,142.07","9,856.95","10,101.34",,,"4,572,700.00"
19/09/2022,"10,305.00","10,305.00","9,897.68","9,979.15",,,"5,102,719.00"
16/09/2022,"10,305.00","10,386.46","10,182.80","10,182.80",,,"5,587,900.00"
15/09/2022,"10,508.65","10,508.65","10,203.17","10,243.90",,,"7,021,027.00"
14/09/2022,"10,264.26","10,366.09","10,223.53","10,264.26",,,"1,933,100.00"
13/09/2022,"10,590.11","10,590.11","10,386.46","10,549.38",,,"961,300.00"
12/09/2022,"10,753.04","10,753.04","10,447.55","10,447.55",,,"1,065,300.00"
09/09/2022,"10,590.11","10,590.11","10,182.80","10,508.65",,,"7,112,931.00"
08/09/2022,"10,997.43","10,997.43","10,386.46","10,386.46",,,"1,921,700.00"
07/09/2022,"10,895.60","11,099.25","10,630.85","10,630.85",,,"4,650,200.00"
06/09/2022,"10,753.04","10,936.33","10,671.58","10,875.23",,,"7,381,801.00"
05/09/2022,"10,814.14","10,875.23","10,610.48","10,753.04",,,"1,831,000.00"
31/08/2022,"10,651.21","10,875.23","10,590.11","10,875.23",,,"4,799,618.00"
30/08/2022,"10,590.11","10,732.67","10,549.38","10,712.31",,,"2,591,200.00"
29/08/2022,"10,549.38","10,590.11","10,305.00","10,569.75",,,"4,944,100.00"
26/08/2022,"10,875.23","10,875.23","10,712.31","10,712.31",,,"4,123,700.00"
25/08/2022,"10,467.92","10,773.40","10,467.92","10,773.40",,,"6,148,451.00"
24/08/2022,"10,590.11","10,630.85","10,467.92","10,549.38",,,"7,137,400.00"
23/08/2022,"10,366.09","10,488.29","10,203.17","10,467.92",,,"2,488,600.00"
22/08/2022,"10,651.21","10,651.21","10,366.09","10,366.09",,,"5,272,700.00"
19/08/2022,"10,753.04","10,875.23","10,691.94","10,691.94",,,"6,339,223.00"
18/08/2022,"10,936.33","10,956.69","10,793.77","10,915.96",,,"9,433,300.00"
17/08/2022,"10,732.67","10,915.96","10,732.67","10,895.60",,,"6,802,151.00"
16/08/2022,"10,712.31","10,753.04","10,590.11","10,732.67",,,"10,283,800.00"
15/08/2022,"10,427.19","10,712.31","10,366.09","10,712.31",,,"5,929,100.00"
12/08/2022,"10,345.73","10,366.09","10,284.63","10,345.73",,,"2,856,600.00"
11/08/2022,"10,305.00","10,427.19","10,284.63","10,305.00",,,"6,604,700.00"
10/08/2022,"10,243.90","10,264.26","10,142.07","10,203.17",,,"10,044,800.00"
09/08/2022,"10,182.80","10,264.26","10,142.07","10,243.90",,,"7,954,200.00"
08/08/2022,"10,142.07","10,223.53","10,060.61","10,182.80",,,"3,051,400.00"
05/08/2022,"10,101.34","10,101.34","9,979.15","10,060.61",,,"8,060,800.00"
04/08/2022,"10,182.80","10,325.36","10,060.61","10,142.07",,,"5,014,800.00"
03/08/2022,"10,101.34","10,142.07","10,019.88","10,121.70",,,"6,990,613.00"
02/08/2022,"10,019.88","10,203.17","10,019.88","10,121.70",,,"6,403,000.00"
01/08/2022,"9,856.95","10,101.34","9,856.95","10,060.61",,,"5,453,526.00"
29/07/2022,"10,040.24","10,040.24","9,836.59","9,836.59",,,"2,587,600.00"
28/07/2022,"9,836.59","9,979.15","9,755.12","9,938.41",,,"4,197,300.00"
27/07/2022,"9,612.56","9,734.76","9,551.47","9,734.76",,,"975,500.00"
26/07/2022,"9,612.56","9,673.66","9,571.83","9,612.56",,,"3,697,400.00"
25/07/2022,"9,592.20","9,694.03","9,592.20","9,612.56",,,"6,454,451.00"
22/07/2022,"9,795.86","9,856.95","9,694.03","9,694.03",,,"4,885,885.00"
21/07/2022,"9,775.49","9,938.41","9,775.49","9,795.86",,,"3,388,400.00"
20/07/2022,"9,694.03","9,755.12","9,632.93","9,714.39",,,"3,262,100.00"
19/07/2022,"9,571.83","9,592.20","9,470.01","9,531.10",,,"8,928,900.00"
18/07/2022,"9,755.12","9,755.12","9,571.83","9,571.83",,,"3,150,500.00"
15/07/2022,"9,653.30","9,755.12","9,592.20","9,612.56",,,"1,836,300.00"
14/07/2022,"9,653.30","9,673.66","9,470.01","9,653.30",,,"2,988,400.00"
13/07/2022,"9,571.83","9,775.49","9,531.10","9,653.30",,,"1,552,900.00"
12/07/2022,"9,368.18","9,571.83","9,368.18","9,571.83",,,"1,603,100.00"
11/07/2022,"9,551.47","9,632.93","9,327.45","9,327.45",,,"1,838,800.00"
08/07/2022,"9,795.86","9,836.59","9,653.30","9,653.30",,,"1,940,500.00"
07/07/2022,"9,714.39","9,856.95","9,694.03","9,775.49",,,"1,817,500.00"
06/07/2022,"9,979.15","10,040.24","9,571.83","9,714.39",,,"5,510,200.00"
05/07/2022,"9,958.78","10,162.44","9,958.78","10,080.97",,,"3,172,900.00"
04/07/2022,"10,060.61","10,101.34","9,958.78","9,999.51",,,"1,228,500.00"
01/07/2022,"9,734.76","9,979.15","9,551.47","9,979.15",,,"2,938,400.00"
30/06/2022,"10,019.88","10,121.70","9,775.49","9,775.49",,,"3,837,500.00"
29/06/2022,"9,612.56","10,060.61","9,612.56","9,938.41",,,"2,088,900.00"
28/06/2022,"9,490.37","10,019.88","9,449.64","9,877.32",,,"2,369,600.00"
27/06/2022,"9,408.91","9,551.47","9,368.18","9,510.74",,,"1,949,700.00"
24/06/2022,"9,775.49","9,775.49","9,368.18","9,368.18",,,"3,240,800.00"
23/06/2022,"9,612.56","9,653.30","9,470.01","9,571.83",,,"1,621,600.00"
22/06/2022,"9,612.56","9,816.22","9,612.56","9,612.56",,,"5,187,000.00"
21/06/2022,"9,449.64","9,775.49","9,449.64","9,612.56",,,"11,713,300.00"
20/06/2022,"10,019.88","10,019.88","9,531.10","9,673.66",,,"2,234,400.00"
17/06/2022,"9,938.41","10,080.97","9,734.76","10,019.88",,,"2,275,000.00"
16/06/2022,"10,019.88","10,386.46","9,938.41","10,162.44",,,"2,434,400.00"
15/06/2022,"10,182.80","10,182.80","9,755.12","9,979.15",,,"3,465,100.00"
14/06/2022,"9,816.22","10,305.00","9,816.22","10,142.07",,,"3,039,400.00"
13/06/2022,"10,182.80","10,427.19","9,979.15","9,999.51",,,"2,617,000.00"
10/06/2022,"10,508.65","10,753.04","10,386.46","10,549.38",,,"4,172,500.00"
09/06/2022,"10,488.29","10,590.11","10,467.92","10,508.65",,,"1,175,400.00"
08/06/2022,"10,386.46","10,691.94","10,203.17","10,569.75",,,"15,823,000.00"
07/06/2022,"10,305.00","10,406.82","10,101.34","10,305.00",,,"12,586,700.00"
06/06/2022,"10,264.26","10,488.29","10,182.80","10,305.00",,,"1,901,500.00"
03/06/2022,"10,549.38","10,590.11","10,264.26","10,345.73",,,"16,995,000.00"
02/06/2022,"10,651.21","10,671.58","10,529.02","10,590.11",,,"15,276,900.00"
01/06/2022,"10,630.85","10,773.40","10,427.19","10,651.21",,,"2,511,800.00"
31/05/2022,"10,529.02","10,630.85","10,467.92","10,630.85",,,"2,708,300.00"
30/05/2022,"10,630.85","10,630.85","10,467.92","10,529.02",,,"2,562,900.00"
27/05/2022,"10,386.46","10,529.02","10,305.00","10,508.65",,,"1,672,700.00"
26/05/2022,"10,305.00","10,508.65","10,305.00","10,406.82",,,"1,879,100.00"
25/05/2022,"10,019.88","10,447.55","10,019.88","10,447.55",,,"3,398,900.00"
24/05/2022,"9,816.22","10,019.88","9,714.39","10,019.88",,,"2,350,200.00"
23/05/2022,"10,019.88","10,040.24","9,632.93","9,856.95",,,"2,385,600.00"
20/05/2022,"9,897.68","10,060.61","9,775.49","9,918.05",,,"2,371,500.00"
19/05/2022,"9,632.93","9,938.41","9,470.01","9,897.68",,,"3,109,400.00"
18/05/2022,"9,775.49","9,918.05","9,612.56","9,775.49",,,"2,847,700.00"
17/05/2022,"9,327.45","9,775.49","8,981.23","9,775.49",,,"2,515,100.00"
16/05/2022,"9,327.45","9,347.81","8,960.87","9,164.52",,,"2,522,800.00"
13/05/2022,"9,327.45","9,490.37","8,757.21","9,042.33",,,"4,928,300.00"
12/05/2022,"9,775.49","9,795.86","9,286.72","9,347.81",,,"2,914,500.00"
11/05/2022,"9,816.22","9,979.15","9,673.66","9,877.32",,,"1,473,500.00"
10/05/2022,"9,205.25","9,856.95","9,123.79","9,795.86",,,"18,728,700.00"
09/05/2022,"9,592.20","9,755.12","9,286.72","9,368.18",,,"14,478,300.00"
06/05/2022,"9,897.68","10,101.34","9,775.49","9,795.86",,,"2,218,300.00"
05/05/2022,"10,182.80","10,264.26","9,979.15","10,243.90",,,"1,473,300.00"
04/05/2022,"10,284.63","10,305.00","10,101.34","10,101.34",,,"2,238,600.00"
29/04/2022,"10,325.36","10,366.09","10,182.80","10,305.00",,,"2,248,100.00"
28/04/2022,"10,182.80","10,366.09","10,182.80","10,264.26",,,"2,841,700.00"
27/04/2022,"9,897.68","10,264.26","9,755.12","10,182.80",,,"2,541,600.00"
26/04/2022,"9,368.18","10,019.88","9,245.98","9,979.15",,,"26,887,900.00"
25/04/2022,"10,243.90","10,345.73","9,531.10","9,592.20",,,"4,734,583.00"
22/04/2022,"10,243.90","10,467.92","10,060.61","10,243.90",,,"3,343,400.00"
21/04/2022,"10,467.92","10,508.65","9,816.22","10,142.07",,,"4,749,600.00"
20/04/2022,"10,549.38","10,671.58","10,467.92","10,488.29",,,"3,302,100.00"
19/04/2022,"10,753.04","10,793.77","10,529.02","10,549.38",,,"3,120,000.00"
18/04/2022,"10,712.31","10,875.23","10,427.19","10,590.11",,,"3,667,400.00"
15/04/2022,"11,119.62","11,201.08","10,691.94","10,712.31",,,"5,895,200.00"
14/04/2022,"11,404.74","11,445.47","11,119.62","11,119.62",,,"3,783,800.00"
13/04/2022,"11,323.28","11,506.57","11,201.08","11,404.74",,,"3,434,900.00"
12/04/2022,"11,506.57","11,526.93","11,241.81","11,323.28",,,"3,126,000.00"
08/04/2022,"11,812.05","11,913.88","11,506.57","11,506.57",,,"2,482,900.00"
07/04/2022,"11,873.15","12,015.71","11,771.32","11,771.32",,,"6,900,400.00"
06/04/2022,"11,649.13","11,913.88","11,628.76","11,812.05",,,"4,630,400.00"
05/04/2022,"11,852.78","12,015.71","11,710.22","11,710.22",,,"2,582,700.00"
04/04/2022,"12,178.63","12,178.63","11,812.05","11,852.78",,,"5,171,400.00"
01/04/2022,"11,445.47","11,995.34","11,404.74","11,995.34",,,"7,640,400.00"
31/03/2022,"11,669.49","11,689.86","11,465.83","11,547.30",,,"2,562,900.00"
30/03/2022,"11,282.54","11,567.66","11,241.81","11,526.93",,,"5,840,700.00"
29/03/2022,"11,180.72","11,282.54","11,099.25","11,221.45",,,"1,870,800.00"
28/03/2022,"11,282.54","11,486.20","11,119.62","11,160.35",,,"3,584,183.00"
25/03/2022,"11,445.47","11,486.20","11,384.37","11,384.37",,,"2,854,000.00"
24/03/2022,"11,404.74","11,526.93","11,323.28","11,445.47",,,"2,613,200.00"
23/03/2022,"11,567.66","11,608.39","11,404.74","11,404.74",,,"2,676,600.00"
22/03/2022,"11,588.03","11,608.39","11,465.83","11,526.93",,,"3,100,400.00"
21/03/2022,"11,241.81","11,526.93","11,241.81","11,526.93",,,"3,411,200.00"
,,,,,,,
,,,,,,,
SIMPLIZE,,,,,,,
"Số 5 ngõ 316 Lê Trọng Tấn, Phường Khương Mai, Quận Thanh Xuân, TP.Hà Nội
",,,,,,,
Website: simplize.vn,,,,,,,
Email: info@simplize.vn,,,,,,,
Tel: (+84) 38 840 8668,,,,,,,
