Tên công ty,Ngân hàng Thương mại Cổ phần Lộc Phát Việt Nam,,,,,,
Tên báo cáo,Lịch sử giá,,,,,,
Ngày tải,24/03/2026,,,,,,
,,,,,,,
NGÀY,GIÁ MỞ CỬA,GIÁ CAO NHẤT,GIÁ THẤP NHẤT,GIÁ ĐÓNG CỬA,THAY ĐỔI GIÁ,% THAY ĐỔI,KHỐI LƯỢNG
24/03/2026,"41,300.00","41,600.00","40,950.00","41,050.00",-100.00,0.00,"670,700.00"
23/03/2026,"41,100.00","42,550.00","40,950.00","41,150.00",50.00,0.00,"745,300.00"
20/03/2026,"43,900.00","44,000.00","41,050.00","41,100.00","-2,800.00",-0.06,"1,920,100.00"
19/03/2026,"43,650.00","43,900.00","41,500.00","43,900.00",250.00,0.01,"4,447,600.00"
18/03/2026,"43,750.00","44,500.00","43,300.00","43,650.00",300.00,0.01,"2,196,800.00"
17/03/2026,"42,300.00","44,100.00","42,200.00","43,350.00","1,350.00",0.03,"3,410,600.00"
16/03/2026,"41,600.00","42,000.00","40,900.00","42,000.00",500.00,0.01,"1,219,100.00"
13/03/2026,"41,100.00","41,800.00","40,900.00","41,500.00",400.00,0.01,"1,678,600.00"
12/03/2026,"41,500.00","41,600.00","40,600.00","41,100.00",-600.00,-0.01,"2,167,300.00"
11/03/2026,"40,550.00","41,800.00","39,800.00","41,700.00","1,100.00",0.03,"2,275,300.00"
10/03/2026,"40,900.00","41,400.00","39,500.00","40,600.00",250.00,0.01,"2,403,800.00"
09/03/2026,"42,000.00","42,050.00","39,500.00","40,350.00","-1,900.00",-0.04,"1,982,400.00"
06/03/2026,"42,900.00","42,900.00","41,850.00","42,250.00",-600.00,-0.01,"1,469,300.00"
05/03/2026,"43,500.00","43,500.00","42,000.00","42,850.00",-250.00,-0.01,"1,933,300.00"
04/03/2026,"42,400.00","43,100.00","41,500.00","43,100.00",700.00,0.02,"2,091,600.00"
03/03/2026,"42,700.00","42,700.00","41,500.00","42,400.00",500.00,0.01,"1,332,600.00"
02/03/2026,"42,950.00","43,000.00","41,900.00","41,900.00","-1,150.00",-0.03,"1,500,700.00"
27/02/2026,"43,500.00","44,300.00","42,750.00","43,050.00",-100.00,0.00,"1,473,700.00"
26/02/2026,"42,550.00","43,750.00","42,200.00","43,150.00",850.00,0.02,"3,105,500.00"
25/02/2026,"42,650.00","42,850.00","42,050.00","42,300.00",-300.00,-0.01,"1,826,400.00"
24/02/2026,"42,600.00","42,950.00","42,100.00","42,600.00",50.00,0.00,"1,326,400.00"
23/02/2026,"42,850.00","42,850.00","42,350.00","42,550.00",500.00,0.01,"722,700.00"
13/02/2026,"41,950.00","42,700.00","41,050.00","42,050.00",200.00,0.00,"2,457,800.00"
12/02/2026,"42,200.00","42,200.00","41,650.00","41,850.00",-200.00,0.00,"458,300.00"
11/02/2026,"41,950.00","42,250.00","41,650.00","42,050.00",250.00,0.01,"1,276,800.00"
10/02/2026,"42,000.00","42,150.00","41,300.00","41,800.00",-50.00,0.00,"1,588,400.00"
09/02/2026,"42,050.00","42,300.00","41,700.00","41,850.00",-50.00,0.00,"817,400.00"
06/02/2026,"41,100.00","41,900.00","40,400.00","41,900.00",900.00,0.02,"1,869,700.00"
05/02/2026,"42,800.00","42,800.00","41,000.00","41,000.00","-1,200.00",-0.03,"1,331,700.00"
04/02/2026,"41,700.00","42,200.00","41,700.00","42,200.00",650.00,0.02,"1,567,200.00"
03/02/2026,"42,200.00","42,350.00","41,500.00","41,550.00",-450.00,-0.01,"1,040,300.00"
02/02/2026,"41,500.00","42,200.00","40,750.00","42,000.00",350.00,0.01,"1,414,600.00"
30/01/2026,"41,900.00","42,600.00","41,500.00","41,650.00",-50.00,0.00,"1,478,700.00"
29/01/2026,"42,150.00","42,450.00","41,500.00","41,700.00",-300.00,-0.01,"801,400.00"
28/01/2026,"42,200.00","42,500.00","41,750.00","42,000.00",0.00,0.00,"992,500.00"
27/01/2026,"42,000.00","42,550.00","41,900.00","42,000.00",100.00,0.00,"1,433,100.00"
26/01/2026,"42,600.00","43,300.00","41,500.00","41,900.00",-500.00,-0.01,"1,421,000.00"
23/01/2026,"43,900.00","43,900.00","41,900.00","42,400.00",-900.00,-0.02,"1,914,200.00"
22/01/2026,"42,950.00","44,000.00","42,900.00","43,300.00",350.00,0.01,"2,487,900.00"
21/01/2026,"42,500.00","45,000.00","42,500.00","42,950.00",600.00,0.01,"3,086,500.00"
20/01/2026,"41,700.00","43,250.00","41,350.00","42,350.00",800.00,0.02,"2,707,000.00"
19/01/2026,"41,900.00","42,100.00","41,350.00","41,550.00",-200.00,0.00,"863,600.00"
16/01/2026,"41,600.00","42,150.00","41,200.00","41,750.00",250.00,0.01,"1,930,100.00"
15/01/2026,"41,850.00","42,100.00","41,000.00","41,500.00",-200.00,0.00,"1,812,900.00"
14/01/2026,"42,100.00","42,200.00","41,250.00","41,700.00",-200.00,0.00,"1,518,900.00"
13/01/2026,"42,800.00","42,800.00","41,300.00","41,900.00",-500.00,-0.01,"2,377,800.00"
12/01/2026,"41,400.00","42,450.00","41,300.00","42,400.00","1,200.00",0.03,"2,299,400.00"
09/01/2026,"42,100.00","42,500.00","40,950.00","41,200.00",-800.00,-0.02,"2,099,000.00"
08/01/2026,"42,200.00","42,300.00","41,400.00","42,000.00",-100.00,0.00,"1,923,900.00"
07/01/2026,"41,900.00","42,500.00","41,650.00","42,100.00",400.00,0.01,"1,271,400.00"
06/01/2026,"40,700.00","41,850.00","40,550.00","41,700.00","1,200.00",0.03,"4,415,000.00"
05/01/2026,"42,000.00","42,300.00","39,900.00","40,500.00","-1,300.00",-0.03,"4,157,300.00"
31/12/2025,"42,050.00","42,050.00","41,450.00","41,800.00",-100.00,0.00,"2,465,100.00"
30/12/2025,"41,950.00","41,950.00","41,600.00","41,900.00",100.00,0.00,"817,300.00"
29/12/2025,"41,500.00","42,150.00","41,450.00","41,800.00",300.00,0.01,"1,171,100.00"
26/12/2025,"42,100.00","42,500.00","41,500.00","41,500.00",-500.00,-0.01,"2,093,000.00"
25/12/2025,"43,000.00","43,300.00","42,000.00","42,000.00",-800.00,-0.02,"2,288,000.00"
24/12/2025,"42,000.00","43,850.00","42,000.00","42,800.00","1,000.00",0.02,"2,615,700.00"
23/12/2025,"44,250.00","44,250.00","41,250.00","41,800.00","-2,200.00",-0.05,"12,622,600.00"
22/12/2025,"43,800.00","44,450.00","43,200.00","44,000.00",500.00,0.01,"2,655,200.00"
19/12/2025,"44,000.00","46,800.00","43,500.00","43,500.00",-300.00,-0.01,"1,371,800.00"
18/12/2025,"44,200.00","44,200.00","42,850.00","43,800.00",-200.00,0.00,"1,671,400.00"
17/12/2025,"44,700.00","44,800.00","43,300.00","44,000.00",-450.00,-0.01,"854,400.00"
16/12/2025,"43,000.00","44,500.00","42,750.00","44,450.00","1,650.00",0.04,"2,136,800.00"
15/12/2025,"44,350.00","44,350.00","42,500.00","42,800.00","-1,400.00",-0.03,"1,403,500.00"
12/12/2025,"44,750.00","44,850.00","43,200.00","44,200.00",-300.00,-0.01,"1,570,300.00"
11/12/2025,"44,500.00","45,500.00","44,250.00","44,500.00",300.00,0.01,"1,245,100.00"
10/12/2025,"44,650.00","44,750.00","43,800.00","44,200.00",200.00,0.00,"1,452,300.00"
09/12/2025,"46,400.00","46,400.00","43,600.00","44,000.00","-2,300.00",-0.05,"4,632,400.00"
08/12/2025,"48,100.00","48,550.00","46,050.00","46,300.00","-1,800.00",-0.04,"2,989,700.00"
05/12/2025,"49,650.00","49,650.00","48,100.00","48,100.00","-1,400.00",-0.03,"1,083,400.00"
04/12/2025,"48,850.00","50,000.00","48,850.00","49,500.00",900.00,0.02,"1,140,300.00"
03/12/2025,"48,000.00","49,000.00","48,000.00","48,600.00","1,100.00",0.02,"1,490,800.00"
02/12/2025,"48,100.00","48,500.00","47,300.00","47,500.00",-400.00,-0.01,"1,242,000.00"
01/12/2025,"48,800.00","49,000.00","47,900.00","47,900.00",-700.00,-0.01,"798,600.00"
28/11/2025,"49,500.00","50,700.00","48,200.00","48,600.00",-700.00,-0.01,"1,434,700.00"
27/11/2025,"49,750.00","50,200.00","49,200.00","49,300.00",-300.00,-0.01,"1,173,300.00"
26/11/2025,"49,150.00","50,000.00","49,150.00","49,600.00",600.00,0.01,"1,572,800.00"
25/11/2025,"48,600.00","49,300.00","48,500.00","49,000.00",450.00,0.01,"1,401,600.00"
24/11/2025,"48,700.00","49,500.00","48,550.00","48,550.00",0.00,0.00,"1,211,300.00"
21/11/2025,"49,300.00","49,700.00","48,500.00","48,550.00",-750.00,-0.02,"1,076,000.00"
20/11/2025,"49,700.00","50,200.00","49,300.00","49,300.00",-200.00,0.00,"2,164,700.00"
19/11/2025,"49,600.00","49,650.00","48,550.00","49,500.00",-50.00,0.00,"1,316,500.00"
18/11/2025,"50,400.00","50,500.00","48,950.00","49,550.00",-650.00,-0.01,"1,390,600.00"
17/11/2025,"50,600.00","50,600.00","49,300.00","50,200.00",300.00,0.01,"947,600.00"
14/11/2025,"49,000.00","49,900.00","48,600.00","49,900.00","1,000.00",0.02,"1,193,800.00"
13/11/2025,"48,700.00","49,100.00","48,000.00","48,900.00",250.00,0.01,"1,362,300.00"
12/11/2025,"47,750.00","48,850.00","47,350.00","48,650.00","1,150.00",0.02,"1,475,300.00"
11/11/2025,"48,500.00","49,050.00","47,400.00","47,500.00",-800.00,-0.02,"2,356,200.00"
10/11/2025,"50,100.00","50,900.00","48,300.00","48,300.00","-1,000.00",-0.02,"1,794,100.00"
07/11/2025,"51,500.00","52,100.00","49,300.00","49,300.00","-2,200.00",-0.04,"2,728,100.00"
06/11/2025,"51,700.00","52,400.00","50,700.00","51,500.00",0.00,0.00,"2,073,400.00"
05/11/2025,"51,700.00","52,200.00","51,000.00","51,500.00",-200.00,0.00,"1,657,400.00"
04/11/2025,"51,100.00","52,500.00","51,000.00","51,700.00","1,000.00",0.02,"3,025,200.00"
03/11/2025,"50,900.00","52,500.00","50,200.00","50,700.00",0.00,0.00,"2,241,800.00"
31/10/2025,"52,300.00","53,700.00","50,700.00","50,700.00","-1,300.00",-0.03,"2,448,400.00"
30/10/2025,"54,000.00","54,100.00","51,200.00","52,000.00","-1,900.00",-0.04,"4,308,800.00"
29/10/2025,"53,000.00","54,400.00","52,700.00","53,900.00","1,100.00",0.02,"2,203,100.00"
28/10/2025,"52,000.00","53,400.00","51,900.00","52,800.00",900.00,0.02,"3,276,000.00"
27/10/2025,"52,600.00","52,700.00","51,300.00","51,900.00",-300.00,-0.01,"3,071,500.00"
24/10/2025,"51,400.00","53,200.00","51,100.00","52,200.00",900.00,0.02,"3,665,700.00"
23/10/2025,"50,400.00","52,500.00","49,700.00","51,300.00","1,400.00",0.03,"2,801,700.00"
22/10/2025,"49,800.00","50,800.00","48,100.00","49,900.00",900.00,0.02,"2,643,200.00"
21/10/2025,"49,600.00","50,800.00","48,500.00","49,000.00","1,500.00",0.03,"3,509,700.00"
20/10/2025,"49,700.00","50,800.00","47,500.00","47,500.00","-2,000.00",-0.04,"2,570,500.00"
17/10/2025,"51,500.00","51,700.00","49,500.00","49,500.00","-1,800.00",-0.04,"3,489,500.00"
16/10/2025,"52,000.00","52,500.00","50,600.00","51,300.00",-300.00,-0.01,"3,265,000.00"
15/10/2025,"51,900.00","53,300.00","51,600.00","51,600.00",100.00,0.00,"3,443,300.00"
14/10/2025,"52,900.00","53,300.00","51,500.00","51,500.00","-1,000.00",-0.02,"2,627,000.00"
13/10/2025,"51,800.00","52,500.00","50,500.00","52,500.00",900.00,0.02,"4,020,100.00"
10/10/2025,"51,200.00","52,200.00","50,800.00","51,600.00",400.00,0.01,"4,036,000.00"
09/10/2025,"52,000.00","52,500.00","50,900.00","51,200.00",-800.00,-0.02,"4,284,400.00"
08/10/2025,"53,000.00","54,700.00","52,000.00","52,000.00",-600.00,-0.01,"3,028,700.00"
07/10/2025,"51,900.00","53,700.00","51,700.00","52,600.00",800.00,0.02,"2,548,500.00"
06/10/2025,"53,000.00","53,500.00","50,700.00","51,800.00",-700.00,-0.01,"4,098,500.00"
03/10/2025,"51,800.00","52,800.00","51,400.00","52,500.00",900.00,0.02,"2,545,000.00"
02/10/2025,"51,300.00","52,900.00","51,100.00","51,600.00",600.00,0.01,"3,811,600.00"
01/10/2025,"49,700.00","51,300.00","49,700.00","51,000.00","1,500.00",0.03,"3,962,900.00"
30/09/2025,"47,950.00","49,700.00","47,650.00","49,500.00","1,700.00",0.04,"3,496,200.00"
29/09/2025,"48,100.00","48,500.00","47,350.00","47,800.00",-250.00,-0.01,"2,004,000.00"
26/09/2025,"48,050.00","48,700.00","47,950.00","48,050.00",100.00,0.00,"1,647,600.00"
25/09/2025,"47,550.00","48,750.00","47,450.00","47,950.00",500.00,0.01,"2,442,300.00"
24/09/2025,"46,700.00","47,500.00","46,000.00","47,450.00",900.00,0.02,"1,732,800.00"
23/09/2025,"46,700.00","47,000.00","45,550.00","46,550.00",50.00,0.00,"1,684,200.00"
22/09/2025,"46,550.00","47,500.00","46,000.00","46,500.00",0.00,0.00,"2,191,000.00"
19/09/2025,"45,700.00","47,150.00","45,100.00","46,500.00","1,100.00",0.02,"3,195,400.00"
18/09/2025,"45,300.00","45,850.00","45,050.00","45,400.00",100.00,0.00,"3,114,400.00"
17/09/2025,"45,450.00","45,500.00","44,500.00","45,300.00",400.00,0.01,"2,594,400.00"
16/09/2025,"44,700.00","45,150.00","44,000.00","44,900.00",350.00,0.01,"2,769,000.00"
15/09/2025,"44,300.00","44,750.00","43,550.00","44,550.00",450.00,0.01,"2,116,100.00"
12/09/2025,"44,100.00","44,350.00","43,200.00","44,100.00",100.00,0.00,"2,584,600.00"
11/09/2025,"42,000.00","44,650.00","40,400.00","44,000.00","2,050.00",0.05,"3,995,200.00"
10/09/2025,"42,150.00","42,600.00","41,250.00","41,950.00",-350.00,-0.01,"2,455,700.00"
09/09/2025,"42,850.00","43,600.00","41,550.00","42,300.00",-500.00,-0.01,"2,727,100.00"
08/09/2025,"44,400.00","44,600.00","42,800.00","42,800.00","-1,650.00",-0.04,"3,480,500.00"
05/09/2025,"45,750.00","46,150.00","44,450.00","44,450.00","-1,200.00",-0.03,"3,358,400.00"
04/09/2025,"45,000.00","46,100.00","44,600.00","45,650.00",950.00,0.02,"2,871,500.00"
03/09/2025,"44,950.00","45,600.00","44,000.00","44,700.00",-300.00,-0.01,"2,034,200.00"
29/08/2025,"44,850.00","45,700.00","44,250.00","45,000.00",150.00,0.00,"3,254,600.00"
28/08/2025,"43,900.00","45,000.00","43,200.00","44,850.00","1,050.00",0.02,"2,515,800.00"
27/08/2025,"46,000.00","46,000.00","43,800.00","43,800.00","-1,700.00",-0.04,"4,317,800.00"
26/08/2025,"45,200.00","45,650.00","43,800.00","45,500.00",500.00,0.01,"4,223,100.00"
25/08/2025,"47,050.00","47,450.00","45,000.00","45,000.00","-2,000.00",-0.04,"5,165,100.00"
22/08/2025,"48,000.00","48,400.00","45,600.00","47,000.00","-1,400.00",-0.03,"6,680,100.00"
21/08/2025,"48,000.00","48,950.00","46,600.00","48,400.00","2,650.00",0.06,"6,751,000.00"
20/08/2025,"42,900.00","45,750.00","41,000.00","45,750.00","2,950.00",0.07,"7,121,900.00"
19/08/2025,"40,450.00","42,850.00","40,200.00","42,800.00","2,700.00",0.07,"4,876,400.00"
18/08/2025,"39,200.00","40,300.00","38,950.00","40,100.00","1,100.00",0.03,"4,075,200.00"
15/08/2025,"40,750.00","40,750.00","38,600.00","39,000.00","-1,200.00",-0.03,"6,175,200.00"
14/08/2025,"39,850.00","40,550.00","39,600.00","40,200.00","1,000.00",0.03,"7,635,400.00"
13/08/2025,"38,500.00","40,200.00","38,500.00","39,200.00","1,150.00",0.03,"10,589,000.00"
12/08/2025,"35,850.00","38,050.00","35,450.00","38,050.00","2,250.00",0.06,"9,518,700.00"
11/08/2025,"35,500.00","35,800.00","35,100.00","35,800.00",400.00,0.01,"3,493,100.00"
08/08/2025,"35,800.00","35,850.00","35,000.00","35,400.00",-400.00,-0.01,"3,352,400.00"
07/08/2025,"36,500.00","36,500.00","35,250.00","35,800.00",-300.00,-0.01,"4,516,800.00"
06/08/2025,"35,500.00","36,100.00","35,500.00","36,100.00",800.00,0.02,"4,087,700.00"
05/08/2025,"34,700.00","36,550.00","34,700.00","35,300.00",600.00,0.02,"9,497,400.00"
04/08/2025,"34,450.00","34,850.00","33,800.00","34,700.00",200.00,0.01,"3,117,800.00"
01/08/2025,"34,250.00","34,500.00","33,450.00","34,500.00",300.00,0.01,"2,853,500.00"
31/07/2025,"34,300.00","34,500.00","33,350.00","34,200.00",0.00,0.00,"4,565,500.00"
30/07/2025,"34,300.00","35,000.00","33,800.00","34,200.00",-100.00,0.00,"3,585,800.00"
29/07/2025,"36,650.00","36,750.00","34,300.00","34,300.00","-2,250.00",-0.06,"6,251,200.00"
28/07/2025,"35,400.00","36,600.00","35,200.00","36,550.00","1,300.00",0.04,"7,287,700.00"
25/07/2025,"35,500.00","35,700.00","35,200.00","35,250.00",-250.00,-0.01,"3,406,100.00"
24/07/2025,"35,300.00","36,000.00","35,100.00","35,500.00",250.00,0.01,"2,519,900.00"
23/07/2025,"35,950.00","36,000.00","35,250.00","35,250.00",-650.00,-0.02,"3,733,400.00"
22/07/2025,"35,600.00","35,900.00","35,050.00","35,900.00",400.00,0.01,"2,666,600.00"
21/07/2025,"35,000.00","36,000.00","34,700.00","35,500.00",900.00,0.03,"4,420,200.00"
18/07/2025,"33,700.00","34,850.00","33,400.00","34,600.00",950.00,0.03,"4,707,200.00"
17/07/2025,"33,950.00","34,000.00","33,650.00","33,650.00",-150.00,0.00,"3,911,000.00"
16/07/2025,"33,650.00","34,150.00","33,550.00","33,800.00",300.00,0.01,"2,823,300.00"
15/07/2025,"32,950.00","33,850.00","32,850.00","33,500.00",650.00,0.02,"5,349,400.00"
14/07/2025,"33,100.00","33,200.00","32,650.00","32,850.00",-150.00,0.00,"1,952,700.00"
11/07/2025,"33,350.00","33,500.00","32,950.00","33,000.00",-300.00,-0.01,"2,291,500.00"
10/07/2025,"33,250.00","33,300.00","33,000.00","33,300.00",150.00,0.00,"2,842,500.00"
09/07/2025,"33,850.00","34,200.00","33,050.00","33,150.00",-550.00,-0.02,"3,840,600.00"
08/07/2025,"33,650.00","34,000.00","33,250.00","33,700.00",200.00,0.01,"2,506,300.00"
07/07/2025,"32,900.00","33,500.00","32,750.00","33,500.00",750.00,0.02,"5,348,000.00"
04/07/2025,"32,650.00","33,150.00","32,500.00","32,750.00",250.00,0.01,"3,006,600.00"
03/07/2025,"32,400.00","32,500.00","32,200.00","32,500.00",150.00,0.00,"2,820,600.00"
02/07/2025,"32,200.00","32,550.00","32,150.00","32,350.00",200.00,0.01,"2,017,300.00"
01/07/2025,"32,350.00","32,400.00","32,050.00","32,150.00",-100.00,0.00,"1,360,000.00"
30/06/2025,"32,050.00","32,400.00","31,950.00","32,250.00",300.00,0.01,"2,645,800.00"
27/06/2025,"31,900.00","32,050.00","31,650.00","31,950.00",150.00,0.00,"1,847,400.00"
26/06/2025,"31,800.00","32,000.00","31,500.00","31,800.00",0.00,0.00,"1,075,600.00"
25/06/2025,"32,000.00","32,300.00","31,600.00","31,800.00",0.00,0.00,"1,439,900.00"
24/06/2025,"31,800.00","32,050.00","31,700.00","31,800.00",200.00,0.01,"1,406,600.00"
23/06/2025,"31,900.00","31,900.00","31,350.00","31,600.00",-300.00,-0.01,"2,182,600.00"
20/06/2025,"32,550.00","32,550.00","31,900.00","31,900.00",-500.00,-0.02,"2,055,100.00"
19/06/2025,"32,000.00","32,500.00","31,800.00","32,400.00",450.00,0.01,"2,732,400.00"
18/06/2025,"32,500.00","32,500.00","31,900.00","31,950.00",-400.00,-0.01,"1,946,800.00"
17/06/2025,"31,950.00","32,500.00","31,800.00","32,350.00",700.00,0.02,"4,079,500.00"
16/06/2025,"31,700.00","31,950.00","31,550.00","31,650.00",50.00,0.00,"1,818,200.00"
13/06/2025,"31,600.00","32,050.00","31,400.00","31,600.00",-50.00,0.00,"3,082,200.00"
12/06/2025,"31,900.00","32,000.00","31,500.00","31,650.00",200.00,0.01,"1,431,600.00"
11/06/2025,"31,500.00","31,700.00","31,400.00","31,450.00",0.00,0.00,"952,800.00"
10/06/2025,"31,500.00","32,200.00","31,300.00","31,450.00",200.00,0.01,"2,437,300.00"
09/06/2025,"31,200.00","31,500.00","30,700.00","31,250.00",50.00,0.00,"1,903,600.00"
06/06/2025,"31,800.00","31,850.00","31,200.00","31,200.00",-600.00,-0.02,"2,400,100.00"
05/06/2025,"31,900.00","31,900.00","31,600.00","31,800.00",50.00,0.00,"1,357,500.00"
04/06/2025,"32,050.00","32,200.00","31,750.00","31,750.00",-250.00,-0.01,"1,580,200.00"
03/06/2025,"32,300.00","32,300.00","31,950.00","32,000.00",0.00,0.00,"1,855,500.00"
02/06/2025,"31,800.00","32,050.00","31,400.00","32,000.00",200.00,0.01,"2,160,000.00"
30/05/2025,"32,100.00","32,150.00","31,600.00","31,800.00",-200.00,-0.01,"1,471,900.00"
29/05/2025,"32,100.00","32,300.00","31,950.00","32,000.00",50.00,0.00,"1,463,400.00"
28/05/2025,"32,400.00","32,400.00","31,900.00","31,950.00",-250.00,-0.01,"2,135,500.00"
27/05/2025,"32,600.00","32,600.00","32,100.00","32,200.00",-300.00,-0.01,"1,920,400.00"
26/05/2025,"32,100.00","32,650.00","31,300.00","32,500.00",550.00,0.02,"2,528,700.00"
23/05/2025,"31,950.00","32,150.00","31,850.00","31,950.00",50.00,0.00,"1,550,700.00"
22/05/2025,"32,600.00","32,600.00","31,850.00","31,900.00",-650.00,-0.02,"3,093,600.00"
21/05/2025,"33,000.00","33,500.00","32,500.00","32,550.00",-400.00,-0.01,"2,430,600.00"
20/05/2025,"32,650.00","33,000.00","32,100.00","32,950.00",250.00,0.01,"3,562,200.00"
19/05/2025,"34,000.00","34,000.00","32,650.00","32,700.00","-1,300.00",-0.04,"5,468,700.00"
16/05/2025,"34,512.33","35,071.23","34,000.00","34,000.00",-550.00,-0.01,"4,560,600.00"
15/05/2025,"33,347.95","34,512.33","33,347.95","34,512.33","1,350.00",0.04,"8,904,600.00"
14/05/2025,"32,556.16","33,254.79","32,416.44","33,254.79",950.00,0.03,"4,525,300.00"
13/05/2025,"32,602.74","32,649.32","32,136.99","32,369.86",-50.00,0.00,"3,082,200.00"
12/05/2025,"32,602.74","32,789.04","32,369.86","32,416.44",300.00,0.01,"6,275,600.00"
09/05/2025,"31,205.48","32,882.19","31,019.18","32,136.99","1,450.00",0.04,"4,973,300.00"
08/05/2025,"30,506.85","31,298.63","30,506.85","30,786.30",850.00,0.03,"3,936,900.00"
07/05/2025,"29,668.49","30,134.25","29,528.77","29,994.52",450.00,0.01,"2,001,400.00"
06/05/2025,"30,087.67","30,227.40","29,575.34","29,575.34",-400.00,-0.01,"2,776,400.00"
05/05/2025,"30,273.97","30,506.85","29,808.22","29,947.95",-400.00,-0.01,"1,494,901.00"
29/04/2025,"30,553.42","30,972.60","30,320.55","30,320.55",-250.00,-0.01,"1,424,000.00"
28/04/2025,"30,646.58","30,646.58","29,901.37","30,553.42",500.00,0.02,"1,603,900.00"
25/04/2025,"30,553.42","30,879.45","29,854.79","30,087.67",-700.00,-0.02,"6,507,700.00"
24/04/2025,"30,926.03","31,158.90","30,739.73","30,739.73",-300.00,-0.01,"2,189,600.00"
23/04/2025,"31,112.33","31,484.93","31,019.18","31,019.18",50.00,0.00,"2,718,000.00"
22/04/2025,"30,693.15","31,065.75","28,643.84","30,972.60",200.00,0.01,"4,954,700.00"
21/04/2025,"31,624.66","31,624.66","30,739.73","30,786.30",-850.00,-0.03,"2,596,300.00"
18/04/2025,"31,484.93","32,183.56","31,345.21","31,578.08",300.00,0.01,"4,217,800.00"
17/04/2025,"30,739.73","32,136.99","30,506.85","31,298.63",950.00,0.03,"4,118,900.00"
16/04/2025,"30,739.73","31,158.90","30,413.70","30,413.70",-500.00,-0.02,"1,825,400.00"
15/04/2025,"31,298.63","31,578.08","30,320.55","30,879.45",-700.00,-0.02,"3,977,800.00"
14/04/2025,"31,578.08","31,671.23","31,391.78","31,531.51",-350.00,-0.01,"2,200,100.00"
11/04/2025,"29,808.22","31,904.11","29,808.22","31,857.53",500.00,0.01,"7,069,100.00"
10/04/2025,"31,391.78","31,391.78","31,391.78","31,391.78","2,200.00",0.07,"473,200.00"
09/04/2025,"28,317.81","30,273.97","27,945.21","29,342.47",300.00,0.01,"5,332,500.00"
08/04/2025,"30,693.15","30,693.15","28,550.68","29,063.01","-1,750.00",-0.05,"3,809,900.00"
04/04/2025,"27,013.70","30,693.15","27,013.70","30,693.15","2,150.00",0.07,"9,431,700.00"
03/04/2025,"30,646.58","30,646.58","28,690.41","28,690.41","-2,300.00",-0.07,"6,276,700.00"
02/04/2025,"31,205.48","31,298.63","30,832.88","30,832.88",-300.00,-0.01,"1,852,800.00"
01/04/2025,"30,972.60","31,205.48","30,926.03","31,112.33",150.00,0.00,"1,181,200.00"
31/03/2025,"31,158.90","31,158.90","30,553.42","30,972.60",-200.00,-0.01,"2,412,800.00"
28/03/2025,"30,739.73","31,205.48","30,739.73","31,158.90",450.00,0.01,"1,493,900.00"
27/03/2025,"31,298.63","31,298.63","30,739.73","30,739.73",-450.00,-0.01,"1,950,300.00"
26/03/2025,"31,671.23","31,810.96","31,158.90","31,158.90",-550.00,-0.02,"2,653,800.00"
25/03/2025,"31,810.96","31,997.26","31,484.93","31,671.23",-150.00,0.00,"2,560,300.00"
24/03/2025,"32,416.44","32,416.44","31,391.78","31,810.96",-650.00,-0.02,"8,143,400.00"
21/03/2025,"33,115.07","33,115.07","32,416.44","32,416.44",-750.00,-0.02,"2,543,500.00"
20/03/2025,"33,720.55","33,720.55","33,115.07","33,115.07",-400.00,-0.01,"2,638,200.00"
19/03/2025,"32,975.34","33,813.70","32,975.34","33,487.67",550.00,0.02,"6,285,000.00"
18/03/2025,"32,323.29","33,394.52","32,043.84","32,975.34",700.00,0.02,"5,199,100.00"
17/03/2025,"32,556.16","32,602.74","32,090.41","32,323.29",-250.00,-0.01,"2,029,600.00"
14/03/2025,"32,975.34","32,975.34","32,556.16","32,556.16",-350.00,-0.01,"1,508,200.00"
13/03/2025,"32,882.19","33,021.92","32,509.59","32,882.19",0.00,0.00,"2,545,000.00"
12/03/2025,"32,276.71","32,928.77","31,904.11","32,882.19",650.00,0.02,"2,780,700.00"
11/03/2025,"32,276.71","32,509.59","31,764.38","32,276.71",-150.00,0.00,"3,771,200.00"
10/03/2025,"32,975.34","33,394.52","32,416.44","32,416.44",-600.00,-0.02,"4,126,000.00"
07/03/2025,"33,068.49","33,487.67","32,975.34","32,975.34",-150.00,0.00,"3,123,200.00"
06/03/2025,"33,580.82","33,580.82","33,068.49","33,115.07",-250.00,-0.01,"1,891,200.00"
05/03/2025,"33,068.49","34,093.15","33,068.49","33,347.95",300.00,0.01,"2,318,400.00"
04/03/2025,"33,301.37","33,347.95","32,742.47","33,068.49",-400.00,-0.01,"5,102,600.00"
03/03/2025,"33,767.12","33,767.12","33,161.64","33,441.10",-250.00,-0.01,"3,778,400.00"
28/02/2025,"34,139.73","34,186.30","33,580.82","33,673.97",-600.00,-0.02,"3,059,600.00"
27/02/2025,"34,372.60","34,372.60","33,813.70","34,232.88",-150.00,0.00,"2,381,500.00"
26/02/2025,"34,558.90","34,652.05","34,093.15","34,372.60",50.00,0.00,"2,293,700.00"
25/02/2025,"34,372.60","34,698.63","34,279.45","34,326.03",50.00,0.00,"3,525,600.00"
24/02/2025,"33,860.27","34,419.18","33,673.97","34,279.45",400.00,0.01,"4,104,400.00"
21/02/2025,"33,906.85","34,232.88","33,813.70","33,906.85",100.00,0.00,"1,524,600.00"
20/02/2025,"34,186.30","34,465.75","33,767.12","33,813.70",-400.00,-0.01,"3,952,500.00"
19/02/2025,"34,139.73","34,465.75","33,813.70","34,186.30",100.00,0.00,"3,508,600.00"
18/02/2025,"34,884.93","34,884.93","34,000.00","34,093.15",-650.00,-0.02,"3,524,500.00"
17/02/2025,"34,931.51","35,024.66","34,558.90","34,698.63",-250.00,-0.01,"1,586,800.00"
14/02/2025,"35,676.71","35,676.71","34,652.05","34,931.51",-200.00,-0.01,"2,832,900.00"
13/02/2025,"34,791.78","35,257.53","34,512.33","35,117.81",350.00,0.01,"2,520,700.00"
12/02/2025,"34,512.33","35,304.11","34,512.33","34,791.78",350.00,0.01,"2,799,300.00"
11/02/2025,"34,046.58","34,512.33","33,906.85","34,465.75",450.00,0.01,"3,658,800.00"
10/02/2025,"33,906.85","34,279.45","33,487.67","34,046.58",50.00,0.00,"2,510,900.00"
07/02/2025,"34,000.00","34,465.75","33,720.55","34,000.00",0.00,0.00,"2,457,100.00"
06/02/2025,"33,534.25","34,232.88","33,441.10","34,000.00",600.00,0.02,"3,514,500.00"
05/02/2025,"32,882.19","33,627.40","32,789.04","33,441.10",800.00,0.02,"5,870,000.00"
04/02/2025,"33,347.95","33,347.95","32,276.71","32,695.89",0.00,0.00,"14,439,500.00"
03/02/2025,"33,394.52","33,394.52","32,463.01","32,695.89",-750.00,-0.02,"4,007,000.00"
24/01/2025,"32,928.77","33,627.40","32,835.62","33,394.52",550.00,0.02,"14,663,700.00"
23/01/2025,"31,298.63","33,161.64","31,298.63","32,882.19","1,900.00",0.06,"6,086,300.00"
22/01/2025,"29,761.64","31,158.90","29,761.64","31,112.33","1,550.00",0.05,"7,035,600.00"
21/01/2025,"29,528.77","29,901.37","29,528.77","29,668.49",200.00,0.01,"2,017,400.00"
20/01/2025,"29,715.07","29,994.52","29,482.19","29,482.19",-250.00,-0.01,"1,313,700.00"
17/01/2025,"29,342.47","29,808.22","29,156.16","29,715.07",450.00,0.01,"1,839,700.00"
16/01/2025,"29,063.01","29,621.92","29,016.44","29,295.89",450.00,0.01,"1,300,200.00"
15/01/2025,"28,923.29","29,016.44","28,643.84","28,876.71",150.00,0.00,"1,015,700.00"
14/01/2025,"28,597.26","29,202.74","28,597.26","28,736.99",150.00,0.00,"1,098,100.00"
13/01/2025,"28,131.51","28,597.26","27,665.75","28,597.26",500.00,0.02,"2,673,200.00"
10/01/2025,"28,550.68","28,550.68","27,991.78","28,131.51",-400.00,-0.01,"1,885,900.00"
09/01/2025,"28,830.14","28,876.71","28,457.53","28,504.11",-300.00,-0.01,"1,089,700.00"
08/01/2025,"28,643.84","28,876.71","28,410.96","28,783.56",200.00,0.01,"2,404,600.00"
07/01/2025,"28,271.23","28,876.71","28,178.08","28,597.26",400.00,0.01,"1,948,800.00"
06/01/2025,"28,364.38","28,597.26","27,945.21","28,224.66",-100.00,0.00,"3,690,400.00"
03/01/2025,"29,156.16","29,156.16","28,224.66","28,317.81",-850.00,-0.03,"5,961,600.00"
02/01/2025,"29,249.32","29,249.32","28,736.99","29,109.59",0.00,0.00,"3,568,300.00"
31/12/2024,"29,389.04","29,482.19","29,063.01","29,109.59",-300.00,-0.01,"5,270,600.00"
30/12/2024,"29,156.16","29,621.92","28,923.29","29,389.04",550.00,0.02,"3,349,400.00"
27/12/2024,"27,293.15","28,876.71","27,200.00","28,876.71","2,000.00",0.07,"10,863,500.00"
26/12/2024,"27,434.79","27,474.67","27,036.03","27,036.03",-350.00,-0.01,"4,559,900.00"
25/12/2024,"26,796.77","27,594.30","26,756.90","27,315.16",700.00,0.02,"5,652,700.00"
24/12/2024,"26,756.90","26,796.77","26,398.01","26,756.90",50.00,0.00,"2,754,400.00"
23/12/2024,"26,796.77","26,836.65","26,517.64","26,717.02",100.00,0.00,"2,569,700.00"
20/12/2024,"26,637.27","26,756.90","26,358.13","26,637.27",0.00,0.00,"2,495,400.00"
19/12/2024,"26,876.52","26,916.40","26,358.13","26,637.27",-300.00,-0.01,"3,068,700.00"
18/12/2024,"26,557.52","26,956.28","26,557.52","26,876.52",450.00,0.01,"4,300,900.00"
17/12/2024,"26,517.64","26,557.52","26,278.38","26,517.64",100.00,0.00,"4,271,300.00"
16/12/2024,"26,597.39","26,756.90","26,358.13","26,437.89",0.00,0.00,"4,908,000.00"
13/12/2024,"26,477.76","26,677.14","26,238.51","26,437.89",50.00,0.00,"4,316,200.00"
12/12/2024,"26,836.65","26,916.40","26,398.01","26,398.01",-500.00,-0.01,"8,138,300.00"
11/12/2024,"27,195.53","27,434.79","26,756.90","26,796.77",-450.00,-0.01,"5,269,200.00"
10/12/2024,"27,275.29","27,434.79","27,155.66","27,155.66",-100.00,0.00,"6,116,300.00"
09/12/2024,"27,514.54","27,594.30","27,155.66","27,235.41",-100.00,0.00,"4,650,200.00"
06/12/2024,"27,115.78","27,594.30","26,876.52","27,315.16",550.00,0.02,"8,256,500.00"
05/12/2024,"26,756.90","27,155.66","26,677.14","26,876.52",250.00,0.01,"4,912,800.00"
04/12/2024,"27,115.78","27,474.67","26,557.52","26,677.14",-500.00,-0.01,"7,128,300.00"
03/12/2024,"26,597.39","27,275.29","26,597.39","27,075.91",700.00,0.02,"4,732,500.00"
02/12/2024,"25,799.87","26,796.77","25,799.87","26,517.64","1,000.00",0.03,"10,943,600.00"
29/11/2024,"25,560.61","25,919.50","25,560.61","25,720.12",250.00,0.01,"4,430,400.00"
28/11/2024,"25,919.50","26,118.88","25,520.74","25,520.74",-300.00,-0.01,"5,403,500.00"
27/11/2024,"25,480.86","25,919.50","25,440.98","25,759.99",400.00,0.01,"3,836,800.00"
26/11/2024,"25,440.98","25,480.86","25,321.35","25,440.98",50.00,0.00,"4,916,400.00"
25/11/2024,"25,440.98","25,440.98","25,321.35","25,401.11",0.00,0.00,"5,413,300.00"
22/11/2024,"25,321.35","25,440.98","25,241.60","25,401.11",150.00,0.00,"6,291,600.00"
21/11/2024,"25,201.73","25,281.48","25,082.10","25,281.48",150.00,0.00,"5,740,300.00"
20/11/2024,"25,042.22","25,201.73","24,802.96","25,161.85",250.00,0.01,"6,804,800.00"
19/11/2024,"25,082.10","25,201.73","24,882.72","24,962.47",-150.00,0.00,"3,435,300.00"
18/11/2024,"25,121.97","25,440.98","24,842.84","25,082.10",0.00,0.00,"9,821,400.00"
15/11/2024,"25,042.22","25,161.85","24,683.34","25,082.10",50.00,0.00,"4,338,200.00"
14/11/2024,"25,480.86","25,520.74","25,002.35","25,042.22",-400.00,-0.01,"7,407,600.00"
13/11/2024,"25,321.35","25,440.98","25,042.22","25,361.23",100.00,0.00,"4,948,000.00"
12/11/2024,"25,520.74","25,720.12","25,161.85","25,281.48",-50.00,0.00,"5,145,400.00"
11/11/2024,"25,680.24","25,720.12","25,281.48","25,321.35",-450.00,-0.01,"5,330,600.00"
08/11/2024,"26,039.13","26,039.13","25,600.49","25,680.24",-400.00,-0.01,"4,974,500.00"
07/11/2024,"25,959.37","26,158.75","25,919.50","25,999.25",50.00,0.00,"1,816,400.00"
06/11/2024,"26,158.75","26,158.75","25,799.87","25,959.37",150.00,0.00,"9,272,100.00"
05/11/2024,"25,879.62","26,198.63","25,839.74","25,839.74",50.00,0.00,"6,573,000.00"
04/11/2024,"26,158.75","26,318.26","25,759.99","25,799.87",-450.00,-0.01,"9,369,100.00"
01/11/2024,"26,278.38","26,318.26","26,079.00","26,158.75",-150.00,0.00,"3,945,300.00"
31/10/2024,"25,999.25","26,278.38","25,919.50","26,278.38",400.00,0.01,"5,550,900.00"
30/10/2024,"25,839.74","26,118.88","25,799.87","25,959.37",250.00,0.01,"1,329,200.00"
29/10/2024,"25,720.12","25,799.87","25,680.24","25,759.99",100.00,0.00,"785,900.00"
28/10/2024,"25,759.99","25,839.74","25,520.74","25,680.24",100.00,0.00,"922,700.00"
25/10/2024,"25,440.98","25,640.36","25,281.48","25,600.49",300.00,0.01,"1,119,700.00"
24/10/2024,"25,560.61","25,759.99","25,361.23","25,361.23",-50.00,0.00,"1,328,800.00"
23/10/2024,"25,401.11","25,520.74","25,201.73","25,401.11",150.00,0.00,"1,583,600.00"
22/10/2024,"25,680.24","25,720.12","24,962.47","25,281.48",-500.00,-0.02,"4,138,700.00"
21/10/2024,"25,839.74","25,919.50","25,600.49","25,680.24",-150.00,0.00,"2,080,600.00"
18/10/2024,"25,799.87","26,118.88","25,600.49","25,799.87",250.00,0.01,"1,689,300.00"
17/10/2024,"25,361.23","25,600.49","25,281.48","25,600.49",350.00,0.01,"1,396,800.00"
16/10/2024,"25,560.61","25,720.12","25,321.35","25,321.35",-450.00,-0.01,"2,761,000.00"
15/10/2024,"25,959.37","26,118.88","25,680.24","25,680.24",-250.00,-0.01,"1,866,600.00"
14/10/2024,"26,278.38","26,358.13","25,799.87","25,879.62",-400.00,-0.01,"3,383,900.00"
11/10/2024,"26,557.52","26,717.02","26,158.75","26,198.63",-450.00,-0.01,"2,062,500.00"
10/10/2024,"26,956.28","27,315.16","26,477.76","26,557.52",-300.00,-0.01,"4,601,700.00"
09/10/2024,"26,717.02","26,876.52","26,597.39","26,796.77",300.00,0.01,"1,803,200.00"
08/10/2024,"25,361.23","26,956.28","25,361.23","26,557.52","1,550.00",0.05,"16,028,300.00"
07/10/2024,"25,401.11","25,520.74","25,241.60","25,321.35",250.00,0.01,"1,343,600.00"
04/10/2024,"24,962.47","25,121.97","24,763.09","25,121.97",150.00,0.00,"2,570,800.00"
03/10/2024,"25,082.10","25,480.86","24,922.59","25,002.35",-100.00,0.00,"2,302,700.00"
02/10/2024,"25,281.48","25,361.23","25,082.10","25,082.10",-250.00,-0.01,"1,390,800.00"
01/10/2024,"25,480.86","25,520.74","25,161.85","25,281.48",-250.00,-0.01,"6,845,300.00"
30/09/2024,"25,720.12","25,799.87","25,321.35","25,480.86",-250.00,-0.01,"2,274,100.00"
27/09/2024,"25,600.49","25,959.37","25,361.23","25,680.24",100.00,0.00,"3,670,700.00"
26/09/2024,"25,520.74","25,759.99","25,321.35","25,600.49",300.00,0.01,"4,282,000.00"
25/09/2024,"25,600.49","25,600.49","25,241.60","25,361.23",100.00,0.00,"4,189,000.00"
24/09/2024,"25,042.22","25,281.48","24,882.72","25,281.48",300.00,0.01,"1,942,000.00"
23/09/2024,"24,922.59","25,281.48","24,842.84","25,042.22",200.00,0.01,"2,526,600.00"
20/09/2024,"24,723.21","25,082.10","24,643.46","24,882.72",500.00,0.02,"4,344,500.00"
19/09/2024,"24,404.20","24,603.58","24,284.57","24,483.96",100.00,0.00,"943,700.00"
18/09/2024,"24,643.46","24,643.46","24,284.57","24,404.20",-100.00,0.00,"1,751,600.00"
17/09/2024,"24,085.19","24,483.96","24,085.19","24,483.96",500.00,0.02,"1,003,300.00"
16/09/2024,"24,284.57","24,563.71","24,085.19","24,085.19",-250.00,-0.01,"1,228,900.00"
13/09/2024,"24,483.96","24,643.46","24,284.57","24,284.57",-250.00,-0.01,"697,100.00"
12/09/2024,"24,723.21","24,763.09","24,483.96","24,483.96",-100.00,0.00,"855,700.00"
11/09/2024,"24,683.34","24,723.21","24,404.20","24,563.71",-150.00,0.00,"921,200.00"
10/09/2024,"24,643.46","24,882.72","24,483.96","24,683.34",150.00,0.00,"1,322,200.00"
09/09/2024,"24,842.84","24,842.84","24,563.71","24,563.71",-250.00,-0.01,"721,800.00"
06/09/2024,"24,523.83","24,882.72","24,523.83","24,763.09",250.00,0.01,"1,399,100.00"
05/09/2024,"24,683.34","24,882.72","24,204.82","24,563.71",-50.00,0.00,"2,612,800.00"
04/09/2024,"24,802.96","25,042.22","24,603.58","24,603.58",-550.00,-0.02,"2,142,200.00"
30/08/2024,"25,241.60","25,321.35","24,842.84","25,042.22",-100.00,0.00,"2,132,400.00"
29/08/2024,"25,201.73","25,720.12","25,121.97","25,121.97",100.00,0.00,"5,036,000.00"
28/08/2024,"24,962.47","25,241.60","24,842.84","25,042.22",100.00,0.00,"2,364,600.00"
27/08/2024,"24,962.47","25,281.48","24,882.72","24,962.47",-200.00,-0.01,"1,146,100.00"
26/08/2024,"25,042.22","25,281.48","24,922.59","25,121.97",0.00,0.00,"2,354,100.00"
23/08/2024,"25,361.23","25,759.99","25,042.22","25,121.97",-200.00,-0.01,"3,436,500.00"
22/08/2024,"25,042.22","25,321.35","24,802.96","25,281.48",150.00,0.00,"3,230,800.00"
21/08/2024,"25,002.35","25,201.73","24,603.58","25,161.85",350.00,0.01,"4,219,600.00"
20/08/2024,"25,201.73","25,321.35","24,882.72","24,882.72",-300.00,-0.01,"3,552,700.00"
19/08/2024,"24,683.34","25,361.23","24,683.34","25,121.97",650.00,0.02,"4,300,700.00"
16/08/2024,"23,566.80","24,603.58","23,566.80","24,603.58","1,450.00",0.05,"3,188,300.00"
15/08/2024,"23,048.41","23,447.18","22,888.91","23,447.18",600.00,0.02,"4,393,200.00"
14/08/2024,"23,128.17","23,287.67","22,809.16","22,968.66",0.00,0.00,"2,101,800.00"
13/08/2024,"22,888.91","23,367.42","22,769.28","22,968.66",200.00,0.01,"2,486,100.00"
12/08/2024,"22,809.16","22,968.66","22,569.90","22,809.16",200.00,0.01,"1,768,500.00"
09/08/2024,"22,968.66","22,968.66","22,530.02","22,649.65",50.00,0.00,"3,075,400.00"
08/08/2024,"22,450.27","22,649.65","22,410.40","22,609.78",100.00,0.00,"2,691,500.00"
07/08/2024,"22,370.52","22,849.03","22,370.52","22,530.02",400.00,0.01,"1,909,500.00"
06/08/2024,"21,772.38","22,450.27","21,692.63","22,211.02",750.00,0.03,"4,238,600.00"
05/08/2024,"23,088.29","23,088.29","21,174.24","21,612.87","-1,400.00",-0.05,"5,591,000.00"
02/08/2024,"22,809.16","23,128.17","22,450.27","22,729.41",-500.00,-0.02,"3,149,400.00"
01/08/2024,"23,367.42","23,686.43","22,649.65","23,128.17",-150.00,-0.01,"3,876,100.00"
31/07/2024,"23,526.93","23,526.93","23,207.92","23,247.80",-350.00,-0.01,"4,755,200.00"
30/07/2024,"23,845.94","23,885.81","23,247.80","23,526.93",-300.00,-0.01,"3,418,500.00"
29/07/2024,"23,287.67","23,925.69","23,287.67","23,766.19",400.00,0.01,"1,440,100.00"
26/07/2024,"24,164.95","24,164.95","23,088.29","23,447.18","-1,000.00",-0.03,"14,354,300.00"
25/07/2024,"24,802.96","24,922.59","24,244.70","24,244.70",-800.00,-0.03,"3,184,000.00"
24/07/2024,"25,121.97","25,321.35","24,723.21","24,882.72",-550.00,-0.02,"4,434,300.00"
23/07/2024,"25,361.23","25,759.99","24,842.84","25,321.35",0.00,0.00,"6,704,800.00"
22/07/2024,"25,361.23","25,839.74","24,444.08","25,321.35",-450.00,-0.01,"9,231,400.00"
19/07/2024,"25,520.74","26,318.26","25,480.86","25,680.24",300.00,0.01,"4,686,600.00"
18/07/2024,"25,520.74","25,520.74","24,962.47","25,440.98",-100.00,0.00,"1,686,400.00"
17/07/2024,"25,201.73","25,520.74","24,483.96","25,520.74",400.00,0.01,"10,716,511.00"
16/07/2024,"25,281.48","25,480.86","24,882.72","25,201.73",200.00,0.01,"2,931,700.00"
15/07/2024,"25,201.73","25,321.35","24,723.21","25,042.22",150.00,0.00,"1,827,866.00"
12/07/2024,"25,042.22","25,281.48","24,643.46","24,922.59",0.00,0.00,"4,619,200.00"
11/07/2024,"24,882.72","25,361.23","24,483.96","24,922.59",50.00,0.00,"7,229,194.00"
10/07/2024,"25,480.86","25,480.86","24,882.72","24,882.72",-750.00,-0.02,"4,009,700.00"
09/07/2024,"25,680.24","25,919.50","25,241.60","25,480.86",-300.00,-0.01,"5,845,400.00"
08/07/2024,"25,839.74","26,158.75","25,361.23","25,720.12",50.00,0.00,"6,095,500.00"
05/07/2024,"25,002.35","26,318.26","24,683.34","25,680.24",850.00,0.03,"10,869,300.00"
04/07/2024,"24,164.95","25,002.35","23,845.94","25,002.35","1,150.00",0.04,"4,669,200.00"
03/07/2024,"23,845.94","24,125.07","23,726.31","24,085.19",600.00,0.02,"10,240,646.00"
02/07/2024,"22,729.41","23,686.43","22,290.77","23,606.68","1,700.00",0.06,"6,794,700.00"
01/07/2024,"22,490.15","22,490.15","22,011.63","22,250.89",-300.00,-0.01,"3,134,000.00"
28/06/2024,"22,809.16","22,968.66","21,931.88","22,490.15",-450.00,-0.02,"3,995,200.00"
27/06/2024,"22,928.79","23,128.17","22,171.14","22,849.03",-100.00,0.00,"2,550,900.00"
26/06/2024,"22,609.78","23,168.04","22,569.90","22,928.79",400.00,0.01,"38,189,750.00"
25/06/2024,"22,330.64","22,968.66","22,250.89","22,609.78",100.00,0.00,"28,035,166.00"
24/06/2024,"23,287.67","23,367.42","21,931.88","22,530.02",-550.00,-0.02,"35,971,982.00"
21/06/2024,"21,852.13","22,968.66","21,612.87","22,968.66","1,750.00",0.06,"39,017,799.00"
20/06/2024,"21,612.87","22,171.14","21,493.24","21,573.00",0.00,0.00,"30,108,188.00"
19/06/2024,"21,612.87","21,652.75","21,214.11","21,573.00",-50.00,0.00,"32,477,448.00"
18/06/2024,"21,692.63","21,772.38","21,293.86","21,612.87",-100.00,0.00,"36,277,292.00"
17/06/2024,"22,011.63","22,011.63","21,453.37","21,692.63",-300.00,-0.01,"32,782,606.00"
14/06/2024,"21,373.62","22,211.02","21,253.99","21,931.88",900.00,0.03,"40,701,491.00"
13/06/2024,"20,895.10","21,214.11","20,815.35","21,214.11",500.00,0.02,"36,892,315.00"
12/06/2024,"20,496.34","21,094.48","20,257.08","20,815.35",400.00,0.02,"35,899,931.00"
11/06/2024,"21,134.36","21,134.36","20,496.34","20,496.34",-550.00,-0.02,"37,846,342.00"
10/06/2024,"20,974.85","21,174.24","20,775.47","20,934.98",100.00,0.00,"36,063,054.00"
07/06/2024,"20,934.98","21,214.11","20,655.85","20,855.23",50.00,0.00,"32,419,008.00"
06/06/2024,"20,536.22","21,373.62","20,416.59","20,815.35",350.00,0.01,"40,111,370.00"
05/06/2024,"20,655.85","20,655.85","20,057.70","20,536.22",-50.00,0.00,"41,531,921.00"
04/06/2024,"20,695.72","20,695.72","20,376.71","20,576.09",0.00,0.00,"39,523,096.00"
03/06/2024,"20,855.23","20,895.10","20,496.34","20,576.09",0.00,0.00,"28,838,971.00"
31/05/2024,"20,974.85","20,974.85","20,456.46","20,576.09",-250.00,-0.01,"39,001,696.00"
30/05/2024,"20,496.34","21,134.36","20,336.84","20,775.47",50.00,0.00,"38,817,200.00"
29/05/2024,"20,296.96","21,054.61","19,938.07","20,735.60",950.00,0.04,"40,592,956.00"
28/05/2024,"18,981.05","19,977.95","18,781.67","19,977.95","1,600.00",0.07,"44,862,600.00"
27/05/2024,"18,502.53","18,741.79","18,462.66","18,701.91",-50.00,0.00,"33,159,510.00"
24/05/2024,"18,542.41","19,100.68","17,705.01","18,741.79",200.00,0.01,"42,147,200.00"
23/05/2024,"18,542.41","18,701.91","18,263.28","18,582.29",50.00,0.00,"37,323,000.00"
22/05/2024,"18,263.28","18,981.05","18,143.65","18,542.41",450.00,0.02,"38,381,973.00"
21/05/2024,"18,502.53","18,502.53","18,024.02","18,183.52",-200.00,-0.01,"39,390,100.00"
20/05/2024,"18,741.79","18,981.05","18,183.52","18,343.03",-200.00,-0.01,"44,986,300.00"
17/05/2024,"17,784.76","18,582.29","17,705.01","18,502.53","1,200.00",0.05,"40,469,400.00"
16/05/2024,"16,708.11","17,545.51","16,548.60","17,545.51","1,400.00",0.07,"45,859,705.00"
15/05/2024,"16,030.21","16,708.11","16,030.21","16,428.97",500.00,0.02,"36,834,800.00"
14/05/2024,"15,910.58","16,070.09","15,830.83","16,030.21",200.00,0.01,"36,712,245.00"
13/05/2024,"16,070.09","16,070.09","15,830.83","15,870.71",-200.00,-0.01,"36,870,900.00"
10/05/2024,"15,950.46","16,189.72","15,950.46","16,030.21",100.00,0.00,"29,827,300.00"
09/05/2024,"16,349.22","16,349.22","15,870.71","15,950.46",-300.00,-0.01,"38,652,600.00"
08/05/2024,"16,269.47","16,668.23","16,189.72","16,189.72",-100.00,0.00,"39,545,300.00"
07/05/2024,"16,229.59","16,628.35","16,109.96","16,269.47",100.00,0.00,"30,616,400.00"
06/05/2024,"16,109.96","16,389.10","16,109.96","16,189.72",100.00,0.00,"33,386,400.00"
03/05/2024,"16,269.47","16,588.48","15,950.46","16,109.96",-300.00,-0.01,"40,427,900.00"
02/05/2024,"16,668.23","16,747.98","16,349.22","16,349.22",-400.00,-0.02,"2,229,800.00"
26/04/2024,"16,588.48","16,668.23","15,910.58","16,668.23",100.00,0.00,"5,838,400.00"
25/04/2024,"16,907.49","16,947.36","16,428.97","16,588.48",-250.00,-0.01,"5,032,000.00"
24/04/2024,"16,428.97","16,787.86","16,349.22","16,787.86",550.00,0.03,"5,714,700.00"
23/04/2024,"16,229.59","16,428.97","16,070.09","16,349.22",200.00,0.01,"7,870,600.00"
22/04/2024,"16,030.21","16,229.59","15,711.20","16,189.72",200.00,0.01,"8,210,000.00"
19/04/2024,"15,631.45","16,030.21","14,913.68","16,030.21",0.00,0.00,"14,717,500.00"
17/04/2024,"15,711.20","16,030.21","15,272.57","16,030.21",650.00,0.03,"15,317,600.00"
16/04/2024,"14,913.68","15,591.57","14,913.68","15,511.82",750.00,0.04,"10,937,500.00"
15/04/2024,"15,591.57","16,229.59","14,514.92","14,913.68",-850.00,-0.04,"10,475,000.00"
12/04/2024,"14,714.30","15,591.57","14,674.42","15,591.57","1,250.00",0.07,"15,144,300.00"
11/04/2024,"14,913.68","15,152.94","14,594.67","14,594.67",-450.00,-0.02,"7,405,200.00"
10/04/2024,"14,993.43","15,152.94","14,913.68","14,953.56",200.00,0.01,"13,050,000.00"
09/04/2024,"13,837.02","14,794.05","13,837.02","14,794.05","1,200.00",0.07,"9,859,500.00"
08/04/2024,"13,717.40","13,956.65","13,637.64","13,837.02",250.00,0.01,"3,198,600.00"
05/04/2024,"13,557.89","13,757.27","13,438.26","13,637.64",50.00,0.00,"3,065,000.00"
04/04/2024,"13,757.27","13,837.02","13,597.77","13,597.77",-200.00,-0.01,"3,497,500.00"
03/04/2024,"13,956.65","13,996.53","13,757.27","13,757.27",-100.00,-0.01,"4,259,900.00"
02/04/2024,"13,717.40","13,956.65","13,597.77","13,837.02",50.00,0.00,"7,301,400.00"
01/04/2024,"13,797.15","13,996.53","13,717.40","13,797.15",-250.00,-0.01,"2,948,700.00"
29/03/2024,"13,478.14","13,996.53","13,478.14","13,996.53",650.00,0.04,"8,054,000.00"
28/03/2024,"13,438.26","13,518.01","13,398.39","13,478.14",150.00,0.01,"4,320,700.00"
27/03/2024,"13,557.89","13,557.89","13,358.51","13,358.51",-100.00,-0.01,"2,710,400.00"
26/03/2024,"13,278.76","13,478.14","13,159.13","13,438.26",300.00,0.02,"2,819,700.00"
25/03/2024,"13,438.26","13,478.14","13,199.01","13,199.01",-250.00,-0.01,"3,607,300.00"
22/03/2024,"13,557.89","13,637.64","13,398.39","13,398.39",-50.00,0.00,"3,876,200.00"
21/03/2024,"13,557.89","13,637.64","13,358.51","13,438.26",-150.00,-0.01,"3,650,900.00"
20/03/2024,"12,919.87","13,557.89","12,880.00","13,557.89",850.00,0.05,"6,359,100.00"
19/03/2024,"12,800.24","12,959.75","12,760.37","12,880.00",100.00,0.01,"1,672,600.00"
18/03/2024,"13,159.13","13,278.76","12,600.86","12,800.24",-500.00,-0.03,"6,813,900.00"
15/03/2024,"13,358.51","13,358.51","13,159.13","13,199.01",-200.00,-0.01,"5,268,400.00"
14/03/2024,"13,637.64","13,637.64","13,358.51","13,358.51",-250.00,-0.01,"2,667,000.00"
13/03/2024,"13,557.89","13,597.77","13,398.39","13,557.89",150.00,0.01,"3,630,700.00"
12/03/2024,"13,199.01","13,478.14","13,159.13","13,438.26",300.00,0.02,"4,097,100.00"
11/03/2024,"13,677.52","13,717.40","13,159.13","13,199.01",-550.00,-0.03,"5,791,200.00"
08/03/2024,"14,116.16","14,195.91","13,597.77","13,637.64",-600.00,-0.03,"6,085,300.00"
07/03/2024,"14,275.66","14,275.66","14,116.16","14,116.16",-150.00,-0.01,"20,432,445.00"
06/03/2024,"14,235.79","14,754.18","14,195.91","14,235.79",200.00,0.01,"7,909,800.00"
05/03/2024,"13,797.15","14,076.28","13,757.27","14,076.28",450.00,0.03,"24,738,400.00"
04/03/2024,"13,637.64","13,837.02","13,597.77","13,717.40",150.00,0.01,"22,949,226.00"
01/03/2024,"13,637.64","13,757.27","13,557.89","13,597.77",-50.00,0.00,"23,869,700.00"
29/02/2024,"13,876.90","13,916.78","13,637.64","13,637.64",-200.00,-0.01,"27,109,100.00"
28/02/2024,"13,876.90","13,916.78","13,797.15","13,797.15",100.00,0.01,"2,813,300.00"
27/02/2024,"13,837.02","13,956.65","13,717.40","13,717.40",0.00,0.00,"2,531,500.00"
26/02/2024,"13,677.52","13,837.02","13,677.52","13,717.40",100.00,0.01,"1,757,800.00"
23/02/2024,"14,116.16","14,395.29","13,637.64","13,637.64",-600.00,-0.03,"5,624,000.00"
22/02/2024,"14,156.03","14,275.66","14,076.28","14,116.16",-50.00,0.00,"2,325,900.00"
21/02/2024,"14,235.79","14,315.54","14,116.16","14,156.03",0.00,0.00,"2,415,400.00"
20/02/2024,"14,116.16","14,235.79","14,116.16","14,156.03",50.00,0.00,"1,845,100.00"
19/02/2024,"14,235.79","14,315.54","14,076.28","14,116.16",-250.00,-0.01,"3,450,600.00"
16/02/2024,"14,514.92","14,554.79","14,195.91","14,315.54",-250.00,-0.01,"3,623,000.00"
15/02/2024,"14,674.42","14,674.42","14,475.04","14,514.92",50.00,0.00,"2,266,000.00"
07/02/2024,"14,435.17","14,554.79","14,275.66","14,475.04",50.00,0.00,"3,167,100.00"
06/02/2024,"14,554.79","14,714.30","14,355.41","14,435.17",-100.00,-0.01,"2,018,500.00"
05/02/2024,"14,116.16","14,634.55","14,116.16","14,514.92",400.00,0.02,"3,808,200.00"
02/02/2024,"14,275.66","14,514.92","14,195.91","14,195.91",-100.00,-0.01,"5,123,400.00"
01/02/2024,"14,156.03","14,634.55","14,076.28","14,275.66",250.00,0.01,"7,857,300.00"
31/01/2024,"14,235.79","14,275.66","14,036.40","14,076.28",-100.00,-0.01,"7,812,400.00"
30/01/2024,"14,076.28","14,435.17","14,076.28","14,156.03",150.00,0.01,"6,959,600.00"
29/01/2024,"13,876.90","14,355.41","13,837.02","14,036.40",150.00,0.01,"9,917,500.00"
26/01/2024,"13,956.65","13,996.53","13,876.90","13,916.78",0.00,0.00,"2,116,300.00"
25/01/2024,"13,837.02","13,916.78","13,757.27","13,916.78",150.00,0.01,"4,024,800.00"
24/01/2024,"13,757.27","13,876.90","13,677.52","13,797.15",50.00,0.00,"3,462,100.00"
23/01/2024,"13,876.90","13,876.90","13,717.40","13,757.27",0.00,0.00,"3,065,000.00"
22/01/2024,"13,996.53","13,996.53","13,637.64","13,757.27",-150.00,-0.01,"4,706,900.00"
19/01/2024,"13,956.65","14,036.40","13,797.15","13,876.90",0.00,0.00,"4,435,100.00"
18/01/2024,"13,597.77","14,036.40","13,518.01","13,876.90",500.00,0.03,"12,973,300.00"
17/01/2024,"13,358.51","13,876.90","13,318.63","13,478.14",200.00,0.01,"16,197,700.00"
16/01/2024,"13,199.01","13,518.01","13,199.01","13,318.63",100.00,0.01,"6,537,300.00"
15/01/2024,"13,557.89","13,597.77","13,238.88","13,238.88",0.00,0.00,"6,165,200.00"
12/01/2024,"12,959.75","13,278.76","12,880.00","13,238.88",50.00,0.00,"10,247,400.00"
11/01/2024,"13,159.13","13,557.89","13,119.25","13,199.01",50.00,0.00,"6,917,700.00"
10/01/2024,"13,119.25","13,318.63","13,079.38","13,159.13",50.00,0.00,"4,084,700.00"
09/01/2024,"13,318.63","13,318.63","12,999.62","13,119.25",-100.00,-0.01,"2,594,900.00"
08/01/2024,"13,278.76","13,478.14","13,199.01","13,199.01",-50.00,0.00,"4,523,100.00"
05/01/2024,"13,398.39","13,398.39","13,119.25","13,238.88",100.00,0.01,"2,334,800.00"
04/01/2024,"12,999.62","13,438.26","12,919.87","13,159.13",250.00,0.02,"7,488,900.00"
03/01/2024,"12,880.00","12,959.75","12,760.37","12,959.75",200.00,0.01,"2,870,700.00"
02/01/2024,"12,600.86","12,999.62","12,600.86","12,800.24",300.00,0.02,"3,877,100.00"
29/12/2023,"12,521.11","12,760.37","12,521.11","12,560.99",-50.00,0.00,"1,740,100.00"
28/12/2023,"12,600.86","12,720.49","12,481.23","12,600.86",100.00,0.01,"2,365,600.00"
27/12/2023,"12,640.74","12,640.74","12,481.23","12,521.11",50.00,0.00,"2,340,900.00"
26/12/2023,"12,560.99","12,640.74","12,481.23","12,481.23",50.00,0.00,"1,853,700.00"
25/12/2023,"12,560.99","12,560.99","12,281.85","12,441.36",0.00,0.00,"1,309,500.00"
22/12/2023,"12,241.98","12,560.99","12,241.98","12,441.36",250.00,0.02,"2,111,500.00"
21/12/2023,"12,281.85","12,401.48","12,162.23","12,241.98",-50.00,0.00,"1,537,400.00"
20/12/2023,"12,202.10","12,441.36","12,202.10","12,281.85",100.00,0.01,"1,125,800.00"
19/12/2023,"12,241.98","12,441.36","12,122.35","12,202.10",-150.00,-0.01,"2,040,700.00"
18/12/2023,"12,521.11","12,640.74","12,321.73","12,321.73",-250.00,-0.02,"2,134,109.00"
15/12/2023,"12,521.11","12,680.62","12,481.23","12,521.11",50.00,0.00,"1,631,400.00"
14/12/2023,"12,521.11","12,760.37","12,481.23","12,481.23",-150.00,-0.01,"1,882,500.00"
13/12/2023,"12,800.24","12,959.75","12,521.11","12,600.86",-250.00,-0.02,"2,637,200.00"
12/12/2023,"12,959.75","13,079.38","12,760.37","12,800.24",-150.00,-0.01,"3,568,900.00"
11/12/2023,"13,079.38","13,199.01","12,880.00","12,919.87",-150.00,-0.01,"6,842,200.00"
08/12/2023,"12,800.24","13,159.13","12,760.37","13,039.50",350.00,0.02,"9,430,300.00"
07/12/2023,"12,600.86","12,840.12","12,600.86","12,760.37",250.00,0.02,"10,721,700.00"
06/12/2023,"12,241.98","12,760.37","12,241.98","12,560.99",400.00,0.03,"10,785,300.00"
05/12/2023,"12,241.98","12,321.73","12,122.35","12,241.98",50.00,0.00,"3,224,300.00"
04/12/2023,"12,281.85","12,321.73","12,162.23","12,202.10",0.00,0.00,"3,448,500.00"
01/12/2023,"12,241.98","12,361.61","12,122.35","12,202.10",0.00,0.00,"1,229,300.00"
30/11/2023,"12,162.23","12,441.36","12,122.35","12,202.10",100.00,0.01,"4,610,200.00"
29/11/2023,"11,962.84","12,401.48","11,962.84","12,122.35",200.00,0.01,"5,215,000.00"
28/11/2023,"11,803.34","11,962.84","11,564.08","11,962.84",200.00,0.01,"1,715,000.00"
27/11/2023,"12,082.47","12,202.10","11,803.34","11,803.34",-350.00,-0.02,"1,611,300.00"
24/11/2023,"12,042.60","12,241.98","12,002.72","12,082.47",150.00,0.01,"1,621,100.00"
23/11/2023,"12,361.61","12,441.36","11,962.84","11,962.84",-450.00,-0.03,"2,604,800.00"
22/11/2023,"12,441.36","12,481.23","12,321.73","12,321.73",-150.00,-0.01,"1,704,900.00"
21/11/2023,"12,321.73","12,441.36","12,281.85","12,441.36",250.00,0.02,"2,415,000.00"
20/11/2023,"12,162.23","12,401.48","12,122.35","12,241.98",0.00,0.00,"1,903,600.00"
17/11/2023,"12,441.36","12,600.86","12,241.98","12,241.98",-300.00,-0.02,"2,559,000.00"
16/11/2023,"12,521.11","12,521.11","12,401.48","12,481.23",-50.00,0.00,"1,400,700.00"
15/11/2023,"12,680.62","12,720.49","12,481.23","12,521.11",0.00,0.00,"2,356,400.00"
14/11/2023,"12,281.85","12,760.37","12,281.85","12,521.11",400.00,0.03,"5,239,900.00"
13/11/2023,"12,281.85","12,321.73","12,202.10","12,202.10",0.00,0.00,"1,446,800.00"
10/11/2023,"12,401.48","12,481.23","12,202.10","12,202.10",-400.00,-0.03,"2,608,500.00"
09/11/2023,"12,600.86","12,680.62","12,441.36","12,521.11",-50.00,0.00,"2,176,700.00"
08/11/2023,"12,361.61","12,560.99","12,281.85","12,560.99",250.00,0.02,"2,287,100.00"
07/11/2023,"12,281.85","12,521.11","12,241.98","12,361.61",100.00,0.01,"1,846,800.00"
06/11/2023,"12,281.85","12,521.11","12,162.23","12,281.85",150.00,0.01,"4,501,100.00"
03/11/2023,"12,361.61","12,401.48","12,122.35","12,162.23",-150.00,-0.01,"3,457,500.00"
02/11/2023,"12,082.47","12,321.73","12,042.60","12,281.85",300.00,0.02,"2,067,500.00"
01/11/2023,"11,723.59","12,042.60","11,723.59","12,042.60",450.00,0.03,"1,942,900.00"
31/10/2023,"11,564.08","12,042.60","11,564.08","11,683.71",200.00,0.01,"3,721,500.00"
30/10/2023,"12,241.98","12,441.36","11,524.21","11,524.21",-850.00,-0.06,"1,800,600.00"
27/10/2023,"11,484.33","12,202.10","11,484.33","12,202.10","1,000.00",0.07,"6,479,100.00"
26/10/2023,"11,683.71","11,843.22","11,085.57","11,404.58",-550.00,-0.04,"6,745,700.00"
25/10/2023,"11,763.46","12,042.60","11,763.46","11,843.22",100.00,0.01,"2,432,300.00"
24/10/2023,"11,723.59","11,883.09","11,683.71","11,763.46",50.00,0.00,"2,520,600.00"
23/10/2023,"11,643.84","11,883.09","11,564.08","11,723.59",150.00,0.01,"2,634,600.00"
20/10/2023,"11,205.20","11,603.96","11,205.20","11,603.96",500.00,0.04,"4,017,400.00"
19/10/2023,"11,165.32","11,404.58","11,165.32","11,205.20",50.00,0.00,"2,768,200.00"
18/10/2023,"11,165.32","11,404.58","11,085.57","11,165.32",0.00,0.00,"4,057,000.00"
17/10/2023,"11,245.07","11,444.45","11,165.32","11,165.32",-150.00,-0.01,"2,376,600.00"
16/10/2023,"11,324.83","11,364.70","11,165.32","11,284.95",-50.00,0.00,"2,765,200.00"
13/10/2023,"11,245.07","11,404.58","11,205.20","11,324.83",0.00,0.00,"1,862,800.00"
12/10/2023,"11,324.83","11,444.45","11,324.83","11,324.83",0.00,0.00,"3,575,000.00"
11/10/2023,"11,324.83","11,364.70","11,245.07","11,324.83",50.00,0.00,"1,906,200.00"
10/10/2023,"11,245.07","11,324.83","11,205.20","11,284.95",50.00,0.00,"3,986,200.00"
09/10/2023,"11,005.82","11,245.07","10,965.94","11,245.07",350.00,0.03,"2,952,100.00"
06/10/2023,"10,926.06","11,005.82","10,846.31","10,965.94",150.00,0.01,"5,452,000.00"
05/10/2023,"10,766.56","10,926.06","10,766.56","10,846.31",100.00,0.01,"2,011,700.00"
04/10/2023,"10,367.80","10,926.06","10,367.80","10,766.56",350.00,0.03,"1,933,500.00"
03/10/2023,"10,886.19","10,886.19","10,447.55","10,487.43",-500.00,-0.04,"2,998,600.00"
02/10/2023,"11,045.69","11,125.45","10,886.19","10,886.19",-200.00,-0.01,"1,523,300.00"
29/09/2023,"10,926.06","11,245.07","10,926.06","11,045.69",250.00,0.02,"2,573,600.00"
28/09/2023,"10,607.06","10,846.31","10,607.06","10,846.31",350.00,0.03,"2,691,900.00"
27/09/2023,"10,527.30","10,686.81","10,367.80","10,567.18",50.00,0.00,"2,821,600.00"
26/09/2023,"10,846.31","10,965.94","10,527.30","10,527.30",-400.00,-0.03,"2,884,200.00"
25/09/2023,"11,484.33","11,484.33","10,846.31","10,846.31",-800.00,-0.06,"3,680,100.00"
22/09/2023,"11,803.34","11,883.09","11,205.20","11,484.33",-600.00,-0.04,"4,979,701.00"
21/09/2023,"12,202.10","12,281.85","11,962.84","11,962.84",-400.00,-0.03,"3,286,600.00"
20/09/2023,"12,361.61","12,361.61","12,162.23","12,281.85",150.00,0.01,"2,321,500.00"
19/09/2023,"12,321.73","12,401.48","12,042.60","12,162.23",-150.00,-0.01,"5,220,200.00"
18/09/2023,"12,560.99","12,600.86","12,281.85","12,281.85",-350.00,-0.02,"1,741,100.00"
15/09/2023,"12,760.37","13,199.01","12,560.99","12,560.99",-250.00,-0.02,"5,330,300.00"
14/09/2023,"12,999.62","13,079.38","12,680.62","12,760.37",-300.00,-0.02,"2,022,600.00"
13/09/2023,"13,079.38","13,119.25","12,959.75","12,999.62",0.00,0.00,"2,769,100.00"
12/09/2023,"12,919.87","13,079.38","12,880.00","12,999.62",100.00,0.01,"3,049,000.00"
11/09/2023,"12,840.12","12,999.62","12,800.24","12,919.87",100.00,0.01,"14,491,100.00"
08/09/2023,"12,840.12","12,919.87","12,800.24","12,840.12",-50.00,0.00,"2,237,800.00"
07/09/2023,"12,959.75","12,999.62","12,840.12","12,880.00",0.00,0.00,"5,600,900.00"
06/09/2023,"12,840.12","12,959.75","12,800.24","12,880.00",50.00,0.00,"3,169,700.00"
05/09/2023,"12,840.12","12,959.75","12,760.37","12,840.12",50.00,0.00,"4,490,300.00"
31/08/2023,"12,760.37","12,840.12","12,600.86","12,800.24",150.00,0.01,"5,683,300.00"
30/08/2023,"12,720.49","12,840.12","12,680.62","12,680.62",50.00,0.00,"4,373,000.00"
29/08/2023,"12,680.62","12,760.37","12,600.86","12,640.74",50.00,0.00,"7,736,400.00"
28/08/2023,"12,560.99","12,760.37","12,521.11","12,600.86",100.00,0.01,"4,751,400.00"
25/08/2023,"12,521.11","12,760.37","12,441.36","12,521.11",50.00,0.00,"6,079,400.00"
24/08/2023,"12,241.98","12,680.62","12,241.98","12,481.23",300.00,0.02,"6,591,700.00"
23/08/2023,"12,441.36","12,481.23","12,202.10","12,241.98",0.00,0.00,"3,753,500.00"
22/08/2023,"12,640.74","12,640.74","11,643.84","12,241.98",300.00,0.02,"9,434,700.00"
21/08/2023,"11,399.49","12,080.98","11,399.49","12,019.03","1,150.00",0.06,"27,646,400.00"
18/08/2023,"11,771.21","12,142.93","11,151.67","11,306.56",-800.00,-0.04,"16,207,500.00"
17/08/2023,"11,740.23","11,957.07","11,740.23","11,802.19",100.00,0.01,"9,223,700.00"
16/08/2023,"11,709.26","11,895.12","11,647.30","11,740.23",50.00,0.00,"7,086,800.00"
15/08/2023,"11,678.28","11,740.23","11,647.30","11,709.26",50.00,0.00,"4,106,600.00"
14/08/2023,"11,523.40","11,740.23","11,523.40","11,678.28",250.00,0.01,"4,371,200.00"
11/08/2023,"11,461.44","11,585.35","11,399.49","11,523.40",0.00,0.00,"4,534,100.00"
10/08/2023,"11,771.21","11,771.21","11,461.44","11,523.40",-300.00,-0.02,"3,757,400.00"
09/08/2023,"11,895.12","11,895.12","11,647.30","11,709.26",-100.00,-0.01,"4,068,400.00"
08/08/2023,"11,554.37","11,988.05","11,554.37","11,771.21",550.00,0.03,"12,254,800.00"
07/08/2023,"10,718.00","11,430.47","10,718.00","11,430.47","1,200.00",0.07,"20,374,600.00"
04/08/2023,"10,532.14","10,687.02","10,501.16","10,687.02",300.00,0.02,"5,056,100.00"
03/08/2023,"10,408.23","10,594.09","10,408.23","10,501.16",200.00,0.01,"8,092,100.00"
02/08/2023,"10,253.34","10,532.14","10,222.37","10,377.25",250.00,0.02,"9,798,900.00"
01/08/2023,"10,160.41","10,377.25","10,160.41","10,222.37",150.00,0.01,"9,401,900.00"
31/07/2023,"10,160.41","10,284.32","10,129.44","10,129.44",50.00,0.00,"5,357,400.00"
28/07/2023,"10,191.39","10,315.30","10,098.46","10,098.46",-200.00,-0.01,"6,111,300.00"
27/07/2023,"10,160.41","10,346.28","10,098.46","10,222.37",150.00,0.01,"9,148,000.00"
26/07/2023,"10,222.37","10,253.34","10,129.44","10,129.44",-150.00,-0.01,"3,767,500.00"
25/07/2023,"10,129.44","10,346.28","10,129.44","10,222.37",150.00,0.01,"8,229,006.00"
24/07/2023,"10,067.48","10,284.32","10,036.51","10,129.44",150.00,0.01,"9,879,000.00"
21/07/2023,"9,974.55","10,160.41","9,974.55","10,067.48",0.00,0.00,"5,166,100.00"
20/07/2023,"10,129.44","10,191.39","10,005.53","10,067.48",-50.00,0.00,"4,604,600.00"
19/07/2023,"10,005.53","10,346.28","10,005.53","10,098.46",150.00,0.01,"10,905,400.00"
18/07/2023,"9,943.58","10,160.41","9,912.60","10,005.53",150.00,0.01,"9,243,300.00"
17/07/2023,"9,695.76","10,098.46","9,695.76","9,912.60",350.00,0.02,"9,935,800.00"
14/07/2023,"10,036.51","10,067.48","9,664.78","9,695.76",-350.00,-0.02,"13,121,300.00"
13/07/2023,"9,912.60","10,067.48","9,881.62","9,912.60",300.00,0.02,"8,066,400.00"
12/07/2023,"10,005.53","10,377.25","9,726.74","9,726.74",-500.00,-0.03,"14,082,566.00"
11/07/2023,"10,129.44","10,346.28","10,036.51","10,036.51",-100.00,-0.01,"14,039,500.00"
10/07/2023,"10,005.53","10,346.28","9,974.55","10,098.46",200.00,0.01,"19,535,200.00"
07/07/2023,"9,571.85","9,974.55","9,571.85","9,974.55",600.00,0.04,"13,480,600.00"
06/07/2023,"9,664.78","9,788.69","9,509.90","9,602.83",-50.00,0.00,"6,332,400.00"
05/07/2023,"9,633.81","9,788.69","9,571.85","9,633.81",100.00,0.01,"11,586,400.00"
04/07/2023,"9,540.88","9,602.83","9,416.97","9,571.85",150.00,0.01,"5,855,500.00"
03/07/2023,"9,416.97","9,602.83","9,416.97","9,478.92",150.00,0.01,"6,834,200.00"
30/06/2023,"9,385.99","9,447.95","9,355.02","9,385.99",0.00,0.00,"18,043,600.00"
29/06/2023,"9,571.85","9,571.85","9,385.99","9,385.99",-150.00,-0.01,"20,885,300.00"
28/06/2023,"9,478.92","9,602.83","9,447.95","9,478.92",50.00,0.00,"6,129,400.00"
27/06/2023,"9,509.90","9,602.83","9,447.95","9,447.95",-50.00,0.00,"4,684,300.00"
26/06/2023,"9,509.90","9,633.81","9,293.06","9,478.92",-50.00,0.00,"5,635,300.00"
23/06/2023,"9,478.92","9,757.71","9,447.95","9,509.90",150.00,0.01,"17,006,400.00"
22/06/2023,"9,385.99","9,509.90","9,385.99","9,416.97",150.00,0.01,"11,207,100.00"
21/06/2023,"9,293.06","9,478.92","9,200.13","9,324.04",200.00,0.01,"10,855,600.00"
20/06/2023,"9,138.18","9,293.06","9,138.18","9,200.13",150.00,0.01,"3,830,800.00"
19/06/2023,"9,169.15","9,262.08","9,107.20","9,107.20",-50.00,0.00,"5,289,700.00"
16/06/2023,"9,200.13","9,293.06","9,076.22","9,138.18",100.00,0.01,"4,819,700.00"
15/06/2023,"9,200.13","9,200.13","9,045.25","9,076.22",-200.00,-0.01,"5,170,400.00"
14/06/2023,"9,262.08","9,355.02","9,200.13","9,200.13",-100.00,-0.01,"3,990,700.00"
13/06/2023,"9,416.97","9,447.95","9,262.08","9,262.08",-250.00,-0.02,"3,759,200.00"
12/06/2023,"9,416.97","9,416.97","9,231.11","9,416.97",50.00,0.00,"8,049,900.00"
09/06/2023,"9,076.22","9,385.99","9,014.27","9,385.99",500.00,0.03,"7,863,900.00"
08/06/2023,"9,293.06","9,355.02","9,045.25","9,076.22",-350.00,-0.02,"8,973,600.00"
07/06/2023,"9,540.88","9,540.88","9,293.06","9,293.06",-350.00,-0.02,"8,160,200.00"
06/06/2023,"9,478.92","9,540.88","9,355.02","9,509.90",50.00,0.00,"11,338,600.00"
05/06/2023,"9,416.97","9,478.92","9,324.04","9,478.92",300.00,0.02,"16,443,400.00"
02/06/2023,"9,169.15","9,385.99","9,169.15","9,293.06",300.00,0.02,"13,310,500.00"
01/06/2023,"9,014.27","9,107.20","8,952.32","9,107.20",200.00,0.01,"6,585,300.00"
31/05/2023,"9,014.27","9,076.22","8,921.34","8,983.29",0.00,0.00,"8,761,300.00"
30/05/2023,"8,983.29","8,983.29","8,859.39","8,983.29",100.00,0.01,"9,048,100.00"
29/05/2023,"8,797.43","8,921.34","8,766.45","8,921.34",250.00,0.02,"8,732,700.00"
26/05/2023,"8,673.52","8,797.43","8,580.59","8,766.45",200.00,0.01,"10,680,400.00"
25/05/2023,"8,611.57","8,704.50","8,580.59","8,642.55",50.00,0.00,"4,977,300.00"
24/05/2023,"8,766.45","8,766.45","8,611.57","8,611.57",-150.00,-0.01,"5,540,600.00"
23/05/2023,"8,828.41","8,859.39","8,704.50","8,704.50",-150.00,-0.01,"5,893,300.00"
22/05/2023,"8,704.50","8,859.39","8,673.52","8,797.43",200.00,0.01,"9,246,600.00"
19/05/2023,"8,797.43","8,797.43","8,580.59","8,673.52",0.00,0.00,"6,278,600.00"
18/05/2023,"8,580.59","8,704.50","8,518.64","8,673.52",200.00,0.01,"8,384,500.00"
17/05/2023,"8,642.55","8,673.52","8,518.64","8,549.62",-100.00,-0.01,"7,009,900.00"
16/05/2023,"8,580.59","8,642.55","8,518.64","8,611.57",50.00,0.00,"6,908,500.00"
15/05/2023,"8,673.52","8,766.45","8,580.59","8,580.59",-50.00,0.00,"9,893,100.00"
12/05/2023,"8,611.57","8,642.55","8,487.66","8,611.57",50.00,0.00,"7,921,400.00"
11/05/2023,"8,735.48","8,766.45","8,115.94","8,580.59",-200.00,-0.01,"23,946,900.00"
10/05/2023,"8,735.48","8,766.45","8,580.59","8,704.50",50.00,0.00,"9,614,700.00"
09/05/2023,"8,487.66","8,735.48","8,487.66","8,673.52",350.00,0.03,"13,721,494.00"
08/05/2023,"8,487.66","8,611.57","8,456.69","8,456.69",-50.00,0.00,"5,158,500.00"
05/05/2023,"8,456.69","8,611.57","8,394.73","8,487.66",50.00,0.00,"23,773,178.00"
04/05/2023,"8,611.57","8,611.57","8,456.69","8,456.69",-350.00,-0.03,"4,953,500.00"
28/04/2023,"8,797.43","8,797.43","8,673.52","8,673.52",-200.00,-0.01,"5,012,900.00"
27/04/2023,"8,611.57","8,859.39","8,518.64","8,797.43",200.00,0.01,"8,395,500.00"
26/04/2023,"8,053.99","8,673.52","8,053.99","8,673.52",900.00,0.07,"7,897,300.00"
25/04/2023,"8,332.78","8,363.76","8,115.94","8,115.94",-300.00,-0.02,"8,634,500.00"
24/04/2023,"8,549.62","8,580.59","8,239.85","8,301.80",-250.00,-0.02,"7,780,400.00"
21/04/2023,"8,611.57","8,704.50","8,456.69","8,456.69",-200.00,-0.01,"9,759,925.00"
20/04/2023,"8,456.69","8,611.57","8,456.69","8,580.59",150.00,0.01,"4,502,100.00"
19/04/2023,"8,797.43","8,797.43","8,456.69","8,487.66",-300.00,-0.02,"9,880,900.00"
18/04/2023,"8,921.34","8,952.32","8,580.59","8,673.52",-300.00,-0.02,"14,188,300.00"
17/04/2023,"9,262.08","9,293.06","8,766.45","8,859.39",-500.00,-0.03,"12,463,000.00"
14/04/2023,"9,169.15","9,540.88","9,169.15","9,169.15",50.00,0.00,"31,823,539.00"
13/04/2023,"9,231.11","9,293.06","9,138.18","9,138.18",-100.00,-0.01,"21,459,277.00"
12/04/2023,"9,262.08","9,355.02","9,200.13","9,200.13",0.00,0.00,"25,337,000.00"
11/04/2023,"9,045.25","9,200.13","9,014.27","9,200.13",250.00,0.02,"5,476,300.00"
10/04/2023,"9,262.08","9,293.06","9,045.25","9,045.25",-200.00,-0.01,"8,882,400.00"
07/04/2023,"9,355.02","9,385.99","9,107.20","9,169.15",-250.00,-0.02,"11,848,500.00"
06/04/2023,"9,633.81","9,695.76","9,324.04","9,324.04",-500.00,-0.03,"12,634,600.00"
05/04/2023,"9,726.74","9,757.71","9,602.83","9,633.81",-200.00,-0.01,"5,095,200.00"
04/04/2023,"9,602.83","9,819.67","9,571.85","9,757.71",250.00,0.02,"35,680,400.00"
03/04/2023,"9,633.81","9,788.69","9,540.88","9,602.83",100.00,0.01,"9,609,600.00"
31/03/2023,"9,509.90","9,540.88","9,416.97","9,540.88",50.00,0.00,"6,236,700.00"
30/03/2023,"9,602.83","9,633.81","9,478.92","9,509.90",0.00,0.00,"6,796,800.00"
29/03/2023,"9,509.90","9,571.85","9,447.95","9,509.90",50.00,0.00,"6,755,700.00"
28/03/2023,"9,633.81","9,695.76","9,478.92","9,478.92",-150.00,-0.01,"11,966,000.00"
27/03/2023,"9,602.83","9,633.81","9,540.88","9,571.85",-50.00,0.00,"6,758,000.00"
24/03/2023,"9,293.06","9,726.74","9,293.06","9,602.83",550.00,0.04,"18,066,200.00"
23/03/2023,"9,107.20","9,262.08","9,107.20","9,262.08",150.00,0.01,"23,944,400.00"
22/03/2023,"9,138.18","9,231.11","9,107.20","9,169.15",100.00,0.01,"7,644,700.00"
21/03/2023,"9,107.20","9,169.15","8,952.32","9,107.20",250.00,0.02,"5,744,700.00"
20/03/2023,"9,200.13","9,231.11","8,952.32","8,952.32",-450.00,-0.03,"18,008,400.00"
17/03/2023,"9,231.11","9,324.04","9,200.13","9,231.11",50.00,0.00,"13,369,200.00"
16/03/2023,"9,262.08","9,324.04","9,200.13","9,200.13",-150.00,-0.01,"11,574,700.00"
15/03/2023,"9,262.08","9,447.95","9,169.15","9,293.06",350.00,0.02,"17,937,800.00"
14/03/2023,"9,169.15","9,293.06","9,076.22","9,076.22",-100.00,-0.01,"16,572,600.00"
13/03/2023,"9,138.18","9,355.02","9,107.20","9,138.18",0.00,0.00,"14,830,700.00"
10/03/2023,"9,169.15","9,262.08","9,107.20","9,138.18",-50.00,0.00,"9,182,400.00"
09/03/2023,"9,138.18","9,385.99","9,107.20","9,169.15",150.00,0.01,"20,925,500.00"
08/03/2023,"8,828.41","9,076.22","8,828.41","9,076.22",300.00,0.02,"8,415,700.00"
07/03/2023,"9,014.27","9,045.25","8,828.41","8,890.36",100.00,0.01,"9,857,600.00"
06/03/2023,"8,890.36","9,045.25","8,828.41","8,828.41",100.00,0.01,"8,653,100.00"
03/03/2023,"8,983.29","9,076.22","8,766.45","8,766.45",-250.00,-0.02,"7,618,200.00"
02/03/2023,"8,983.29","9,169.15","8,766.45","8,921.34",100.00,0.01,"8,320,400.00"
01/03/2023,"8,611.57","8,983.29","8,549.62","8,859.39",350.00,0.03,"10,359,700.00"
28/02/2023,"8,580.59","8,704.50","8,580.59","8,642.55",150.00,0.01,"5,371,700.00"
27/02/2023,"8,611.57","8,735.48","8,549.62","8,549.62",-300.00,-0.02,"6,575,300.00"
24/02/2023,"8,828.41","8,921.34","8,735.48","8,735.48",-50.00,0.00,"7,948,200.00"
23/02/2023,"8,735.48","8,952.32","8,580.59","8,766.45",50.00,0.00,"10,575,000.00"
22/02/2023,"8,952.32","9,169.15","8,735.48","8,735.48",-600.00,-0.04,"9,985,800.00"
21/02/2023,"9,324.04","9,355.02","9,076.22","9,107.20",-300.00,-0.02,"9,267,600.00"
20/02/2023,"8,983.29","9,293.06","8,983.29","9,293.06",500.00,0.03,"10,621,600.00"
17/02/2023,"8,673.52","9,169.15","8,673.52","8,983.29",500.00,0.04,"19,286,900.00"
16/02/2023,"8,580.59","8,673.52","8,580.59","8,673.52",250.00,0.02,"6,568,900.00"
15/02/2023,"8,487.66","8,673.52","8,394.73","8,518.64",50.00,0.00,"6,462,400.00"
14/02/2023,"8,673.52","8,673.52","8,425.71","8,487.66",-150.00,-0.01,"4,852,300.00"
13/02/2023,"8,673.52","8,859.39","8,487.66","8,580.59",-200.00,-0.01,"8,966,500.00"
10/02/2023,"8,642.55","8,983.29","8,549.62","8,704.50",150.00,0.01,"11,981,643.00"
09/02/2023,"8,580.59","8,828.41","8,549.62","8,611.57",0.00,0.00,"7,096,800.00"
08/02/2023,"8,456.69","8,797.43","8,394.73","8,611.57",350.00,0.03,"9,402,200.00"
07/02/2023,"8,673.52","8,797.43","8,394.73","8,394.73",-350.00,-0.03,"9,159,600.00"
06/02/2023,"8,549.62","8,673.52","8,394.73","8,611.57",0.00,0.00,"5,701,600.00"
03/02/2023,"8,580.59","8,611.57","8,487.66","8,611.57",250.00,0.02,"7,719,200.00"
02/02/2023,"8,611.57","8,673.52","8,394.73","8,456.69",-150.00,-0.01,"11,112,300.00"
01/02/2023,"9,169.15","9,262.08","8,549.62","8,549.62","-1,000.00",-0.07,"38,381,648.00"
31/01/2023,"8,890.36","9,231.11","8,859.39","9,169.15",300.00,0.02,"9,960,300.00"
30/01/2023,"9,293.06","9,293.06","8,983.29","8,983.29",-500.00,-0.03,"14,032,600.00"
27/01/2023,"9,324.04","9,416.97","9,169.15","9,293.06",50.00,0.00,"12,626,300.00"
19/01/2023,"9,293.06","9,355.02","9,200.13","9,262.08",0.00,0.00,"9,987,900.00"
18/01/2023,"9,293.06","9,416.97","9,200.13","9,262.08",50.00,0.00,"6,730,400.00"
17/01/2023,"9,076.22","9,355.02","9,076.22","9,231.11",250.00,0.02,"11,586,200.00"
16/01/2023,"9,107.20","9,107.20","8,921.34","9,076.22",0.00,0.00,"7,952,500.00"
13/01/2023,"9,045.25","9,200.13","8,983.29","9,076.22",150.00,0.01,"11,181,500.00"
12/01/2023,"9,045.25","9,045.25","8,890.36","8,983.29",50.00,0.00,"73,820,800.00"
11/01/2023,"9,076.22","9,262.08","8,952.32","8,952.32",0.00,0.00,"11,392,900.00"
10/01/2023,"8,828.41","9,045.25","8,828.41","8,952.32",200.00,0.01,"46,640,920.00"
09/01/2023,"9,076.22","9,138.18","8,828.41","8,828.41",-200.00,-0.01,"7,789,800.00"
06/01/2023,"8,425.71","8,952.32","8,394.73","8,952.32",900.00,0.07,"46,730,900.00"
05/01/2023,"8,425.71","8,456.69","8,301.80","8,394.73",50.00,0.00,"5,956,900.00"
04/01/2023,"8,456.69","8,549.62","8,363.76","8,363.76",-150.00,-0.01,"9,473,900.00"
03/01/2023,"8,115.94","8,456.69","8,115.94","8,456.69",550.00,0.04,"9,006,500.00"
30/12/2022,"8,115.94","8,425.71","8,084.96","8,115.94",0.00,0.00,"11,317,100.00"
29/12/2022,"8,301.80","8,487.66","8,115.94","8,115.94",,,"15,783,269.00"
28/12/2022,"7,744.22","8,270.83","7,713.24","8,270.83",,,"76,725,792.00"
27/12/2022,"7,496.40","7,744.22","7,372.50","7,744.22",,,"7,763,600.00"
26/12/2022,"8,023.01","8,084.96","7,496.40","7,496.40",,,"12,565,070.00"
23/12/2022,"8,053.99","8,115.94","7,930.08","8,053.99",,,"53,599,152.00"
22/12/2022,"7,961.06","8,208.87","7,899.10","8,177.89",,,"21,138,900.00"
21/12/2022,"7,837.15","7,930.08","7,558.36","7,837.15",,,"12,595,960.00"
20/12/2022,"8,053.99","8,177.89","7,620.31","7,713.24",,,"41,019,381.00"
19/12/2022,"8,208.87","8,363.76","8,146.92","8,146.92",,,"29,309,924.00"
16/12/2022,"8,053.99","8,580.59","8,023.01","8,177.89",,,"20,835,000.00"
15/12/2022,"8,023.01","8,363.76","8,023.01","8,177.89",,,"9,560,100.00"
14/12/2022,"8,425.71","8,425.71","8,146.92","8,177.89",,,"14,328,300.00"
13/12/2022,"8,084.96","8,363.76","7,930.08","8,301.80",,,"12,880,200.00"
12/12/2022,"8,363.76","8,487.66","7,930.08","8,270.83",,,"18,530,200.00"
09/12/2022,"8,487.66","8,859.39","7,992.03","8,487.66",,,"25,942,200.00"
08/12/2022,"8,084.96","8,487.66","8,053.99","8,456.69",,,"19,920,900.00"
07/12/2022,"8,053.99","8,239.85","7,837.15","7,961.06",,,"28,876,000.00"
06/12/2022,"8,146.92","8,487.66","7,961.06","8,084.96",,,"72,089,600.00"
05/12/2022,"7,868.13","8,053.99","7,558.36","8,053.99",,,"58,987,588.00"
02/12/2022,"7,062.73","7,527.38","6,907.84","7,527.38",,,"25,447,500.00"
01/12/2022,"7,217.61","7,558.36","7,000.77","7,062.73",,,"23,137,500.00"
30/11/2022,"7,093.70","7,279.57","6,938.82","7,093.70",,,"52,722,963.00"
29/11/2022,"7,062.73","7,155.66","6,752.96","7,093.70",,,"41,930,456.00"
28/11/2022,"6,814.91","7,031.75","6,721.98","7,031.75",,,"41,719,215.00"
25/11/2022,"6,350.26","6,598.07","6,226.35","6,598.07",,,"44,267,362.00"
24/11/2022,"6,164.40","6,226.35","5,916.58","6,189.18",,,"8,990,400.00"
23/11/2022,"6,189.18","6,350.26","6,083.86","6,083.86",,,"9,124,800.00"
22/11/2022,"6,009.51","6,443.19","5,984.73","6,170.59",,,"13,894,700.00"
21/11/2022,"6,195.37","6,288.31","6,021.90","6,040.49",,,"10,351,669.00"
18/11/2022,"5,978.54","6,226.35","5,687.35","6,195.37",,,"30,788,000.00"
17/11/2022,"5,854.63","5,904.19","5,761.70","5,904.19",,,"8,241,000.00"
16/11/2022,"4,827.00","5,521.96","4,800.07","5,521.96",,,"20,692,200.00"
15/11/2022,"5,495.03","5,495.03","5,161.02","5,161.02",,,"28,489,600.00"
14/11/2022,"5,602.77","5,710.52","5,371.12","5,548.90",,,"12,370,800.00"
11/11/2022,"5,926.01","6,033.76","5,737.46","5,764.39",,,"9,660,700.00"
10/11/2022,"6,006.82","6,141.50","5,737.46","5,737.46",,,"15,743,400.00"
09/11/2022,"6,168.44","6,383.93","6,087.63","6,141.50",,,"8,858,300.00"
08/11/2022,"5,710.52","6,114.57","5,602.77","6,087.63",,,"10,736,200.00"
07/11/2022,"6,087.63","6,249.25","5,737.46","5,737.46",,,"10,423,000.00"
04/11/2022,"6,249.25","6,356.99","5,899.07","6,141.50",,,"17,050,100.00"
03/11/2022,"6,087.63","6,383.93","6,087.63","6,303.12",,,"9,681,400.00"
02/11/2022,"6,410.87","6,518.61","6,222.31","6,249.25",,,"11,318,100.00"
01/11/2022,"6,464.74","6,599.42","6,356.99","6,464.74",,,"9,141,900.00"
31/10/2022,"6,087.63","6,330.06","6,006.82","6,330.06",,,"15,043,200.00"
28/10/2022,"6,114.57","6,249.25","6,006.82","6,087.63",,,"16,674,500.00"
27/10/2022,"5,629.71","5,952.95","5,629.71","5,952.95",,,"16,895,900.00"
26/10/2022,"5,495.03","5,629.71","5,414.22","5,575.84",,,"9,849,600.00"
25/10/2022,"5,064.05","5,387.28","4,902.43","5,387.28",,,"20,156,600.00"
24/10/2022,"5,441.16","5,548.90","5,037.11","5,037.11",,,"11,520,500.00"
21/10/2022,"5,872.14","5,872.14","5,387.28","5,414.22",,,"10,995,000.00"
20/10/2022,"5,872.14","5,899.07","5,710.52","5,791.33",,,"5,524,447.00"
19/10/2022,"5,979.88","6,033.76","5,818.26","5,872.14",,,"7,055,500.00"
18/10/2022,"6,060.69","6,141.50","5,899.07","5,926.01",,,"11,801,300.00"
17/10/2022,"5,764.39","5,979.88","5,710.52","5,926.01",,,"7,519,500.00"
14/10/2022,"5,764.39","5,872.14","5,629.71","5,818.26",,,"15,064,575.00"
13/10/2022,"5,495.03","5,575.84","5,387.28","5,495.03",,,"6,657,200.00"
12/10/2022,"5,085.59","5,441.16","5,058.66","5,441.16",,,"8,597,100.00"
11/10/2022,"5,387.28","5,441.16","5,085.59","5,085.59",,,"11,257,000.00"
10/10/2022,"5,241.83","5,602.77","5,236.44","5,468.09",,,"18,027,300.00"
07/10/2022,"5,926.01","5,926.01","5,629.71","5,629.71",,,"12,488,300.00"
06/10/2022,"6,491.68","6,491.68","6,033.76","6,033.76",,,"4,695,500.00"
05/10/2022,"6,464.74","6,545.55","6,330.06","6,464.74",,,"6,876,900.00"
04/10/2022,"6,653.29","6,787.98","6,303.12","6,303.12",,,"6,107,200.00"
03/10/2022,"6,922.66","7,111.21","6,464.74","6,491.68",,,"4,776,600.00"
30/09/2022,"6,895.72","7,003.47","6,545.55","6,949.59",,,"5,441,100.00"
29/09/2022,"7,165.09","7,192.02","6,949.59","6,949.59",,,"6,896,600.00"
28/09/2022,"7,111.21","7,245.89","7,003.47","7,003.47",,,"1,673,500.00"
27/09/2022,"7,111.21","7,245.89","7,057.34","7,218.96",,,"2,128,400.00"
26/09/2022,"7,003.47","7,326.70","7,003.47","7,084.28",,,"3,367,800.00"
23/09/2022,"7,596.07","7,649.94","7,434.45","7,434.45",,,"1,932,700.00"
22/09/2022,"7,488.32","7,623.00","7,407.51","7,569.13",,,"2,829,800.00"
21/09/2022,"7,596.07","7,623.00","7,488.32","7,542.20",,,"1,253,800.00"
20/09/2022,"7,461.39","7,623.00","7,326.70","7,596.07",,,"2,627,300.00"
19/09/2022,"7,649.94","7,703.81","7,353.64","7,353.64",,,"3,669,200.00"
16/09/2022,"7,946.24","7,973.18","7,649.94","7,649.94",,,"3,046,800.00"
15/09/2022,"8,053.99","8,080.92","7,946.24","7,973.18",,,"1,279,300.00"
14/09/2022,"7,784.62","8,080.92","7,784.62","8,027.05",,,"2,648,500.00"
13/09/2022,"7,973.18","8,053.99","7,892.37","8,027.05",,,"2,571,300.00"
12/09/2022,"8,027.05","8,027.05","7,946.24","7,973.18",,,"2,109,200.00"
09/09/2022,"8,000.11","8,027.05","7,623.00","7,919.30",,,"7,768,800.00"
08/09/2022,"8,404.16","8,431.10","7,865.43","7,919.30",,,"5,870,600.00"
07/09/2022,"8,565.78","8,619.65","8,377.22","8,377.22",,,"8,207,300.00"
06/09/2022,"8,458.03","8,646.59","8,431.10","8,565.78",,,"4,900,600.00"
05/09/2022,"8,484.97","8,619.65","8,404.16","8,484.97",,,"4,790,100.00"
31/08/2022,"8,484.97","8,511.91","8,377.22","8,511.91",,,"3,677,500.00"
30/08/2022,"8,458.03","8,565.78","8,350.29","8,484.97",,,"4,842,100.00"
29/08/2022,"8,350.29","8,404.16","8,134.80","8,350.29",,,"5,042,300.00"
26/08/2022,"8,673.52","8,673.52","8,484.97","8,511.91",,,"4,268,100.00"
25/08/2022,"8,565.78","8,673.52","8,511.91","8,592.72",,,"7,445,200.00"
24/08/2022,"8,511.91","8,565.78","8,458.03","8,484.97",,,"4,453,700.00"
23/08/2022,"8,296.41","8,511.91","8,296.41","8,511.91",,,"4,009,700.00"
22/08/2022,"8,350.29","8,431.10","8,242.54","8,350.29",,,"3,273,300.00"
19/08/2022,"8,458.03","8,511.91","8,350.29","8,377.22",,,"3,608,000.00"
18/08/2022,"8,511.91","8,565.78","8,404.16","8,431.10",,,"4,386,400.00"
17/08/2022,"8,592.72","8,673.52","8,538.84","8,538.84",,,"4,095,700.00"
16/08/2022,"8,700.46","8,727.40","8,592.72","8,646.59",,,"3,369,800.00"
15/08/2022,"8,458.03","8,808.21","8,458.03","8,700.46",,,"9,577,400.00"
12/08/2022,"8,269.48","8,431.10","8,242.54","8,404.16",,,"3,455,900.00"
11/08/2022,"8,377.22","8,484.97","8,188.67","8,269.48",,,"5,184,700.00"
10/08/2022,"8,377.22","8,458.03","8,269.48","8,269.48",,,"4,936,000.00"
09/08/2022,"8,619.65","8,646.59","8,323.35","8,377.22",,,"9,016,800.00"
08/08/2022,"8,700.46","8,700.46","8,565.78","8,592.72",,,"4,639,000.00"
05/08/2022,"8,673.52","8,673.52","8,484.97","8,673.52",,,"5,021,500.00"
04/08/2022,"8,619.65","8,727.40","8,538.84","8,646.59",,,"6,686,800.00"
03/08/2022,"8,511.91","8,619.65","8,404.16","8,619.65",,,"8,114,900.00"
02/08/2022,"8,511.91","8,619.65","8,404.16","8,565.78",,,"10,353,100.00"
01/08/2022,"8,323.35","8,565.78","8,188.67","8,484.97",,,"8,339,600.00"
29/07/2022,"8,458.03","8,458.03","8,161.73","8,188.67",,,"6,500,700.00"
28/07/2022,"8,458.03","8,538.84","8,269.48","8,404.16",,,"12,371,600.00"
27/07/2022,"7,865.43","8,242.54","7,838.50","8,242.54",,,"14,349,400.00"
26/07/2022,"7,865.43","7,973.18","7,757.69","7,919.30",,,"6,335,400.00"
25/07/2022,"7,757.69","7,892.37","7,703.81","7,865.43",,,"5,452,800.00"
22/07/2022,"8,027.05","8,107.86","7,757.69","7,757.69",,,"11,043,100.00"
21/07/2022,"7,703.81","8,027.05","7,676.88","7,892.37",,,"12,060,100.00"
20/07/2022,"7,569.13","7,649.94","7,542.20","7,623.00",,,"4,711,100.00"
19/07/2022,"7,542.20","7,596.07","7,353.64","7,488.32",,,"4,784,800.00"
18/07/2022,"7,596.07","7,730.75","7,515.26","7,596.07",,,"6,430,900.00"
15/07/2022,"7,542.20","7,703.81","7,515.26","7,542.20",,,"6,349,100.00"
14/07/2022,"7,326.70","7,623.00","7,326.70","7,515.26",,,"6,453,300.00"
13/07/2022,"7,218.96","7,596.07","7,218.96","7,461.39",,,"10,236,200.00"
12/07/2022,"7,003.47","7,218.96","6,976.53","7,218.96",,,"3,665,000.00"
11/07/2022,"7,111.21","7,165.09","6,949.59","7,003.47",,,"10,312,700.00"
08/07/2022,"7,165.09","7,299.77","7,084.28","7,138.15",,,"5,735,500.00"
07/07/2022,"6,976.53","7,218.96","6,949.59","7,084.28",,,"3,853,000.00"
06/07/2022,"7,138.15","7,353.64","7,003.47","7,030.40",,,"6,968,600.00"
05/07/2022,"7,353.64","7,596.07","7,299.77","7,326.70",,,"10,507,500.00"
04/07/2022,"7,138.15","7,326.70","7,084.28","7,326.70",,,"9,278,300.00"
01/07/2022,"6,949.59","7,192.02","6,653.29","7,030.40",,,"11,487,600.00"
30/06/2022,"7,272.83","7,326.70","7,030.40","7,030.40",,,"6,704,600.00"
29/06/2022,"7,111.21","7,515.26","7,111.21","7,272.83",,,"5,963,300.00"
28/06/2022,"6,868.78","7,245.89","6,410.87","7,218.96",,,"18,979,400.00"
27/06/2022,"7,111.21","7,272.83","6,734.10","6,787.98",,,"12,848,700.00"
24/06/2022,"7,245.89","7,299.77","7,111.21","7,111.21",,,"4,427,300.00"
23/06/2022,"6,895.72","7,272.83","6,734.10","7,272.83",,,"7,136,500.00"
22/06/2022,"6,626.36","6,841.85","6,518.61","6,841.85",,,"6,676,400.00"
21/06/2022,"6,410.87","6,653.29","6,249.25","6,410.87",,,"4,990,300.00"
20/06/2022,"6,464.74","6,626.36","6,356.99","6,356.99",,,"4,711,900.00"
17/06/2022,"6,464.74","6,626.36","6,330.06","6,464.74",,,"8,862,400.00"
16/06/2022,"6,841.85","6,841.85","6,249.25","6,787.98",,,"13,563,100.00"
15/06/2022,"7,272.83","7,272.83","6,653.29","6,680.23",,,"13,462,200.00"
14/06/2022,"7,272.83","7,569.13","7,003.47","7,084.28",,,"13,236,300.00"
13/06/2022,"7,811.56","7,811.56","7,488.32","7,488.32",,,"5,766,300.00"
10/06/2022,"8,134.80","8,269.48","8,027.05","8,027.05",,,"4,137,900.00"
09/06/2022,"8,188.67","8,242.54","8,107.86","8,215.61",,,"4,667,400.00"
08/06/2022,"7,676.88","8,161.73","7,676.88","8,161.73",,,"5,601,400.00"
07/06/2022,"7,703.81","7,784.62","7,488.32","7,649.94",,,"2,825,000.00"
06/06/2022,"7,811.56","7,973.18","7,676.88","7,757.69",,,"4,173,800.00"
03/06/2022,"7,865.43","7,919.30","7,676.88","7,757.69",,,"2,777,200.00"
02/06/2022,"8,053.99","8,188.67","7,865.43","7,865.43",,,"6,846,500.00"
01/06/2022,"8,080.92","8,188.67","8,000.11","8,053.99",,,"4,783,700.00"
31/05/2022,"8,188.67","8,215.61","8,027.05","8,080.92",,,"5,467,700.00"
30/05/2022,"8,134.80","8,350.29","8,107.86","8,242.54",,,"5,591,800.00"
27/05/2022,"8,188.67","8,242.54","8,080.92","8,107.86",,,"5,036,700.00"
26/05/2022,"8,296.41","8,350.29","8,107.86","8,188.67",,,"3,913,200.00"
25/05/2022,"7,946.24","8,215.61","7,865.43","8,188.67",,,"4,975,500.00"
24/05/2022,"7,757.69","7,865.43","7,488.32","7,865.43",,,"3,754,100.00"
23/05/2022,"8,000.11","8,027.05","7,703.81","7,757.69",,,"4,162,100.00"
20/05/2022,"7,973.18","8,000.11","7,784.62","7,865.43",,,"3,227,100.00"
19/05/2022,"7,676.88","8,188.67","7,676.88","7,838.50",,,"5,344,400.00"
18/05/2022,"7,703.81","8,053.99","7,596.07","7,973.18",,,"7,999,600.00"
17/05/2022,"7,111.21","7,542.20","7,057.34","7,542.20",,,"4,776,800.00"
16/05/2022,"7,461.39","7,461.39","7,057.34","7,057.34",,,"4,560,500.00"
13/05/2022,"7,488.32","7,542.20","6,976.53","6,976.53",,,"11,020,700.00"
12/05/2022,"7,865.43","8,027.05","7,488.32","7,488.32",,,"5,456,900.00"
11/05/2022,"8,080.92","8,134.80","7,865.43","8,027.05",,,"3,443,400.00"
10/05/2022,"7,407.51","8,080.92","7,407.51","8,027.05",,,"4,678,600.00"
09/05/2022,"8,404.16","8,458.03","7,892.37","7,892.37",,,"9,804,700.00"
06/05/2022,"8,673.52","8,781.27","8,458.03","8,458.03",,,"6,605,000.00"
05/05/2022,"9,158.38","9,239.19","8,727.40","8,862.08",,,"4,281,000.00"
04/05/2022,"9,050.63","9,239.19","8,889.02","9,050.63",,,"7,561,200.00"
29/04/2022,"8,727.40","9,104.51","8,646.59","8,835.14",,,"7,824,100.00"
28/04/2022,"8,808.21","8,915.95","8,592.72","8,700.46",,,"3,467,400.00"
27/04/2022,"8,754.33","8,808.21","8,592.72","8,754.33",,,"2,605,100.00"
26/04/2022,"8,350.29","8,781.27","7,919.30","8,727.40",,,"5,818,100.00"
25/04/2022,"9,050.63","9,239.19","8,377.22","8,377.22",,,"6,577,400.00"
22/04/2022,"9,050.63","9,131.44","8,673.52","8,996.76",,,"5,278,700.00"
21/04/2022,"8,484.97","9,131.44","8,053.99","8,781.27",,,"9,642,700.00"
20/04/2022,"9,050.63","9,266.13","8,646.59","8,646.59",,,"9,014,600.00"
19/04/2022,"9,804.85","10,181.96","9,293.06","9,293.06",,,"5,853,400.00"
18/04/2022,"10,478.26","10,559.07","9,912.60","9,966.47",,,"6,881,000.00"
15/04/2022,"10,720.69","10,747.63","10,451.33","10,639.88",,,"3,335,300.00"
14/04/2022,"10,855.37","10,855.37","10,612.95","10,666.82",,,"2,014,300.00"
13/04/2022,"10,612.95","10,801.50","10,370.52","10,774.56",,,"4,526,400.00"
12/04/2022,"10,882.31","10,882.31","10,505.20","10,532.14",,,"3,655,500.00"
08/04/2022,"10,990.06","11,043.93","10,774.56","10,828.44",,,"4,062,000.00"
07/04/2022,"11,232.48","11,259.42","10,909.25","10,963.12",,,"5,003,300.00"
06/04/2022,"11,097.80","11,259.42","10,990.06","11,232.48",,,"4,450,700.00"
05/04/2022,"11,043.93","11,259.42","11,043.93","11,097.80",,,"10,617,600.00"
04/04/2022,"10,741.35","10,911.85","10,668.28","10,668.28",,,"11,614,200.00"
01/04/2022,"10,570.85","10,765.71","10,497.78","10,692.64",,,"5,921,100.00"
31/03/2022,"10,692.64","10,790.06","10,546.49","10,546.49",,,"4,306,800.00"
30/03/2022,"10,619.57","10,960.56","10,595.21","10,668.28",,,"6,029,800.00"
29/03/2022,"10,692.64","10,790.06","10,619.57","10,741.35",,,"4,224,600.00"
28/03/2022,"10,863.13","10,936.20","10,546.49","10,643.92",,,"7,555,500.00"
25/03/2022,"11,009.27","11,033.63","10,863.13","10,863.13",,,"5,287,700.00"
24/03/2022,"11,057.99","11,131.06","10,960.56","10,984.92",,,"5,088,600.00"
23/03/2022,"11,179.77","11,204.13","11,033.63","11,057.99",,,"5,957,300.00"
22/03/2022,"10,960.56","11,398.98","10,960.56","11,155.41",,,"13,902,400.00"
21/03/2022,"10,911.85","10,960.56","10,838.78","10,911.85",,,"23,792,614.00"
,,,,,,,
,,,,,,,
SIMPLIZE,,,,,,,
"Số 5 ngõ 316 Lê Trọng Tấn, Phường Khương Mai, Quận Thanh Xuân, TP.Hà Nội
",,,,,,,
Website: simplize.vn,,,,,,,
Email: info@simplize.vn,,,,,,,
Tel: (+84) 38 840 8668,,,,,,,
