Tên công ty,Công ty Cổ phần Tập đoàn MaSan,,,,,,
Tên báo cáo,Lịch sử giá,,,,,,
Ngày tải,24/03/2026,,,,,,
,,,,,,,
NGÀY,GIÁ MỞ CỬA,GIÁ CAO NHẤT,GIÁ THẤP NHẤT,GIÁ ĐÓNG CỬA,THAY ĐỔI GIÁ,% THAY ĐỔI,KHỐI LƯỢNG
24/03/2026,"72,500.00","72,800.00","71,700.00","72,000.00","1,200.00",0.02,"2,786,300.00"
23/03/2026,"70,600.00","72,800.00","70,600.00","70,800.00",-500.00,-0.01,"8,307,600.00"
20/03/2026,"75,100.00","75,500.00","71,300.00","71,300.00","-4,100.00",-0.05,"8,880,900.00"
19/03/2026,"73,600.00","75,700.00","73,500.00","75,400.00",100.00,0.00,"8,216,000.00"
18/03/2026,"75,800.00","75,800.00","74,000.00","75,300.00",-100.00,0.00,"5,029,900.00"
17/03/2026,"74,000.00","75,700.00","73,800.00","75,400.00","1,900.00",0.03,"8,479,300.00"
16/03/2026,"74,700.00","75,200.00","73,400.00","73,500.00",-400.00,-0.01,"4,578,400.00"
13/03/2026,"73,400.00","74,700.00","72,700.00","73,900.00",800.00,0.01,"8,344,100.00"
12/03/2026,"73,200.00","74,500.00","71,800.00","73,100.00",100.00,0.00,"8,489,100.00"
11/03/2026,"69,300.00","73,000.00","69,100.00","73,000.00","4,700.00",0.07,"10,575,800.00"
10/03/2026,"69,000.00","69,800.00","66,100.00","68,300.00",100.00,0.00,"13,574,400.00"
09/03/2026,"68,200.00","70,000.00","68,200.00","68,200.00","-5,100.00",-0.07,"4,325,700.00"
06/03/2026,"74,900.00","75,000.00","73,200.00","73,300.00","-2,000.00",-0.03,"7,955,900.00"
05/03/2026,"76,800.00","77,500.00","75,300.00","75,300.00",-700.00,-0.01,"6,074,200.00"
04/03/2026,"77,100.00","77,600.00","74,000.00","76,000.00","-1,000.00",-0.01,"11,189,700.00"
03/03/2026,"79,200.00","79,700.00","77,000.00","77,000.00","-1,400.00",-0.02,"7,767,900.00"
02/03/2026,"77,800.00","80,700.00","77,300.00","78,400.00",-600.00,-0.01,"10,248,500.00"
27/02/2026,"80,500.00","80,600.00","79,000.00","79,000.00","-1,400.00",-0.02,"5,053,900.00"
26/02/2026,"80,700.00","81,200.00","79,900.00","80,400.00",100.00,0.00,"4,991,400.00"
25/02/2026,"81,300.00","81,600.00","80,300.00","80,300.00",-600.00,-0.01,"5,852,200.00"
24/02/2026,"79,300.00","80,900.00","78,600.00","80,900.00","1,700.00",0.02,"8,479,700.00"
23/02/2026,"78,800.00","79,200.00","78,300.00","79,200.00","1,200.00",0.02,"3,791,500.00"
13/02/2026,"78,000.00","78,300.00","77,700.00","78,000.00",0.00,0.00,"3,963,900.00"
12/02/2026,"78,400.00","78,400.00","78,000.00","78,000.00",0.00,0.00,"2,759,900.00"
11/02/2026,"77,300.00","78,600.00","76,900.00","78,000.00","1,200.00",0.02,"5,600,000.00"
10/02/2026,"78,200.00","78,400.00","75,600.00","76,800.00","-1,400.00",-0.02,"6,018,600.00"
09/02/2026,"79,000.00","79,200.00","78,000.00","78,200.00",0.00,0.00,"3,681,100.00"
06/02/2026,"78,400.00","79,500.00","77,700.00","78,200.00","-1,200.00",-0.02,"9,419,400.00"
05/02/2026,"82,800.00","82,900.00","79,400.00","79,400.00","-3,300.00",-0.04,"10,434,400.00"
04/02/2026,"84,100.00","84,900.00","82,500.00","82,700.00","-1,100.00",-0.01,"8,323,300.00"
03/02/2026,"84,500.00","84,800.00","83,300.00","83,800.00",0.00,0.00,"8,426,800.00"
02/02/2026,"83,900.00","85,500.00","82,200.00","83,800.00",-200.00,0.00,"11,833,900.00"
30/01/2026,"84,600.00","85,000.00","83,300.00","84,000.00",-100.00,0.00,"10,777,800.00"
29/01/2026,"80,300.00","85,000.00","80,200.00","84,100.00","4,600.00",0.06,"24,722,400.00"
28/01/2026,"77,200.00","79,500.00","77,100.00","79,500.00","2,800.00",0.04,"8,819,900.00"
27/01/2026,"77,400.00","77,500.00","76,700.00","76,700.00",-600.00,-0.01,"3,805,800.00"
26/01/2026,"79,100.00","79,500.00","76,000.00","77,300.00","-1,700.00",-0.02,"5,784,500.00"
23/01/2026,"80,000.00","80,200.00","79,000.00","79,000.00",-900.00,-0.01,"4,123,600.00"
22/01/2026,"79,600.00","80,600.00","79,100.00","79,900.00",0.00,0.00,"5,049,500.00"
21/01/2026,"79,000.00","79,900.00","78,500.00","79,900.00",-100.00,0.00,"6,385,500.00"
20/01/2026,"80,200.00","81,400.00","79,100.00","80,000.00",-200.00,0.00,"11,205,300.00"
19/01/2026,"82,100.00","82,300.00","80,200.00","80,200.00","-1,200.00",-0.01,"6,226,700.00"
16/01/2026,"81,300.00","85,500.00","79,900.00","81,400.00",400.00,0.00,"15,818,700.00"
15/01/2026,"80,500.00","82,500.00","79,800.00","81,000.00",400.00,0.00,"9,103,300.00"
14/01/2026,"79,100.00","82,000.00","78,600.00","80,600.00","1,300.00",0.02,"13,858,700.00"
13/01/2026,"79,500.00","82,200.00","79,300.00","79,300.00",700.00,0.01,"10,133,600.00"
12/01/2026,"76,600.00","78,800.00","75,900.00","78,600.00","2,100.00",0.03,"8,295,600.00"
09/01/2026,"78,500.00","78,600.00","76,500.00","76,500.00","-1,800.00",-0.02,"5,786,600.00"
08/01/2026,"79,000.00","79,000.00","77,700.00","78,300.00",-100.00,0.00,"4,525,700.00"
07/01/2026,"77,100.00","78,400.00","76,700.00","78,400.00","1,400.00",0.02,"8,379,800.00"
06/01/2026,"76,700.00","77,200.00","75,900.00","77,000.00",200.00,0.00,"3,765,300.00"
05/01/2026,"76,900.00","77,000.00","75,000.00","76,800.00",-200.00,0.00,"4,140,400.00"
31/12/2025,"76,700.00","77,200.00","76,100.00","77,000.00",100.00,0.00,"4,728,800.00"
30/12/2025,"75,700.00","76,900.00","75,500.00","76,900.00","1,400.00",0.02,"4,153,700.00"
29/12/2025,"75,300.00","75,500.00","74,600.00","75,500.00",200.00,0.00,"2,513,400.00"
26/12/2025,"76,000.00","76,000.00","73,100.00","75,300.00","-1,000.00",-0.01,"6,065,600.00"
25/12/2025,"76,500.00","77,000.00","76,000.00","76,300.00",100.00,0.00,"3,230,800.00"
24/12/2025,"75,600.00","76,200.00","75,100.00","76,200.00",100.00,0.00,"3,229,900.00"
23/12/2025,"76,300.00","77,300.00","75,600.00","76,100.00",100.00,0.00,"5,203,600.00"
22/12/2025,"76,000.00","76,200.00","75,500.00","76,000.00",200.00,0.00,"3,463,700.00"
19/12/2025,"74,300.00","75,800.00","74,000.00","75,800.00","1,800.00",0.02,"4,350,100.00"
18/12/2025,"74,400.00","74,400.00","73,500.00","74,000.00",0.00,0.00,"3,135,400.00"
17/12/2025,"74,600.00","75,000.00","74,000.00","74,000.00",-500.00,-0.01,"3,573,600.00"
16/12/2025,"73,900.00","75,200.00","73,000.00","74,500.00","1,000.00",0.01,"4,400,000.00"
15/12/2025,"73,200.00","74,300.00","73,000.00","73,500.00",0.00,0.00,"4,188,700.00"
12/12/2025,"76,500.00","76,600.00","73,100.00","73,500.00","-2,600.00",-0.03,"8,979,200.00"
11/12/2025,"77,400.00","77,600.00","76,000.00","76,100.00",-900.00,-0.01,"3,520,000.00"
10/12/2025,"77,100.00","77,400.00","76,600.00","77,000.00",0.00,0.00,"3,186,100.00"
09/12/2025,"77,900.00","78,000.00","76,600.00","77,000.00",-900.00,-0.01,"6,841,600.00"
08/12/2025,"78,000.00","78,800.00","77,900.00","77,900.00",-300.00,0.00,"4,073,012.00"
05/12/2025,"80,200.00","80,600.00","78,200.00","78,200.00","-1,700.00",-0.02,"6,658,503.00"
04/12/2025,"81,300.00","81,300.00","79,900.00","79,900.00",-700.00,-0.01,"5,779,300.00"
03/12/2025,"79,200.00","81,200.00","78,900.00","80,600.00","2,000.00",0.03,"12,379,800.00"
02/12/2025,"78,900.00","79,500.00","78,000.00","78,600.00",-200.00,0.00,"5,098,900.00"
01/12/2025,"77,800.00","79,200.00","77,700.00","78,800.00","1,400.00",0.02,"6,842,612.00"
28/11/2025,"78,800.00","79,000.00","77,400.00","77,400.00","-1,100.00",-0.01,"5,138,900.00"
27/11/2025,"78,900.00","79,800.00","78,400.00","78,500.00",-100.00,0.00,"4,825,404.00"
26/11/2025,"77,500.00","78,600.00","77,300.00","78,600.00","1,600.00",0.02,"4,904,809.00"
25/11/2025,"78,000.00","78,700.00","77,000.00","77,000.00",-800.00,-0.01,"6,029,104.00"
24/11/2025,"77,700.00","79,000.00","77,700.00","77,800.00",300.00,0.00,"8,029,300.00"
21/11/2025,"78,400.00","78,400.00","77,200.00","77,500.00","-1,000.00",-0.01,"4,091,613.00"
20/11/2025,"78,900.00","79,100.00","78,500.00","78,500.00",-300.00,0.00,"3,588,604.00"
19/11/2025,"79,000.00","79,600.00","78,500.00","78,800.00",-200.00,0.00,"3,470,522.00"
18/11/2025,"79,800.00","80,300.00","78,500.00","79,000.00",-700.00,-0.01,"5,824,626.00"
17/11/2025,"78,800.00","80,000.00","78,300.00","79,700.00","1,700.00",0.02,"5,528,738.00"
14/11/2025,"78,600.00","79,300.00","77,600.00","78,000.00","-1,000.00",-0.01,"5,210,800.00"
13/11/2025,"79,300.00","79,700.00","78,900.00","79,000.00",-200.00,0.00,"4,610,600.00"
12/11/2025,"78,500.00","79,500.00","78,300.00","79,200.00","1,000.00",0.01,"7,557,800.00"
11/11/2025,"76,500.00","78,900.00","76,400.00","78,200.00","2,200.00",0.03,"7,687,500.00"
10/11/2025,"77,100.00","78,300.00","76,000.00","76,000.00",-800.00,-0.01,"5,463,900.00"
07/11/2025,"78,200.00","79,700.00","76,800.00","76,800.00","-2,000.00",-0.03,"7,306,804.00"
06/11/2025,"80,100.00","80,100.00","78,800.00","78,800.00","-1,400.00",-0.02,"4,877,608.00"
05/11/2025,"79,900.00","81,500.00","79,100.00","80,200.00",200.00,0.00,"8,834,204.00"
04/11/2025,"76,800.00","80,500.00","74,400.00","80,000.00","3,000.00",0.04,"12,953,012.00"
03/11/2025,"79,600.00","79,800.00","77,000.00","77,000.00","-2,600.00",-0.03,"7,670,003.00"
31/10/2025,"79,400.00","80,800.00","79,000.00","79,600.00",300.00,0.00,"6,577,804.00"
30/10/2025,"79,700.00","80,600.00","79,300.00","79,300.00",100.00,0.00,"6,986,300.00"
29/10/2025,"79,100.00","80,600.00","78,500.00","79,200.00",200.00,0.00,"8,381,104.00"
28/10/2025,"78,600.00","79,000.00","76,200.00","79,000.00",500.00,0.01,"7,889,400.00"
27/10/2025,"79,600.00","79,800.00","77,400.00","78,500.00",-800.00,-0.01,"7,636,000.00"
24/10/2025,"77,900.00","79,500.00","75,700.00","79,300.00","1,100.00",0.01,"13,522,400.00"
23/10/2025,"79,600.00","80,000.00","77,600.00","78,200.00",-800.00,-0.01,"10,019,300.00"
22/10/2025,"79,900.00","80,600.00","77,400.00","79,000.00","1,000.00",0.01,"13,805,300.00"
21/10/2025,"79,900.00","80,000.00","76,200.00","78,000.00","-3,900.00",-0.05,"28,573,200.00"
20/10/2025,"87,000.00","88,800.00","81,900.00","81,900.00","-6,100.00",-0.07,"33,302,300.00"
17/10/2025,"91,400.00","94,000.00","88,000.00","88,000.00",-200.00,0.00,"33,212,700.00"
16/10/2025,"85,000.00","88,200.00","84,800.00","88,200.00","5,700.00",0.07,"61,334,118.00"
15/10/2025,"83,000.00","83,700.00","82,500.00","82,500.00",0.00,0.00,"6,789,100.00"
14/10/2025,"85,600.00","85,600.00","82,500.00","82,500.00","-2,500.00",-0.03,"15,913,800.00"
13/10/2025,"83,600.00","85,800.00","83,600.00","85,000.00",900.00,0.01,"13,233,700.00"
10/10/2025,"83,500.00","84,200.00","83,000.00","84,100.00","1,000.00",0.01,"15,645,800.00"
09/10/2025,"82,900.00","84,200.00","82,700.00","83,100.00",500.00,0.01,"10,041,900.00"
08/10/2025,"83,700.00","84,400.00","82,600.00","82,600.00",100.00,0.00,"11,723,000.00"
07/10/2025,"83,300.00","83,400.00","82,500.00","82,500.00",-500.00,-0.01,"10,862,280.00"
06/10/2025,"81,400.00","83,300.00","81,000.00","83,000.00","3,000.00",0.04,"9,284,400.00"
03/10/2025,"81,200.00","81,200.00","79,400.00","80,000.00","-1,500.00",-0.02,"11,036,980.00"
02/10/2025,"81,500.00","82,100.00","81,000.00","81,500.00",200.00,0.00,"4,057,300.00"
01/10/2025,"81,100.00","82,300.00","81,100.00","81,300.00",300.00,0.00,"3,192,800.00"
30/09/2025,"82,000.00","82,000.00","80,500.00","81,000.00",-800.00,-0.01,"7,042,100.00"
29/09/2025,"82,200.00","82,500.00","81,300.00","81,800.00",-400.00,0.00,"4,765,200.00"
26/09/2025,"82,200.00","83,500.00","82,000.00","82,200.00",0.00,0.00,"6,728,100.00"
25/09/2025,"83,500.00","83,600.00","82,200.00","82,200.00",-700.00,-0.01,"4,895,800.00"
24/09/2025,"82,000.00","83,700.00","81,100.00","82,900.00","1,000.00",0.01,"5,335,500.00"
23/09/2025,"81,900.00","82,600.00","81,500.00","81,900.00",0.00,0.00,"4,438,100.00"
22/09/2025,"83,900.00","84,000.00","81,000.00","81,900.00","-2,000.00",-0.02,"13,000,400.00"
19/09/2025,"84,600.00","84,700.00","83,300.00","83,900.00",-100.00,0.00,"10,383,000.00"
18/09/2025,"84,400.00","85,200.00","83,500.00","84,000.00",-200.00,0.00,"6,725,200.00"
17/09/2025,"86,600.00","86,900.00","84,200.00","84,200.00","-2,600.00",-0.03,"11,703,400.00"
16/09/2025,"89,000.00","89,000.00","86,800.00","86,800.00","-1,700.00",-0.02,"13,636,500.00"
15/09/2025,"86,800.00","89,000.00","86,300.00","88,500.00","2,500.00",0.03,"16,616,700.00"
12/09/2025,"82,300.00","86,900.00","81,600.00","86,000.00","4,000.00",0.05,"21,808,200.00"
11/09/2025,"80,800.00","82,300.00","79,100.00","82,000.00","1,000.00",0.01,"10,202,400.00"
10/09/2025,"81,400.00","81,400.00","80,000.00","81,000.00",0.00,0.00,"7,220,100.00"
09/09/2025,"81,000.00","81,300.00","79,800.00","81,000.00",0.00,0.00,"6,003,800.00"
08/09/2025,"82,600.00","83,300.00","80,000.00","81,000.00","-2,000.00",-0.02,"14,275,500.00"
05/09/2025,"86,300.00","87,400.00","83,000.00","83,000.00","-1,800.00",-0.02,"12,005,700.00"
04/09/2025,"83,500.00","85,300.00","82,000.00","84,800.00","1,800.00",0.02,"13,251,500.00"
03/09/2025,"83,500.00","85,300.00","82,900.00","83,000.00",0.00,0.00,"9,531,800.00"
29/08/2025,"83,200.00","83,600.00","82,200.00","83,000.00",-100.00,0.00,"7,420,100.00"
28/08/2025,"82,500.00","83,300.00","81,900.00","83,100.00",900.00,0.01,"6,839,900.00"
27/08/2025,"81,300.00","82,800.00","81,200.00","82,200.00","1,100.00",0.01,"8,098,600.00"
26/08/2025,"78,700.00","81,100.00","78,200.00","81,100.00","1,600.00",0.02,"10,738,900.00"
25/08/2025,"81,300.00","81,800.00","78,300.00","79,500.00","-1,500.00",-0.02,"14,910,200.00"
22/08/2025,"83,000.00","83,400.00","79,700.00","81,000.00","-3,300.00",-0.04,"18,642,000.00"
21/08/2025,"83,900.00","84,800.00","83,300.00","84,300.00",400.00,0.00,"9,701,000.00"
20/08/2025,"86,800.00","87,400.00","81,000.00","83,900.00","-1,100.00",-0.01,"19,079,400.00"
19/08/2025,"84,500.00","86,500.00","83,200.00","85,000.00","1,100.00",0.01,"15,341,000.00"
18/08/2025,"83,100.00","84,400.00","83,000.00","83,900.00",800.00,0.01,"9,914,400.00"
15/08/2025,"84,800.00","86,200.00","82,700.00","83,100.00","-1,700.00",-0.02,"14,472,000.00"
14/08/2025,"86,600.00","86,800.00","83,800.00","84,800.00","-1,100.00",-0.01,"13,527,300.00"
13/08/2025,"84,400.00","87,400.00","82,100.00","85,900.00","2,300.00",0.03,"24,211,400.00"
12/08/2025,"85,000.00","86,000.00","82,300.00","83,600.00","1,600.00",0.02,"13,597,900.00"
11/08/2025,"77,900.00","82,000.00","77,800.00","82,000.00","5,300.00",0.07,"30,221,100.00"
08/08/2025,"76,500.00","77,700.00","75,600.00","76,700.00",500.00,0.01,"11,735,100.00"
07/08/2025,"76,400.00","77,800.00","75,800.00","76,200.00",200.00,0.00,"10,275,900.00"
06/08/2025,"75,600.00","76,800.00","75,200.00","76,000.00","1,400.00",0.02,"10,014,000.00"
05/08/2025,"74,000.00","77,200.00","73,500.00","74,600.00",700.00,0.01,"19,433,200.00"
04/08/2025,"72,100.00","74,000.00","71,800.00","73,900.00","1,400.00",0.02,"6,017,800.00"
01/08/2025,"72,300.00","72,500.00","71,100.00","72,500.00",0.00,0.00,"6,555,500.00"
31/07/2025,"73,100.00","73,400.00","70,800.00","72,500.00",-500.00,-0.01,"9,196,600.00"
30/07/2025,"73,000.00","73,500.00","71,000.00","73,000.00",800.00,0.01,"9,702,500.00"
29/07/2025,"78,500.00","78,500.00","72,200.00","72,200.00","-5,400.00",-0.07,"17,409,900.00"
28/07/2025,"76,200.00","78,600.00","75,900.00","77,600.00","1,800.00",0.02,"12,728,500.00"
25/07/2025,"76,000.00","77,200.00","75,500.00","75,800.00",-200.00,0.00,"8,711,800.00"
24/07/2025,"77,500.00","77,500.00","75,400.00","76,000.00","-1,300.00",-0.02,"16,440,680.00"
23/07/2025,"78,700.00","79,300.00","77,200.00","77,300.00",-400.00,-0.01,"8,393,200.00"
22/07/2025,"77,300.00","78,400.00","76,600.00","77,700.00",200.00,0.00,"7,375,500.00"
21/07/2025,"79,600.00","79,800.00","77,500.00","77,500.00","-1,600.00",-0.02,"7,866,900.00"
18/07/2025,"76,500.00","81,000.00","76,500.00","79,100.00","2,900.00",0.04,"15,004,300.00"
17/07/2025,"75,800.00","77,300.00","75,600.00","76,200.00","1,200.00",0.02,"10,792,700.00"
16/07/2025,"74,300.00","75,500.00","74,000.00","75,000.00",500.00,0.01,"4,169,200.00"
15/07/2025,"75,300.00","76,700.00","74,500.00","74,500.00",-800.00,-0.01,"9,341,500.00"
14/07/2025,"76,900.00","77,100.00","74,600.00","75,300.00","-1,200.00",-0.02,"6,552,400.00"
11/07/2025,"76,800.00","77,500.00","76,100.00","76,500.00",-400.00,-0.01,"8,284,200.00"
10/07/2025,"76,000.00","78,400.00","75,900.00","76,900.00","1,100.00",0.01,"12,351,900.00"
09/07/2025,"76,500.00","76,500.00","75,400.00","75,800.00",200.00,0.00,"7,231,700.00"
08/07/2025,"74,900.00","76,200.00","74,600.00","75,600.00",800.00,0.01,"7,088,700.00"
07/07/2025,"75,000.00","75,700.00","74,300.00","74,800.00",200.00,0.00,"5,874,900.00"
04/07/2025,"74,700.00","75,000.00","73,700.00","74,600.00",100.00,0.00,"4,470,400.00"
03/07/2025,"74,800.00","76,300.00","74,100.00","74,500.00",-700.00,-0.01,"6,120,200.00"
02/07/2025,"75,000.00","76,300.00","74,600.00","75,200.00",0.00,0.00,"4,787,500.00"
01/07/2025,"76,200.00","76,700.00","74,900.00","75,200.00","-1,600.00",-0.02,"7,005,100.00"
30/06/2025,"76,600.00","77,400.00","76,000.00","76,800.00",0.00,0.00,"21,420,600.00"
27/06/2025,"72,300.00","76,900.00","72,000.00","76,800.00","4,800.00",0.07,"14,104,900.00"
26/06/2025,"70,400.00","72,000.00","70,200.00","72,000.00","1,700.00",0.02,"11,304,800.00"
25/06/2025,"69,700.00","70,400.00","69,100.00","70,300.00","1,100.00",0.02,"8,748,800.00"
24/06/2025,"68,900.00","69,300.00","68,300.00","69,200.00","1,200.00",0.02,"14,073,800.00"
23/06/2025,"66,800.00","68,000.00","66,200.00","68,000.00",500.00,0.01,"13,482,500.00"
20/06/2025,"67,400.00","67,600.00","66,800.00","67,500.00",0.00,0.00,"11,213,800.00"
19/06/2025,"67,000.00","67,500.00","66,100.00","67,500.00",0.00,0.00,"5,629,600.00"
18/06/2025,"67,900.00","67,900.00","66,600.00","67,500.00",-400.00,-0.01,"5,472,800.00"
17/06/2025,"67,000.00","67,900.00","66,200.00","67,900.00","1,100.00",0.02,"10,598,700.00"
16/06/2025,"65,700.00","67,000.00","65,400.00","66,800.00","1,400.00",0.02,"7,933,900.00"
13/06/2025,"65,000.00","65,400.00","64,300.00","65,400.00",-400.00,-0.01,"5,911,100.00"
12/06/2025,"65,300.00","66,000.00","65,200.00","65,800.00","1,000.00",0.02,"6,866,200.00"
11/06/2025,"64,800.00","65,200.00","64,100.00","64,800.00",0.00,0.00,"2,850,500.00"
10/06/2025,"64,500.00","65,500.00","64,100.00","64,800.00",700.00,0.01,"5,622,000.00"
09/06/2025,"65,000.00","65,000.00","63,500.00","64,100.00",-900.00,-0.01,"5,181,500.00"
06/06/2025,"65,900.00","66,400.00","64,700.00","65,000.00",-800.00,-0.01,"4,122,600.00"
05/06/2025,"64,400.00","65,800.00","63,900.00","65,800.00","1,700.00",0.03,"11,745,400.00"
04/06/2025,"63,500.00","64,400.00","63,000.00","64,100.00",800.00,0.01,"6,891,000.00"
03/06/2025,"62,300.00","63,600.00","62,300.00","63,300.00","1,200.00",0.02,"4,281,300.00"
02/06/2025,"62,000.00","62,500.00","61,700.00","62,100.00",100.00,0.00,"2,685,700.00"
30/05/2025,"63,000.00","63,100.00","62,000.00","62,000.00","-1,400.00",-0.02,"4,024,000.00"
29/05/2025,"64,100.00","64,200.00","62,900.00","63,400.00",-500.00,-0.01,"3,905,500.00"
28/05/2025,"64,100.00","64,500.00","63,500.00","63,900.00",-100.00,0.00,"5,233,500.00"
27/05/2025,"63,900.00","64,800.00","63,500.00","64,000.00",200.00,0.00,"4,932,300.00"
26/05/2025,"63,200.00","63,800.00","61,500.00","63,800.00",600.00,0.01,"13,125,400.00"
23/05/2025,"64,000.00","64,300.00","62,700.00","63,200.00",-800.00,-0.01,"4,290,900.00"
22/05/2025,"63,600.00","64,600.00","63,200.00","64,000.00",400.00,0.01,"8,315,100.00"
21/05/2025,"63,100.00","64,300.00","63,100.00","63,600.00",900.00,0.01,"11,757,400.00"
20/05/2025,"62,000.00","63,100.00","61,500.00","62,700.00",700.00,0.01,"5,378,500.00"
19/05/2025,"62,400.00","62,400.00","61,400.00","62,000.00",-500.00,-0.01,"9,861,500.00"
16/05/2025,"62,600.00","63,000.00","61,700.00","62,500.00",-300.00,0.00,"6,753,900.00"
15/05/2025,"62,600.00","63,500.00","62,400.00","62,800.00",500.00,0.01,"5,773,200.00"
14/05/2025,"62,300.00","63,700.00","62,200.00","62,300.00",200.00,0.00,"23,944,320.00"
13/05/2025,"62,400.00","63,200.00","62,100.00","62,100.00",100.00,0.00,"4,735,700.00"
12/05/2025,"62,800.00","63,300.00","62,000.00","62,000.00",-800.00,-0.01,"3,820,500.00"
09/05/2025,"63,000.00","63,000.00","62,200.00","62,800.00",-200.00,0.00,"3,575,700.00"
08/05/2025,"61,000.00","63,000.00","60,700.00","63,000.00","2,100.00",0.03,"4,439,500.00"
07/05/2025,"61,600.00","61,800.00","60,900.00","60,900.00","-1,100.00",-0.02,"3,353,100.00"
06/05/2025,"62,400.00","62,400.00","61,800.00","62,000.00",-500.00,-0.01,"5,242,400.00"
05/05/2025,"62,700.00","62,800.00","61,600.00","62,500.00",0.00,0.00,"2,950,500.00"
29/04/2025,"61,800.00","62,500.00","61,800.00","62,500.00",0.00,0.00,"7,791,100.00"
28/04/2025,"62,400.00","62,500.00","61,000.00","62,500.00",500.00,0.01,"4,247,600.00"
25/04/2025,"60,000.00","62,000.00","59,900.00","62,000.00","2,100.00",0.04,"10,635,400.00"
24/04/2025,"60,000.00","60,000.00","58,300.00","59,900.00",300.00,0.01,"6,098,200.00"
23/04/2025,"59,700.00","59,900.00","58,900.00","59,600.00",900.00,0.02,"6,548,500.00"
22/04/2025,"57,500.00","59,100.00","54,100.00","58,700.00",600.00,0.01,"16,093,400.00"
21/04/2025,"58,000.00","58,500.00","56,900.00","58,100.00",100.00,0.00,"3,787,400.00"
18/04/2025,"57,900.00","59,000.00","57,900.00","58,000.00",700.00,0.01,"3,630,300.00"
17/04/2025,"55,000.00","57,600.00","55,000.00","57,300.00",900.00,0.02,"5,640,400.00"
16/04/2025,"58,300.00","58,800.00","56,400.00","56,400.00","-2,100.00",-0.04,"6,972,100.00"
15/04/2025,"59,000.00","60,900.00","58,100.00","58,500.00","-1,500.00",-0.03,"6,076,700.00"
14/04/2025,"57,700.00","60,300.00","56,900.00","60,000.00","2,900.00",0.05,"8,508,500.00"
11/04/2025,"55,400.00","57,500.00","53,100.00","57,100.00","3,300.00",0.06,"14,118,700.00"
10/04/2025,"53,800.00","53,800.00","53,800.00","53,800.00","3,500.00",0.07,"1,793,600.00"
09/04/2025,"50,300.00","52,900.00","50,300.00","50,300.00","-3,700.00",-0.07,"13,494,100.00"
08/04/2025,"55,100.00","56,800.00","54,000.00","54,000.00","-4,000.00",-0.07,"7,244,700.00"
04/04/2025,"57,200.00","58,700.00","57,200.00","58,000.00","-3,400.00",-0.06,"14,346,500.00"
03/04/2025,"63,000.00","63,900.00","61,400.00","61,400.00","-4,600.00",-0.07,"10,609,500.00"
02/04/2025,"66,700.00","67,000.00","66,000.00","66,000.00",-200.00,0.00,"3,637,800.00"
01/04/2025,"67,800.00","67,800.00","65,600.00","66,200.00",-600.00,-0.01,"6,498,900.00"
31/03/2025,"68,500.00","69,700.00","66,800.00","66,800.00","-1,700.00",-0.02,"7,006,700.00"
28/03/2025,"69,400.00","69,600.00","68,300.00","68,500.00",-900.00,-0.01,"20,169,000.00"
27/03/2025,"68,600.00","70,700.00","68,500.00","69,400.00","1,100.00",0.02,"7,235,300.00"
26/03/2025,"68,600.00","69,600.00","68,300.00","68,300.00",-200.00,0.00,"4,489,800.00"
25/03/2025,"68,500.00","69,000.00","68,100.00","68,500.00",0.00,0.00,"4,164,600.00"
24/03/2025,"67,800.00","68,800.00","67,800.00","68,500.00",600.00,0.01,"2,426,900.00"
21/03/2025,"68,600.00","68,600.00","67,500.00","67,900.00",-500.00,-0.01,"3,804,100.00"
20/03/2025,"68,500.00","69,100.00","68,200.00","68,400.00",-100.00,0.00,"3,437,000.00"
19/03/2025,"69,500.00","69,600.00","68,500.00","68,500.00","-1,100.00",-0.02,"15,645,000.00"
18/03/2025,"70,700.00","71,300.00","69,600.00","69,600.00",-900.00,-0.01,"6,275,258.00"
17/03/2025,"71,400.00","71,400.00","70,300.00","70,500.00",-600.00,-0.01,"4,528,900.00"
14/03/2025,"70,500.00","71,900.00","70,400.00","71,100.00",700.00,0.01,"7,301,100.00"
13/03/2025,"68,700.00","71,200.00","68,700.00","70,400.00","1,700.00",0.02,"12,565,600.00"
12/03/2025,"68,900.00","69,700.00","68,700.00","68,700.00",-200.00,0.00,"6,535,800.00"
11/03/2025,"68,200.00","68,900.00","68,100.00","68,900.00",0.00,0.00,"5,525,500.00"
10/03/2025,"69,000.00","69,900.00","68,700.00","68,900.00",-100.00,0.00,"5,261,800.00"
07/03/2025,"69,200.00","70,000.00","68,400.00","69,000.00",-200.00,0.00,"4,410,100.00"
06/03/2025,"68,400.00","69,200.00","68,200.00","69,200.00","1,000.00",0.01,"4,516,500.00"
05/03/2025,"69,300.00","70,200.00","68,200.00","68,200.00",-900.00,-0.01,"6,222,600.00"
04/03/2025,"68,000.00","69,100.00","67,400.00","69,100.00","1,100.00",0.02,"5,946,400.00"
03/03/2025,"67,800.00","68,400.00","67,700.00","68,000.00",300.00,0.00,"2,758,100.00"
28/02/2025,"68,400.00","68,500.00","67,500.00","67,700.00",-700.00,-0.01,"3,925,400.00"
27/02/2025,"68,500.00","69,300.00","68,200.00","68,400.00",100.00,0.00,"4,565,500.00"
26/02/2025,"68,400.00","68,600.00","68,000.00","68,300.00",-100.00,0.00,"2,082,800.00"
25/02/2025,"67,800.00","68,900.00","67,800.00","68,400.00",800.00,0.01,"5,119,200.00"
24/02/2025,"67,200.00","67,700.00","66,800.00","67,600.00",0.00,0.00,"10,848,600.00"
21/02/2025,"68,000.00","68,000.00","67,200.00","67,600.00",-400.00,-0.01,"2,315,500.00"
20/02/2025,"68,000.00","68,000.00","67,500.00","68,000.00",300.00,0.00,"3,259,400.00"
19/02/2025,"66,600.00","67,700.00","66,600.00","67,700.00","1,300.00",0.02,"3,261,800.00"
18/02/2025,"66,400.00","67,200.00","66,000.00","66,400.00",0.00,0.00,"3,858,400.00"
17/02/2025,"68,100.00","68,400.00","66,200.00","66,400.00","-1,700.00",-0.02,"8,957,700.00"
14/02/2025,"69,200.00","69,400.00","67,800.00","68,100.00",-800.00,-0.01,"4,239,400.00"
13/02/2025,"68,800.00","69,000.00","68,300.00","68,900.00",-100.00,0.00,"1,824,000.00"
12/02/2025,"68,700.00","69,100.00","68,300.00","69,000.00",300.00,0.00,"2,088,500.00"
11/02/2025,"68,800.00","68,900.00","68,100.00","68,700.00",-100.00,0.00,"2,435,600.00"
10/02/2025,"67,800.00","69,700.00","67,800.00","68,800.00","1,100.00",0.02,"6,909,800.00"
07/02/2025,"67,700.00","68,000.00","67,200.00","67,700.00",300.00,0.00,"15,540,300.00"
06/02/2025,"67,500.00","68,100.00","67,200.00","67,400.00",-100.00,0.00,"2,799,000.00"
05/02/2025,"68,700.00","68,700.00","67,300.00","67,500.00","-1,100.00",-0.02,"5,228,700.00"
04/02/2025,"68,100.00","68,800.00","68,100.00","68,600.00",600.00,0.01,"4,592,000.00"
03/02/2025,"67,800.00","68,400.00","67,000.00","68,000.00",0.00,0.00,"4,360,300.00"
24/01/2025,"65,500.00","68,000.00","65,400.00","68,000.00","2,600.00",0.04,"8,164,300.00"
23/01/2025,"65,300.00","66,100.00","65,200.00","65,400.00",200.00,0.00,"3,685,200.00"
22/01/2025,"65,800.00","66,200.00","65,200.00","65,200.00",-500.00,-0.01,"2,338,800.00"
21/01/2025,"65,600.00","66,400.00","65,400.00","65,700.00",200.00,0.00,"2,714,183.00"
20/01/2025,"66,000.00","66,300.00","65,500.00","65,500.00",-400.00,-0.01,"2,514,200.00"
17/01/2025,"66,300.00","66,400.00","65,700.00","65,900.00",-400.00,-0.01,"4,095,784.00"
16/01/2025,"66,500.00","66,500.00","65,300.00","66,300.00",500.00,0.01,"3,982,700.00"
15/01/2025,"64,500.00","66,400.00","64,000.00","65,800.00","2,100.00",0.03,"5,668,100.00"
14/01/2025,"65,000.00","65,300.00","63,700.00","63,700.00","-1,300.00",-0.02,"5,110,600.00"
13/01/2025,"65,400.00","65,500.00","64,400.00","65,000.00",-500.00,-0.01,"8,590,400.00"
10/01/2025,"67,300.00","67,400.00","65,500.00","65,500.00","-1,800.00",-0.03,"2,905,200.00"
09/01/2025,"67,800.00","68,100.00","66,800.00","67,300.00",-400.00,-0.01,"1,886,700.00"
08/01/2025,"66,900.00","68,000.00","66,600.00","67,700.00",900.00,0.01,"3,052,900.00"
07/01/2025,"67,300.00","68,200.00","66,500.00","66,800.00",-400.00,-0.01,"5,835,900.00"
06/01/2025,"69,800.00","70,200.00","67,200.00","67,200.00","-2,500.00",-0.04,"5,196,900.00"
03/01/2025,"70,800.00","70,800.00","69,600.00","69,700.00","-1,100.00",-0.02,"3,301,200.00"
02/01/2025,"70,100.00","70,900.00","70,000.00","70,800.00",800.00,0.01,"2,326,400.00"
31/12/2024,"70,200.00","70,800.00","70,000.00","70,000.00",-100.00,0.00,"3,616,400.00"
30/12/2024,"70,300.00","70,800.00","70,000.00","70,100.00",-300.00,0.00,"2,048,300.00"
27/12/2024,"70,500.00","71,100.00","70,400.00","70,400.00",-100.00,0.00,"17,468,100.00"
26/12/2024,"71,100.00","71,300.00","70,500.00","70,500.00",-200.00,0.00,"2,528,200.00"
25/12/2024,"70,200.00","71,200.00","70,200.00","70,700.00",500.00,0.01,"5,031,100.00"
24/12/2024,"70,400.00","70,600.00","69,900.00","70,200.00",-100.00,0.00,"5,710,400.00"
23/12/2024,"70,900.00","71,000.00","70,300.00","70,300.00",0.00,0.00,"8,671,400.00"
20/12/2024,"70,500.00","70,600.00","70,000.00","70,300.00",-100.00,0.00,"2,753,800.00"
19/12/2024,"71,000.00","71,200.00","70,300.00","70,400.00","-1,000.00",-0.01,"5,804,200.00"
18/12/2024,"71,100.00","71,400.00","71,000.00","71,400.00",400.00,0.01,"8,143,900.00"
17/12/2024,"71,000.00","71,300.00","71,000.00","71,000.00",-100.00,0.00,"2,650,300.00"
16/12/2024,"71,200.00","71,700.00","70,900.00","71,100.00",0.00,0.00,"2,462,600.00"
13/12/2024,"72,000.00","72,000.00","71,000.00","71,100.00","-1,000.00",-0.01,"4,022,600.00"
12/12/2024,"72,500.00","72,700.00","72,100.00","72,100.00",-600.00,-0.01,"2,674,500.00"
11/12/2024,"73,000.00","73,700.00","72,200.00","72,700.00",0.00,0.00,"2,857,600.00"
10/12/2024,"73,000.00","73,300.00","72,700.00","72,700.00",-500.00,-0.01,"2,512,300.00"
09/12/2024,"73,400.00","73,600.00","73,100.00","73,200.00",-200.00,0.00,"2,968,900.00"
06/12/2024,"74,100.00","74,200.00","73,200.00","73,400.00",-300.00,0.00,"5,635,400.00"
05/12/2024,"71,900.00","73,700.00","71,800.00","73,700.00","1,600.00",0.02,"5,905,900.00"
04/12/2024,"72,500.00","72,500.00","71,400.00","72,100.00",-600.00,-0.01,"4,106,400.00"
03/12/2024,"72,400.00","73,000.00","72,400.00","72,700.00",100.00,0.00,"2,948,400.00"
02/12/2024,"73,200.00","73,500.00","72,500.00","72,600.00",-600.00,-0.01,"3,051,900.00"
29/11/2024,"72,500.00","73,600.00","72,200.00","73,200.00",800.00,0.01,"7,088,800.00"
28/11/2024,"72,900.00","73,000.00","72,200.00","72,400.00",-300.00,0.00,"3,106,100.00"
27/11/2024,"72,500.00","72,900.00","72,400.00","72,700.00",0.00,0.00,"4,870,300.00"
26/11/2024,"72,300.00","73,100.00","72,100.00","72,700.00",500.00,0.01,"6,909,300.00"
25/11/2024,"71,200.00","72,500.00","71,000.00","72,200.00","1,200.00",0.02,"5,253,500.00"
22/11/2024,"71,300.00","71,600.00","70,800.00","71,000.00",-300.00,0.00,"4,078,600.00"
21/11/2024,"70,500.00","71,500.00","70,100.00","71,300.00","1,000.00",0.01,"4,449,500.00"
20/11/2024,"69,900.00","70,900.00","69,100.00","70,300.00",300.00,0.00,"4,305,900.00"
19/11/2024,"70,600.00","71,400.00","70,000.00","70,000.00",-300.00,0.00,"9,301,700.00"
18/11/2024,"70,600.00","71,100.00","69,300.00","70,300.00",-300.00,0.00,"5,225,100.00"
15/11/2024,"71,100.00","71,700.00","70,600.00","70,600.00",-800.00,-0.01,"5,685,500.00"
14/11/2024,"72,600.00","73,200.00","71,400.00","71,400.00","-1,600.00",-0.02,"4,659,100.00"
13/11/2024,"72,300.00","73,100.00","71,900.00","73,000.00",500.00,0.01,"4,122,600.00"
12/11/2024,"73,500.00","73,900.00","72,400.00","72,500.00","-1,000.00",-0.01,"4,155,000.00"
11/11/2024,"72,300.00","73,700.00","71,300.00","73,500.00","1,200.00",0.02,"10,964,800.00"
08/11/2024,"73,300.00","73,600.00","72,200.00","72,300.00","-1,000.00",-0.01,"7,811,800.00"
07/11/2024,"74,300.00","74,400.00","73,300.00","73,300.00",-900.00,-0.01,"4,553,800.00"
06/11/2024,"73,500.00","74,400.00","73,300.00","74,200.00","1,100.00",0.02,"6,268,000.00"
05/11/2024,"73,200.00","73,700.00","73,000.00","73,100.00",-100.00,0.00,"5,382,700.00"
04/11/2024,"74,500.00","74,700.00","73,100.00","73,200.00","-1,300.00",-0.02,"8,923,700.00"
01/11/2024,"76,100.00","76,400.00","74,200.00","74,500.00","-2,100.00",-0.03,"13,127,901.00"
31/10/2024,"77,300.00","77,400.00","76,000.00","76,600.00","-1,500.00",-0.02,"84,922,200.00"
30/10/2024,"78,000.00","78,100.00","76,800.00","78,100.00",100.00,0.00,"6,562,500.00"
29/10/2024,"78,100.00","78,200.00","77,300.00","78,000.00",100.00,0.00,"3,292,200.00"
28/10/2024,"77,200.00","77,900.00","76,300.00","77,900.00",700.00,0.01,"7,235,500.00"
25/10/2024,"79,100.00","79,300.00","77,200.00","77,200.00","-1,300.00",-0.02,"11,371,500.00"
24/10/2024,"79,500.00","80,600.00","78,500.00","78,500.00",-900.00,-0.01,"5,506,000.00"
23/10/2024,"79,000.00","80,100.00","78,300.00","79,400.00",500.00,0.01,"4,189,400.00"
22/10/2024,"80,000.00","80,400.00","78,500.00","78,900.00","-1,300.00",-0.02,"7,311,400.00"
21/10/2024,"80,100.00","81,200.00","79,700.00","80,200.00",-200.00,0.00,"5,181,300.00"
18/10/2024,"81,300.00","81,400.00","80,300.00","80,400.00",-600.00,-0.01,"5,100,526.00"
17/10/2024,"80,600.00","81,000.00","79,300.00","81,000.00",600.00,0.01,"5,878,322.00"
16/10/2024,"80,800.00","82,300.00","80,000.00","80,400.00",-400.00,0.00,"8,379,600.00"
15/10/2024,"80,300.00","81,500.00","80,200.00","80,800.00",500.00,0.01,"6,647,805.00"
14/10/2024,"82,000.00","82,100.00","80,100.00","80,300.00",-800.00,-0.01,"10,204,400.00"
11/10/2024,"80,200.00","81,100.00","79,500.00","81,100.00","1,100.00",0.01,"6,900,414.00"
10/10/2024,"78,000.00","80,500.00","77,900.00","80,000.00","3,000.00",0.04,"19,910,851.00"
09/10/2024,"75,300.00","77,100.00","75,100.00","77,000.00","1,800.00",0.02,"8,388,357.00"
08/10/2024,"75,000.00","75,400.00","74,600.00","75,200.00",400.00,0.01,"2,771,375.00"
07/10/2024,"76,000.00","76,300.00","74,500.00","74,800.00",-800.00,-0.01,"4,123,200.00"
04/10/2024,"76,000.00","76,400.00","75,500.00","75,600.00",-400.00,-0.01,"3,189,400.00"
03/10/2024,"76,000.00","77,300.00","76,000.00","76,000.00",0.00,0.00,"7,165,200.00"
02/10/2024,"76,300.00","76,500.00","76,000.00","76,000.00",-600.00,-0.01,"2,345,800.00"
01/10/2024,"75,800.00","77,400.00","75,800.00","76,600.00",900.00,0.01,"6,932,000.00"
30/09/2024,"75,900.00","76,600.00","75,600.00","75,700.00",-200.00,0.00,"3,473,409.00"
27/09/2024,"76,300.00","76,400.00","75,200.00","75,900.00",-200.00,0.00,"17,355,200.00"
26/09/2024,"75,800.00","76,400.00","75,700.00","76,100.00",600.00,0.01,"4,617,436.00"
25/09/2024,"75,100.00","75,800.00","75,100.00","75,500.00",700.00,0.01,"6,849,819.00"
24/09/2024,"74,400.00","74,800.00","74,000.00","74,800.00",400.00,0.01,"3,064,407.00"
23/09/2024,"74,700.00","75,300.00","74,400.00","74,400.00",-300.00,0.00,"1,836,800.00"
20/09/2024,"75,000.00","75,700.00","74,600.00","74,700.00",300.00,0.00,"8,337,819.00"
19/09/2024,"74,500.00","74,800.00","74,000.00","74,400.00",0.00,0.00,"2,688,338.00"
18/09/2024,"74,700.00","75,300.00","74,400.00","74,400.00",-100.00,0.00,"7,993,817.00"
17/09/2024,"73,000.00","74,500.00","72,800.00","74,500.00","1,600.00",0.02,"2,785,116.00"
16/09/2024,"74,200.00","74,600.00","72,800.00","72,900.00","-1,300.00",-0.02,"5,090,500.00"
13/09/2024,"75,100.00","75,400.00","74,200.00","74,200.00",-900.00,-0.01,"3,115,808.00"
12/09/2024,"75,600.00","75,800.00","74,900.00","75,100.00",0.00,0.00,"1,664,595.00"
11/09/2024,"75,200.00","75,700.00","74,800.00","75,100.00",-100.00,0.00,"2,895,253.00"
10/09/2024,"75,500.00","77,000.00","75,200.00","75,200.00",-200.00,0.00,"6,186,138.00"
09/09/2024,"75,800.00","75,900.00","75,100.00","75,400.00",-600.00,-0.01,"3,747,400.00"
06/09/2024,"74,200.00","76,000.00","74,000.00","76,000.00","1,900.00",0.03,"5,077,500.00"
05/09/2024,"75,200.00","75,900.00","74,100.00","74,100.00","-1,200.00",-0.02,"4,990,932.00"
04/09/2024,"75,300.00","76,000.00","75,200.00","75,300.00","-1,200.00",-0.02,"5,296,107.00"
30/08/2024,"77,100.00","77,600.00","76,500.00","76,500.00",-400.00,-0.01,"3,684,000.00"
29/08/2024,"77,400.00","77,500.00","76,800.00","76,900.00",-200.00,0.00,"1,890,987.00"
28/08/2024,"77,000.00","77,900.00","76,800.00","77,100.00",300.00,0.00,"7,428,738.00"
27/08/2024,"76,300.00","76,800.00","75,600.00","76,800.00",600.00,0.01,"5,246,023.00"
26/08/2024,"78,100.00","78,200.00","76,200.00","76,200.00","-1,700.00",-0.02,"8,898,127.00"
23/08/2024,"78,400.00","79,000.00","77,400.00","77,900.00",-100.00,0.00,"4,063,028.00"
22/08/2024,"77,700.00","79,600.00","77,300.00","78,000.00",500.00,0.01,"7,843,839.00"
21/08/2024,"77,600.00","78,500.00","77,100.00","77,500.00",-100.00,0.00,"8,444,336.00"
20/08/2024,"77,700.00","79,100.00","77,500.00","77,600.00",-200.00,0.00,"5,748,450.00"
19/08/2024,"77,800.00","79,000.00","77,100.00","77,800.00",500.00,0.01,"5,460,753.00"
16/08/2024,"75,400.00","77,500.00","75,200.00","77,300.00","2,300.00",0.03,"8,146,739.00"
15/08/2024,"76,700.00","76,700.00","75,000.00","75,000.00","-1,500.00",-0.02,"3,474,953.00"
14/08/2024,"75,200.00","77,300.00","74,900.00","76,500.00","1,700.00",0.02,"10,253,711.00"
13/08/2024,"75,000.00","75,200.00","73,800.00","74,800.00",-400.00,-0.01,"4,915,200.00"
12/08/2024,"75,500.00","76,200.00","74,300.00","75,200.00",0.00,0.00,"4,458,500.00"
09/08/2024,"74,600.00","75,300.00","74,500.00","75,200.00",700.00,0.01,"3,965,800.00"
08/08/2024,"73,000.00","75,600.00","72,700.00","74,500.00","1,500.00",0.02,"9,533,100.00"
07/08/2024,"73,300.00","73,500.00","72,200.00","73,000.00",-200.00,0.00,"8,529,400.00"
06/08/2024,"71,000.00","73,400.00","70,500.00","73,200.00","2,700.00",0.04,"5,531,100.00"
05/08/2024,"71,300.00","72,700.00","70,200.00","70,500.00","-1,700.00",-0.02,"6,280,600.00"
02/08/2024,"71,000.00","73,200.00","71,000.00","72,200.00",400.00,0.01,"5,573,700.00"
01/08/2024,"74,100.00","74,900.00","70,800.00","71,800.00","-2,300.00",-0.03,"7,659,500.00"
31/07/2024,"75,000.00","75,000.00","74,100.00","74,100.00",-500.00,-0.01,"4,863,400.00"
30/07/2024,"74,000.00","75,300.00","73,800.00","74,600.00",600.00,0.01,"5,717,400.00"
29/07/2024,"74,800.00","74,900.00","73,700.00","74,000.00",0.00,0.00,"3,739,200.00"
26/07/2024,"71,000.00","74,000.00","71,000.00","74,000.00","3,000.00",0.04,"7,229,400.00"
25/07/2024,"71,100.00","71,400.00","70,800.00","71,000.00",-500.00,-0.01,"1,665,300.00"
24/07/2024,"70,800.00","72,200.00","70,200.00","71,500.00",500.00,0.01,"3,785,000.00"
23/07/2024,"72,400.00","72,400.00","70,100.00","71,000.00","-1,200.00",-0.02,"3,395,900.00"
22/07/2024,"71,100.00","72,600.00","70,400.00","72,200.00","1,200.00",0.02,"4,208,800.00"
19/07/2024,"71,500.00","71,600.00","70,700.00","71,000.00",-200.00,0.00,"4,785,648.00"
18/07/2024,"71,800.00","72,300.00","70,200.00","71,200.00",-600.00,-0.01,"7,663,895.00"
17/07/2024,"74,300.00","74,300.00","71,000.00","71,800.00","-2,200.00",-0.03,"5,895,701.00"
16/07/2024,"74,700.00","75,300.00","73,800.00","74,000.00",-500.00,-0.01,"4,286,594.00"
15/07/2024,"74,800.00","75,000.00","74,200.00","74,500.00",-300.00,0.00,"2,908,320.00"
12/07/2024,"75,800.00","76,100.00","74,600.00","74,800.00","-1,000.00",-0.01,"4,442,142.00"
11/07/2024,"77,200.00","77,200.00","75,800.00","75,800.00","-1,000.00",-0.01,"3,853,813.00"
10/07/2024,"76,600.00","77,500.00","76,400.00","76,800.00",300.00,0.00,"9,414,747.00"
09/07/2024,"76,200.00","76,500.00","75,500.00","76,500.00",300.00,0.00,"6,102,280.00"
08/07/2024,"77,000.00","77,000.00","75,700.00","76,200.00",-500.00,-0.01,"6,016,380.00"
05/07/2024,"77,000.00","77,000.00","76,300.00","76,700.00",-100.00,0.00,"2,539,450.00"
04/07/2024,"76,900.00","77,800.00","76,500.00","76,800.00",300.00,0.00,"6,265,680.00"
03/07/2024,"76,500.00","76,600.00","75,800.00","76,500.00",200.00,0.00,"2,551,380.00"
02/07/2024,"76,100.00","76,800.00","76,000.00","76,300.00",300.00,0.00,"2,695,781.00"
01/07/2024,"74,700.00","76,200.00","74,700.00","76,000.00","1,300.00",0.02,"2,944,736.00"
28/06/2024,"74,600.00","76,200.00","74,500.00","74,700.00",200.00,0.00,"20,060,944.00"
27/06/2024,"73,900.00","75,200.00","73,600.00","74,500.00",500.00,0.01,"3,845,782.00"
26/06/2024,"73,900.00","74,500.00","73,100.00","74,000.00",100.00,0.00,"3,548,273.00"
25/06/2024,"74,200.00","74,500.00","73,600.00","73,900.00",200.00,0.00,"10,974,549.00"
24/06/2024,"75,500.00","76,300.00","73,700.00","73,700.00","-2,500.00",-0.03,"9,626,453.00"
21/06/2024,"75,800.00","77,500.00","75,500.00","76,200.00",400.00,0.01,"3,974,184.00"
20/06/2024,"75,600.00","76,200.00","75,100.00","75,800.00",200.00,0.00,"4,159,528.00"
19/06/2024,"76,700.00","76,700.00","74,900.00","75,600.00",-600.00,-0.01,"8,534,847.00"
18/06/2024,"76,200.00","77,300.00","76,200.00","76,200.00",0.00,0.00,"9,161,600.00"
17/06/2024,"78,000.00","78,000.00","76,200.00","76,200.00","-1,800.00",-0.02,"6,262,500.00"
14/06/2024,"78,700.00","80,300.00","78,000.00","78,000.00",-600.00,-0.01,"13,131,600.00"
13/06/2024,"78,500.00","78,800.00","78,000.00","78,600.00",800.00,0.01,"6,235,400.00"
12/06/2024,"76,000.00","78,100.00","76,000.00","77,800.00","2,000.00",0.03,"5,837,700.00"
11/06/2024,"77,200.00","77,500.00","75,700.00","75,800.00","-1,300.00",-0.02,"7,063,580.00"
10/06/2024,"77,600.00","78,000.00","76,800.00","77,100.00",-500.00,-0.01,"5,324,195.00"
07/06/2024,"78,500.00","78,600.00","77,000.00","77,600.00",-500.00,-0.01,"4,641,265.00"
06/06/2024,"78,400.00","78,800.00","77,500.00","78,100.00",0.00,0.00,"4,727,375.00"
05/06/2024,"77,500.00","79,400.00","77,500.00","78,100.00",600.00,0.01,"7,579,970.00"
04/06/2024,"78,000.00","78,000.00","77,100.00","77,500.00",-200.00,0.00,"4,454,799.00"
03/06/2024,"77,300.00","78,500.00","76,800.00","77,700.00","1,100.00",0.01,"9,948,081.00"
31/05/2024,"78,000.00","78,400.00","76,600.00","76,600.00",-600.00,-0.01,"5,592,453.00"
30/05/2024,"74,300.00","77,400.00","74,100.00","77,200.00","2,200.00",0.03,"11,181,451.00"
29/05/2024,"75,700.00","76,900.00","75,000.00","75,000.00",-500.00,-0.01,"8,003,843.00"
28/05/2024,"74,200.00","75,500.00","73,800.00","75,500.00","2,000.00",0.03,"7,316,602.00"
27/05/2024,"73,500.00","74,000.00","72,700.00","73,500.00",0.00,0.00,"3,901,609.00"
24/05/2024,"75,500.00","76,300.00","73,100.00","73,500.00","-2,300.00",-0.03,"7,669,883.00"
23/05/2024,"73,900.00","75,800.00","73,200.00","75,800.00","1,900.00",0.03,"6,128,208.00"
22/05/2024,"76,000.00","76,400.00","73,800.00","73,900.00","-1,900.00",-0.03,"8,374,528.00"
21/05/2024,"76,200.00","76,500.00","74,900.00","75,800.00",-600.00,-0.01,"8,266,718.00"
20/05/2024,"76,500.00","77,300.00","75,700.00","76,400.00",900.00,0.01,"7,890,009.00"
17/05/2024,"72,600.00","76,000.00","72,400.00","75,500.00","3,100.00",0.04,"12,901,027.00"
16/05/2024,"72,900.00","73,000.00","72,000.00","72,400.00",200.00,0.00,"4,065,412.00"
15/05/2024,"72,000.00","73,300.00","71,900.00","72,200.00","1,600.00",0.02,"7,168,869.00"
14/05/2024,"71,000.00","71,400.00","70,100.00","70,600.00",-200.00,0.00,"3,692,200.00"
13/05/2024,"70,900.00","71,700.00","70,300.00","70,800.00",0.00,0.00,"3,182,644.00"
10/05/2024,"71,400.00","71,900.00","70,600.00","70,800.00",-600.00,-0.01,"3,814,828.00"
09/05/2024,"72,100.00","73,800.00","70,600.00","71,400.00",-900.00,-0.01,"8,411,512.00"
08/05/2024,"70,900.00","73,200.00","70,200.00","72,300.00","1,100.00",0.02,"6,123,100.00"
07/05/2024,"71,400.00","71,500.00","70,500.00","71,200.00",100.00,0.00,"4,501,000.00"
06/05/2024,"70,700.00","71,300.00","70,100.00","71,100.00","1,300.00",0.02,"8,071,800.00"
03/05/2024,"68,600.00","70,900.00","68,100.00","69,800.00","1,800.00",0.03,"7,793,300.00"
02/05/2024,"67,800.00","68,000.00","67,100.00","68,000.00",800.00,0.01,"2,279,400.00"
26/04/2024,"67,500.00","68,300.00","67,100.00","67,200.00",-900.00,-0.01,"5,034,000.00"
25/04/2024,"67,200.00","68,500.00","66,200.00","68,100.00","1,200.00",0.02,"6,074,900.00"
24/04/2024,"65,500.00","67,500.00","65,200.00","66,900.00","2,200.00",0.03,"3,276,700.00"
23/04/2024,"67,700.00","67,700.00","64,500.00","64,700.00","-2,200.00",-0.03,"5,067,400.00"
22/04/2024,"67,300.00","67,500.00","66,700.00","66,900.00",400.00,0.01,"2,931,700.00"
19/04/2024,"66,000.00","67,900.00","65,900.00","66,500.00",-300.00,0.00,"4,807,700.00"
17/04/2024,"66,400.00","68,900.00","65,500.00","66,800.00",700.00,0.01,"7,516,500.00"
16/04/2024,"66,900.00","67,400.00","64,600.00","66,100.00",-800.00,-0.01,"8,583,900.00"
15/04/2024,"71,900.00","71,900.00","66,900.00","66,900.00","-5,000.00",-0.07,"11,275,300.00"
12/04/2024,"71,800.00","72,600.00","71,700.00","71,900.00",100.00,0.00,"3,572,900.00"
11/04/2024,"71,900.00","72,200.00","71,500.00","71,800.00",-700.00,-0.01,"3,576,900.00"
10/04/2024,"73,500.00","73,900.00","72,500.00","72,500.00","-1,000.00",-0.01,"3,240,600.00"
09/04/2024,"72,400.00","73,500.00","72,200.00","73,500.00","1,600.00",0.02,"4,344,200.00"
08/04/2024,"72,100.00","72,800.00","71,700.00","71,900.00",0.00,0.00,"6,976,400.00"
05/04/2024,"72,800.00","73,200.00","71,900.00","71,900.00","-1,500.00",-0.02,"5,609,400.00"
04/04/2024,"73,100.00","74,500.00","73,000.00","73,400.00",0.00,0.00,"3,911,100.00"
03/04/2024,"74,500.00","75,400.00","73,200.00","73,400.00","-1,100.00",-0.01,"5,146,800.00"
02/04/2024,"73,400.00","75,000.00","73,300.00","74,500.00","1,100.00",0.01,"5,338,600.00"
01/04/2024,"74,400.00","74,900.00","72,600.00","73,400.00",-800.00,-0.01,"7,701,100.00"
29/03/2024,"76,500.00","76,500.00","74,200.00","74,200.00","-1,800.00",-0.02,"20,708,900.00"
28/03/2024,"76,900.00","77,700.00","75,700.00","76,000.00",600.00,0.01,"6,375,000.00"
27/03/2024,"75,000.00","76,100.00","74,100.00","75,400.00","1,400.00",0.02,"45,670,706.00"
26/03/2024,"75,900.00","76,200.00","74,000.00","74,000.00","-1,500.00",-0.02,"6,508,600.00"
25/03/2024,"78,000.00","78,500.00","75,400.00","75,500.00","-3,000.00",-0.04,"10,423,500.00"
22/03/2024,"79,300.00","80,900.00","78,300.00","78,500.00",500.00,0.01,"6,065,600.00"
21/03/2024,"78,500.00","78,800.00","77,600.00","78,000.00",700.00,0.01,"6,563,900.00"
20/03/2024,"77,400.00","77,800.00","76,500.00","77,300.00",-100.00,0.00,"5,594,600.00"
19/03/2024,"77,900.00","79,400.00","77,200.00","77,400.00",-500.00,-0.01,"3,158,300.00"
18/03/2024,"77,800.00","78,900.00","73,900.00","77,900.00",-600.00,-0.01,"8,327,700.00"
15/03/2024,"78,300.00","79,200.00","76,800.00","78,500.00",-400.00,-0.01,"10,876,000.00"
14/03/2024,"81,500.00","81,600.00","78,700.00","78,900.00","-2,000.00",-0.02,"6,493,200.00"
13/03/2024,"79,000.00","81,000.00","78,900.00","80,900.00","2,200.00",0.03,"12,034,700.00"
12/03/2024,"77,500.00","79,400.00","77,200.00","78,700.00","1,200.00",0.02,"6,570,700.00"
11/03/2024,"78,500.00","81,100.00","76,600.00","77,500.00","-1,000.00",-0.01,"8,357,800.00"
08/03/2024,"81,000.00","81,000.00","78,000.00","78,500.00","-2,300.00",-0.03,"7,454,600.00"
07/03/2024,"77,000.00","80,800.00","76,400.00","80,800.00","3,900.00",0.05,"8,741,100.00"
06/03/2024,"76,800.00","77,800.00","75,700.00","76,900.00","1,200.00",0.02,"6,923,400.00"
05/03/2024,"71,200.00","75,700.00","70,900.00","75,700.00","4,900.00",0.07,"13,059,700.00"
04/03/2024,"70,700.00","71,100.00","69,900.00","70,800.00",300.00,0.00,"8,102,800.00"
01/03/2024,"70,400.00","71,200.00","70,000.00","70,500.00",100.00,0.00,"3,757,800.00"
29/02/2024,"69,400.00","71,500.00","69,100.00","70,400.00","2,100.00",0.03,"8,297,600.00"
28/02/2024,"68,000.00","68,400.00","67,700.00","68,300.00",700.00,0.01,"3,481,000.00"
27/02/2024,"66,700.00","68,200.00","66,700.00","67,600.00",900.00,0.01,"3,037,600.00"
26/02/2024,"66,700.00","67,400.00","66,100.00","66,700.00",0.00,0.00,"4,301,700.00"
23/02/2024,"68,300.00","68,900.00","66,600.00","66,700.00","-1,400.00",-0.02,"4,932,200.00"
22/02/2024,"68,100.00","69,300.00","67,800.00","68,100.00",100.00,0.00,"4,149,500.00"
21/02/2024,"68,800.00","68,900.00","67,700.00","68,000.00",-800.00,-0.01,"3,336,800.00"
20/02/2024,"69,700.00","69,700.00","68,200.00","68,800.00",-100.00,0.00,"3,827,000.00"
19/02/2024,"66,500.00","69,400.00","66,500.00","68,900.00","2,700.00",0.04,"8,662,600.00"
16/02/2024,"65,100.00","66,400.00","65,100.00","66,200.00","1,300.00",0.02,"3,514,100.00"
15/02/2024,"65,000.00","65,700.00","64,900.00","64,900.00",0.00,0.00,"2,030,300.00"
07/02/2024,"65,000.00","65,300.00","64,600.00","64,900.00",100.00,0.00,"1,772,400.00"
06/02/2024,"65,300.00","65,300.00","64,700.00","64,800.00",-100.00,0.00,"2,160,300.00"
05/02/2024,"65,400.00","65,700.00","64,700.00","64,900.00",-500.00,-0.01,"1,612,700.00"
02/02/2024,"65,600.00","65,600.00","65,000.00","65,400.00",300.00,0.00,"1,607,400.00"
01/02/2024,"64,400.00","65,500.00","64,400.00","65,100.00",700.00,0.01,"1,692,500.00"
31/01/2024,"66,500.00","66,600.00","64,400.00","64,400.00","-1,700.00",-0.03,"4,522,100.00"
30/01/2024,"65,600.00","66,600.00","65,600.00","66,100.00",500.00,0.01,"1,170,700.00"
29/01/2024,"66,000.00","66,400.00","65,500.00","65,600.00",-200.00,0.00,"1,429,100.00"
26/01/2024,"67,000.00","67,000.00","65,800.00","65,800.00","-1,000.00",-0.01,"1,936,600.00"
25/01/2024,"66,400.00","66,800.00","66,100.00","66,800.00",600.00,0.01,"1,161,400.00"
24/01/2024,"67,000.00","67,500.00","66,200.00","66,200.00","-1,300.00",-0.02,"2,992,900.00"
23/01/2024,"67,800.00","67,800.00","66,500.00","67,500.00",-200.00,0.00,"2,445,600.00"
22/01/2024,"68,500.00","68,500.00","67,000.00","67,700.00",-100.00,0.00,"3,151,900.00"
19/01/2024,"66,700.00","68,400.00","66,700.00","67,800.00","1,400.00",0.02,"3,305,300.00"
18/01/2024,"66,400.00","67,000.00","66,400.00","66,400.00",100.00,0.00,"1,954,100.00"
17/01/2024,"67,100.00","67,500.00","66,300.00","66,300.00",-800.00,-0.01,"1,904,200.00"
16/01/2024,"65,600.00","67,300.00","65,300.00","67,100.00","1,500.00",0.02,"3,269,100.00"
15/01/2024,"65,300.00","66,100.00","65,200.00","65,600.00",800.00,0.01,"1,312,000.00"
12/01/2024,"66,000.00","66,000.00","64,800.00","64,800.00","-1,300.00",-0.02,"3,812,500.00"
11/01/2024,"66,400.00","66,900.00","66,000.00","66,100.00",-100.00,0.00,"2,173,000.00"
10/01/2024,"66,200.00","67,500.00","66,100.00","66,200.00",100.00,0.00,"2,538,100.00"
09/01/2024,"66,700.00","67,400.00","66,000.00","66,100.00",-500.00,-0.01,"2,177,500.00"
08/01/2024,"68,000.00","68,000.00","66,600.00","66,600.00","-1,300.00",-0.02,"4,763,300.00"
05/01/2024,"68,200.00","68,300.00","66,600.00","67,900.00",-200.00,0.00,"3,405,400.00"
04/01/2024,"69,000.00","69,100.00","68,100.00","68,100.00",-800.00,-0.01,"2,526,000.00"
03/01/2024,"68,000.00","68,900.00","67,700.00","68,900.00",500.00,0.01,"6,099,400.00"
02/01/2024,"67,700.00","69,300.00","67,300.00","68,400.00","1,400.00",0.02,"3,624,100.00"
29/12/2023,"67,100.00","68,300.00","67,000.00","67,000.00",0.00,0.00,"14,980,800.00"
28/12/2023,"67,100.00","67,600.00","66,600.00","67,000.00",0.00,0.00,"5,612,000.00"
27/12/2023,"66,200.00","67,900.00","66,000.00","67,000.00",800.00,0.01,"7,587,900.00"
26/12/2023,"66,900.00","66,900.00","65,600.00","66,200.00",-200.00,0.00,"2,681,200.00"
25/12/2023,"63,200.00","66,500.00","63,200.00","66,400.00","3,400.00",0.05,"3,234,900.00"
22/12/2023,"64,000.00","64,200.00","63,000.00","63,000.00",-700.00,-0.01,"3,973,600.00"
21/12/2023,"63,000.00","64,400.00","63,000.00","63,700.00",-200.00,0.00,"1,427,500.00"
20/12/2023,"62,800.00","64,000.00","62,500.00","63,900.00","1,700.00",0.03,"1,655,900.00"
19/12/2023,"62,900.00","63,500.00","61,800.00","62,200.00",-700.00,-0.01,"6,714,100.00"
18/12/2023,"63,200.00","63,800.00","62,600.00","62,900.00",-100.00,0.00,"2,630,800.00"
15/12/2023,"65,000.00","65,000.00","63,000.00","63,000.00","-2,000.00",-0.03,"4,241,400.00"
14/12/2023,"66,300.00","66,500.00","64,800.00","65,000.00",-800.00,-0.01,"1,750,100.00"
13/12/2023,"66,500.00","67,400.00","65,700.00","65,800.00",-400.00,-0.01,"2,760,300.00"
12/12/2023,"67,700.00","67,700.00","65,700.00","66,200.00","-1,300.00",-0.02,"10,242,400.00"
11/12/2023,"66,800.00","68,000.00","66,700.00","67,500.00","1,300.00",0.02,"9,624,400.00"
08/12/2023,"63,500.00","66,900.00","63,500.00","66,200.00","2,700.00",0.04,"5,462,100.00"
07/12/2023,"62,200.00","64,200.00","62,100.00","63,500.00","1,400.00",0.02,"3,977,500.00"
06/12/2023,"61,400.00","62,300.00","61,400.00","62,100.00",700.00,0.01,"4,570,400.00"
05/12/2023,"62,300.00","62,400.00","61,400.00","61,400.00",-800.00,-0.01,"1,426,500.00"
04/12/2023,"61,500.00","63,000.00","61,500.00","62,200.00",700.00,0.01,"1,303,600.00"
01/12/2023,"61,000.00","61,800.00","60,800.00","61,500.00","1,000.00",0.02,"1,080,400.00"
30/11/2023,"62,200.00","62,900.00","60,500.00","60,500.00","-2,400.00",-0.04,"2,262,200.00"
29/11/2023,"61,500.00","63,000.00","61,500.00","62,900.00","1,600.00",0.03,"1,595,200.00"
28/11/2023,"60,900.00","61,800.00","59,900.00","61,300.00",400.00,0.01,"1,344,200.00"
27/11/2023,"62,000.00","62,300.00","60,900.00","60,900.00",-900.00,-0.01,"4,823,800.00"
24/11/2023,"63,400.00","63,500.00","60,600.00","61,800.00","-1,500.00",-0.02,"3,716,400.00"
23/11/2023,"65,500.00","65,500.00","63,300.00","63,300.00","-1,600.00",-0.02,"1,594,500.00"
22/11/2023,"64,700.00","65,500.00","63,600.00","64,900.00",300.00,0.00,"1,764,000.00"
21/11/2023,"64,900.00","64,900.00","63,600.00","64,600.00","1,000.00",0.02,"1,393,000.00"
20/11/2023,"62,700.00","65,000.00","62,700.00","63,600.00",-500.00,-0.01,"1,336,400.00"
17/11/2023,"66,700.00","67,000.00","63,400.00","64,100.00","-1,900.00",-0.03,"2,889,900.00"
16/11/2023,"66,800.00","66,900.00","65,400.00","66,000.00",200.00,0.00,"1,450,600.00"
15/11/2023,"63,600.00","66,900.00","63,500.00","65,800.00","3,200.00",0.05,"3,867,100.00"
14/11/2023,"62,200.00","62,800.00","61,600.00","62,600.00",600.00,0.01,"1,533,100.00"
13/11/2023,"62,000.00","62,900.00","61,000.00","62,000.00",300.00,0.00,"1,259,500.00"
10/11/2023,"62,000.00","63,400.00","61,700.00","61,700.00","-1,100.00",-0.02,"1,581,800.00"
09/11/2023,"63,900.00","64,500.00","62,700.00","62,800.00","-1,000.00",-0.02,"1,616,400.00"
08/11/2023,"62,000.00","63,900.00","60,500.00","63,800.00","1,800.00",0.03,"2,102,400.00"
07/11/2023,"64,000.00","64,000.00","62,000.00","62,000.00","-2,000.00",-0.03,"1,583,400.00"
06/11/2023,"64,000.00","64,600.00","63,000.00","64,000.00",100.00,0.00,"10,632,500.00"
03/11/2023,"63,000.00","63,900.00","61,700.00","63,900.00","1,200.00",0.02,"1,619,400.00"
02/11/2023,"60,500.00","62,800.00","59,800.00","62,700.00","3,200.00",0.05,"1,571,400.00"
01/11/2023,"58,200.00","59,500.00","57,000.00","59,500.00","1,300.00",0.02,"1,807,900.00"
31/10/2023,"59,000.00","59,000.00","56,000.00","58,200.00",200.00,0.00,"2,913,300.00"
30/10/2023,"56,000.00","59,200.00","56,000.00","58,000.00",200.00,0.00,"2,162,100.00"
27/10/2023,"62,000.00","62,000.00","57,200.00","57,800.00","-3,600.00",-0.06,"6,771,500.00"
26/10/2023,"64,800.00","64,800.00","61,400.00","61,400.00","-4,600.00",-0.07,"3,585,400.00"
25/10/2023,"67,000.00","67,500.00","66,000.00","66,000.00",-900.00,-0.01,"1,385,400.00"
24/10/2023,"66,200.00","67,300.00","64,900.00","66,900.00",900.00,0.01,"1,638,700.00"
23/10/2023,"68,000.00","68,100.00","65,800.00","66,000.00","-3,000.00",-0.04,"2,129,600.00"
20/10/2023,"66,400.00","69,000.00","65,900.00","69,000.00","2,600.00",0.04,"1,883,100.00"
19/10/2023,"68,300.00","68,400.00","65,900.00","66,400.00","-1,900.00",-0.03,"2,406,000.00"
18/10/2023,"71,000.00","71,500.00","67,500.00","68,300.00","-2,700.00",-0.04,"1,882,700.00"
17/10/2023,"72,000.00","72,300.00","71,000.00","71,000.00",-600.00,-0.01,"816,500.00"
16/10/2023,"72,500.00","72,500.00","71,600.00","71,600.00","-1,100.00",-0.02,"1,004,000.00"
13/10/2023,"72,500.00","73,500.00","71,600.00","72,700.00",-400.00,-0.01,"1,242,300.00"
12/10/2023,"74,000.00","74,100.00","73,000.00","73,100.00",-700.00,-0.01,"1,082,600.00"
11/10/2023,"73,500.00","73,800.00","72,200.00","73,800.00",600.00,0.01,"2,339,700.00"
10/10/2023,"74,000.00","74,300.00","73,200.00","73,200.00",-300.00,0.00,"926,500.00"
09/10/2023,"72,200.00","74,000.00","72,100.00","73,500.00",800.00,0.01,"874,300.00"
06/10/2023,"72,700.00","72,900.00","71,000.00","72,700.00",-100.00,0.00,"2,313,000.00"
05/10/2023,"73,600.00","74,800.00","72,800.00","72,800.00",-700.00,-0.01,"877,900.00"
04/10/2023,"73,000.00","75,000.00","72,800.00","73,500.00",-500.00,-0.01,"1,448,600.00"
03/10/2023,"77,400.00","77,400.00","74,000.00","74,000.00","-3,400.00",-0.04,"7,910,100.00"
02/10/2023,"76,200.00","78,700.00","76,000.00","77,400.00","1,100.00",0.01,"7,313,000.00"
29/09/2023,"76,500.00","76,500.00","75,200.00","76,300.00",-200.00,0.00,"12,540,500.00"
28/09/2023,"74,500.00","77,000.00","73,100.00","76,500.00",500.00,0.01,"1,700,600.00"
27/09/2023,"73,000.00","76,000.00","72,600.00","76,000.00","3,000.00",0.04,"3,005,500.00"
26/09/2023,"70,300.00","74,900.00","70,300.00","73,000.00","2,700.00",0.04,"2,269,800.00"
25/09/2023,"75,000.00","75,400.00","70,300.00","70,300.00","-5,100.00",-0.07,"3,964,100.00"
22/09/2023,"77,400.00","78,000.00","75,400.00","75,400.00","-3,400.00",-0.04,"3,485,700.00"
21/09/2023,"79,500.00","80,100.00","78,500.00","78,800.00",-900.00,-0.01,"2,614,900.00"
20/09/2023,"78,800.00","79,800.00","78,700.00","79,700.00",700.00,0.01,"2,339,000.00"
19/09/2023,"78,300.00","79,400.00","78,000.00","79,000.00",500.00,0.01,"5,414,700.00"
18/09/2023,"79,700.00","79,700.00","78,100.00","78,500.00","-1,200.00",-0.02,"5,373,900.00"
15/09/2023,"78,800.00","80,700.00","78,400.00","79,700.00","1,100.00",0.01,"3,702,600.00"
14/09/2023,"80,400.00","80,400.00","78,300.00","78,600.00","-1,500.00",-0.02,"1,810,500.00"
13/09/2023,"81,000.00","81,400.00","79,900.00","80,100.00",-900.00,-0.01,"3,308,900.00"
12/09/2023,"80,000.00","81,000.00","79,300.00","81,000.00","1,400.00",0.02,"6,191,306.00"
11/09/2023,"82,100.00","82,400.00","79,600.00","79,600.00","-2,200.00",-0.03,"3,008,800.00"
08/09/2023,"82,100.00","83,500.00","81,800.00","81,800.00",-200.00,0.00,"3,355,601.00"
07/09/2023,"83,500.00","83,900.00","82,000.00","82,000.00",-700.00,-0.01,"2,102,600.00"
06/09/2023,"81,500.00","82,700.00","80,800.00","82,700.00","1,200.00",0.01,"1,831,100.00"
05/09/2023,"82,300.00","82,400.00","81,300.00","81,500.00",0.00,0.00,"5,200,600.00"
31/08/2023,"80,000.00","81,700.00","79,500.00","81,500.00","1,900.00",0.02,"2,545,900.00"
30/08/2023,"80,000.00","80,100.00","79,300.00","79,600.00",-400.00,-0.01,"2,933,500.00"
29/08/2023,"81,200.00","81,400.00","79,800.00","80,000.00",-700.00,-0.01,"1,728,500.00"
28/08/2023,"79,700.00","80,800.00","79,500.00","80,700.00","1,000.00",0.01,"1,100,800.00"
25/08/2023,"80,000.00","80,500.00","79,200.00","79,700.00",-300.00,0.00,"1,178,100.00"
24/08/2023,"77,300.00","80,000.00","77,300.00","80,000.00","2,500.00",0.03,"1,756,900.00"
23/08/2023,"78,000.00","78,600.00","77,000.00","77,500.00",-200.00,0.00,"1,456,000.00"
22/08/2023,"78,500.00","78,900.00","76,300.00","77,700.00",-700.00,-0.01,"3,061,903.00"
21/08/2023,"78,300.00","79,800.00","78,300.00","78,400.00",-600.00,-0.01,"2,250,505.00"
18/08/2023,"82,100.00","82,400.00","77,800.00","79,000.00","-3,100.00",-0.04,"4,020,300.00"
17/08/2023,"81,800.00","82,800.00","81,400.00","82,100.00",300.00,0.00,"1,885,503.00"
16/08/2023,"82,300.00","82,400.00","81,200.00","81,800.00",-600.00,-0.01,"3,282,303.00"
15/08/2023,"82,500.00","83,800.00","81,400.00","82,400.00",200.00,0.00,"2,240,306.00"
14/08/2023,"84,500.00","84,500.00","82,200.00","82,200.00","-2,300.00",-0.03,"2,720,904.00"
11/08/2023,"82,800.00","85,000.00","82,500.00","84,500.00","1,500.00",0.02,"2,070,915.00"
10/08/2023,"87,300.00","87,900.00","83,000.00","83,000.00","-5,000.00",-0.06,"4,774,516.00"
09/08/2023,"89,000.00","89,000.00","87,800.00","88,000.00","-1,200.00",-0.01,"2,715,615.00"
08/08/2023,"89,300.00","89,400.00","87,900.00","89,200.00","1,000.00",0.01,"2,451,910.00"
07/08/2023,"86,700.00","88,200.00","86,000.00","88,200.00","1,900.00",0.02,"2,917,806.00"
04/08/2023,"86,300.00","86,700.00","85,700.00","86,300.00",200.00,0.00,"2,037,612.00"
03/08/2023,"85,500.00","86,600.00","85,200.00","86,100.00",900.00,0.01,"1,880,513.00"
02/08/2023,"86,400.00","86,400.00","85,100.00","85,200.00","-1,500.00",-0.02,"2,264,012.00"
01/08/2023,"87,600.00","87,600.00","86,400.00","86,700.00",-600.00,-0.01,"1,960,106.00"
31/07/2023,"87,000.00","88,200.00","86,800.00","87,300.00","1,200.00",0.01,"2,580,808.00"
28/07/2023,"84,200.00","86,200.00","84,000.00","86,100.00","1,900.00",0.02,"3,488,206.00"
27/07/2023,"84,500.00","84,700.00","84,000.00","84,200.00",-400.00,0.00,"1,846,209.00"
26/07/2023,"83,400.00","85,200.00","83,200.00","84,600.00","1,200.00",0.01,"1,719,308.00"
25/07/2023,"84,100.00","84,500.00","83,000.00","83,400.00",-600.00,-0.01,"1,938,908.00"
24/07/2023,"84,600.00","84,700.00","83,200.00","84,000.00","1,100.00",0.01,"2,678,711.00"
21/07/2023,"79,500.00","83,000.00","79,500.00","83,000.00","3,500.00",0.04,"2,883,206.00"
20/07/2023,"80,900.00","80,900.00","79,100.00","79,500.00","-1,300.00",-0.02,"2,335,704.00"
19/07/2023,"80,600.00","81,300.00","80,500.00","80,800.00",300.00,0.00,"2,170,700.00"
18/07/2023,"80,600.00","81,300.00","80,200.00","80,500.00",-200.00,0.00,"1,381,100.00"
17/07/2023,"81,800.00","81,800.00","80,500.00","80,700.00","-1,100.00",-0.01,"3,783,200.00"
14/07/2023,"82,000.00","82,700.00","80,700.00","81,800.00",0.00,0.00,"1,690,600.00"
13/07/2023,"79,600.00","81,900.00","79,500.00","81,800.00","2,300.00",0.03,"4,894,400.00"
12/07/2023,"80,100.00","80,100.00","79,000.00","79,500.00",300.00,0.00,"1,607,300.00"
11/07/2023,"78,100.00","80,100.00","78,100.00","79,200.00","1,300.00",0.02,"3,569,800.00"
10/07/2023,"75,400.00","77,900.00","75,400.00","77,900.00","2,700.00",0.04,"2,345,800.00"
07/07/2023,"76,200.00","76,200.00","75,200.00","75,200.00",-800.00,-0.01,"1,421,500.00"
06/07/2023,"75,500.00","76,100.00","75,500.00","76,000.00",200.00,0.00,"964,100.00"
05/07/2023,"75,900.00","76,300.00","75,500.00","75,800.00",200.00,0.00,"5,298,800.00"
04/07/2023,"75,400.00","75,900.00","75,300.00","75,600.00",200.00,0.00,"1,943,200.00"
03/07/2023,"75,200.00","76,000.00","75,200.00","75,400.00",200.00,0.00,"646,200.00"
30/06/2023,"75,400.00","76,200.00","75,200.00","75,200.00",-200.00,0.00,"3,731,600.00"
29/06/2023,"76,800.00","76,800.00","75,400.00","75,400.00","-1,600.00",-0.02,"1,147,500.00"
28/06/2023,"77,900.00","77,900.00","76,700.00","77,000.00",-700.00,-0.01,"691,700.00"
27/06/2023,"77,800.00","78,000.00","76,900.00","77,700.00",0.00,0.00,"1,792,500.00"
26/06/2023,"78,000.00","79,000.00","77,000.00","77,700.00",400.00,0.01,"2,272,300.00"
23/06/2023,"76,100.00","77,800.00","75,700.00","77,300.00","1,000.00",0.01,"3,060,600.00"
22/06/2023,"76,100.00","76,500.00","75,800.00","76,300.00",200.00,0.00,"2,083,400.00"
21/06/2023,"75,100.00","76,200.00","74,600.00","76,100.00",900.00,0.01,"1,151,800.00"
20/06/2023,"74,300.00","75,300.00","74,300.00","75,200.00",700.00,0.01,"3,969,600.00"
19/06/2023,"76,500.00","76,500.00","74,500.00","74,500.00","-2,100.00",-0.03,"2,415,700.00"
16/06/2023,"77,500.00","77,600.00","75,400.00","76,600.00",-500.00,-0.01,"2,124,500.00"
15/06/2023,"78,000.00","78,100.00","76,700.00","77,100.00",-900.00,-0.01,"1,293,800.00"
14/06/2023,"78,800.00","79,400.00","77,800.00","78,000.00",-800.00,-0.01,"4,574,301.00"
13/06/2023,"78,600.00","78,800.00","77,900.00","78,800.00",400.00,0.01,"6,387,100.00"
12/06/2023,"77,000.00","78,400.00","76,600.00","78,400.00","1,900.00",0.02,"2,633,100.00"
09/06/2023,"75,000.00","76,900.00","74,200.00","76,500.00","2,100.00",0.03,"4,539,700.00"
08/06/2023,"76,300.00","76,400.00","74,300.00","74,400.00","-1,100.00",-0.01,"1,326,300.00"
07/06/2023,"74,200.00","75,700.00","73,500.00","75,500.00","1,900.00",0.03,"3,420,400.00"
06/06/2023,"74,000.00","74,600.00","73,500.00","73,600.00",-500.00,-0.01,"1,265,200.00"
05/06/2023,"73,000.00","74,700.00","72,800.00","74,100.00","1,800.00",0.02,"6,234,600.00"
02/06/2023,"72,000.00","72,700.00","71,800.00","72,300.00",500.00,0.01,"936,100.00"
01/06/2023,"72,000.00","72,200.00","71,500.00","71,800.00",-200.00,0.00,"326,400.00"
31/05/2023,"72,900.00","73,500.00","72,000.00","72,000.00",-800.00,-0.01,"3,464,500.00"
30/05/2023,"71,600.00","73,200.00","71,600.00","72,800.00","1,200.00",0.02,"1,555,700.00"
29/05/2023,"72,100.00","72,200.00","71,400.00","71,600.00",-400.00,-0.01,"483,800.00"
26/05/2023,"71,800.00","72,100.00","71,400.00","72,000.00",0.00,0.00,"1,975,500.00"
25/05/2023,"71,800.00","72,500.00","70,800.00","72,000.00",200.00,0.00,"2,036,000.00"
24/05/2023,"70,900.00","71,900.00","70,000.00","71,800.00","1,400.00",0.02,"2,279,000.00"
23/05/2023,"72,000.00","72,000.00","70,200.00","70,400.00","-1,600.00",-0.02,"2,296,900.00"
22/05/2023,"71,400.00","72,500.00","71,400.00","72,000.00",-400.00,-0.01,"1,418,500.00"
19/05/2023,"73,200.00","73,200.00","71,600.00","72,400.00",-800.00,-0.01,"760,300.00"
18/05/2023,"73,200.00","73,800.00","72,700.00","73,200.00",100.00,0.00,"994,700.00"
17/05/2023,"73,300.00","74,000.00","73,000.00","73,100.00",-200.00,0.00,"645,600.00"
16/05/2023,"74,100.00","74,200.00","73,200.00","73,300.00",-800.00,-0.01,"384,400.00"
15/05/2023,"74,400.00","75,200.00","74,100.00","74,100.00",-300.00,0.00,"718,700.00"
12/05/2023,"73,300.00","74,500.00","73,300.00","74,400.00",600.00,0.01,"431,700.00"
11/05/2023,"73,700.00","74,300.00","73,300.00","73,800.00",200.00,0.00,"3,170,100.00"
10/05/2023,"74,000.00","75,000.00","73,600.00","73,600.00",0.00,0.00,"749,900.00"
09/05/2023,"74,100.00","74,600.00","73,400.00","73,600.00",-500.00,-0.01,"646,900.00"
08/05/2023,"73,500.00","75,200.00","73,100.00","74,100.00","1,100.00",0.02,"2,402,000.00"
05/05/2023,"70,600.00","73,100.00","70,500.00","73,000.00","2,400.00",0.03,"950,000.00"
04/05/2023,"72,800.00","72,800.00","70,600.00","70,600.00","-2,500.00",-0.03,"824,101.00"
28/04/2023,"72,700.00","73,200.00","72,300.00","73,100.00",800.00,0.01,"1,877,100.00"
27/04/2023,"71,700.00","72,900.00","71,300.00","72,300.00",900.00,0.01,"466,300.00"
26/04/2023,"71,300.00","71,900.00","70,500.00","71,400.00",100.00,0.00,"4,161,453.00"
25/04/2023,"73,900.00","73,900.00","71,100.00","71,300.00","-2,000.00",-0.03,"1,018,400.00"
24/04/2023,"76,600.00","76,600.00","73,300.00","73,300.00","-3,100.00",-0.04,"3,071,200.00"
21/04/2023,"78,000.00","78,100.00","76,200.00","76,400.00","-1,600.00",-0.02,"1,146,700.00"
20/04/2023,"79,000.00","79,100.00","77,700.00","78,000.00",-700.00,-0.01,"754,800.00"
19/04/2023,"78,200.00","79,800.00","78,000.00","78,700.00",500.00,0.01,"1,244,600.00"
18/04/2023,"78,200.00","78,500.00","77,800.00","78,200.00",100.00,0.00,"536,300.00"
17/04/2023,"78,000.00","78,200.00","77,200.00","78,100.00",0.00,0.00,"3,427,500.00"
14/04/2023,"79,300.00","79,900.00","78,100.00","78,100.00","-1,100.00",-0.01,"1,415,100.00"
13/04/2023,"80,000.00","80,500.00","79,200.00","79,200.00",-300.00,0.00,"1,341,400.00"
12/04/2023,"77,900.00","80,200.00","77,900.00","79,500.00","1,600.00",0.02,"1,601,300.00"
11/04/2023,"77,600.00","78,000.00","77,200.00","77,900.00",700.00,0.01,"753,700.00"
10/04/2023,"77,700.00","78,100.00","77,100.00","77,200.00",-400.00,-0.01,"5,569,300.00"
07/04/2023,"77,000.00","77,900.00","76,900.00","77,600.00",600.00,0.01,"611,100.00"
06/04/2023,"78,100.00","78,400.00","77,000.00","77,000.00","-1,400.00",-0.02,"1,150,000.00"
05/04/2023,"78,700.00","79,200.00","77,600.00","78,400.00",0.00,0.00,"835,000.00"
04/04/2023,"76,900.00","78,600.00","76,900.00","78,400.00","1,600.00",0.02,"1,554,400.00"
03/04/2023,"78,800.00","78,800.00","76,800.00","76,800.00","-1,000.00",-0.01,"5,436,900.00"
31/03/2023,"79,200.00","79,400.00","77,800.00","77,800.00","-1,400.00",-0.02,"2,959,400.00"
30/03/2023,"79,300.00","79,600.00","78,500.00","79,200.00",400.00,0.01,"1,823,900.00"
29/03/2023,"77,600.00","78,800.00","76,800.00","78,800.00","1,200.00",0.02,"1,976,200.00"
28/03/2023,"77,500.00","77,800.00","76,800.00","77,600.00",900.00,0.01,"1,759,500.00"
27/03/2023,"78,200.00","78,200.00","76,200.00","76,700.00","-1,300.00",-0.02,"2,219,300.00"
24/03/2023,"79,000.00","79,000.00","77,700.00","78,000.00","-1,000.00",-0.01,"1,368,800.00"
23/03/2023,"79,700.00","79,700.00","78,500.00","79,000.00","-1,500.00",-0.02,"1,501,600.00"
22/03/2023,"80,200.00","80,600.00","78,200.00","80,500.00",400.00,0.00,"3,138,600.00"
21/03/2023,"81,500.00","83,200.00","79,000.00","80,100.00","-1,400.00",-0.02,"1,059,400.00"
20/03/2023,"82,600.00","82,800.00","79,400.00","81,500.00","-2,000.00",-0.02,"3,708,800.00"
17/03/2023,"83,800.00","84,000.00","82,700.00","83,500.00",-300.00,0.00,"1,173,700.00"
16/03/2023,"84,700.00","84,700.00","82,000.00","83,800.00",-900.00,-0.01,"897,900.00"
15/03/2023,"83,700.00","85,100.00","83,600.00","84,700.00","1,100.00",0.01,"1,108,600.00"
14/03/2023,"84,100.00","85,000.00","82,500.00","83,600.00",-900.00,-0.01,"5,281,400.00"
13/03/2023,"83,800.00","85,800.00","83,800.00","84,500.00",600.00,0.01,"3,488,800.00"
10/03/2023,"80,500.00","84,500.00","80,500.00","83,900.00","3,100.00",0.04,"1,407,600.00"
09/03/2023,"80,500.00","82,000.00","80,100.00","80,800.00",400.00,0.00,"1,257,800.00"
08/03/2023,"78,200.00","81,000.00","77,800.00","80,400.00","2,100.00",0.03,"1,497,600.00"
07/03/2023,"76,000.00","79,600.00","75,200.00","78,300.00","3,900.00",0.05,"5,819,300.00"
06/03/2023,"76,500.00","78,000.00","74,400.00","74,400.00","-1,600.00",-0.02,"850,800.00"
03/03/2023,"79,700.00","79,800.00","76,000.00","76,000.00","-3,000.00",-0.04,"694,800.00"
02/03/2023,"80,400.00","81,300.00","79,000.00","79,000.00","-1,500.00",-0.02,"630,400.00"
01/03/2023,"80,000.00","81,800.00","79,700.00","80,500.00","-1,500.00",-0.02,"1,217,100.00"
28/02/2023,"82,000.00","82,500.00","80,000.00","82,000.00","2,100.00",0.03,"767,100.00"
27/02/2023,"83,900.00","84,500.00","79,900.00","79,900.00","-6,000.00",-0.07,"2,976,800.00"
24/02/2023,"88,800.00","88,800.00","84,900.00","85,900.00","-1,700.00",-0.02,"806,500.00"
23/02/2023,"91,500.00","91,500.00","87,000.00","87,600.00","-3,400.00",-0.04,"672,900.00"
22/02/2023,"93,000.00","93,300.00","91,000.00","91,000.00","-2,800.00",-0.03,"867,000.00"
21/02/2023,"94,000.00","94,800.00","93,200.00","93,800.00",-700.00,-0.01,"1,312,000.00"
20/02/2023,"91,400.00","94,500.00","91,400.00","94,500.00","3,200.00",0.04,"3,085,100.00"
17/02/2023,"93,000.00","93,000.00","91,100.00","91,300.00","-1,600.00",-0.02,"826,800.00"
16/02/2023,"93,000.00","93,400.00","92,100.00","92,900.00",-100.00,0.00,"379,900.00"
15/02/2023,"92,000.00","93,300.00","92,000.00","93,000.00",100.00,0.00,"1,496,300.00"
14/02/2023,"92,900.00","93,400.00","91,600.00","92,900.00",0.00,0.00,"1,345,600.00"
13/02/2023,"91,200.00","92,900.00","90,100.00","92,900.00","1,700.00",0.02,"468,600.00"
10/02/2023,"91,800.00","92,000.00","89,500.00","91,200.00",-600.00,-0.01,"680,900.00"
09/02/2023,"93,500.00","94,500.00","91,800.00","91,800.00","-1,700.00",-0.02,"793,600.00"
08/02/2023,"94,100.00","95,500.00","93,500.00","93,500.00",-600.00,-0.01,"908,700.00"
07/02/2023,"96,000.00","96,000.00","93,300.00","94,100.00","-2,200.00",-0.02,"857,100.00"
06/02/2023,"94,200.00","96,300.00","93,500.00","96,300.00",-200.00,0.00,"685,600.00"
03/02/2023,"95,600.00","96,700.00","93,600.00","96,500.00",-200.00,0.00,"1,681,400.00"
02/02/2023,"97,900.00","97,900.00","95,000.00","96,700.00","1,500.00",0.02,"756,900.00"
01/02/2023,"100,200.00","101,800.00","95,100.00","95,200.00","-5,900.00",-0.06,"1,135,600.00"
31/01/2023,"100,100.00","102,000.00","100,100.00","101,100.00",-900.00,-0.01,"378,400.00"
30/01/2023,"105,000.00","105,400.00","102,000.00","102,000.00","-1,700.00",-0.02,"361,300.00"
27/01/2023,"102,000.00","106,000.00","101,900.00","103,700.00","1,700.00",0.02,"741,600.00"
19/01/2023,"98,300.00","102,000.00","95,300.00","102,000.00","2,100.00",0.02,"4,003,500.00"
18/01/2023,"97,500.00","99,900.00","96,100.00","99,900.00","2,400.00",0.02,"900,300.00"
17/01/2023,"94,700.00","97,500.00","93,300.00","97,500.00","2,600.00",0.03,"728,200.00"
16/01/2023,"95,000.00","96,000.00","93,700.00","94,900.00",-100.00,0.00,"669,600.00"
13/01/2023,"94,100.00","95,000.00","93,400.00","95,000.00","1,700.00",0.02,"319,800.00"
12/01/2023,"96,100.00","96,300.00","93,000.00","93,300.00","-2,700.00",-0.03,"625,000.00"
11/01/2023,"96,000.00","96,300.00","94,300.00","96,000.00",600.00,0.01,"556,800.00"
10/01/2023,"96,500.00","96,900.00","93,600.00","95,400.00","-1,100.00",-0.01,"744,800.00"
09/01/2023,"96,700.00","97,300.00","95,500.00","96,500.00",700.00,0.01,"3,001,000.00"
06/01/2023,"99,500.00","99,500.00","95,000.00","95,800.00","-3,700.00",-0.04,"1,856,700.00"
05/01/2023,"100,000.00","100,100.00","98,000.00","99,500.00",200.00,0.00,"1,484,600.00"
04/01/2023,"97,000.00","99,300.00","95,000.00","99,300.00","3,300.00",0.03,"2,555,200.00"
03/01/2023,"95,000.00","96,000.00","93,000.00","96,000.00","3,000.00",0.03,"740,400.00"
30/12/2022,"96,000.00","96,000.00","93,000.00","93,000.00","-1,000.00",-0.01,"453,200.00"
29/12/2022,"92,500.00","95,800.00","92,500.00","94,000.00",,,"629,600.00"
28/12/2022,"91,700.00","96,000.00","91,100.00","93,000.00",,,"3,823,400.00"
27/12/2022,"91,500.00","95,800.00","91,200.00","91,600.00",,,"617,300.00"
26/12/2022,"95,000.00","95,000.00","91,500.00","91,500.00",,,"2,587,800.00"
23/12/2022,"92,500.00","95,200.00","91,400.00","95,000.00",,,"552,900.00"
22/12/2022,"95,000.00","95,600.00","93,000.00","94,400.00",,,"404,000.00"
21/12/2022,"94,700.00","94,900.00","93,000.00","94,900.00",,,"702,500.00"
20/12/2022,"93,400.00","95,000.00","92,100.00","94,000.00",,,"1,672,100.00"
19/12/2022,"94,200.00","95,300.00","92,500.00","95,000.00",,,"2,592,100.00"
16/12/2022,"98,000.00","98,000.00","93,500.00","93,500.00",,,"3,393,500.00"
15/12/2022,"97,000.00","99,000.00","95,100.00","98,200.00",,,"687,600.00"
14/12/2022,"98,500.00","98,500.00","95,100.00","96,000.00",,,"1,061,300.00"
13/12/2022,"96,900.00","97,500.00","95,800.00","97,000.00",,,"1,699,100.00"
12/12/2022,"100,000.00","100,000.00","96,000.00","97,000.00",,,"7,901,800.00"
09/12/2022,"99,000.00","101,900.00","96,100.00","97,000.00",,,"1,175,300.00"
08/12/2022,"103,800.00","105,000.00","96,000.00","96,000.00",,,"903,000.00"
07/12/2022,"102,000.00","106,000.00","100,000.00","100,000.00",,,"833,300.00"
06/12/2022,"105,500.00","105,500.00","101,600.00","102,000.00",,,"1,097,400.00"
05/12/2022,"102,900.00","110,000.00","102,500.00","105,000.00",,,"2,415,000.00"
02/12/2022,"99,000.00","103,900.00","98,400.00","103,900.00",,,"1,435,000.00"
01/12/2022,"102,000.00","102,000.00","99,000.00","99,000.00",,,"3,511,500.00"
30/11/2022,"99,500.00","102,000.00","92,900.00","102,000.00",,,"3,488,800.00"
29/11/2022,"97,200.00","99,000.00","95,500.00","99,000.00",,,"4,965,900.00"
28/11/2022,"94,000.00","97,200.00","93,500.00","97,200.00",,,"5,616,900.00"
25/11/2022,"90,000.00","94,500.00","90,000.00","94,000.00",,,"923,100.00"
24/11/2022,"91,500.00","91,500.00","88,000.00","89,000.00",,,"1,311,500.00"
23/11/2022,"88,600.00","92,900.00","88,300.00","92,900.00",,,"834,200.00"
22/11/2022,"93,600.00","98,000.00","88,500.00","91,800.00",,,"1,395,000.00"
21/11/2022,"95,200.00","95,200.00","93,400.00","95,100.00",,,"633,400.00"
18/11/2022,"97,100.00","97,500.00","91,500.00","95,200.00",,,"1,521,438.00"
17/11/2022,"90,500.00","97,000.00","90,200.00","97,000.00",,,"1,625,000.00"
16/11/2022,"85,500.00","90,900.00","84,500.00","90,900.00",,,"1,308,900.00"
15/11/2022,"89,100.00","89,800.00","85,800.00","89,400.00",,,"1,067,100.00"
14/11/2022,"85,500.00","92,500.00","84,100.00","89,100.00",,,"1,292,200.00"
11/11/2022,"82,000.00","86,600.00","82,000.00","86,500.00",,,"1,055,100.00"
10/11/2022,"87,000.00","87,100.00","81,000.00","81,000.00",,,"1,284,300.00"
09/11/2022,"86,500.00","87,500.00","84,500.00","87,000.00",,,"2,035,900.00"
08/11/2022,"84,000.00","87,800.00","81,000.00","86,000.00",,,"1,180,600.00"
07/11/2022,"84,300.00","88,000.00","82,500.00","84,500.00",,,"2,869,200.00"
04/11/2022,"84,000.00","85,400.00","81,000.00","84,300.00",,,"952,900.00"
03/11/2022,"80,000.00","85,400.00","79,900.00","85,400.00",,,"737,800.00"
02/11/2022,"86,500.00","87,000.00","81,000.00","81,000.00",,,"893,000.00"
01/11/2022,"86,400.00","87,200.00","83,800.00","86,500.00",,,"3,379,800.00"
31/10/2022,"83,900.00","86,000.00","82,700.00","85,500.00",,,"1,329,900.00"
28/10/2022,"83,000.00","83,900.00","81,500.00","83,900.00",,,"1,877,600.00"
27/10/2022,"78,700.00","83,000.00","77,000.00","83,000.00",,,"2,112,940.00"
26/10/2022,"75,000.00","78,000.00","73,300.00","78,000.00",,,"1,291,088.00"
25/10/2022,"72,500.00","75,000.00","69,100.00","75,000.00",,,"2,005,600.00"
24/10/2022,"74,800.00","75,800.00","69,600.00","72,800.00",,,"13,163,700.00"
21/10/2022,"81,000.00","81,000.00","74,800.00","74,800.00",,,"1,771,200.00"
20/10/2022,"79,500.00","80,800.00","78,500.00","80,200.00",,,"2,123,100.00"
19/10/2022,"82,500.00","82,500.00","79,900.00","80,000.00",,,"1,701,200.00"
18/10/2022,"80,000.00","83,200.00","79,900.00","82,000.00",,,"1,767,000.00"
17/10/2022,"78,900.00","80,500.00","77,000.00","79,000.00",,,"1,481,400.00"
14/10/2022,"81,000.00","81,000.00","79,000.00","79,000.00",,,"2,619,200.00"
13/10/2022,"82,000.00","82,000.00","78,000.00","78,700.00",,,"1,014,100.00"
12/10/2022,"81,400.00","82,500.00","79,800.00","81,100.00",,,"2,400,700.00"
11/10/2022,"80,100.00","80,100.00","74,900.00","79,800.00",,,"4,971,900.00"
10/10/2022,"80,000.00","87,000.00","77,000.00","80,500.00",,,"2,589,700.00"
07/10/2022,"84,800.00","86,600.00","80,700.00","81,500.00",,,"1,461,300.00"
06/10/2022,"91,400.00","91,500.00","86,000.00","86,700.00",,,"948,300.00"
05/10/2022,"93,300.00","93,300.00","91,000.00","91,400.00",,,"3,339,600.00"
04/10/2022,"93,100.00","95,000.00","90,400.00","90,500.00",,,"991,500.00"
03/10/2022,"97,000.00","98,500.00","92,200.00","94,000.00",,,"1,426,600.00"
30/09/2022,"98,200.00","103,200.00","98,200.00","99,000.00",,,"893,200.00"
29/09/2022,"102,600.00","104,100.00","100,000.00","100,000.00",,,"443,000.00"
28/09/2022,"105,100.00","105,900.00","102,100.00","102,100.00",,,"415,600.00"
27/09/2022,"106,000.00","108,600.00","106,000.00","107,700.00",,,"528,300.00"
26/09/2022,"107,200.00","109,500.00","107,000.00","107,700.00",,,"2,578,100.00"
23/09/2022,"109,000.00","110,000.00","108,300.00","108,600.00",,,"853,900.00"
22/09/2022,"110,900.00","111,500.00","108,100.00","110,000.00",,,"435,200.00"
21/09/2022,"113,000.00","113,400.00","111,100.00","112,000.00",,,"332,400.00"
20/09/2022,"112,000.00","113,400.00","111,800.00","113,300.00",,,"302,800.00"
19/09/2022,"111,000.00","113,500.00","111,000.00","112,500.00",,,"1,154,300.00"
16/09/2022,"111,800.00","112,800.00","109,800.00","112,800.00",,,"1,709,700.00"
15/09/2022,"114,200.00","114,500.00","111,000.00","112,000.00",,,"538,400.00"
14/09/2022,"114,000.00","114,000.00","112,000.00","112,000.00",,,"554,500.00"
13/09/2022,"114,500.00","116,400.00","114,000.00","114,000.00",,,"4,154,700.00"
12/09/2022,"116,100.00","116,500.00","114,500.00","115,000.00",,,"327,700.00"
09/09/2022,"115,500.00","117,000.00","114,400.00","116,100.00",,,"539,300.00"
08/09/2022,"113,500.00","115,000.00","112,000.00","115,000.00",,,"3,287,200.00"
07/09/2022,"114,800.00","115,400.00","112,000.00","112,000.00",,,"836,300.00"
06/09/2022,"115,500.00","116,600.00","114,200.00","115,000.00",,,"1,374,600.00"
05/09/2022,"113,500.00","115,800.00","113,100.00","115,500.00",,,"2,411,300.00"
31/08/2022,"113,800.00","115,500.00","113,800.00","114,500.00",,,"786,700.00"
30/08/2022,"113,000.00","114,800.00","112,000.00","113,700.00",,,"1,778,200.00"
29/08/2022,"111,000.00","113,800.00","111,000.00","112,200.00",,,"1,906,700.00"
26/08/2022,"113,500.00","113,500.00","112,000.00","112,200.00",,,"359,700.00"
25/08/2022,"111,200.00","113,400.00","111,000.00","112,800.00",,,"924,700.00"
24/08/2022,"112,800.00","114,000.00","111,900.00","111,900.00",,,"956,200.00"
23/08/2022,"111,200.00","113,000.00","111,000.00","112,600.00",,,"649,500.00"
22/08/2022,"112,000.00","113,800.00","111,000.00","111,800.00",,,"835,700.00"
19/08/2022,"112,000.00","113,900.00","110,800.00","112,000.00",,,"458,300.00"
18/08/2022,"111,500.00","114,900.00","110,600.00","112,000.00",,,"1,857,240.00"
17/08/2022,"109,300.00","111,700.00","108,500.00","111,300.00",,,"1,170,500.00"
16/08/2022,"108,500.00","109,200.00","107,100.00","109,000.00",,,"1,537,600.00"
15/08/2022,"107,900.00","108,800.00","106,500.00","108,500.00",,,"1,054,600.00"
12/08/2022,"106,700.00","107,200.00","105,700.00","107,200.00",,,"252,200.00"
11/08/2022,"106,000.00","107,500.00","105,300.00","106,800.00",,,"1,702,100.00"
10/08/2022,"105,200.00","107,000.00","104,700.00","105,800.00",,,"899,140.00"
09/08/2022,"106,000.00","106,100.00","104,500.00","105,200.00",,,"502,900.00"
08/08/2022,"104,500.00","105,800.00","104,500.00","104,800.00",,,"677,500.00"
05/08/2022,"107,900.00","108,000.00","104,100.00","104,500.00",,,"1,920,800.00"
04/08/2022,"110,000.00","110,200.00","106,700.00","107,900.00",,,"2,733,800.00"
03/08/2022,"109,500.00","110,200.00","106,800.00","110,000.00",,,"1,506,700.00"
02/08/2022,"109,600.00","111,000.00","107,100.00","110,000.00",,,"1,251,600.00"
01/08/2022,"107,000.00","111,000.00","106,500.00","109,400.00",,,"730,600.00"
29/07/2022,"111,000.00","112,000.00","106,100.00","106,100.00",,,"2,519,100.00"
28/07/2022,"110,000.00","110,500.00","108,000.00","109,900.00",,,"619,200.00"
27/07/2022,"109,200.00","110,000.00","108,000.00","109,900.00",,,"1,214,400.00"
26/07/2022,"107,000.00","110,000.00","107,000.00","110,000.00",,,"487,400.00"
25/07/2022,"105,700.00","111,300.00","105,700.00","108,600.00",,,"3,174,800.00"
22/07/2022,"105,100.00","109,000.00","103,700.00","108,500.00",,,"1,241,500.00"
21/07/2022,"103,200.00","106,900.00","103,000.00","105,500.00",,,"2,452,920.00"
20/07/2022,"102,100.00","105,500.00","102,000.00","103,000.00",,,"679,400.00"
19/07/2022,"102,500.00","102,500.00","101,000.00","102,000.00",,,"367,200.00"
18/07/2022,"101,100.00","103,800.00","100,500.00","102,600.00",,,"666,600.00"
15/07/2022,"101,900.00","103,500.00","101,000.00","101,200.00",,,"861,760.00"
14/07/2022,"101,200.00","103,000.00","101,100.00","102,500.00",,,"356,200.00"
13/07/2022,"100,700.00","103,700.00","100,700.00","101,000.00",,,"549,100.00"
12/07/2022,"103,500.00","104,000.00","101,500.00","102,000.00",,,"2,267,100.00"
11/07/2022,"101,500.00","103,900.00","101,500.00","102,500.00",,,"565,100.00"
08/07/2022,"103,500.00","104,900.00","103,500.00","104,900.00",,,"609,700.00"
07/07/2022,"100,000.00","104,500.00","100,000.00","103,000.00",,,"444,900.00"
06/07/2022,"102,000.00","106,200.00","100,000.00","100,000.00",,,"2,702,300.00"
05/07/2022,"107,900.00","108,500.00","102,000.00","102,000.00",,,"942,500.00"
04/07/2022,"109,500.00","110,000.00","107,100.00","107,700.00",,,"357,800.00"
01/07/2022,"111,082.47","111,181.74","108,203.65","108,700.00",,,"478,200.00"
30/06/2022,"111,380.27","113,365.66","110,685.39","111,181.74",,,"456,000.00"
29/06/2022,"108,203.65","114,159.82","108,203.65","113,167.12",,,"713,400.00"
28/06/2022,"112,174.43","113,365.66","109,494.16","113,167.12",,,"1,209,600.00"
27/06/2022,"108,997.81","112,571.51","107,707.31","112,174.43",,,"882,000.00"
24/06/2022,"107,707.31","109,394.89","107,707.31","108,700.00",,,"602,000.00"
23/06/2022,"105,225.57","109,196.35","105,225.57","109,196.35",,,"397,300.00"
22/06/2022,"110,189.04","113,167.12","105,225.57","105,225.57",,,"902,700.00"
21/06/2022,"109,990.50","112,968.58","108,402.19","110,189.04",,,"954,600.00"
20/06/2022,"114,159.82","116,641.55","110,189.04","110,189.04",,,"1,432,700.00"
17/06/2022,"107,210.96","116,145.21","106,516.07","116,145.21",,,"1,927,200.00"
16/06/2022,"106,218.26","112,571.51","106,218.26","109,891.23",,,"1,489,700.00"
15/06/2022,"106,218.26","108,203.65","103,935.07","105,225.57",,,"1,667,000.00"
14/06/2022,"103,339.45","108,997.81","103,339.45","105,523.38",,,"3,028,900.00"
13/06/2022,"112,273.70","114,159.82","108,203.65","108,203.65",,,"1,101,100.00"
10/06/2022,"114,259.09","117,634.25","114,259.09","116,145.21",,,"3,087,000.00"
09/06/2022,"117,634.25","119,123.29","117,237.17","117,634.25",,,"711,400.00"
08/06/2022,"117,137.90","120,612.33","117,038.63","118,428.40",,,"1,468,800.00"
07/06/2022,"114,259.09","117,038.63","112,372.97","117,038.63",,,"1,480,120.00"
06/06/2022,"111,975.89","116,145.21","107,210.96","116,145.21",,,"1,851,800.00"
03/06/2022,"113,663.47","113,663.47","110,685.39","111,975.89",,,"894,800.00"
02/06/2022,"114,159.82","114,159.82","112,075.16","113,464.93",,,"871,800.00"
01/06/2022,"109,196.35","114,159.82","109,196.35","114,159.82",,,"5,546,700.00"
31/05/2022,"107,210.96","111,578.81","107,210.96","111,578.81",,,"1,965,300.00"
30/05/2022,"109,196.35","109,196.35","108,104.38","109,196.35",,,"4,593,100.00"
27/05/2022,"108,005.11","111,082.47","107,210.96","109,196.35",,,"1,781,700.00"
26/05/2022,"109,692.69","109,891.23","107,210.96","107,806.58",,,"834,000.00"
25/05/2022,"108,203.65","112,670.78","106,714.61","109,692.69",,,"829,700.00"
24/05/2022,"103,736.53","109,097.08","103,240.18","108,203.65",,,"859,100.00"
23/05/2022,"107,806.58","108,104.38","103,240.18","103,736.53",,,"700,700.00"
20/05/2022,"108,997.81","110,883.93","106,218.26","107,012.42",,,"1,130,900.00"
19/05/2022,"101,254.79","109,593.42","99,269.41","109,593.42",,,"1,722,900.00"
18/05/2022,"97,383.29","102,446.03","92,816.89","102,446.03",,,"1,871,600.00"
17/05/2022,"87,357.08","95,794.98","85,073.88","95,794.98",,,"2,293,300.00"
16/05/2022,"98,276.71","98,872.33","89,541.00","89,541.00",,,"1,052,900.00"
13/05/2022,"102,346.76","104,232.88","96,192.05","96,192.05",,,"1,861,600.00"
12/05/2022,"111,082.47","111,876.62","103,339.45","103,339.45",,,"1,573,600.00"
11/05/2022,"112,869.32","114,159.82","110,685.39","111,082.47",,,"2,669,100.00"
10/05/2022,"113,266.39","115,251.78","109,394.89","115,251.78",,,"1,088,600.00"
09/05/2022,"115,152.51","115,351.05","110,189.04","114,060.55",,,"1,084,200.00"
06/05/2022,"114,159.82","117,634.25","114,159.82","116,145.21",,,"2,025,300.00"
05/05/2022,"113,167.12","118,130.59","112,571.51","118,130.59",,,"933,300.00"
04/05/2022,"115,152.51","115,946.67","112,174.43","112,273.70",,,"512,200.00"
29/04/2022,"116,145.21","117,733.52","114,259.09","115,152.51",,,"1,098,700.00"
28/04/2022,"118,130.59","119,024.02","115,648.86","115,648.86",,,"1,337,600.00"
27/04/2022,"115,152.51","120,910.14","110,189.04","118,130.59",,,"4,792,700.00"
26/04/2022,"115,847.40","123,193.33","108,302.92","115,152.51",,,"4,729,100.00"
25/04/2022,"123,689.68","123,689.68","114,953.97","115,152.51",,,"1,076,900.00"
22/04/2022,"122,101.37","124,086.76","121,605.02","122,399.18",,,"2,950,600.00"
21/04/2022,"121,108.68","124,086.76","121,108.68","122,101.37",,,"1,507,800.00"
20/04/2022,"120,513.06","124,086.76","119,619.63","123,391.87",,,"1,116,500.00"
19/04/2022,"123,987.49","124,583.11","118,626.94","119,619.63",,,"964,900.00"
18/04/2022,"125,575.80","125,575.80","123,094.06","123,094.06",,,"890,800.00"
15/04/2022,"125,277.99","125,675.07","123,193.33","124,086.76",,,"1,015,000.00"
14/04/2022,"126,072.15","126,568.49","123,590.41","124,781.64",,,"800,000.00"
13/04/2022,"125,079.45","128,553.88","125,079.45","125,972.88",,,"989,500.00"
12/04/2022,"129,050.23","129,050.23","122,994.79","124,483.84",,,"1,373,600.00"
08/04/2022,"125,327.63","125,327.63","122,845.89","122,845.89",,,"1,169,600.00"
07/04/2022,"128,222.98","128,222.98","124,914.00","124,914.00",,,"1,763,200.00"
06/04/2022,"125,658.52","128,222.98","124,169.48","127,230.29",,,"1,374,300.00"
05/04/2022,"125,575.80","127,230.29","124,086.76","125,410.35",,,"739,300.00"
04/04/2022,"123,259.51","128,222.98","122,845.89","124,086.76",,,"1,685,400.00"
01/04/2022,"119,123.29","122,928.61","117,882.42","121,191.40",,,"808,700.00"
31/03/2022,"119,040.56","119,371.46","117,386.07","117,634.25",,,"589,200.00"
30/03/2022,"118,378.77","120,364.16","117,551.52","119,123.29",,,"675,400.00"
29/03/2022,"120,777.78","121,935.92","118,709.67","119,123.29",,,"595,200.00"
28/03/2022,"119,950.53","120,695.05","118,296.04","120,446.88",,,"630,000.00"
25/03/2022,"121,605.02","122,266.82","119,702.36","121,108.68",,,"637,600.00"
24/03/2022,"122,763.17","124,086.76","121,274.12","121,274.12",,,"760,300.00"
23/03/2022,"121,439.57","127,230.29","120,033.26","121,605.02",,,"1,946,000.00"
22/03/2022,"120,364.16","124,914.00","118,296.04","122,845.89",,,"989,500.00"
21/03/2022,"114,904.34","120,115.98","114,821.61","119,950.53",,,"1,345,600.00"
,,,,,,,
,,,,,,,
SIMPLIZE,,,,,,,
"Số 5 ngõ 316 Lê Trọng Tấn, Phường Khương Mai, Quận Thanh Xuân, TP.Hà Nội
",,,,,,,
Website: simplize.vn,,,,,,,
Email: info@simplize.vn,,,,,,,
Tel: (+84) 38 840 8668,,,,,,,
