Tên công ty,Công ty Cổ phần Sữa Việt Nam,,,,,,
Tên báo cáo,Lịch sử giá,,,,,,
Ngày tải,24/03/2026,,,,,,
,,,,,,,
NGÀY,GIÁ MỞ CỬA,GIÁ CAO NHẤT,GIÁ THẤP NHẤT,GIÁ ĐÓNG CỬA,THAY ĐỔI GIÁ,% THAY ĐỔI,KHỐI LƯỢNG
24/03/2026,"61,800.00","61,800.00","60,900.00","61,000.00",200.00,0.00,"2,029,700.00"
23/03/2026,"59,200.00","61,000.00","59,200.00","60,800.00",800.00,0.01,"5,908,000.00"
20/03/2026,"61,000.00","61,500.00","60,000.00","60,000.00","-1,000.00",-0.02,"5,734,800.00"
19/03/2026,"61,400.00","62,000.00","60,800.00","61,000.00",-700.00,-0.01,"6,400,100.00"
18/03/2026,"61,800.00","62,700.00","61,600.00","61,700.00",200.00,0.00,"2,596,400.00"
17/03/2026,"62,700.00","63,000.00","61,500.00","61,500.00",-300.00,0.00,"3,816,100.00"
16/03/2026,"62,600.00","62,900.00","61,700.00","61,800.00","-1,300.00",-0.02,"2,965,000.00"
13/03/2026,"62,000.00","63,200.00","61,600.00","63,100.00","1,500.00",0.02,"5,388,500.00"
12/03/2026,"62,000.00","62,700.00","61,300.00","61,600.00","-1,400.00",-0.02,"6,298,800.00"
11/03/2026,"61,700.00","63,700.00","61,600.00","63,000.00",900.00,0.01,"7,507,500.00"
10/03/2026,"60,000.00","62,100.00","59,500.00","62,100.00","4,000.00",0.07,"10,762,100.00"
09/03/2026,"59,000.00","59,100.00","58,100.00","58,100.00","-4,300.00",-0.07,"18,046,300.00"
06/03/2026,"63,000.00","63,000.00","62,200.00","62,400.00",-800.00,-0.01,"6,471,800.00"
05/03/2026,"65,000.00","65,200.00","63,000.00","63,200.00","-1,700.00",-0.03,"8,165,700.00"
04/03/2026,"63,400.00","64,900.00","62,000.00","64,900.00","1,500.00",0.02,"13,382,500.00"
03/03/2026,"66,600.00","67,300.00","63,400.00","63,400.00","-3,200.00",-0.05,"17,815,700.00"
02/03/2026,"66,900.00","69,800.00","66,500.00","66,600.00","-1,600.00",-0.02,"12,468,700.00"
27/02/2026,"70,200.00","70,600.00","68,000.00","68,200.00","-2,400.00",-0.03,"13,371,400.00"
26/02/2026,"71,200.00","71,400.00","69,600.00","70,600.00","-1,700.00",-0.02,"14,298,200.00"
25/02/2026,"70,400.00","73,400.00","70,400.00","72,300.00","2,100.00",0.03,"9,804,200.00"
24/02/2026,"70,600.00","71,300.00","70,200.00","70,200.00",-400.00,-0.01,"3,552,500.00"
23/02/2026,"70,000.00","71,300.00","69,800.00","70,600.00","1,100.00",0.02,"4,211,800.00"
13/02/2026,"69,000.00","69,800.00","68,600.00","69,500.00",500.00,0.01,"3,341,400.00"
12/02/2026,"69,300.00","69,800.00","69,000.00","69,000.00",-100.00,0.00,"1,951,100.00"
11/02/2026,"68,400.00","69,900.00","68,400.00","69,100.00",700.00,0.01,"2,672,900.00"
10/02/2026,"69,600.00","70,500.00","68,100.00","68,400.00","-1,200.00",-0.02,"5,090,400.00"
09/02/2026,"69,400.00","70,400.00","69,300.00","69,600.00",500.00,0.01,"2,573,300.00"
06/02/2026,"68,300.00","70,700.00","68,200.00","69,100.00",0.00,0.00,"6,695,900.00"
05/02/2026,"71,900.00","72,200.00","69,100.00","69,100.00","-2,900.00",-0.04,"8,057,000.00"
04/02/2026,"71,800.00","72,600.00","70,800.00","72,000.00",400.00,0.01,"7,672,500.00"
03/02/2026,"72,900.00","73,600.00","71,300.00","71,600.00","-1,000.00",-0.01,"7,261,000.00"
02/02/2026,"70,900.00","72,600.00","70,300.00","72,600.00","2,000.00",0.03,"10,777,700.00"
30/01/2026,"71,500.00","72,500.00","70,500.00","70,600.00",-500.00,-0.01,"7,844,800.00"
29/01/2026,"68,500.00","71,100.00","67,900.00","71,100.00","3,400.00",0.05,"10,036,800.00"
28/01/2026,"67,700.00","69,500.00","67,200.00","67,700.00",0.00,0.00,"9,816,800.00"
27/01/2026,"68,400.00","68,600.00","66,100.00","67,700.00","-1,200.00",-0.02,"8,357,800.00"
26/01/2026,"67,400.00","69,300.00","67,400.00","68,900.00","1,700.00",0.03,"8,864,800.00"
23/01/2026,"69,400.00","70,100.00","67,200.00","67,200.00","-3,700.00",-0.05,"16,050,400.00"
22/01/2026,"71,100.00","72,800.00","70,000.00","70,900.00",600.00,0.01,"8,055,200.00"
21/01/2026,"73,000.00","73,000.00","70,000.00","70,300.00","-3,100.00",-0.04,"11,234,100.00"
20/01/2026,"71,500.00","75,500.00","71,100.00","73,400.00","2,800.00",0.04,"21,521,900.00"
19/01/2026,"69,800.00","71,000.00","68,300.00","70,600.00","1,000.00",0.01,"10,385,300.00"
16/01/2026,"71,100.00","73,000.00","69,100.00","69,600.00","-1,400.00",-0.02,"13,372,500.00"
15/01/2026,"70,000.00","72,400.00","69,500.00","71,000.00","3,300.00",0.05,"19,260,600.00"
14/01/2026,"63,600.00","67,700.00","63,400.00","67,700.00","4,400.00",0.07,"24,838,300.00"
13/01/2026,"62,900.00","64,900.00","62,800.00","63,300.00",600.00,0.01,"6,761,300.00"
12/01/2026,"61,100.00","62,700.00","61,100.00","62,700.00","1,700.00",0.03,"4,146,300.00"
09/01/2026,"62,400.00","62,500.00","61,000.00","61,000.00","-1,200.00",-0.02,"4,184,100.00"
08/01/2026,"61,100.00","63,400.00","61,100.00","62,200.00","1,300.00",0.02,"5,636,400.00"
07/01/2026,"60,800.00","61,500.00","60,500.00","60,900.00",100.00,0.00,"3,228,100.00"
06/01/2026,"60,500.00","60,900.00","60,300.00","60,800.00",500.00,0.01,"2,963,300.00"
05/01/2026,"61,300.00","61,500.00","60,000.00","60,300.00",-900.00,-0.01,"2,814,700.00"
31/12/2025,"61,900.00","62,000.00","61,200.00","61,200.00",-600.00,-0.01,"1,879,600.00"
30/12/2025,"62,100.00","62,300.00","61,700.00","61,800.00",-300.00,0.00,"1,581,000.00"
29/12/2025,"61,500.00","62,200.00","61,400.00","62,100.00",600.00,0.01,"1,943,000.00"
26/12/2025,"61,600.00","62,300.00","61,200.00","61,500.00",200.00,0.00,"2,399,200.00"
25/12/2025,"61,600.00","62,300.00","61,300.00","61,300.00",-200.00,0.00,"2,059,600.00"
24/12/2025,"62,800.00","62,900.00","61,500.00","61,500.00","-1,100.00",-0.02,"4,870,200.00"
23/12/2025,"63,500.00","64,100.00","62,300.00","62,600.00",-600.00,-0.01,"4,394,700.00"
22/12/2025,"63,900.00","63,900.00","63,100.00","63,200.00",-800.00,-0.01,"2,650,700.00"
19/12/2025,"63,700.00","64,000.00","63,000.00","64,000.00",100.00,0.00,"2,685,700.00"
18/12/2025,"63,600.00","64,000.00","62,900.00","63,900.00","1,000.00",0.02,"3,065,000.00"
17/12/2025,"64,100.00","64,100.00","62,900.00","62,900.00","-1,300.00",-0.02,"2,090,400.00"
16/12/2025,"62,000.00","64,400.00","61,700.00","64,200.00","2,200.00",0.04,"6,863,300.00"
15/12/2025,"60,300.00","62,600.00","60,300.00","62,000.00","1,800.00",0.03,"4,242,600.00"
12/12/2025,"61,700.00","62,000.00","60,200.00","60,200.00","-1,300.00",-0.02,"4,396,400.00"
11/12/2025,"63,000.00","63,500.00","61,500.00","61,500.00","-1,600.00",-0.03,"4,852,300.00"
10/12/2025,"62,400.00","64,500.00","62,300.00","63,100.00",600.00,0.01,"3,470,500.00"
09/12/2025,"63,500.00","64,100.00","62,500.00","62,500.00","-1,000.00",-0.02,"5,389,200.00"
08/12/2025,"63,300.00","64,500.00","63,200.00","63,500.00",100.00,0.00,"3,322,000.00"
05/12/2025,"63,600.00","64,500.00","63,400.00","63,400.00",0.00,0.00,"3,598,900.00"
04/12/2025,"65,000.00","65,100.00","63,400.00","63,400.00","-1,200.00",-0.02,"5,918,000.00"
03/12/2025,"65,100.00","65,200.00","64,000.00","64,600.00",-400.00,-0.01,"5,383,600.00"
02/12/2025,"64,800.00","65,600.00","64,500.00","65,000.00",100.00,0.00,"6,764,300.00"
01/12/2025,"64,300.00","65,900.00","64,300.00","64,900.00",900.00,0.01,"9,107,300.00"
28/11/2025,"62,200.00","64,500.00","62,200.00","64,000.00","2,000.00",0.03,"11,898,300.00"
27/11/2025,"63,000.00","63,400.00","62,000.00","62,000.00",-800.00,-0.01,"3,962,300.00"
26/11/2025,"62,300.00","63,200.00","62,300.00","62,800.00",900.00,0.01,"3,651,000.00"
25/11/2025,"63,000.00","63,200.00","61,900.00","61,900.00","-1,100.00",-0.02,"4,907,900.00"
24/11/2025,"60,100.00","63,400.00","60,100.00","63,000.00","3,100.00",0.05,"9,900,300.00"
21/11/2025,"60,300.00","60,700.00","59,700.00","59,900.00",-800.00,-0.01,"4,191,100.00"
20/11/2025,"61,400.00","61,600.00","60,500.00","60,700.00",-200.00,0.00,"2,656,100.00"
19/11/2025,"60,700.00","61,900.00","60,500.00","60,900.00",200.00,0.00,"4,458,500.00"
18/11/2025,"62,000.00","62,300.00","60,500.00","60,700.00","-1,400.00",-0.02,"5,559,900.00"
17/11/2025,"62,900.00","63,300.00","61,800.00","62,100.00",-700.00,-0.01,"4,198,400.00"
14/11/2025,"61,700.00","63,300.00","61,600.00","62,800.00","1,000.00",0.02,"10,146,900.00"
13/11/2025,"59,800.00","62,000.00","59,700.00","61,800.00","2,000.00",0.03,"9,741,800.00"
12/11/2025,"58,800.00","60,000.00","58,500.00","59,800.00",900.00,0.02,"5,161,900.00"
11/11/2025,"57,000.00","59,000.00","57,000.00","58,900.00","1,900.00",0.03,"5,152,700.00"
10/11/2025,"57,700.00","57,900.00","57,000.00","57,000.00",-600.00,-0.01,"2,675,800.00"
07/11/2025,"57,600.00","58,400.00","57,500.00","57,600.00",-400.00,-0.01,"3,251,100.00"
06/11/2025,"58,000.00","58,500.00","57,600.00","58,000.00",0.00,0.00,"2,241,200.00"
05/11/2025,"57,300.00","58,500.00","57,100.00","58,000.00",700.00,0.01,"3,831,600.00"
04/11/2025,"57,600.00","57,900.00","56,300.00","57,300.00",0.00,0.00,"4,175,200.00"
03/11/2025,"57,700.00","58,300.00","57,300.00","57,300.00",-300.00,-0.01,"2,642,700.00"
31/10/2025,"57,400.00","57,700.00","57,100.00","57,600.00",500.00,0.01,"2,641,500.00"
30/10/2025,"57,800.00","57,900.00","57,000.00","57,100.00",-400.00,-0.01,"1,905,200.00"
29/10/2025,"57,500.00","57,900.00","57,100.00","57,500.00",100.00,0.00,"1,973,000.00"
28/10/2025,"57,200.00","57,400.00","56,800.00","57,400.00",400.00,0.01,"2,079,100.00"
27/10/2025,"58,400.00","58,400.00","57,000.00","57,000.00","-1,100.00",-0.02,"2,998,800.00"
24/10/2025,"56,900.00","58,100.00","56,100.00","58,100.00","1,500.00",0.03,"3,959,900.00"
23/10/2025,"56,500.00","57,100.00","56,300.00","56,600.00",300.00,0.01,"2,327,300.00"
22/10/2025,"57,100.00","57,300.00","55,700.00","56,300.00",-200.00,0.00,"3,846,700.00"
21/10/2025,"56,100.00","58,000.00","56,100.00","56,500.00","1,500.00",0.03,"7,068,100.00"
20/10/2025,"58,800.00","58,800.00","58,800.00","58,800.00","-3,800.00",-0.06,"8,737,700.00"
17/10/2025,"61,000.00","61,200.00","58,800.00","58,800.00","-2,400.00",-0.04,"6,187,800.00"
16/10/2025,"60,800.00","61,200.00","60,200.00","61,200.00",400.00,0.01,"5,158,400.00"
15/10/2025,"60,941.04","61,514.15","60,750.00","60,750.00",100.00,0.00,"4,645,400.00"
14/10/2025,"61,514.15","61,514.15","60,463.44","60,654.48",-500.00,-0.01,"5,359,800.00"
13/10/2025,"59,412.74","61,227.59","59,030.66","61,132.08","1,600.00",0.03,"6,305,000.00"
10/10/2025,"60,558.96","60,558.96","59,603.77","59,603.77",-500.00,-0.01,"4,972,200.00"
09/10/2025,"60,558.96","60,654.48","59,794.81","60,081.37",-500.00,-0.01,"3,297,300.00"
08/10/2025,"59,508.25","60,654.48","58,935.14","60,558.96","2,000.00",0.03,"5,919,700.00"
07/10/2025,"59,890.33","59,890.33","58,648.58","58,648.58","-1,000.00",-0.02,"3,715,300.00"
06/10/2025,"59,890.33","59,890.33","59,030.66","59,603.77","1,100.00",0.02,"4,051,900.00"
03/10/2025,"58,553.07","59,508.25","58,457.55","58,553.07",100.00,0.00,"3,998,500.00"
02/10/2025,"59,699.29","59,794.81","58,457.55","58,457.55",-900.00,-0.01,"3,398,700.00"
01/10/2025,"57,979.95","59,699.29","57,502.36","59,317.22","2,100.00",0.03,"4,526,400.00"
30/09/2025,"57,693.40","58,075.47","57,311.32","57,311.32",-300.00,0.00,"3,106,900.00"
29/09/2025,"58,362.03","58,457.55","57,502.36","57,597.88",-800.00,-0.01,"5,132,105.00"
26/09/2025,"58,744.10","59,030.66","58,362.03","58,362.03",-400.00,-0.01,"2,489,900.00"
25/09/2025,"59,508.25","59,603.77","58,744.10","58,744.10",-500.00,-0.01,"2,752,800.00"
24/09/2025,"59,126.18","59,221.70","58,266.51","59,221.70",400.00,0.01,"3,214,500.00"
23/09/2025,"58,744.10","59,699.29","58,744.10","58,839.62",200.00,0.00,"3,425,100.00"
22/09/2025,"59,317.22","59,985.85","58,648.58","58,648.58",-600.00,-0.01,"5,285,200.00"
19/09/2025,"60,941.04","61,036.56","59,221.70","59,221.70","-1,600.00",-0.03,"5,300,500.00"
18/09/2025,"62,182.78","62,373.82","60,654.48","60,750.00","-1,500.00",-0.02,"5,050,800.00"
17/09/2025,"61,896.23","63,233.49","61,896.23","62,182.78",400.00,0.01,"9,865,800.00"
16/09/2025,"60,654.48","62,469.34","60,367.92","61,800.71","1,600.00",0.03,"12,813,100.00"
15/09/2025,"60,558.96","60,654.48","59,985.85","60,272.41",-100.00,0.00,"3,527,500.00"
12/09/2025,"58,553.07","60,654.48","58,266.51","60,367.92","2,000.00",0.03,"13,975,300.00"
11/09/2025,"57,120.28","58,457.55","56,738.21","58,457.55","1,400.00",0.02,"5,158,900.00"
10/09/2025,"57,788.92","57,884.43","57,024.76","57,120.28",-500.00,-0.01,"3,485,100.00"
09/09/2025,"57,884.43","58,266.51","57,406.84","57,597.88",-300.00,0.00,"3,516,800.00"
08/09/2025,"58,170.99","59,126.18","57,884.43","57,884.43",-300.00,0.00,"7,158,800.00"
05/09/2025,"59,126.18","59,221.70","58,170.99","58,170.99",-900.00,-0.01,"5,355,900.00"
04/09/2025,"58,935.14","59,699.29","58,744.10","59,030.66",300.00,0.00,"4,228,100.00"
03/09/2025,"57,597.88","58,744.10","57,597.88","58,744.10","1,200.00",0.02,"4,767,300.00"
29/08/2025,"58,553.07","58,553.07","57,597.88","57,597.88",-700.00,-0.01,"4,166,400.00"
28/08/2025,"58,266.51","58,744.10","57,979.95","58,266.51",500.00,0.01,"4,278,100.00"
27/08/2025,"57,024.76","58,457.55","56,833.73","57,788.92",800.00,0.01,"4,849,200.00"
26/08/2025,"55,974.06","57,406.84","55,878.54","57,024.76","1,000.00",0.02,"2,990,300.00"
25/08/2025,"56,260.61","56,929.25","56,069.58","56,069.58",0.00,0.00,"3,360,400.00"
22/08/2025,"57,120.28","57,215.80","55,878.54","56,069.58","-1,400.00",-0.02,"7,201,500.00"
21/08/2025,"57,406.84","58,170.99","56,929.25","57,406.84",100.00,0.00,"6,610,000.00"
20/08/2025,"57,788.92","58,170.99","56,929.25","57,311.32",-500.00,-0.01,"6,338,200.00"
19/08/2025,"58,075.47","58,457.55","57,693.40","57,788.92",-200.00,0.00,"5,277,700.00"
18/08/2025,"58,362.03","58,553.07","57,884.43","57,979.95",-300.00,0.00,"4,825,600.00"
15/08/2025,"59,221.70","59,412.74","58,266.51","58,266.51",-700.00,-0.01,"5,660,400.00"
14/08/2025,"58,553.07","59,412.74","58,266.51","58,935.14",600.00,0.01,"6,534,600.00"
13/08/2025,"59,221.70","59,317.22","58,075.47","58,362.03",-700.00,-0.01,"6,210,800.00"
12/08/2025,"59,317.22","59,603.77","58,648.58","59,030.66",300.00,0.00,"5,407,000.00"
11/08/2025,"58,266.51","59,317.22","58,170.99","58,744.10",700.00,0.01,"5,987,800.00"
08/08/2025,"58,266.51","59,030.66","57,884.43","58,075.47",-100.00,0.00,"6,703,200.00"
07/08/2025,"59,126.18","59,221.70","58,075.47","58,170.99",-400.00,-0.01,"4,741,600.00"
06/08/2025,"57,693.40","58,935.14","57,693.40","58,553.07","1,200.00",0.02,"6,078,500.00"
05/08/2025,"57,788.92","58,744.10","57,311.32","57,406.84",-300.00,0.00,"9,564,600.00"
04/08/2025,"57,120.28","58,075.47","57,120.28","57,693.40",400.00,0.01,"4,363,300.00"
01/08/2025,"58,648.58","58,648.58","57,311.32","57,311.32","-1,200.00",-0.02,"5,329,800.00"
31/07/2025,"60,176.89","60,654.48","57,693.40","58,457.55","-1,700.00",-0.03,"11,387,300.00"
30/07/2025,"60,176.89","60,654.48","59,985.85","60,081.37",-300.00,0.00,"6,078,500.00"
29/07/2025,"60,463.44","61,323.11","59,985.85","60,367.92",-100.00,0.00,"10,958,000.00"
28/07/2025,"60,463.44","61,036.56","60,176.89","60,463.44",100.00,0.00,"8,462,700.00"
25/07/2025,"60,941.04","60,941.04","60,272.41","60,367.92",-500.00,-0.01,"5,124,000.00"
24/07/2025,"59,317.22","61,132.08","59,317.22","60,845.52","2,000.00",0.03,"13,521,100.00"
23/07/2025,"57,693.40","58,935.14","57,502.36","58,935.14","1,500.00",0.02,"9,228,600.00"
22/07/2025,"57,311.32","57,502.36","56,833.73","57,502.36",200.00,0.00,"4,760,100.00"
21/07/2025,"57,597.88","58,075.47","57,311.32","57,311.32",-200.00,0.00,"5,503,300.00"
18/07/2025,"57,406.84","58,362.03","57,311.32","57,502.36",100.00,0.00,"5,826,800.00"
17/07/2025,"57,597.88","57,884.43","57,120.28","57,406.84",0.00,0.00,"6,357,800.00"
16/07/2025,"57,311.32","57,502.36","56,929.25","57,406.84",0.00,0.00,"3,111,000.00"
15/07/2025,"57,884.43","58,457.55","57,406.84","57,406.84",-200.00,0.00,"6,553,200.00"
14/07/2025,"57,311.32","58,075.47","56,642.69","57,597.88",500.00,0.01,"6,233,200.00"
11/07/2025,"57,597.88","58,075.47","57,120.28","57,120.28",100.00,0.00,"6,933,200.00"
10/07/2025,"57,788.92","57,884.43","57,024.76","57,024.76",-500.00,-0.01,"5,396,100.00"
09/07/2025,"56,642.69","57,884.43","56,451.65","57,502.36","1,200.00",0.02,"9,836,900.00"
08/07/2025,"55,400.94","56,547.17","55,305.42","56,356.13","1,100.00",0.02,"7,203,100.00"
07/07/2025,"55,400.94","55,687.50","55,114.39","55,305.42",100.00,0.00,"3,762,300.00"
04/07/2025,"54,923.35","55,305.42","54,732.31","55,209.91",300.00,0.01,"2,696,200.00"
03/07/2025,"55,114.39","55,783.02","54,732.31","54,923.35",-200.00,0.00,"5,343,100.00"
02/07/2025,"55,018.87","55,400.94","54,732.31","55,114.39",200.00,0.00,"3,775,700.00"
01/07/2025,"55,783.02","55,783.02","54,636.79","54,923.35",-500.00,-0.01,"4,063,600.00"
30/06/2025,"55,496.46","56,069.58","55,305.42","55,400.94",200.00,0.00,"4,487,800.00"
27/06/2025,"54,254.72","55,974.06","53,777.12","55,209.91","1,400.00",0.02,"8,895,400.00"
26/06/2025,"54,254.72","54,445.75","53,777.12","53,872.64",-400.00,-0.01,"3,118,900.00"
25/06/2025,"53,968.16","55,209.91","53,872.64","54,254.72",400.00,0.01,"6,268,200.00"
24/06/2025,"53,681.60","53,968.16","53,586.08","53,872.64",500.00,0.01,"2,805,700.00"
23/06/2025,"53,490.57","53,872.64","53,299.53","53,395.05",-700.00,-0.01,"3,522,800.00"
20/06/2025,"53,777.12","54,159.20","53,395.05","54,063.68",500.00,0.01,"4,661,400.00"
19/06/2025,"53,490.57","53,872.64","53,204.01","53,586.08",100.00,0.00,"2,628,700.00"
18/06/2025,"53,777.12","54,254.72","53,490.57","53,490.57",-200.00,0.00,"4,098,100.00"
17/06/2025,"53,872.64","54,159.20","53,586.08","53,681.60",-100.00,0.00,"3,406,400.00"
16/06/2025,"52,917.45","54,063.68","52,917.45","53,777.12",800.00,0.01,"4,734,300.00"
13/06/2025,"53,012.97","53,204.01","52,726.42","53,012.97",-400.00,-0.01,"3,545,400.00"
12/06/2025,"53,108.49","53,681.60","53,012.97","53,395.05",700.00,0.01,"3,282,700.00"
11/06/2025,"52,821.93","53,108.49","52,630.90","52,726.42",-100.00,0.00,"1,720,880.00"
10/06/2025,"53,012.97","53,586.08","52,630.90","52,821.93",0.00,0.00,"2,999,200.00"
09/06/2025,"52,917.45","53,777.12","52,821.93","52,821.93",0.00,0.00,"3,035,700.00"
06/06/2025,"53,872.64","53,872.64","52,630.90","52,821.93","-1,000.00",-0.02,"4,122,490.00"
05/06/2025,"54,445.75","54,541.27","53,777.12","53,777.12",-600.00,-0.01,"2,814,832.00"
04/06/2025,"53,299.53","55,209.91","53,012.97","54,350.24","1,400.00",0.03,"8,419,300.00"
03/06/2025,"52,248.82","53,490.57","52,248.82","53,012.97",900.00,0.02,"4,311,900.00"
02/06/2025,"52,439.86","52,726.42","52,057.78","52,153.30",-300.00,-0.01,"2,644,160.00"
30/05/2025,"52,917.45","52,917.45","52,344.34","52,439.86",-200.00,0.00,"3,274,098.00"
29/05/2025,"53,012.97","53,012.97","52,630.90","52,630.90",-100.00,0.00,"2,932,300.00"
28/05/2025,"53,204.01","53,204.01","52,630.90","52,726.42",-200.00,0.00,"3,901,700.00"
27/05/2025,"53,395.05","53,490.57","52,821.93","52,917.45",-300.00,-0.01,"3,680,800.00"
26/05/2025,"52,917.45","53,299.53","52,535.38","53,204.01",400.00,0.01,"2,729,200.00"
23/05/2025,"52,726.42","53,012.97","52,630.90","52,821.93",300.00,0.01,"5,366,700.00"
22/05/2025,"52,917.45","53,108.49","52,535.38","52,535.38",-400.00,-0.01,"2,952,100.00"
21/05/2025,"53,490.57","53,490.57","52,917.45","52,917.45",-500.00,-0.01,"5,687,500.00"
20/05/2025,"53,586.08","53,777.12","53,299.53","53,395.05",-100.00,0.00,"5,224,100.00"
19/05/2025,"53,681.60","54,445.75","53,490.57","53,490.57",-200.00,0.00,"2,964,700.00"
16/05/2025,"54,254.72","54,254.72","53,681.60","53,681.60",-600.00,-0.01,"3,198,400.00"
15/05/2025,"53,681.60","54,445.75","53,681.60","54,254.72",600.00,0.01,"4,559,800.00"
14/05/2025,"54,445.75","54,445.75","53,586.08","53,681.60",-300.00,-0.01,"5,034,700.00"
13/05/2025,"54,337.17","54,429.43","53,783.65","53,968.16",-100.00,0.00,"4,720,500.00"
12/05/2025,"53,506.89","54,152.67","53,506.89","54,060.41",900.00,0.02,"6,328,710.00"
09/05/2025,"53,230.13","54,060.41","53,230.13","53,230.13",300.00,0.01,"3,832,400.00"
08/05/2025,"52,768.87","53,322.39","52,768.87","52,953.37",200.00,0.00,"3,370,986.00"
07/05/2025,"52,492.11","53,230.13","52,492.11","52,768.87",300.00,0.01,"2,905,500.00"
06/05/2025,"52,584.36","52,953.37","52,492.11","52,492.11",0.00,0.00,"2,552,600.00"
05/05/2025,"53,045.63","53,137.88","52,492.11","52,492.11",-700.00,-0.01,"4,238,300.00"
29/04/2025,"53,045.63","53,414.64","52,768.87","53,137.88",100.00,0.00,"4,938,200.00"
28/04/2025,"53,783.65","53,783.65","53,045.63","53,045.63",-800.00,-0.01,"2,664,700.00"
25/04/2025,"52,123.10","53,783.65","52,123.10","53,783.65","2,000.00",0.04,"8,517,700.00"
24/04/2025,"52,123.10","52,399.85","51,846.34","51,938.59",-100.00,0.00,"2,106,400.00"
23/04/2025,"52,399.85","52,861.12","52,030.84","52,030.84",400.00,0.01,"3,586,000.00"
22/04/2025,"52,215.35","52,215.35","49,724.51","51,661.83",-700.00,-0.01,"7,202,000.00"
21/04/2025,"52,399.85","52,676.61","52,123.10","52,307.60",100.00,0.00,"3,021,400.00"
18/04/2025,"52,307.60","52,861.12","52,215.35","52,215.35",600.00,0.01,"3,137,200.00"
17/04/2025,"51,200.56","52,215.35","50,554.79","51,661.83",0.00,0.00,"7,219,000.00"
16/04/2025,"52,030.84","52,768.87","51,661.83","51,661.83",-300.00,-0.01,"3,735,600.00"
15/04/2025,"52,307.60","53,045.63","51,938.59","51,938.59",-600.00,-0.01,"4,163,500.00"
14/04/2025,"53,414.64","53,414.64","52,123.10","52,492.11",-600.00,-0.01,"5,679,700.00"
11/04/2025,"51,292.82","53,875.91","51,292.82","53,045.63","1,900.00",0.03,"9,164,400.00"
10/04/2025,"51,292.82","51,292.82","51,292.82","51,292.82","3,600.00",0.07,"1,914,300.00"
09/04/2025,"47,418.18","50,923.80","47,418.18","47,971.70","-2,500.00",-0.05,"9,932,600.00"
08/04/2025,"52,307.60","52,492.11","50,278.03","50,278.03","-4,000.00",-0.07,"13,779,500.00"
04/04/2025,"49,816.76","54,244.92","49,632.26","53,968.16","2,000.00",0.04,"9,826,600.00"
03/04/2025,"54,890.69","54,982.95","51,938.59","52,123.10","-4,000.00",-0.07,"16,938,200.00"
02/04/2025,"55,997.73","56,643.51","55,813.23","55,813.23",-300.00,0.00,"4,684,400.00"
01/04/2025,"56,459.00","56,459.00","55,628.72","56,089.99",200.00,0.00,"3,129,300.00"
31/03/2025,"56,089.99","56,828.01","55,905.48","55,905.48",300.00,0.00,"5,880,100.00"
28/03/2025,"56,274.49","56,366.75","55,536.47","55,628.72",-800.00,-0.01,"5,561,600.00"
27/03/2025,"56,459.00","56,735.76","56,366.75","56,366.75",-100.00,0.00,"2,313,900.00"
26/03/2025,"56,735.76","57,104.77","56,459.00","56,459.00",-200.00,0.00,"1,846,000.00"
25/03/2025,"56,920.26","56,920.26","56,459.00","56,643.51",0.00,0.00,"2,507,400.00"
24/03/2025,"56,643.51","57,197.02","56,366.75","56,643.51",100.00,0.00,"2,539,900.00"
21/03/2025,"57,012.52","57,012.52","56,459.00","56,551.25",-500.00,-0.01,"3,855,000.00"
20/03/2025,"57,381.53","57,381.53","56,551.25","57,012.52",-500.00,-0.01,"3,939,200.00"
19/03/2025,"57,842.80","57,935.05","57,104.77","57,473.78",-200.00,0.00,"3,153,400.00"
18/03/2025,"58,211.81","58,211.81","57,658.29","57,658.29",-500.00,-0.01,"3,281,943.00"
17/03/2025,"57,566.04","58,488.57","57,566.04","58,119.56",900.00,0.01,"4,177,100.00"
14/03/2025,"57,566.04","57,842.80","57,289.28","57,289.28",100.00,0.00,"2,696,700.00"
13/03/2025,"57,473.78","58,027.30","57,104.77","57,197.02",-200.00,0.00,"5,100,400.00"
12/03/2025,"57,658.29","57,935.05","57,381.53","57,381.53",-200.00,0.00,"2,755,400.00"
11/03/2025,"57,473.78","57,658.29","57,289.28","57,566.04",-100.00,0.00,"2,287,600.00"
10/03/2025,"58,119.56","58,119.56","57,658.29","57,658.29",-200.00,0.00,"2,579,500.00"
07/03/2025,"58,027.30","58,119.56","57,566.04","57,842.80",-200.00,0.00,"2,655,600.00"
06/03/2025,"57,842.80","58,027.30","57,381.53","58,027.30",200.00,0.00,"3,175,600.00"
05/03/2025,"58,673.08","58,673.08","57,842.80","57,842.80",-800.00,-0.01,"2,275,500.00"
04/03/2025,"58,304.06","58,857.58","58,027.30","58,580.82",300.00,0.00,"6,042,000.00"
03/03/2025,"57,935.05","58,304.06","57,473.78","58,304.06","1,000.00",0.02,"3,660,600.00"
28/02/2025,"57,473.78","58,304.06","57,381.53","57,381.53",0.00,0.00,"5,468,200.00"
27/02/2025,"58,304.06","58,304.06","57,381.53","57,381.53",-900.00,-0.01,"3,570,600.00"
26/02/2025,"58,119.56","58,488.57","58,027.30","58,211.81",200.00,0.00,"3,782,600.00"
25/02/2025,"59,042.09","59,042.09","57,750.54","58,027.30",-900.00,-0.01,"3,934,200.00"
24/02/2025,"56,828.01","58,949.84","56,828.01","58,857.58","2,400.00",0.04,"11,512,800.00"
21/02/2025,"56,089.99","57,289.28","55,905.48","56,643.51",700.00,0.01,"4,737,200.00"
20/02/2025,"56,182.24","56,182.24","55,905.48","55,997.73",-100.00,0.00,"4,473,200.00"
19/02/2025,"55,628.72","56,182.24","55,628.72","56,089.99",500.00,0.01,"3,072,700.00"
18/02/2025,"55,720.97","55,813.23","55,351.96","55,628.72",300.00,0.00,"2,496,800.00"
17/02/2025,"55,720.97","55,905.48","55,351.96","55,351.96",-300.00,0.00,"3,632,400.00"
14/02/2025,"55,997.73","55,997.73","55,628.72","55,628.72",-400.00,-0.01,"6,488,800.00"
13/02/2025,"56,274.49","56,274.49","55,720.97","55,997.73",-300.00,0.00,"2,624,800.00"
12/02/2025,"55,905.48","56,274.49","55,813.23","56,274.49",600.00,0.01,"3,555,200.00"
11/02/2025,"55,905.48","55,997.73","55,444.21","55,720.97",-200.00,0.00,"3,666,500.00"
10/02/2025,"56,459.00","56,459.00","55,905.48","55,905.48",-200.00,0.00,"2,592,100.00"
07/02/2025,"55,997.73","56,459.00","55,905.48","56,089.99",100.00,0.00,"3,012,600.00"
06/02/2025,"56,735.76","56,828.01","55,813.23","55,997.73",-800.00,-0.01,"3,224,800.00"
05/02/2025,"55,720.97","56,735.76","55,720.97","56,735.76","1,300.00",0.02,"3,810,400.00"
04/02/2025,"55,905.48","56,182.24","55,351.96","55,536.47",-300.00,0.00,"7,983,000.00"
03/02/2025,"57,381.53","57,381.53","55,813.23","55,813.23","-1,700.00",-0.03,"7,629,600.00"
24/01/2025,"57,104.77","57,658.29","57,012.52","57,381.53",200.00,0.00,"1,576,400.00"
23/01/2025,"56,828.01","57,473.78","56,828.01","57,197.02",400.00,0.01,"1,858,300.00"
22/01/2025,"57,197.02","57,197.02","56,828.01","56,828.01",-200.00,0.00,"1,760,900.00"
21/01/2025,"57,197.02","57,289.28","56,828.01","57,012.52",-100.00,0.00,"1,975,738.00"
20/01/2025,"57,197.02","57,381.53","56,828.01","57,104.77",-100.00,0.00,"1,633,600.00"
17/01/2025,"57,381.53","57,381.53","57,197.02","57,197.02",100.00,0.00,"2,303,292.00"
16/01/2025,"57,473.78","57,750.54","56,920.26","57,104.77",200.00,0.00,"1,684,500.00"
15/01/2025,"57,289.28","57,473.78","56,920.26","56,920.26",100.00,0.00,"1,216,400.00"
14/01/2025,"56,643.51","57,012.52","56,551.25","56,828.01",200.00,0.00,"1,235,100.00"
13/01/2025,"56,459.00","57,104.77","56,366.75","56,643.51",100.00,0.00,"1,601,700.00"
10/01/2025,"56,920.26","57,104.77","56,551.25","56,551.25",-500.00,-0.01,"1,720,800.00"
09/01/2025,"57,012.52","57,104.77","56,551.25","57,012.52",100.00,0.00,"1,500,000.00"
08/01/2025,"57,197.02","57,289.28","56,459.00","56,920.26",0.00,0.00,"2,084,300.00"
07/01/2025,"57,750.54","58,119.56","56,828.01","56,920.26",-800.00,-0.01,"2,802,100.00"
06/01/2025,"58,119.56","58,304.06","57,658.29","57,658.29",-500.00,-0.01,"2,103,500.00"
03/01/2025,"58,304.06","58,396.32","58,027.30","58,119.56",-100.00,0.00,"1,856,800.00"
02/01/2025,"58,673.08","58,857.58","58,211.81","58,211.81",-300.00,0.00,"2,336,600.00"
31/12/2024,"58,488.57","58,857.58","58,396.32","58,488.57",100.00,0.00,"3,349,900.00"
30/12/2024,"58,673.08","58,765.33","58,396.32","58,396.32",-500.00,-0.01,"1,490,800.00"
27/12/2024,"58,949.84","59,134.34","58,765.33","58,857.58",0.00,0.00,"2,819,200.00"
26/12/2024,"59,226.60","59,226.60","58,857.58","58,857.58",-100.00,0.00,"3,886,800.00"
25/12/2024,"58,949.84","59,407.52","58,949.84","58,949.84",100.00,0.00,"1,382,500.00"
24/12/2024,"58,949.84","59,224.45","58,675.23","58,858.30",-100.00,0.00,"4,725,000.00"
23/12/2024,"59,224.45","59,499.06","58,858.30","58,949.84",-600.00,-0.01,"1,367,800.00"
20/12/2024,"58,583.69","59,499.06","58,583.69","59,499.06","1,100.00",0.02,"3,799,600.00"
19/12/2024,"58,949.84","59,041.37","58,492.15","58,492.15",-800.00,-0.01,"2,646,900.00"
18/12/2024,"59,499.06","59,590.60","59,224.45","59,224.45",100.00,0.00,"1,614,100.00"
17/12/2024,"59,407.52","59,499.06","59,041.37","59,132.91",-400.00,-0.01,"1,204,000.00"
16/12/2024,"58,766.76","59,682.13","58,766.76","59,499.06",800.00,0.01,"2,387,600.00"
13/12/2024,"58,858.30","59,041.37","58,675.23","58,766.76",-400.00,-0.01,"1,396,700.00"
12/12/2024,"58,766.76","59,407.52","58,766.76","59,132.91",400.00,0.01,"2,249,807.00"
11/12/2024,"58,492.15","59,132.91","58,492.15","58,766.76",300.00,0.00,"2,024,600.00"
10/12/2024,"58,675.23","58,949.84","58,492.15","58,492.15",-200.00,0.00,"1,711,000.00"
09/12/2024,"59,041.37","59,041.37","58,583.69","58,675.23",0.00,0.00,"1,762,700.00"
06/12/2024,"59,041.37","59,315.98","58,675.23","58,675.23",-200.00,0.00,"1,677,900.00"
05/12/2024,"58,126.00","59,224.45","57,851.39","58,858.30","1,000.00",0.02,"2,218,400.00"
04/12/2024,"58,400.61","58,492.15","57,942.93","57,942.93",-600.00,-0.01,"2,745,800.00"
03/12/2024,"59,132.91","59,132.91","58,492.15","58,492.15",-600.00,-0.01,"2,425,200.00"
02/12/2024,"59,132.91","59,315.98","58,766.76","59,041.37",-100.00,0.00,"1,229,100.00"
29/11/2024,"59,041.37","59,315.98","58,858.30","59,132.91",100.00,0.00,"1,105,500.00"
28/11/2024,"59,499.06","59,499.06","59,041.37","59,041.37",-100.00,0.00,"1,273,300.00"
27/11/2024,"59,315.98","59,499.06","59,041.37","59,132.91",-200.00,0.00,"1,586,400.00"
26/11/2024,"59,041.37","59,499.06","58,949.84","59,315.98",500.00,0.01,"1,675,600.00"
25/11/2024,"58,858.30","59,132.91","58,766.76","58,858.30",0.00,0.00,"2,446,600.00"
22/11/2024,"58,492.15","59,315.98","58,492.15","58,858.30",400.00,0.01,"2,585,700.00"
21/11/2024,"58,309.08","58,675.23","58,034.47","58,492.15",300.00,0.00,"2,253,500.00"
20/11/2024,"57,668.32","58,400.61","57,576.78","58,217.54",600.00,0.01,"2,818,000.00"
19/11/2024,"57,942.93","58,126.00","57,668.32","57,668.32",-200.00,0.00,"2,833,600.00"
18/11/2024,"58,309.08","58,766.76","57,851.39","57,851.39",-500.00,-0.01,"3,797,000.00"
15/11/2024,"59,407.52","59,407.52","58,309.08","58,309.08","-1,300.00",-0.02,"3,688,300.00"
14/11/2024,"59,499.06","59,499.06","59,224.45","59,499.06",0.00,0.00,"1,779,900.00"
13/11/2024,"59,590.60","60,048.28","59,224.45","59,499.06",100.00,0.00,"2,820,700.00"
12/11/2024,"59,682.13","60,139.82","59,315.98","59,407.52",-300.00,0.00,"1,729,600.00"
11/11/2024,"60,139.82","60,231.35","59,224.45","59,682.13",-500.00,-0.01,"2,737,600.00"
08/11/2024,"60,414.43","60,597.50","60,048.28","60,139.82",-200.00,0.00,"1,852,400.00"
07/11/2024,"60,414.43","60,597.50","60,048.28","60,322.89",100.00,0.00,"1,152,300.00"
06/11/2024,"60,414.43","60,414.43","59,773.67","60,231.35",300.00,0.00,"2,594,600.00"
05/11/2024,"60,139.82","60,414.43","59,956.74","59,956.74",-100.00,0.00,"1,060,900.00"
04/11/2024,"60,322.89","60,963.65","60,048.28","60,048.28",-200.00,0.00,"2,118,800.00"
01/11/2024,"60,505.97","60,689.04","60,048.28","60,231.35",-300.00,0.00,"2,178,005.00"
31/10/2024,"60,963.65","60,963.65","59,773.67","60,505.97",-200.00,0.00,"5,269,100.00"
30/10/2024,"61,329.80","61,604.41","60,689.04","60,689.04",-700.00,-0.01,"3,431,700.00"
29/10/2024,"61,604.41","61,604.41","61,146.73","61,329.80",-200.00,0.00,"2,030,600.00"
28/10/2024,"61,970.56","62,245.17","61,055.19","61,512.87",-800.00,-0.01,"2,923,300.00"
25/10/2024,"62,794.39","62,794.39","62,153.63","62,245.17",-400.00,-0.01,"2,170,200.00"
24/10/2024,"61,604.41","63,160.54","61,604.41","62,611.32","1,100.00",0.02,"4,365,000.00"
23/10/2024,"61,604.41","61,879.02","61,512.87","61,604.41",0.00,0.00,"1,835,900.00"
22/10/2024,"61,604.41","62,062.10","61,512.87","61,604.41",0.00,0.00,"2,250,400.00"
21/10/2024,"61,695.95","62,153.63","61,512.87","61,604.41",-100.00,0.00,"1,860,000.00"
18/10/2024,"61,879.02","62,245.17","61,695.95","61,695.95",-200.00,0.00,"1,737,502.00"
17/10/2024,"61,879.02","62,153.63","61,604.41","61,879.02",100.00,0.00,"1,655,019.00"
16/10/2024,"61,146.73","62,336.71","61,146.73","61,787.48",700.00,0.01,"2,003,900.00"
15/10/2024,"61,512.87","61,695.95","61,055.19","61,146.73",-400.00,-0.01,"3,473,302.00"
14/10/2024,"62,336.71","62,336.71","61,421.34","61,512.87",-500.00,-0.01,"3,220,500.00"
11/10/2024,"62,336.71","62,428.24","61,787.48","61,970.56",0.00,0.00,"2,690,038.00"
10/10/2024,"62,519.78","62,977.47","61,970.56","61,970.56",-100.00,0.00,"3,122,515.00"
09/10/2024,"62,519.78","62,794.39","62,062.10","62,062.10",-400.00,-0.01,"3,827,960.00"
08/10/2024,"61,512.87","62,428.24","61,512.87","62,428.24","1,100.00",0.02,"3,182,649.00"
07/10/2024,"62,885.93","63,435.15","61,421.34","61,421.34","-1,400.00",-0.02,"5,986,300.00"
04/10/2024,"64,533.59","64,533.59","62,611.32","62,702.85","-1,800.00",-0.03,"6,134,000.00"
03/10/2024,"64,258.98","64,533.59","63,984.37","64,350.52",200.00,0.00,"2,948,000.00"
02/10/2024,"64,258.98","64,258.98","63,709.76","64,167.45",0.00,0.00,"2,139,900.00"
01/10/2024,"64,258.98","64,716.67","64,167.45","64,167.45",0.00,0.00,"2,040,200.00"
30/09/2024,"64,991.28","64,991.28","64,167.45","64,167.45",-900.00,-0.01,"2,043,516.00"
27/09/2024,"64,808.21","65,174.35","64,716.67","64,991.28",300.00,0.00,"3,168,700.00"
26/09/2024,"63,709.76","65,082.82","63,709.76","64,716.67","1,100.00",0.02,"4,484,109.00"
25/09/2024,"64,350.52","64,442.06","63,709.76","63,709.76",-700.00,-0.01,"4,847,436.00"
24/09/2024,"64,991.28","64,991.28","64,167.45","64,350.52",-200.00,0.00,"2,199,514.00"
23/09/2024,"64,664.75","64,753.21","64,222.44","64,487.83",200.00,0.00,"2,997,201.00"
20/09/2024,"65,018.59","65,460.89","64,310.90","64,310.90",-600.00,-0.01,"6,555,403.00"
19/09/2024,"64,841.67","65,018.59","64,576.29","64,841.67",0.00,0.00,"1,572,742.00"
18/09/2024,"65,107.05","65,372.43","64,576.29","64,841.67",-100.00,0.00,"2,845,344.00"
17/09/2024,"63,691.68","64,930.13","63,426.30","64,930.13","1,500.00",0.02,"2,526,732.00"
16/09/2024,"64,576.29","64,576.29","63,603.22","63,603.22","-1,000.00",-0.01,"4,034,700.00"
13/09/2024,"66,168.58","66,168.58","64,487.83","64,487.83","-1,800.00",-0.02,"5,347,113.00"
12/09/2024,"66,345.50","66,522.42","65,814.74","66,080.12",100.00,0.00,"2,052,124.00"
11/09/2024,"66,168.58","66,433.96","65,372.43","65,991.66",-300.00,0.00,"3,165,231.00"
10/09/2024,"66,168.58","66,787.80","65,726.28","66,257.04",100.00,0.00,"3,332,434.00"
09/09/2024,"66,433.96","66,433.96","65,637.81","66,168.58",-600.00,-0.01,"2,638,800.00"
06/09/2024,"66,257.04","66,787.80","66,168.58","66,699.34",700.00,0.01,"3,641,800.00"
05/09/2024,"65,726.28","66,699.34","65,549.35","66,080.12",400.00,0.01,"5,841,142.00"
04/09/2024,"64,841.67","65,903.20","64,664.75","65,726.28",400.00,0.01,"2,839,125.00"
30/08/2024,"65,107.05","66,168.58","64,930.13","65,372.43",400.00,0.01,"3,675,800.00"
29/08/2024,"65,195.51","65,460.89","64,930.13","65,018.59",-400.00,-0.01,"2,042,980.00"
28/08/2024,"65,107.05","65,460.89","64,753.21","65,372.43",400.00,0.01,"3,352,840.00"
27/08/2024,"64,930.13","65,283.97","64,222.44","65,018.59",100.00,0.00,"4,265,844.00"
26/08/2024,"66,257.04","66,345.50","64,841.67","64,930.13","-1,500.00",-0.02,"6,324,827.00"
23/08/2024,"66,257.04","66,876.26","65,814.74","66,257.04",700.00,0.01,"3,307,633.00"
22/08/2024,"67,230.11","67,230.11","65,107.05","65,637.81","-1,100.00",-0.01,"6,025,954.00"
21/08/2024,"66,522.42","67,318.57","66,433.96","66,610.88",-300.00,0.00,"3,991,045.00"
20/08/2024,"67,230.11","67,407.03","66,610.88","66,876.26",-400.00,-0.01,"4,177,349.00"
19/08/2024,"65,460.89","67,230.11","65,283.97","67,230.11","2,200.00",0.03,"7,917,931.00"
16/08/2024,"65,460.89","65,549.35","64,753.21","65,283.97",0.00,0.00,"7,392,917.00"
15/08/2024,"65,460.89","65,991.66","65,195.51","65,283.97",-200.00,0.00,"4,255,830.00"
14/08/2024,"65,460.89","65,549.35","64,841.67","65,460.89",200.00,0.00,"5,456,225.00"
13/08/2024,"64,399.37","65,814.74","64,310.90","65,283.97",800.00,0.01,"6,834,400.00"
12/08/2024,"64,841.67","65,814.74","64,399.37","64,576.29",-300.00,0.00,"5,804,000.00"
09/08/2024,"64,399.37","64,930.13","64,133.98","64,841.67",600.00,0.01,"4,527,500.00"
08/08/2024,"65,372.43","65,814.74","63,868.60","64,310.90","-1,100.00",-0.01,"7,611,000.00"
07/08/2024,"64,753.21","65,283.97","64,045.52","65,283.97","1,100.00",0.02,"10,740,700.00"
06/08/2024,"62,187.85","64,841.67","61,922.47","64,310.90","3,300.00",0.05,"13,950,400.00"
05/08/2024,"62,807.07","62,983.99","60,595.56","61,391.70","-2,100.00",-0.03,"12,245,500.00"
02/08/2024,"61,922.47","63,603.22","61,922.47","63,249.38","1,200.00",0.02,"10,290,200.00"
01/08/2024,"63,514.76","63,603.22","62,010.93","62,187.85","-1,300.00",-0.02,"8,955,800.00"
31/07/2024,"60,595.56","63,691.68","60,595.56","63,337.84","3,900.00",0.06,"21,564,900.00"
30/07/2024,"59,534.03","60,507.10","59,180.19","59,887.87",500.00,0.01,"6,465,600.00"
29/07/2024,"58,560.96","59,799.41","58,295.58","59,445.57","1,400.00",0.02,"5,781,800.00"
26/07/2024,"57,853.28","58,560.96","57,853.28","58,207.12",200.00,0.00,"3,275,400.00"
25/07/2024,"58,030.20","58,118.66","57,764.82","58,030.20",0.00,0.00,"1,957,600.00"
24/07/2024,"58,207.12","58,472.50","58,030.20","58,030.20",-300.00,0.00,"3,913,500.00"
23/07/2024,"58,030.20","58,649.42","57,941.74","58,295.58",500.00,0.01,"3,777,800.00"
22/07/2024,"57,764.82","58,384.04","57,676.35","57,853.28",100.00,0.00,"2,654,800.00"
19/07/2024,"58,295.58","58,295.58","57,587.89","57,764.82",-600.00,-0.01,"3,412,700.00"
18/07/2024,"58,384.04","58,384.04","57,941.74","58,295.58",200.00,0.00,"2,363,000.00"
17/07/2024,"58,560.96","58,826.34","58,030.20","58,118.66",-400.00,-0.01,"3,464,800.00"
16/07/2024,"58,737.88","59,003.26","58,472.50","58,472.50",-100.00,0.00,"2,243,700.00"
15/07/2024,"58,649.42","59,180.19","58,560.96","58,560.96",-100.00,0.00,"2,155,300.00"
12/07/2024,"58,737.88","58,914.80","58,472.50","58,649.42",0.00,0.00,"2,189,900.00"
11/07/2024,"59,180.19","59,268.65","58,649.42","58,649.42",-500.00,-0.01,"3,787,100.00"
10/07/2024,"59,710.95","59,976.33","59,091.73","59,091.73",-700.00,-0.01,"3,991,700.00"
09/07/2024,"59,799.41","59,976.33","59,445.57","59,710.95",-100.00,0.00,"5,045,200.00"
08/07/2024,"59,534.03","59,887.87","59,268.65","59,799.41",400.00,0.01,"4,942,400.00"
05/07/2024,"58,737.88","59,710.95","58,737.88","59,445.57",800.00,0.01,"4,285,100.00"
04/07/2024,"58,649.42","59,180.19","58,649.42","58,737.88",200.00,0.00,"2,688,900.00"
03/07/2024,"58,560.96","58,649.42","58,384.04","58,560.96",0.00,0.00,"1,437,600.00"
02/07/2024,"58,384.04","58,649.42","58,207.12","58,560.96",200.00,0.00,"2,042,800.00"
01/07/2024,"58,207.12","58,384.04","57,764.82","58,384.04",500.00,0.01,"1,909,300.00"
28/06/2024,"57,941.74","58,384.04","57,764.82","57,941.74",200.00,0.00,"2,821,700.00"
27/06/2024,"57,676.35","58,030.20","57,587.89","57,764.82",100.00,0.00,"2,755,400.00"
26/06/2024,"58,207.12","58,207.12","57,587.89","57,676.35",-300.00,0.00,"2,599,300.00"
25/06/2024,"58,207.12","58,560.96","57,941.74","57,941.74",0.00,0.00,"3,680,600.00"
24/06/2024,"58,472.50","58,914.80","57,764.82","57,941.74",-500.00,-0.01,"3,871,900.00"
21/06/2024,"58,826.34","59,357.11","58,384.04","58,384.04",0.00,0.00,"4,023,700.00"
20/06/2024,"57,853.28","59,091.73","57,676.35","58,384.04",700.00,0.01,"4,397,100.00"
19/06/2024,"58,384.04","58,384.04","57,587.89","57,764.82",-600.00,-0.01,"6,211,000.00"
18/06/2024,"58,826.34","58,826.34","58,295.58","58,295.58",-100.00,0.00,"2,751,700.00"
17/06/2024,"58,649.42","58,914.80","58,384.04","58,384.04",-200.00,0.00,"3,617,600.00"
14/06/2024,"59,268.65","59,534.03","58,560.96","58,560.96",-700.00,-0.01,"4,124,200.00"
13/06/2024,"59,268.65","59,622.49","59,091.73","59,180.19",-100.00,0.00,"4,003,600.00"
12/06/2024,"58,826.34","59,534.03","58,649.42","59,268.65",500.00,0.01,"3,522,696.00"
11/06/2024,"59,622.49","59,710.95","58,737.88","58,826.34",-700.00,-0.01,"6,177,100.00"
10/06/2024,"60,507.10","60,595.56","59,445.57","59,445.57",-600.00,-0.01,"4,584,100.00"
07/06/2024,"59,799.41","60,684.02","59,710.95","59,976.33",600.00,0.01,"4,127,600.00"
06/06/2024,"61,037.86","61,037.86","59,445.57","59,445.57","-1,300.00",-0.02,"4,907,800.00"
05/06/2024,"58,560.96","61,214.78","58,560.96","60,595.56","2,500.00",0.04,"11,865,800.00"
04/06/2024,"58,472.50","58,914.80","58,384.04","58,384.04",-100.00,0.00,"3,755,800.00"
03/06/2024,"58,207.12","58,914.80","58,118.66","58,472.50",700.00,0.01,"3,302,200.00"
31/05/2024,"58,295.58","58,295.58","57,764.82","57,853.28",-300.00,0.00,"4,165,400.00"
30/05/2024,"58,472.50","58,560.96","57,941.74","58,118.66",-600.00,-0.01,"4,502,600.00"
29/05/2024,"59,268.65","59,534.03","58,384.04","58,649.42",-500.00,-0.01,"3,644,200.00"
28/05/2024,"58,649.42","59,534.03","58,472.50","59,091.73",700.00,0.01,"5,787,500.00"
27/05/2024,"58,472.50","58,914.80","58,207.12","58,472.50",100.00,0.00,"2,426,600.00"
24/05/2024,"59,003.26","59,180.19","58,118.66","58,384.04","-1,000.00",-0.01,"4,194,100.00"
23/05/2024,"58,384.04","59,268.65","58,207.12","59,268.65","1,200.00",0.02,"2,991,400.00"
22/05/2024,"58,737.88","59,003.26","58,207.12","58,207.12",-400.00,-0.01,"3,728,300.00"
21/05/2024,"58,737.88","58,914.80","58,207.12","58,560.96",-200.00,0.00,"3,821,200.00"
20/05/2024,"59,357.11","59,799.41","58,737.88","58,737.88",-600.00,-0.01,"4,941,500.00"
17/05/2024,"59,534.03","59,976.33","59,091.73","59,268.65",-200.00,0.00,"4,349,200.00"
16/05/2024,"59,357.11","59,887.87","59,268.65","59,445.57",200.00,0.00,"3,153,300.00"
15/05/2024,"59,180.19","59,534.03","59,003.26","59,268.65",500.00,0.01,"3,895,400.00"
14/05/2024,"58,295.58","59,268.65","58,295.58","58,826.34",700.00,0.01,"2,704,800.00"
13/05/2024,"58,914.80","59,091.73","57,853.28","58,207.12",-700.00,-0.01,"2,882,500.00"
10/05/2024,"59,003.26","59,710.95","58,472.50","58,826.34",-100.00,0.00,"2,438,800.00"
09/05/2024,"60,064.79","60,064.79","58,914.80","58,914.80","-1,300.00",-0.02,"2,998,000.00"
08/05/2024,"60,153.25","60,153.25","59,357.11","60,064.79",-100.00,0.00,"2,984,400.00"
07/05/2024,"58,384.04","60,595.56","58,295.58","60,153.25","2,200.00",0.03,"8,723,900.00"
06/05/2024,"58,207.12","58,737.88","57,941.74","58,207.12",200.00,0.00,"2,261,300.00"
03/05/2024,"58,030.20","58,384.04","57,941.74","58,030.20",200.00,0.00,"2,204,400.00"
02/05/2024,"57,853.28","57,941.74","57,410.97","57,853.28",400.00,0.01,"2,563,400.00"
26/04/2024,"57,234.05","58,207.12","57,057.13","57,499.43",300.00,0.00,"2,940,600.00"
25/04/2024,"56,614.83","57,322.51","56,526.37","57,234.05",700.00,0.01,"2,006,000.00"
24/04/2024,"56,614.83","56,880.21","56,172.52","56,614.83",500.00,0.01,"2,478,300.00"
23/04/2024,"56,791.75","56,880.21","55,907.14","56,172.52",-500.00,-0.01,"2,139,400.00"
22/04/2024,"57,234.05","57,764.82","56,614.83","56,614.83",-200.00,0.00,"2,035,200.00"
19/04/2024,"56,791.75","56,968.67","55,995.60","56,791.75",0.00,0.00,"4,677,100.00"
17/04/2024,"56,968.67","57,410.97","56,791.75","56,791.75",200.00,0.00,"5,144,500.00"
16/04/2024,"57,410.97","57,499.43","55,730.22","56,614.83",-900.00,-0.01,"7,128,700.00"
15/04/2024,"59,003.26","59,003.26","57,410.97","57,410.97","-1,800.00",-0.03,"5,776,100.00"
12/04/2024,"59,091.73","59,357.11","58,914.80","59,003.26",100.00,0.00,"2,509,200.00"
11/04/2024,"59,003.26","59,180.19","58,826.34","58,914.80",-200.00,0.00,"2,947,700.00"
10/04/2024,"59,357.11","59,534.03","59,091.73","59,091.73",-200.00,0.00,"4,464,100.00"
09/04/2024,"59,357.11","59,534.03","59,091.73","59,268.65",0.00,0.00,"2,516,000.00"
08/04/2024,"60,153.25","60,153.25","59,180.19","59,268.65",-900.00,-0.01,"3,716,000.00"
05/04/2024,"60,330.17","60,330.17","59,887.87","60,064.79",-300.00,0.00,"4,233,800.00"
04/04/2024,"59,003.26","60,507.10","59,003.26","60,330.17","1,500.00",0.02,"8,598,100.00"
03/04/2024,"59,534.03","59,534.03","59,003.26","59,003.26",-600.00,-0.01,"5,046,100.00"
02/04/2024,"59,268.65","59,622.49","59,003.26","59,534.03",300.00,0.00,"4,322,900.00"
01/04/2024,"59,799.41","59,887.87","59,268.65","59,268.65",-600.00,-0.01,"5,013,000.00"
29/03/2024,"60,507.10","60,507.10","59,710.95","59,799.41",-100.00,0.00,"3,694,900.00"
28/03/2024,"59,887.87","60,507.10","59,799.41","59,887.87",0.00,0.00,"4,492,200.00"
27/03/2024,"60,153.25","60,153.25","59,710.95","59,887.87",0.00,0.00,"2,812,100.00"
26/03/2024,"59,622.49","60,064.79","59,534.03","59,887.87",400.00,0.01,"2,524,500.00"
25/03/2024,"60,064.79","60,330.17","59,357.11","59,534.03",-500.00,-0.01,"5,588,600.00"
22/03/2024,"60,684.02","60,772.48","59,976.33","59,976.33",-600.00,-0.01,"6,162,600.00"
21/03/2024,"60,330.17","60,595.56","60,064.79","60,507.10",400.00,0.01,"5,061,700.00"
20/03/2024,"59,976.33","60,684.02","59,710.95","60,153.25",200.00,0.00,"3,657,800.00"
19/03/2024,"60,595.56","60,595.56","59,976.33","59,976.33",-100.00,0.00,"3,222,100.00"
18/03/2024,"60,860.94","61,126.32","59,799.41","60,064.79",-900.00,-0.01,"6,796,400.00"
15/03/2024,"62,010.93","62,010.93","60,772.48","60,860.94",-800.00,-0.01,"4,851,100.00"
14/03/2024,"62,005.28","62,267.28","61,393.96","61,568.62",-300.00,0.00,"5,476,400.00"
13/03/2024,"61,219.30","61,917.95","61,131.97","61,830.62",800.00,0.01,"5,702,600.00"
12/03/2024,"61,481.29","61,655.96","61,131.97","61,131.97",-300.00,0.00,"3,844,000.00"
11/03/2024,"61,568.62","62,267.28","61,131.97","61,393.96",300.00,0.00,"4,268,400.00"
08/03/2024,"62,965.93","63,664.58","61,131.97","61,131.97","-2,000.00",-0.03,"7,361,000.00"
07/03/2024,"62,616.60","62,965.93","62,267.28","62,878.59",200.00,0.00,"5,217,600.00"
06/03/2024,"64,013.90","64,188.57","62,703.93","62,703.93","-1,200.00",-0.02,"4,862,900.00"
05/03/2024,"62,878.59","63,751.91","62,616.60","63,751.91","1,000.00",0.01,"5,530,900.00"
04/03/2024,"62,703.93","63,489.91","62,529.27","62,878.59",500.00,0.01,"5,014,600.00"
01/03/2024,"62,965.93","62,965.93","62,179.94","62,441.94",-500.00,-0.01,"4,487,700.00"
29/02/2024,"63,402.58","64,013.90","62,529.27","62,878.59",-200.00,0.00,"6,568,800.00"
28/02/2024,"63,227.92","63,402.58","62,441.94","63,053.26",200.00,0.00,"3,509,000.00"
27/02/2024,"62,179.94","63,227.92","62,092.61","62,878.59","1,000.00",0.01,"5,282,500.00"
26/02/2024,"62,005.28","62,616.60","61,743.29","62,005.28",0.00,0.00,"3,138,400.00"
23/02/2024,"62,703.93","63,489.91","62,005.28","62,005.28",-600.00,-0.01,"6,142,500.00"
22/02/2024,"62,267.28","63,489.91","62,092.61","62,529.27",300.00,0.00,"4,698,100.00"
21/02/2024,"62,441.94","62,791.26","62,005.28","62,267.28",-200.00,0.00,"3,590,200.00"
20/02/2024,"62,616.60","63,227.92","62,267.28","62,441.94",-400.00,-0.01,"4,435,700.00"
19/02/2024,"61,917.95","63,402.58","61,743.29","62,791.26","1,900.00",0.03,"7,144,500.00"
16/02/2024,"59,210.68","61,393.96","58,948.68","61,131.97","2,400.00",0.04,"11,114,600.00"
15/02/2024,"59,036.01","59,385.34","58,686.69","59,036.01",0.00,0.00,"4,115,500.00"
07/02/2024,"59,036.01","59,298.01","58,686.69","59,036.01",0.00,0.00,"2,736,300.00"
06/02/2024,"59,472.67","59,560.00","59,036.01","59,036.01",-400.00,-0.01,"2,463,800.00"
05/02/2024,"58,861.35","59,560.00","58,686.69","59,385.34",600.00,0.01,"3,565,900.00"
02/02/2024,"58,948.68","59,123.35","58,512.03","58,861.35",-100.00,0.00,"2,677,300.00"
01/02/2024,"58,686.69","59,210.68","58,686.69","58,948.68",500.00,0.01,"2,549,300.00"
31/01/2024,"58,686.69","59,560.00","58,424.69","58,512.03",100.00,0.00,"4,441,100.00"
30/01/2024,"58,774.02","58,774.02","58,424.69","58,424.69",-100.00,0.00,"1,840,400.00"
29/01/2024,"58,599.36","58,774.02","58,424.69","58,512.03",0.00,0.00,"2,153,800.00"
26/01/2024,"58,512.03","58,948.68","58,512.03","58,512.03",100.00,0.00,"1,675,800.00"
25/01/2024,"58,861.35","58,948.68","58,424.69","58,424.69",-400.00,-0.01,"2,800,500.00"
24/01/2024,"59,210.68","59,385.34","58,686.69","58,774.02",-400.00,-0.01,"2,083,500.00"
23/01/2024,"59,647.33","59,647.33","59,036.01","59,123.35",-600.00,-0.01,"2,252,000.00"
22/01/2024,"59,385.34","59,996.66","59,385.34","59,647.33",300.00,0.00,"1,959,800.00"
19/01/2024,"58,861.35","59,909.33","58,861.35","59,385.34",600.00,0.01,"2,809,900.00"
18/01/2024,"58,774.02","59,210.68","58,774.02","58,861.35",300.00,0.00,"3,008,200.00"
17/01/2024,"58,948.68","59,298.01","58,512.03","58,599.36",-300.00,0.00,"1,916,400.00"
16/01/2024,"58,512.03","58,861.35","58,250.03","58,861.35",400.00,0.01,"2,072,400.00"
15/01/2024,"58,686.69","58,948.68","58,512.03","58,512.03",-200.00,0.00,"2,336,501.00"
12/01/2024,"59,036.01","59,298.01","58,512.03","58,686.69",-700.00,-0.01,"3,283,000.00"
11/01/2024,"58,948.68","59,822.00","58,948.68","59,298.01",400.00,0.01,"2,083,900.00"
10/01/2024,"59,472.67","59,472.67","58,861.35","58,948.68",-600.00,-0.01,"3,006,600.00"
09/01/2024,"59,560.00","59,822.00","59,385.34","59,472.67",-100.00,0.00,"2,579,400.00"
08/01/2024,"60,258.65","60,345.98","59,560.00","59,560.00",-600.00,-0.01,"2,396,400.00"
05/01/2024,"60,520.65","60,520.65","59,822.00","60,083.99",-200.00,0.00,"1,775,700.00"
04/01/2024,"60,345.98","60,695.31","60,258.65","60,258.65",0.00,0.00,"3,401,500.00"
03/01/2024,"59,734.67","60,258.65","59,385.34","60,258.65",700.00,0.01,"1,979,801.00"
02/01/2024,"59,560.00","59,822.00","59,298.01","59,647.33",700.00,0.01,"2,142,800.00"
29/12/2023,"59,996.66","59,996.66","59,036.01","59,036.01",-900.00,-0.01,"2,257,800.00"
28/12/2023,"58,948.68","59,822.00","58,948.68","59,822.00","1,000.00",0.01,"2,873,700.00"
27/12/2023,"59,385.34","59,560.00","58,948.68","58,948.68",0.00,0.00,"1,736,400.00"
26/12/2023,"59,208.75","59,382.13","58,948.68","58,948.68",100.00,0.00,"1,975,400.00"
25/12/2023,"58,601.93","59,555.51","58,601.93","58,861.99",300.00,0.00,"3,128,279.00"
22/12/2023,"58,775.30","59,035.37","58,515.24","58,601.93",-200.00,0.00,"2,620,700.00"
21/12/2023,"58,861.99","59,208.75","58,775.30","58,775.30",-300.00,0.00,"2,875,900.00"
20/12/2023,"58,081.79","59,122.06","58,081.79","59,035.37","1,100.00",0.02,"2,623,900.00"
19/12/2023,"58,168.48","58,428.55","57,474.97","58,081.79",0.00,0.00,"3,151,900.00"
18/12/2023,"59,035.37","59,122.06","58,081.79","58,081.79","-1,100.00",-0.02,"3,613,100.00"
15/12/2023,"59,382.13","59,468.82","59,035.37","59,035.37",-300.00,0.00,"4,122,500.00"
14/12/2023,"59,295.44","59,728.89","59,122.06","59,295.44",200.00,0.00,"1,462,000.00"
13/12/2023,"60,335.71","60,422.40","59,035.37","59,122.06","-1,200.00",-0.02,"4,601,000.00"
12/12/2023,"60,682.47","60,769.16","59,815.57","60,162.33",-600.00,-0.01,"2,788,700.00"
11/12/2023,"61,115.91","61,115.91","60,595.78","60,682.47","1,000.00",0.01,"4,764,500.00"
08/12/2023,"59,295.44","60,075.64","58,948.68","59,815.57",600.00,0.01,"3,729,400.00"
07/12/2023,"59,642.20","59,642.20","58,515.24","59,295.44",-100.00,0.00,"3,921,300.00"
06/12/2023,"59,035.37","59,468.82","59,035.37","59,382.13",400.00,0.01,"1,606,600.00"
05/12/2023,"59,642.20","59,815.57","58,948.68","59,035.37",-700.00,-0.01,"2,302,100.00"
04/12/2023,"59,382.13","60,249.02","59,295.44","59,642.20",400.00,0.01,"3,006,800.00"
01/12/2023,"58,948.68","59,382.13","58,688.61","59,295.44","1,000.00",0.01,"1,558,800.00"
30/11/2023,"59,295.44","59,555.51","58,428.55","58,428.55","-1,000.00",-0.01,"2,630,600.00"
29/11/2023,"59,382.13","59,642.20","59,122.06","59,295.44",-100.00,0.00,"1,419,153.00"
28/11/2023,"59,035.37","59,382.13","58,515.24","59,382.13",400.00,0.01,"1,957,253.00"
27/11/2023,"59,208.75","59,295.44","58,861.99","59,035.37",-200.00,0.00,"1,333,300.00"
24/11/2023,"59,468.82","59,728.89","58,601.93","59,208.75",-400.00,-0.01,"3,128,900.00"
23/11/2023,"60,509.09","60,595.78","59,555.51","59,555.51",-700.00,-0.01,"1,653,100.00"
22/11/2023,"60,249.02","60,855.85","59,815.57","60,162.33",-100.00,0.00,"1,533,200.00"
21/11/2023,"60,162.33","60,509.09","59,728.89","60,249.02",200.00,0.00,"2,989,800.00"
20/11/2023,"59,988.95","60,595.78","59,815.57","60,075.64",-700.00,-0.01,"2,001,000.00"
17/11/2023,"61,549.36","61,636.05","59,988.95","60,682.47",-300.00,0.00,"2,335,800.00"
16/11/2023,"61,202.60","61,809.43","60,595.78","60,942.54",-400.00,-0.01,"2,368,200.00"
15/11/2023,"60,682.47","62,242.87","60,682.47","61,289.29","1,800.00",0.03,"3,949,400.00"
14/11/2023,"59,815.57","60,162.33","59,122.06","59,728.89",200.00,0.00,"2,996,000.00"
13/11/2023,"60,422.40","60,682.47","59,468.82","59,555.51",-900.00,-0.01,"1,730,800.00"
10/11/2023,"61,375.98","61,375.98","60,335.71","60,335.71","-1,100.00",-0.02,"2,833,100.00"
09/11/2023,"62,069.50","62,502.94","61,289.29","61,289.29",-700.00,-0.01,"3,420,100.00"
08/11/2023,"61,375.98","61,982.81","60,509.09","61,896.12",600.00,0.01,"2,339,600.00"
07/11/2023,"61,115.91","61,375.98","60,509.09","61,375.98",-200.00,0.00,"1,474,700.00"
06/11/2023,"60,855.85","61,982.81","60,769.16","61,549.36","1,000.00",0.01,"1,136,800.00"
03/11/2023,"61,462.67","61,462.67","60,509.09","60,682.47",-900.00,-0.01,"1,692,700.00"
02/11/2023,"61,115.91","61,462.67","60,509.09","61,462.67",500.00,0.01,"2,390,200.00"
01/11/2023,"59,815.57","61,115.91","58,861.99","61,029.22","2,400.00",0.04,"2,337,200.00"
31/10/2023,"58,861.99","60,249.02","58,601.93","58,948.68",400.00,0.01,"2,183,600.00"
30/10/2023,"58,861.99","58,948.68","58,168.48","58,601.93",-400.00,-0.01,"1,112,000.00"
27/10/2023,"58,341.86","58,948.68","57,735.03","58,948.68","1,000.00",0.01,"1,811,000.00"
26/10/2023,"59,382.13","59,468.82","57,128.21","58,081.79","-2,000.00",-0.03,"5,201,700.00"
25/10/2023,"60,942.54","61,375.98","59,815.57","59,815.57","-1,300.00",-0.02,"2,477,700.00"
24/10/2023,"60,855.85","61,375.98","60,769.16","60,942.54",100.00,0.00,"1,099,508.00"
23/10/2023,"62,156.18","62,416.25","60,769.16","60,855.85","-2,100.00",-0.03,"2,804,900.00"
20/10/2023,"61,809.43","62,849.70","60,855.85","62,676.32",900.00,0.01,"2,371,808.00"
19/10/2023,"63,629.90","63,629.90","61,462.67","61,896.12","-2,500.00",-0.03,"4,007,700.00"
18/10/2023,"64,843.55","64,843.55","62,763.01","64,063.35",-900.00,-0.01,"2,572,400.00"
17/10/2023,"65,277.00","65,970.51","64,843.55","64,843.55",-400.00,-0.01,"1,595,900.00"
16/10/2023,"65,103.62","65,710.44","64,756.86","65,190.31",-600.00,-0.01,"1,374,400.00"
13/10/2023,"65,363.69","66,143.89","65,016.93","65,710.44",300.00,0.00,"1,560,000.00"
12/10/2023,"64,583.48","65,797.13","64,583.48","65,450.38","1,100.00",0.01,"2,534,800.00"
11/10/2023,"64,670.17","64,843.55","64,150.04","64,496.79",0.00,0.00,"1,898,774.00"
10/10/2023,"64,410.10","65,016.93","64,150.04","64,496.79",700.00,0.01,"1,123,900.00"
09/10/2023,"64,150.04","64,236.73","63,803.28","63,889.97",-500.00,-0.01,"1,621,374.00"
06/10/2023,"63,023.08","64,323.42","62,936.39","64,323.42","1,500.00",0.02,"1,327,000.00"
05/10/2023,"64,236.73","64,496.79","63,023.08","63,023.08","-1,700.00",-0.02,"2,645,700.00"
04/10/2023,"63,803.28","64,670.17","63,629.90","64,496.79",400.00,0.01,"1,177,900.00"
03/10/2023,"64,670.17","65,103.62","64,063.35","64,150.04","-1,600.00",-0.02,"2,013,700.00"
02/10/2023,"64,323.42","65,537.06","64,323.42","65,537.06","1,400.00",0.02,"1,304,901.00"
29/09/2023,"65,016.93","66,230.58","64,323.42","64,323.42",-600.00,-0.01,"1,403,900.00"
28/09/2023,"65,970.51","66,230.58","64,843.55","64,843.55","-1,800.00",-0.02,"2,034,300.00"
27/09/2023,"66,143.89","66,403.96","64,843.55","66,403.96",500.00,0.01,"2,273,300.00"
26/09/2023,"67,270.85","67,617.61","65,883.82","65,970.51","-1,500.00",-0.02,"2,634,600.00"
25/09/2023,"66,924.09","68,051.05","66,490.65","67,270.85",100.00,0.00,"2,795,503.00"
22/09/2023,"66,837.40","67,877.67","65,710.44","67,184.16",-500.00,-0.01,"4,361,903.00"
21/09/2023,"67,704.30","67,877.67","67,010.78","67,617.61",-300.00,0.00,"2,577,902.00"
20/09/2023,"67,964.36","68,311.12","67,617.61","67,877.67",-600.00,-0.01,"2,403,202.00"
19/09/2023,"68,051.05","68,397.81","67,097.47","68,397.81",0.00,0.00,"2,571,703.00"
18/09/2023,"68,571.19","69,178.01","68,224.43","68,397.81",-600.00,-0.01,"1,499,600.00"
15/09/2023,"68,831.26","70,391.66","68,484.50","68,917.95",100.00,0.00,"5,614,800.00"
14/09/2023,"68,051.05","69,351.39","67,964.36","68,831.26",300.00,0.00,"2,660,100.00"
13/09/2023,"69,004.63","69,611.46","68,224.43","68,571.19","-1,200.00",-0.01,"2,507,600.00"
12/09/2023,"68,484.50","69,958.22","67,877.67","69,611.46",800.00,0.01,"2,708,500.00"
11/09/2023,"69,351.39","70,304.97","67,270.85","68,917.95",-500.00,-0.01,"4,234,900.00"
08/09/2023,"68,657.88","69,438.08","68,571.19","69,351.39",500.00,0.01,"2,774,901.00"
07/09/2023,"69,264.70","69,351.39","68,137.74","68,917.95",-500.00,-0.01,"3,726,700.00"
06/09/2023,"69,438.08","69,438.08","68,917.95","69,351.39",-100.00,0.00,"2,280,401.00"
05/09/2023,"68,051.05","69,784.84","67,704.30","69,438.08","2,300.00",0.03,"6,839,901.00"
31/08/2023,"67,184.16","68,397.81","66,837.40","67,444.23",0.00,0.00,"4,386,000.00"
30/08/2023,"66,750.71","68,051.05","66,317.27","67,444.23",400.00,0.01,"2,659,700.00"
29/08/2023,"67,184.16","67,270.85","66,057.20","67,097.47",-500.00,-0.01,"4,199,901.00"
28/08/2023,"65,016.93","67,704.30","65,016.93","67,530.92","3,000.00",0.04,"6,039,700.00"
25/08/2023,"65,277.00","65,277.00","64,410.10","64,930.24",200.00,0.00,"3,045,401.00"
24/08/2023,"63,716.59","64,930.24","63,283.14","64,756.86","1,200.00",0.02,"5,206,002.00"
23/08/2023,"62,763.01","63,803.28","62,069.50","63,716.59",800.00,0.01,"4,172,801.00"
22/08/2023,"63,456.52","63,456.52","61,636.05","63,023.08",-200.00,0.00,"3,075,108.00"
21/08/2023,"63,023.08","63,976.66","63,023.08","63,196.46",-400.00,-0.01,"3,617,708.00"
18/08/2023,"63,716.59","64,843.55","62,502.94","63,543.21",-300.00,0.00,"7,106,201.00"
17/08/2023,"63,369.83","64,583.48","63,196.46","63,803.28",500.00,0.01,"4,650,904.00"
16/08/2023,"63,109.77","63,716.59","62,849.70","63,369.83",300.00,0.00,"2,083,904.00"
15/08/2023,"63,196.46","63,629.90","63,023.08","63,109.77",-600.00,-0.01,"2,259,703.00"
14/08/2023,"63,629.90","63,716.59","62,849.70","63,629.90",-100.00,0.00,"3,366,511.00"
11/08/2023,"63,369.83","63,716.59","62,763.01","63,716.59",400.00,0.01,"2,204,332.00"
10/08/2023,"63,369.83","64,150.04","63,196.46","63,369.83",0.00,0.00,"2,813,226.00"
09/08/2023,"64,583.48","64,583.48","63,109.77","63,369.83","-1,400.00",-0.02,"3,727,162.00"
08/08/2023,"64,756.86","64,930.24","64,063.35","64,583.48",-400.00,-0.01,"3,510,526.00"
07/08/2023,"63,196.46","64,930.24","62,676.32","64,930.24","1,900.00",0.03,"5,087,933.00"
04/08/2023,"62,849.70","63,283.14","62,416.25","63,283.14",400.00,0.01,"3,165,220.00"
03/08/2023,"64,236.73","64,236.73","62,936.39","62,936.39","-1,100.00",-0.01,"2,917,624.00"
02/08/2023,"63,762.73","64,182.22","63,175.44","63,846.62",100.00,0.00,"5,698,936.00"
01/08/2023,"65,440.69","65,440.69","63,762.73","63,762.73","-2,000.00",-0.03,"5,730,817.00"
31/07/2023,"64,853.40","65,776.29","64,769.51","65,440.69",600.00,0.01,"3,814,939.00"
28/07/2023,"63,594.93","65,189.00","63,427.13","64,937.30","1,700.00",0.02,"6,143,629.00"
27/07/2023,"62,923.74","63,594.93","62,755.95","63,511.03",700.00,0.01,"6,208,219.00"
26/07/2023,"62,420.35","63,091.54","62,336.45","62,923.74",500.00,0.01,"3,189,718.00"
25/07/2023,"61,749.17","62,672.05","61,329.67","62,504.25",900.00,0.01,"6,645,914.00"
24/07/2023,"61,665.27","62,084.76","61,497.47","61,749.17",100.00,0.00,"2,535,331.00"
21/07/2023,"60,910.18","61,665.27","60,826.28","61,665.27",900.00,0.01,"3,821,822.00"
20/07/2023,"60,910.18","61,077.98","60,658.49","60,910.18",0.00,0.00,"2,600,707.00"
19/07/2023,"60,826.28","61,245.78","60,742.39","60,910.18",200.00,0.00,"3,025,100.00"
18/07/2023,"60,826.28","60,910.18","60,574.59","60,742.39",100.00,0.00,"5,537,000.00"
17/07/2023,"61,245.78","61,749.17","60,574.59","60,658.49","-1,000.00",-0.01,"5,802,800.00"
14/07/2023,"61,413.57","61,581.37","60,490.69","61,497.47",200.00,0.00,"7,399,700.00"
13/07/2023,"61,581.37","61,916.96","61,161.88","61,329.67",-400.00,-0.01,"4,376,500.00"
12/07/2023,"61,161.88","61,665.27","60,910.18","61,665.27",700.00,0.01,"4,195,800.00"
11/07/2023,"60,490.69","61,581.37","60,155.10","61,077.98",700.00,0.01,"6,235,300.00"
10/07/2023,"59,903.40","60,994.08","59,735.61","60,490.69","1,200.00",0.02,"6,201,102.00"
07/07/2023,"59,316.12","59,735.61","59,064.42","59,483.91",400.00,0.01,"5,780,500.00"
06/07/2023,"58,644.93","59,316.12","58,561.03","59,148.32",700.00,0.01,"7,631,000.00"
05/07/2023,"59,400.01","59,400.01","58,393.23","58,561.03",-800.00,-0.01,"6,873,600.00"
04/07/2023,"59,148.32","59,735.61","58,812.73","59,232.22",-100.00,0.00,"4,923,805.00"
03/07/2023,"59,651.71","59,903.40","58,980.52","59,316.12",-300.00,0.00,"3,186,200.00"
30/06/2023,"60,322.89","60,406.79","59,400.01","59,567.81",-900.00,-0.01,"3,645,000.00"
29/06/2023,"59,232.22","60,742.39","58,812.73","60,322.89","1,300.00",0.02,"7,911,400.00"
28/06/2023,"59,148.32","59,483.91","58,477.13","59,232.22",100.00,0.00,"6,204,700.00"
27/06/2023,"59,400.01","59,400.01","58,393.23","59,148.32",-100.00,0.00,"6,128,900.00"
26/06/2023,"58,141.54","59,316.12","57,302.56","59,232.22","1,500.00",0.02,"10,737,800.00"
23/06/2023,"56,211.88","58,309.34","56,211.88","57,973.74","2,200.00",0.03,"11,958,000.00"
22/06/2023,"55,792.39","56,463.57","55,624.59","56,127.98",600.00,0.01,"5,610,600.00"
21/06/2023,"55,037.30","55,624.59","54,953.40","55,624.59",800.00,0.01,"4,490,900.00"
20/06/2023,"55,289.00","55,289.00","54,953.40","54,953.40",-300.00,0.00,"2,993,000.00"
19/06/2023,"55,624.59","55,876.28","55,037.30","55,205.10",-300.00,0.00,"3,279,400.00"
16/06/2023,"55,792.39","55,876.28","55,372.89","55,456.79",-200.00,0.00,"6,021,785.00"
15/06/2023,"56,463.57","56,547.47","55,540.69","55,624.59",-800.00,-0.01,"5,810,400.00"
14/06/2023,"56,799.17","57,218.66","56,295.78","56,295.78",-500.00,-0.01,"5,404,900.00"
13/06/2023,"57,134.76","57,302.56","56,631.37","56,715.27",-300.00,0.00,"4,973,400.00"
12/06/2023,"55,372.89","57,050.86","55,372.89","56,966.96","2,100.00",0.03,"5,471,300.00"
09/06/2023,"55,037.30","55,792.39","54,953.40","55,205.10",300.00,0.00,"2,080,200.00"
08/06/2023,"55,792.39","55,792.39","54,953.40","54,953.40",-700.00,-0.01,"5,180,900.00"
07/06/2023,"55,792.39","55,960.18","55,372.89","55,540.69",-200.00,0.00,"3,719,000.00"
06/06/2023,"56,127.98","56,127.98","55,372.89","55,708.49",-100.00,0.00,"3,423,000.00"
05/06/2023,"55,792.39","56,379.67","55,540.69","55,792.39",600.00,0.01,"3,323,000.00"
02/06/2023,"55,540.69","55,624.59","54,953.40","55,289.00",-200.00,0.00,"3,138,500.00"
01/06/2023,"55,456.79","55,792.39","55,372.89","55,456.79",0.00,0.00,"1,214,500.00"
31/05/2023,"56,044.08","56,044.08","55,456.79","55,456.79",-400.00,-0.01,"1,536,600.00"
30/05/2023,"56,295.78","56,547.47","55,792.39","55,792.39",-600.00,-0.01,"3,248,000.00"
29/05/2023,"56,463.57","56,799.17","56,295.78","56,295.78",0.00,0.00,"2,348,900.00"
26/05/2023,"56,547.47","57,050.86","56,295.78","56,295.78",0.00,0.00,"2,118,800.00"
25/05/2023,"55,540.69","56,631.37","55,372.89","56,295.78",800.00,0.01,"1,970,600.00"
24/05/2023,"56,295.78","56,547.47","55,456.79","55,624.59",-700.00,-0.01,"2,350,000.00"
23/05/2023,"57,050.86","57,386.45","56,211.88","56,211.88","-1,200.00",-0.02,"2,935,700.00"
22/05/2023,"57,638.15","57,889.84","57,218.66","57,218.66",-400.00,-0.01,"1,698,000.00"
19/05/2023,"58,225.44","58,309.34","57,554.25","57,554.25",-600.00,-0.01,"1,329,500.00"
18/05/2023,"57,889.84","58,728.83","57,470.35","58,057.64",200.00,0.00,"2,622,200.00"
17/05/2023,"58,477.13","58,477.13","57,722.05","57,889.84",-700.00,-0.01,"1,993,000.00"
16/05/2023,"57,889.84","58,477.13","57,889.84","58,477.13",700.00,0.01,"1,947,400.00"
15/05/2023,"58,644.93","58,644.93","57,889.84","57,889.84",-600.00,-0.01,"2,105,600.00"
12/05/2023,"59,064.42","59,064.42","58,309.34","58,393.23",-400.00,-0.01,"1,214,100.00"
11/05/2023,"59,148.32","59,483.91","58,728.83","58,728.83",-500.00,-0.01,"767,500.00"
10/05/2023,"59,400.01","59,651.71","59,148.32","59,148.32",-200.00,0.00,"1,451,601.00"
09/05/2023,"59,400.01","59,567.81","59,148.32","59,316.12",300.00,0.00,"2,985,200.00"
08/05/2023,"57,889.84","59,064.42","57,889.84","59,064.42","1,600.00",0.02,"1,897,300.00"
05/05/2023,"57,554.25","58,057.64","57,554.25","57,722.05",200.00,0.00,"1,786,200.00"
04/05/2023,"58,728.83","58,728.83","57,386.45","57,554.25","-1,400.00",-0.02,"3,172,800.00"
28/04/2023,"58,561.03","58,896.62","58,477.13","58,728.83",500.00,0.01,"2,136,300.00"
27/04/2023,"59,567.81","59,567.81","58,309.34","58,309.34","-1,500.00",-0.02,"1,369,100.00"
26/04/2023,"58,728.83","59,567.81","58,728.83","59,567.81","1,100.00",0.02,"5,145,618.00"
25/04/2023,"59,148.32","59,903.40","58,561.03","58,644.93",-600.00,-0.01,"1,370,200.00"
24/04/2023,"59,567.81","59,651.71","58,896.62","59,148.32",-400.00,-0.01,"1,851,900.00"
21/04/2023,"60,406.79","60,406.79","59,400.01","59,483.91","-1,000.00",-0.01,"1,643,300.00"
20/04/2023,"60,490.69","60,910.18","60,239.00","60,322.89",-100.00,0.00,"1,322,300.00"
19/04/2023,"61,329.67","61,329.67","60,406.79","60,406.79","-1,000.00",-0.01,"816,300.00"
18/04/2023,"60,239.00","61,245.78","60,239.00","61,245.78","1,300.00",0.02,"1,820,300.00"
17/04/2023,"61,077.98","61,161.88","60,155.10","60,155.10","-1,100.00",-0.02,"1,365,400.00"
14/04/2023,"61,749.17","61,833.06","61,077.98","61,077.98",-700.00,-0.01,"1,294,000.00"
13/04/2023,"62,336.45","62,420.35","61,665.27","61,665.27",-800.00,-0.01,"1,748,200.00"
12/04/2023,"62,420.35","62,420.35","62,084.76","62,336.45",-100.00,0.00,"979,100.00"
11/04/2023,"62,336.45","62,504.25","62,168.66","62,420.35",0.00,0.00,"782,800.00"
10/04/2023,"62,672.05","62,672.05","62,420.35","62,420.35",-300.00,0.00,"832,700.00"
07/04/2023,"62,420.35","62,672.05","62,336.45","62,672.05",400.00,0.01,"794,400.00"
06/04/2023,"62,420.35","62,588.15","62,336.45","62,336.45",-200.00,0.00,"967,300.00"
05/04/2023,"62,252.56","62,755.95","62,168.66","62,504.25",300.00,0.00,"963,400.00"
04/04/2023,"62,420.35","62,504.25","62,252.56","62,252.56",-200.00,0.00,"1,819,000.00"
03/04/2023,"62,588.15","62,839.84","62,252.56","62,420.35",0.00,0.00,"850,600.00"
31/03/2023,"62,923.74","63,259.34","62,420.35","62,420.35",-600.00,-0.01,"1,076,100.00"
30/03/2023,"62,672.05","63,259.34","62,588.15","62,923.74",100.00,0.00,"838,700.00"
29/03/2023,"62,672.05","62,839.84","62,420.35","62,839.84",500.00,0.01,"907,400.00"
28/03/2023,"62,504.25","63,175.44","62,420.35","62,420.35",-200.00,0.00,"1,650,000.00"
27/03/2023,"62,923.74","62,923.74","62,336.45","62,588.15",-400.00,-0.01,"1,461,500.00"
24/03/2023,"62,923.74","63,343.23","62,755.95","62,923.74",-300.00,0.00,"932,300.00"
23/03/2023,"62,336.45","63,175.44","62,084.76","63,175.44",900.00,0.01,"1,805,000.00"
22/03/2023,"62,588.15","62,672.05","62,420.35","62,420.35",0.00,0.00,"900,200.00"
21/03/2023,"62,420.35","63,007.64","62,252.56","62,420.35",100.00,0.00,"1,350,200.00"
20/03/2023,"62,923.74","62,923.74","62,168.66","62,336.45",-200.00,0.00,"1,609,600.00"
17/03/2023,"64,098.32","64,098.32","62,504.25","62,504.25","-1,900.00",-0.02,"2,512,800.00"
16/03/2023,"64,601.71","64,685.61","63,678.83","64,098.32",-700.00,-0.01,"1,895,200.00"
15/03/2023,"64,266.12","64,853.40","64,182.22","64,685.61",500.00,0.01,"2,040,200.00"
14/03/2023,"64,014.42","64,517.81","63,427.13","64,266.12",-300.00,0.00,"1,735,100.00"
13/03/2023,"64,433.91","64,685.61","64,266.12","64,517.81",0.00,0.00,"1,824,500.00"
10/03/2023,"64,182.22","64,769.51","63,846.62","64,517.81",400.00,0.01,"1,427,700.00"
09/03/2023,"63,930.52","64,685.61","63,930.52","64,182.22",0.00,0.00,"1,489,700.00"
08/03/2023,"63,091.54","64,182.22","62,923.74","64,182.22",700.00,0.01,"1,244,400.00"
07/03/2023,"63,678.83","63,930.52","63,343.23","63,594.93",800.00,0.01,"1,170,900.00"
06/03/2023,"63,762.73","64,266.12","62,923.74","62,923.74","-1,000.00",-0.01,"891,800.00"
03/03/2023,"62,923.74","64,433.91","62,923.74","63,762.73",-500.00,-0.01,"704,200.00"
02/03/2023,"64,517.81","64,517.81","63,846.62","64,182.22",-400.00,-0.01,"1,088,800.00"
01/03/2023,"63,007.64","64,601.71","62,923.74","64,517.81","1,400.00",0.02,"1,635,500.00"
28/02/2023,"63,343.23","63,678.83","63,007.64","63,343.23",300.00,0.00,"1,034,300.00"
27/02/2023,"62,672.05","63,678.83","62,084.76","63,091.54",500.00,0.01,"1,112,500.00"
24/02/2023,"63,511.03","63,762.73","62,504.25","62,672.05","-1,000.00",-0.01,"1,681,000.00"
23/02/2023,"63,343.23","64,517.81","62,420.35","63,511.03",200.00,0.00,"2,327,900.00"
22/02/2023,"64,014.42","64,350.01","63,343.23","63,343.23","-1,700.00",-0.02,"1,383,600.00"
21/02/2023,"65,021.20","65,105.10","64,350.01","64,769.51",-300.00,0.00,"888,300.00"
20/02/2023,"63,762.73","65,021.20","63,343.23","65,021.20","1,500.00",0.02,"1,385,300.00"
17/02/2023,"63,846.62","64,098.32","63,175.44","63,762.73",-500.00,-0.01,"943,900.00"
16/02/2023,"63,762.73","64,182.22","63,427.13","64,182.22",500.00,0.01,"691,300.00"
15/02/2023,"62,672.05","63,762.73","62,420.35","63,762.73","1,300.00",0.02,"1,443,500.00"
14/02/2023,"63,175.44","63,511.03","62,420.35","62,672.05",-600.00,-0.01,"1,193,500.00"
13/02/2023,"63,678.83","63,678.83","62,168.66","63,175.44",-600.00,-0.01,"1,637,632.00"
10/02/2023,"62,923.74","63,678.83","62,923.74","63,678.83",900.00,0.01,"1,236,100.00"
09/02/2023,"63,594.93","63,762.73","62,923.74","62,923.74",-800.00,-0.01,"1,619,600.00"
08/02/2023,"63,930.52","64,266.12","63,511.03","63,594.93",-300.00,0.00,"1,550,000.00"
07/02/2023,"65,105.10","65,105.10","63,846.62","63,846.62","-1,300.00",-0.02,"1,274,400.00"
06/02/2023,"63,678.83","65,021.20","63,678.83","64,937.30","1,400.00",0.02,"1,910,700.00"
03/02/2023,"64,601.71","64,685.61","63,678.83","63,762.73",-700.00,-0.01,"1,967,400.00"
02/02/2023,"64,937.30","65,021.20","64,350.01","64,350.01",-500.00,-0.01,"1,520,400.00"
01/02/2023,"65,189.00","65,272.90","64,517.81","64,769.51",100.00,0.00,"1,810,400.00"
31/01/2023,"66,447.47","66,699.17","64,517.81","64,685.61","-2,300.00",-0.03,"4,947,600.00"
30/01/2023,"67,118.66","67,118.66","66,615.27","66,615.27",-600.00,-0.01,"1,614,000.00"
27/01/2023,"68,293.24","68,712.73","66,783.07","67,118.66","-1,300.00",-0.02,"2,331,800.00"
19/01/2023,"67,789.85","68,377.13","67,118.66","68,209.34",0.00,0.00,"2,792,100.00"
18/01/2023,"67,873.74","68,377.13","67,705.95","68,209.34",400.00,0.00,"1,397,900.00"
17/01/2023,"67,286.46","67,957.64","66,615.27","67,873.74","1,500.00",0.02,"1,791,400.00"
16/01/2023,"67,622.05","67,789.85","66,615.27","66,615.27","-1,200.00",-0.01,"854,700.00"
13/01/2023,"67,286.46","68,041.54","67,202.56","67,622.05",600.00,0.01,"1,689,000.00"
12/01/2023,"67,034.76","67,286.46","66,531.37","67,118.66",600.00,0.01,"754,900.00"
11/01/2023,"67,957.64","68,461.03","66,615.27","66,615.27","-1,600.00",-0.02,"1,574,700.00"
10/01/2023,"67,873.74","68,377.13","67,622.05","67,957.64",300.00,0.00,"1,216,000.00"
09/01/2023,"67,034.76","67,705.95","66,783.07","67,705.95",900.00,0.01,"948,300.00"
06/01/2023,"67,957.64","68,125.44","66,783.07","66,950.86","-1,400.00",-0.02,"1,309,700.00"
05/01/2023,"66,531.37","68,293.24","66,279.68","68,125.44","1,900.00",0.02,"2,469,800.00"
04/01/2023,"66,027.98","66,531.37","65,944.08","66,531.37",800.00,0.01,"1,153,800.00"
03/01/2023,"64,182.22","65,860.18","63,930.52","65,860.18","2,400.00",0.03,"1,496,000.00"
30/12/2022,"65,440.69","65,440.69","63,846.62","63,846.62",-900.00,-0.01,"1,243,300.00"
29/12/2022,"64,937.30","65,608.49","64,601.71","64,601.71",,,"1,329,700.00"
28/12/2022,"64,350.01","65,440.69","64,266.12","64,601.71",,,"1,248,500.00"
27/12/2022,"64,433.91","65,440.69","63,762.73","64,266.12",,,"1,586,800.00"
26/12/2022,"64,098.32","65,105.10","63,678.83","63,762.73",,,"1,717,600.00"
23/12/2022,"64,685.61","65,608.49","63,930.52","63,930.52",,,"1,561,800.00"
22/12/2022,"66,531.37","66,699.17","64,601.71","64,601.71",,,"1,630,400.00"
21/12/2022,"65,692.39","66,434.21","65,527.54","65,692.39",,,"2,305,500.00"
20/12/2022,"63,714.20","65,692.39","63,384.50","64,868.14",,,"3,030,300.00"
19/12/2022,"64,703.29","64,703.29","63,466.92","63,466.92",,,"2,422,700.00"
16/12/2022,"64,043.90","64,950.57","63,961.47","64,291.17",,,"3,002,000.00"
15/12/2022,"63,879.05","65,280.26","63,714.20","63,961.47",,,"2,595,300.00"
14/12/2022,"65,445.11","65,445.11","63,879.05","63,879.05",,,"3,865,200.00"
13/12/2022,"64,785.72","65,445.11","63,631.77","64,291.17",,,"4,051,300.00"
12/12/2022,"66,186.94","67,505.73","64,620.87","64,703.29",,,"3,942,700.00"
09/12/2022,"66,763.91","67,423.30","65,939.66","65,939.66",,,"2,408,500.00"
08/12/2022,"68,412.40","69,236.64","66,763.91","66,763.91",,,"1,677,100.00"
07/12/2022,"68,412.40","69,483.92","67,423.30","68,000.28",,,"1,939,600.00"
06/12/2022,"70,060.89","70,143.31","68,000.28","68,000.28",,,"1,395,300.00"
05/12/2022,"69,319.07","70,555.44","69,319.07","70,060.89",,,"2,066,000.00"
02/12/2022,"67,835.43","69,236.64","67,588.15","69,236.64",,,"2,600,500.00"
01/12/2022,"67,258.45","68,329.97","67,258.45","67,917.85",,,"2,216,800.00"
30/11/2022,"68,412.40","68,412.40","67,176.03","68,247.55",,,"1,995,600.00"
29/11/2022,"67,011.18","68,659.67","66,351.78","68,412.40",,,"2,404,200.00"
28/11/2022,"67,588.15","68,742.10","67,340.88","67,340.88",,,"2,299,200.00"
25/11/2022,"67,011.18","68,165.13","66,763.91","67,753.00",,,"2,596,100.00"
24/11/2022,"65,115.42","66,928.76","65,032.99","66,928.76",,,"3,261,400.00"
23/11/2022,"65,527.54","65,692.39","64,538.44","65,445.11",,,"773,100.00"
22/11/2022,"63,879.05","66,104.51","63,796.62","65,527.54",,,"2,281,200.00"
21/11/2022,"63,466.92","64,208.75","63,384.50","64,208.75",,,"1,787,400.00"
18/11/2022,"63,466.92","64,126.32","62,395.40","63,466.92",,,"2,229,300.00"
17/11/2022,"63,302.08","64,538.44","61,900.86","62,642.68",,,"2,599,500.00"
16/11/2022,"62,230.56","64,950.57","60,829.34","61,406.31",,,"4,122,600.00"
15/11/2022,"65,115.42","65,445.11","63,054.80","63,466.92",,,"2,389,600.00"
14/11/2022,"64,291.17","67,588.15","62,725.10","65,115.42",,,"2,766,800.00"
11/11/2022,"65,032.99","66,269.36","64,620.87","64,620.87",,,"1,564,400.00"
10/11/2022,"66,681.48","66,763.91","63,466.92","64,620.87",,,"2,637,600.00"
09/11/2022,"67,588.15","67,753.00","65,939.66","66,681.48",,,"2,701,100.00"
08/11/2022,"67,753.00","67,917.85","65,609.96","67,917.85",,,"2,501,400.00"
07/11/2022,"66,022.09","67,753.00","65,939.66","67,753.00",,,"2,638,300.00"
04/11/2022,"65,857.24","66,763.91","64,291.17","65,939.66",,,"3,179,200.00"
03/11/2022,"64,291.17","66,516.63","64,291.17","65,939.66",,,"1,278,300.00"
02/11/2022,"66,104.51","66,186.94","64,538.44","64,538.44",,,"1,830,500.00"
01/11/2022,"64,703.29","68,000.28","64,703.29","66,104.51",,,"3,180,100.00"
31/10/2022,"64,043.90","64,703.29","63,714.20","64,703.29",,,"1,949,200.00"
28/10/2022,"64,703.29","64,785.72","64,043.90","64,291.17",,,"1,614,400.00"
27/10/2022,"62,642.68","64,703.29","62,642.68","64,703.29",,,"2,283,600.00"
26/10/2022,"62,642.68","62,972.38","62,312.98","62,642.68",,,"1,467,000.00"
25/10/2022,"61,076.61","63,302.08","61,076.61","62,642.68",,,"1,657,600.00"
24/10/2022,"63,631.77","63,631.77","60,994.19","60,994.19",,,"2,342,300.00"
21/10/2022,"63,879.05","64,620.87","63,054.80","63,466.92",,,"2,097,600.00"
20/10/2022,"63,137.23","63,879.05","62,477.83","63,879.05",,,"2,664,900.00"
19/10/2022,"62,725.10","63,302.08","62,725.10","63,137.23",,,"1,467,000.00"
18/10/2022,"61,818.43","63,466.92","61,571.16","63,054.80",,,"3,172,000.00"
17/10/2022,"60,829.34","61,900.86","60,746.91","61,076.61",,,"1,812,700.00"
14/10/2022,"60,994.19","61,406.31","60,746.91","60,994.19",,,"1,746,000.00"
13/10/2022,"58,521.45","60,829.34","58,356.60","60,829.34",,,"3,171,000.00"
12/10/2022,"58,109.33","59,098.42","57,779.63","59,016.00",,,"1,274,000.00"
11/10/2022,"58,109.33","58,933.57","57,367.51","57,862.05",,,"1,718,400.00"
10/10/2022,"56,460.84","58,933.57","55,554.16","58,109.33",,,"1,661,900.00"
07/10/2022,"57,120.23","58,768.72","54,812.34","57,532.35",,,"2,685,300.00"
06/10/2022,"58,768.72","58,851.15","57,697.20","57,697.20",,,"1,819,500.00"
05/10/2022,"58,521.45","59,345.70","58,521.45","59,016.00",,,"1,493,400.00"
04/10/2022,"59,180.85","59,180.85","57,697.20","58,439.02",,,"1,755,300.00"
03/10/2022,"59,263.27","59,757.82","58,521.45","58,521.45",,,"2,339,100.00"
30/09/2022,"59,263.27","60,417.21","59,263.27","59,592.97",,,"2,643,400.00"
29/09/2022,"60,087.52","60,582.06","59,510.54","59,922.67",,,"2,375,100.00"
28/09/2022,"59,345.70","60,169.94","58,439.02","59,180.85",,,"2,145,700.00"
27/09/2022,"61,406.31","61,736.01","59,592.97","59,675.39",,,"3,111,500.00"
26/09/2022,"62,477.83","62,807.53","60,746.91","60,994.19",,,"3,886,000.00"
23/09/2022,"63,466.92","63,714.20","63,054.80","63,219.65",,,"1,398,600.00"
22/09/2022,"63,137.23","63,549.35","62,642.68","63,384.50",,,"1,033,500.00"
21/09/2022,"62,395.40","63,961.47","62,312.98","63,384.50",,,"2,477,500.00"
20/09/2022,"62,065.71","62,807.53","62,065.71","62,477.83",,,"1,139,700.00"
19/09/2022,"62,312.98","62,395.40","61,736.01","61,983.28",,,"1,418,000.00"
16/09/2022,"61,571.16","62,642.68","61,323.89","62,642.68",,,"2,308,600.00"
15/09/2022,"61,076.61","61,983.28","61,076.61","61,406.31",,,"1,207,500.00"
14/09/2022,"61,736.01","61,818.43","60,829.34","60,994.19",,,"2,037,900.00"
13/09/2022,"61,983.28","62,642.68","61,983.28","62,395.40",,,"1,556,500.00"
12/09/2022,"62,642.68","62,807.53","62,065.71","62,065.71",,,"1,386,100.00"
09/09/2022,"62,560.25","63,054.80","62,230.56","62,560.25",,,"1,188,500.00"
08/09/2022,"62,642.68","63,054.80","61,983.28","62,395.40",,,"1,351,100.00"
07/09/2022,"64,126.32","64,126.32","62,395.40","62,395.40",,,"2,916,400.00"
06/09/2022,"63,879.05","65,115.42","63,714.20","64,126.32",,,"2,669,000.00"
05/09/2022,"62,230.56","64,126.32","62,230.56","63,879.05",,,"3,169,400.00"
31/08/2022,"62,560.25","62,972.38","62,230.56","62,230.56",,,"1,677,100.00"
30/08/2022,"62,230.56","62,972.38","62,230.56","62,642.68",,,"2,275,076.00"
29/08/2022,"62,725.10","62,889.95","62,148.13","62,230.56",,,"3,331,964.00"
26/08/2022,"64,126.32","64,373.59","62,807.53","63,384.50",,,"2,463,000.00"
25/08/2022,"64,208.75","64,538.44","63,466.92","64,208.75",,,"2,182,100.00"
24/08/2022,"62,477.83","64,538.44","62,477.83","64,043.90",,,"6,069,100.00"
23/08/2022,"60,746.91","62,560.25","60,664.49","62,477.83",,,"4,551,200.00"
22/08/2022,"61,076.61","61,653.58","60,746.91","60,746.91",,,"2,171,700.00"
19/08/2022,"60,499.64","61,406.31","60,087.52","61,076.61",,,"5,351,600.00"
18/08/2022,"59,840.24","60,664.49","59,840.24","60,499.64",,,"4,230,600.00"
17/08/2022,"59,180.85","59,840.24","59,098.42","59,840.24",,,"1,484,400.00"
16/08/2022,"59,180.85","59,675.39","59,098.42","59,180.85",,,"3,021,756.00"
15/08/2022,"59,345.70","59,345.70","58,768.72","58,933.57",,,"2,525,800.00"
12/08/2022,"58,521.45","59,263.27","58,521.45","59,263.27",,,"2,175,100.00"
11/08/2022,"59,840.24","59,840.24","58,274.18","58,603.87",,,"4,084,600.00"
10/08/2022,"59,345.70","59,840.24","59,345.70","59,757.82",,,"2,358,800.00"
09/08/2022,"59,510.54","59,675.39","59,345.70","59,345.70",,,"2,408,800.00"
08/08/2022,"59,757.82","59,757.82","59,428.12","59,510.54",,,"2,795,800.00"
05/08/2022,"60,417.21","60,499.64","59,840.24","59,840.24",,,"2,135,400.00"
04/08/2022,"60,499.64","60,499.64","60,005.09","60,417.21",,,"1,888,600.00"
03/08/2022,"60,005.09","60,582.06","59,757.82","60,499.64",,,"3,134,700.00"
02/08/2022,"60,499.64","61,159.04","59,922.67","60,499.64",,,"3,059,100.00"
01/08/2022,"60,005.09","60,582.06","59,510.54","60,582.06",,,"3,078,600.00"
29/07/2022,"59,922.67","60,664.49","59,675.39","60,005.09",,,"2,872,000.00"
28/07/2022,"59,757.82","60,005.09","59,592.97","59,840.24",,,"1,532,500.00"
27/07/2022,"59,345.70","59,840.24","59,180.85","59,510.54",,,"1,222,700.00"
26/07/2022,"60,087.52","60,169.94","59,180.85","59,345.70",,,"1,676,900.00"
25/07/2022,"59,345.70","60,087.52","59,180.85","60,087.52",,,"1,242,600.00"
22/07/2022,"60,334.79","60,334.79","59,345.70","59,345.70",,,"1,154,300.00"
21/07/2022,"59,757.82","60,664.49","59,510.54","60,334.79",,,"1,720,500.00"
20/07/2022,"60,334.79","60,664.49","60,005.09","60,169.94",,,"1,167,800.00"
19/07/2022,"59,345.70","60,087.52","59,016.00","60,005.09",,,"2,050,600.00"
18/07/2022,"59,345.70","59,510.54","58,933.57","59,098.42",,,"1,106,700.00"
15/07/2022,"59,675.39","60,169.94","59,016.00","59,016.00",,,"1,658,900.00"
14/07/2022,"59,592.97","60,334.79","59,510.54","59,675.39",,,"1,168,520.00"
13/07/2022,"60,334.79","60,664.49","59,675.39","59,757.82",,,"1,483,500.00"
12/07/2022,"60,169.94","60,911.76","59,840.24","60,417.21",,,"1,186,100.00"
11/07/2022,"59,510.54","61,571.16","59,345.70","60,169.94",,,"2,556,900.00"
08/07/2022,"60,169.94","60,417.21","59,757.82","60,169.94",,,"1,853,200.00"
07/07/2022,"58,274.18","60,169.94","57,697.20","60,169.94",,,"3,049,600.00"
06/07/2022,"58,521.45","58,933.57","57,285.08","58,274.18",,,"2,360,100.00"
05/07/2022,"59,985.53","60,065.19","58,153.30","58,232.96",,,"2,590,800.00"
04/07/2022,"58,949.92","60,383.84","58,790.60","59,826.20",,,"3,259,300.00"
01/07/2022,"57,595.67","58,870.26","57,356.68","58,710.94",,,"2,859,000.00"
30/06/2022,"57,595.67","59,587.22","57,516.01","57,516.01",,,"3,807,600.00"
29/06/2022,"56,241.41","57,914.32","56,241.41","57,595.67",,,"2,515,400.00"
28/06/2022,"56,241.41","57,914.32","55,843.10","56,400.74",,,"3,037,200.00"
27/06/2022,"57,197.36","57,436.34","56,002.43","56,639.72",,,"1,804,300.00"
24/06/2022,"56,560.06","58,073.64","56,480.40","56,958.37",,,"1,777,600.00"
23/06/2022,"56,241.41","57,356.68","55,763.44","56,321.07",,,"1,223,100.00"
22/06/2022,"58,232.96","58,471.95","56,241.41","56,241.41",,,"2,214,000.00"
21/06/2022,"55,126.14","58,790.60","54,807.50","58,710.94",,,"5,715,800.00"
20/06/2022,"52,895.61","55,524.45","52,895.61","54,966.82",,,"2,588,200.00"
17/06/2022,"53,293.92","54,648.17","51,939.66","53,134.59",,,"2,586,800.00"
16/06/2022,"51,860.00","54,409.18","51,780.34","54,170.20",,,"2,260,500.00"
15/06/2022,"52,656.62","52,975.27","51,382.03","51,382.03",,,"4,092,500.00"
14/06/2022,"52,178.65","53,771.89","52,098.99","52,656.62",,,"1,477,200.00"
13/06/2022,"54,488.85","54,488.85","52,736.28","52,895.61",,,"2,379,700.00"
10/06/2022,"55,763.44","55,922.76","55,365.13","55,365.13",,,"1,656,600.00"
09/06/2022,"56,560.06","56,639.72","55,922.76","55,922.76",,,"1,271,600.00"
08/06/2022,"56,321.07","56,878.71","56,321.07","56,560.06",,,"1,817,600.00"
07/06/2022,"56,002.43","56,321.07","55,763.44","56,241.41",,,"1,322,200.00"
06/06/2022,"55,922.76","56,719.38","55,763.44","56,400.74",,,"1,432,000.00"
03/06/2022,"56,560.06","56,799.05","55,763.44","56,002.43",,,"1,251,100.00"
02/06/2022,"57,356.68","57,356.68","56,400.74","56,639.72",,,"1,700,700.00"
01/06/2022,"56,958.37","57,834.65","56,799.05","57,277.02",,,"1,643,600.00"
31/05/2022,"57,436.34","57,675.33","57,117.69","57,117.69",,,"2,382,400.00"
30/05/2022,"58,073.64","58,073.64","57,356.68","57,754.99",,,"2,224,400.00"
27/05/2022,"56,799.05","58,392.29","56,321.07","58,153.30",,,"3,755,500.00"
26/05/2022,"57,277.02","57,277.02","56,321.07","56,799.05",,,"1,590,800.00"
25/05/2022,"54,887.16","57,595.67","54,887.16","57,277.02",,,"2,462,100.00"
24/05/2022,"53,134.59","54,887.16","52,975.27","54,887.16",,,"2,033,000.00"
23/05/2022,"54,568.51","54,727.83","52,736.28","52,815.94",,,"2,022,200.00"
20/05/2022,"54,966.82","55,683.78","54,170.20","54,249.86",,,"1,396,200.00"
19/05/2022,"55,365.13","55,763.44","54,966.82","54,966.82",,,"1,449,400.00"
18/05/2022,"55,763.44","56,161.75","55,365.13","56,002.43",,,"1,983,200.00"
17/05/2022,"52,258.31","55,763.44","51,939.66","55,763.44",,,"2,205,100.00"
16/05/2022,"53,054.93","53,851.55","52,337.97","52,417.63",,,"2,688,000.00"
13/05/2022,"53,373.58","54,010.87","52,497.30","52,656.62",,,"5,002,100.00"
12/05/2022,"55,604.12","55,604.12","52,975.27","52,975.27",,,"3,641,800.00"
11/05/2022,"56,241.41","56,639.72","55,365.13","55,365.13",,,"2,247,300.00"
10/05/2022,"55,763.44","57,277.02","55,763.44","56,241.41",,,"3,106,500.00"
09/05/2022,"55,922.76","56,958.37","55,444.79","55,763.44",,,"2,392,100.00"
06/05/2022,"56,878.71","57,038.03","55,365.13","55,922.76",,,"2,109,800.00"
05/05/2022,"58,312.63","58,312.63","56,958.37","57,436.34",,,"1,548,200.00"
04/05/2022,"59,109.25","59,268.57","57,754.99","57,754.99",,,"1,763,900.00"
29/04/2022,"59,268.57","59,746.54","58,949.92","59,109.25",,,"2,059,100.00"
28/04/2022,"59,666.88","59,666.88","58,790.60","59,188.91",,,"2,751,000.00"
27/04/2022,"59,905.87","60,383.84","58,710.94","59,746.54",,,"2,420,900.00"
26/04/2022,"58,551.61","60,543.16","56,480.40","60,463.50",,,"3,910,000.00"
25/04/2022,"60,543.16","60,782.15","58,153.30","58,551.61",,,"3,481,800.00"
22/04/2022,"60,304.18","60,941.47","60,144.85","60,463.50",,,"2,800,400.00"
21/04/2022,"59,985.53","60,941.47","59,746.54","59,746.54",,,"4,615,600.00"
20/04/2022,"60,543.16","61,100.80","60,224.51","60,224.51",,,"1,931,100.00"
19/04/2022,"61,419.45","61,897.42","60,543.16","60,543.16",,,"1,940,200.00"
18/04/2022,"60,941.47","62,056.74","60,861.81","61,339.78",,,"2,590,300.00"
15/04/2022,"60,941.47","61,817.76","60,543.16","60,941.47",,,"1,362,400.00"
14/04/2022,"61,738.09","62,136.40","60,782.15","60,782.15",,,"1,810,200.00"
13/04/2022,"61,180.46","62,534.71","61,100.80","61,499.11",,,"2,118,800.00"
12/04/2022,"61,578.77","61,977.08","60,941.47","61,180.46",,,"1,776,300.00"
08/04/2022,"62,534.71","63,012.69","61,578.77","61,578.77",,,"2,738,300.00"
07/04/2022,"63,649.98","63,729.65","62,534.71","62,534.71",,,"1,760,300.00"
06/04/2022,"63,729.65","64,685.59","63,012.69","63,172.01",,,"4,306,700.00"
05/04/2022,"65,163.56","65,163.56","64,048.29","64,048.29",,,"2,202,100.00"
04/04/2022,"65,322.89","65,721.20","64,924.58","65,482.21",,,"3,808,700.00"
01/04/2022,"64,526.27","65,880.52","63,968.63","65,083.90",,,"6,112,000.00"
31/03/2022,"60,702.49","64,526.27","60,543.16","64,446.60",,,"9,645,800.00"
30/03/2022,"60,144.85","61,021.14","59,826.20","60,702.49",,,"3,506,500.00"
29/03/2022,"58,551.61","60,144.85","58,551.61","60,144.85",,,"2,784,940.00"
28/03/2022,"59,985.53","60,224.51","58,471.95","58,471.95",,,"4,038,700.00"
25/03/2022,"60,224.51","60,383.84","59,826.20","59,905.87",,,"3,376,500.00"
24/03/2022,"60,543.16","60,622.83","59,905.87","60,224.51",,,"3,409,808.00"
23/03/2022,"61,180.46","61,339.78","60,463.50","60,622.83",,,"3,226,000.00"
22/03/2022,"62,056.74","62,056.74","61,180.46","61,260.12",,,"2,500,200.00"
21/03/2022,"60,543.16","62,056.74","60,543.16","61,817.76",,,"2,384,100.00"
,,,,,,,
,,,,,,,
SIMPLIZE,,,,,,,
"Số 5 ngõ 316 Lê Trọng Tấn, Phường Khương Mai, Quận Thanh Xuân, TP.Hà Nội
",,,,,,,
Website: simplize.vn,,,,,,,
Email: info@simplize.vn,,,,,,,
Tel: (+84) 38 840 8668,,,,,,,
