Tên công ty,Ngân hàng Thương mại Cổ phần Việt Nam Thịnh Vượng,,,,,,
Tên báo cáo,Lịch sử giá,,,,,,
Ngày tải,24/03/2026,,,,,,
,,,,,,,
NGÀY,GIÁ MỞ CỬA,GIÁ CAO NHẤT,GIÁ THẤP NHẤT,GIÁ ĐÓNG CỬA,THAY ĐỔI GIÁ,% THAY ĐỔI,KHỐI LƯỢNG
24/03/2026,"24,450.00","25,650.00","24,250.00","25,100.00","1,100.00",0.05,"23,801,400.00"
23/03/2026,"24,900.00","24,900.00","23,900.00","24,000.00","-1,050.00",-0.04,"22,738,500.00"
20/03/2026,"25,300.00","25,900.00","25,050.00","25,050.00",-550.00,-0.02,"15,978,800.00"
19/03/2026,"25,250.00","25,800.00","24,950.00","25,600.00",0.00,0.00,"23,991,600.00"
18/03/2026,"25,950.00","26,150.00","25,400.00","25,600.00",-100.00,0.00,"9,271,600.00"
17/03/2026,"25,800.00","26,400.00","25,700.00","25,700.00",200.00,0.01,"9,324,100.00"
16/03/2026,"25,700.00","25,750.00","25,400.00","25,500.00",-150.00,-0.01,"7,467,100.00"
13/03/2026,"25,400.00","26,000.00","25,000.00","25,650.00",-100.00,0.00,"13,865,300.00"
12/03/2026,"25,850.00","26,200.00","25,500.00","25,750.00",-700.00,-0.03,"12,809,200.00"
11/03/2026,"25,500.00","26,500.00","25,400.00","26,450.00",950.00,0.04,"17,296,100.00"
10/03/2026,"26,000.00","26,000.00","24,800.00","25,500.00",700.00,0.03,"30,382,100.00"
09/03/2026,"24,800.00","25,200.00","24,800.00","24,800.00","-1,850.00",-0.07,"32,371,300.00"
06/03/2026,"27,000.00","27,000.00","26,650.00","26,650.00",-350.00,-0.01,"15,454,600.00"
05/03/2026,"27,450.00","28,100.00","26,950.00","27,000.00",-150.00,-0.01,"21,450,200.00"
04/03/2026,"27,350.00","27,650.00","26,500.00","27,150.00",-300.00,-0.01,"26,580,500.00"
03/03/2026,"28,050.00","28,450.00","27,300.00","27,450.00",-600.00,-0.02,"18,795,100.00"
02/03/2026,"28,250.00","28,700.00","27,950.00","28,050.00",-900.00,-0.03,"24,664,300.00"
27/02/2026,"29,050.00","29,450.00","28,750.00","28,950.00",50.00,0.00,"18,002,900.00"
26/02/2026,"29,000.00","29,200.00","28,850.00","28,900.00",50.00,0.00,"13,933,100.00"
25/02/2026,"29,000.00","29,500.00","28,800.00","28,850.00",-150.00,-0.01,"20,144,800.00"
24/02/2026,"28,700.00","29,150.00","28,550.00","29,000.00",200.00,0.01,"18,101,200.00"
23/02/2026,"28,450.00","29,150.00","28,300.00","28,800.00",500.00,0.02,"15,465,000.00"
13/02/2026,"28,100.00","28,300.00","27,900.00","28,300.00",50.00,0.00,"12,905,500.00"
12/02/2026,"28,350.00","28,500.00","28,150.00","28,250.00",-50.00,0.00,"8,140,700.00"
11/02/2026,"26,800.00","28,300.00","26,800.00","28,300.00","1,700.00",0.06,"28,252,000.00"
10/02/2026,"26,700.00","27,300.00","26,350.00","26,600.00",-150.00,-0.01,"11,076,900.00"
09/02/2026,"27,000.00","27,150.00","26,650.00","26,750.00",-50.00,0.00,"8,770,500.00"
06/02/2026,"27,200.00","27,250.00","26,800.00","26,800.00",-600.00,-0.02,"18,137,700.00"
05/02/2026,"28,000.00","28,050.00","27,400.00","27,400.00",-350.00,-0.01,"9,669,100.00"
04/02/2026,"27,500.00","27,800.00","27,250.00","27,750.00",250.00,0.01,"16,720,100.00"
03/02/2026,"27,850.00","28,000.00","27,500.00","27,500.00",-100.00,0.00,"15,333,400.00"
02/02/2026,"27,850.00","28,000.00","27,250.00","27,600.00",-400.00,-0.01,"14,154,800.00"
30/01/2026,"27,750.00","28,000.00","27,550.00","28,000.00",350.00,0.01,"15,839,700.00"
29/01/2026,"28,000.00","28,150.00","27,650.00","27,650.00",-100.00,0.00,"8,246,800.00"
28/01/2026,"27,950.00","28,300.00","27,650.00","27,750.00",-50.00,0.00,"14,212,000.00"
27/01/2026,"27,800.00","28,100.00","27,700.00","27,800.00",50.00,0.00,"12,846,500.00"
26/01/2026,"28,600.00","28,650.00","27,600.00","27,750.00",-750.00,-0.03,"32,470,600.00"
23/01/2026,"29,200.00","29,300.00","28,500.00","28,500.00",-700.00,-0.02,"31,092,900.00"
22/01/2026,"29,100.00","29,400.00","29,050.00","29,200.00",150.00,0.01,"19,795,300.00"
21/01/2026,"29,650.00","29,650.00","29,000.00","29,050.00",-700.00,-0.02,"34,082,700.00"
20/01/2026,"30,150.00","30,950.00","29,700.00","29,750.00",100.00,0.00,"48,697,600.00"
19/01/2026,"28,950.00","29,800.00","28,900.00","29,650.00",750.00,0.03,"30,777,100.00"
16/01/2026,"29,300.00","29,450.00","28,850.00","28,900.00",-100.00,0.00,"24,981,000.00"
15/01/2026,"29,350.00","29,400.00","28,750.00","29,000.00",-500.00,-0.02,"34,620,800.00"
14/01/2026,"30,550.00","30,800.00","29,200.00","29,500.00","-1,000.00",-0.03,"44,749,400.00"
13/01/2026,"31,300.00","31,450.00","30,300.00","30,500.00",300.00,0.01,"42,211,100.00"
12/01/2026,"28,500.00","30,200.00","28,150.00","30,200.00","1,950.00",0.07,"49,690,500.00"
09/01/2026,"29,250.00","29,650.00","28,200.00","28,250.00","-1,000.00",-0.03,"37,610,200.00"
08/01/2026,"29,300.00","29,750.00","29,000.00","29,250.00",0.00,0.00,"29,952,600.00"
07/01/2026,"29,150.00","29,750.00","29,100.00","29,250.00",400.00,0.01,"34,203,500.00"
06/01/2026,"27,850.00","28,900.00","27,650.00","28,850.00",950.00,0.03,"21,660,200.00"
05/01/2026,"28,650.00","28,800.00","27,550.00","27,900.00",-750.00,-0.03,"16,194,100.00"
31/12/2025,"28,700.00","29,000.00","28,550.00","28,650.00",-50.00,0.00,"22,530,100.00"
30/12/2025,"27,900.00","29,100.00","27,900.00","28,700.00",700.00,0.02,"23,124,400.00"
29/12/2025,"28,150.00","28,300.00","27,800.00","28,000.00",-150.00,-0.01,"20,347,900.00"
26/12/2025,"28,200.00","28,850.00","27,350.00","28,150.00",-600.00,-0.02,"27,183,600.00"
25/12/2025,"29,300.00","29,700.00","28,750.00","28,750.00",-550.00,-0.02,"14,199,000.00"
24/12/2025,"28,600.00","29,300.00","28,400.00","29,300.00",600.00,0.02,"15,286,500.00"
23/12/2025,"29,100.00","29,400.00","28,550.00","28,700.00",-300.00,-0.01,"12,224,300.00"
22/12/2025,"28,450.00","29,000.00","28,100.00","29,000.00",550.00,0.02,"13,903,800.00"
19/12/2025,"28,250.00","28,450.00","28,000.00","28,450.00",150.00,0.01,"9,896,000.00"
18/12/2025,"28,000.00","28,300.00","27,700.00","28,300.00",300.00,0.01,"7,996,800.00"
17/12/2025,"28,200.00","28,300.00","27,800.00","28,000.00",-250.00,-0.01,"6,311,700.00"
16/12/2025,"27,450.00","28,300.00","26,800.00","28,250.00",750.00,0.03,"11,815,200.00"
15/12/2025,"26,600.00","27,500.00","26,600.00","27,500.00",950.00,0.04,"18,306,600.00"
12/12/2025,"28,100.00","28,200.00","26,550.00","26,550.00","-1,600.00",-0.06,"21,016,800.00"
11/12/2025,"28,950.00","29,000.00","28,150.00","28,150.00",-850.00,-0.03,"10,971,700.00"
10/12/2025,"28,750.00","29,100.00","28,500.00","29,000.00",250.00,0.01,"9,284,000.00"
09/12/2025,"29,650.00","29,700.00","28,400.00","28,750.00",-950.00,-0.03,"25,274,800.00"
08/12/2025,"29,800.00","30,250.00","29,550.00","29,700.00",-150.00,-0.01,"15,691,000.00"
05/12/2025,"30,250.00","30,300.00","29,800.00","29,850.00",-400.00,-0.01,"12,515,000.00"
04/12/2025,"30,350.00","30,450.00","29,900.00","30,250.00",0.00,0.00,"16,875,100.00"
03/12/2025,"29,150.00","30,300.00","29,000.00","30,250.00","1,350.00",0.05,"30,066,400.00"
02/12/2025,"29,250.00","29,250.00","28,700.00","28,900.00",-400.00,-0.01,"10,412,200.00"
01/12/2025,"29,050.00","29,550.00","28,850.00","29,300.00",50.00,0.00,"11,852,800.00"
28/11/2025,"29,100.00","29,250.00","28,700.00","29,250.00",150.00,0.01,"11,904,900.00"
27/11/2025,"29,050.00","29,500.00","28,800.00","29,100.00",100.00,0.00,"14,878,100.00"
26/11/2025,"28,200.00","29,100.00","28,200.00","29,000.00",800.00,0.03,"18,812,900.00"
25/11/2025,"28,950.00","29,000.00","28,100.00","28,200.00",-800.00,-0.03,"14,577,900.00"
24/11/2025,"28,550.00","29,200.00","28,400.00","29,000.00",450.00,0.02,"18,118,500.00"
21/11/2025,"28,350.00","28,700.00","28,000.00","28,550.00",0.00,0.00,"18,164,600.00"
20/11/2025,"28,250.00","28,750.00","28,000.00","28,550.00",450.00,0.02,"19,548,400.00"
19/11/2025,"28,700.00","28,750.00","28,100.00","28,100.00",-700.00,-0.02,"16,825,600.00"
18/11/2025,"28,300.00","28,800.00","28,150.00","28,800.00",700.00,0.02,"18,859,400.00"
17/11/2025,"27,950.00","28,400.00","27,850.00","28,100.00",300.00,0.01,"12,074,200.00"
14/11/2025,"27,600.00","28,200.00","27,600.00","27,800.00",50.00,0.00,"11,783,400.00"
13/11/2025,"28,300.00","28,350.00","27,750.00","27,750.00",-250.00,-0.01,"12,863,200.00"
12/11/2025,"27,650.00","28,300.00","27,500.00","28,000.00",500.00,0.02,"16,274,200.00"
11/11/2025,"27,750.00","27,800.00","27,400.00","27,500.00",0.00,0.00,"14,818,100.00"
10/11/2025,"27,400.00","28,200.00","27,400.00","27,500.00",0.00,0.00,"16,818,300.00"
07/11/2025,"28,450.00","28,500.00","27,300.00","27,500.00","-1,000.00",-0.04,"23,937,800.00"
06/11/2025,"29,200.00","29,200.00","28,400.00","28,500.00",-750.00,-0.03,"13,235,900.00"
05/11/2025,"29,000.00","29,450.00","28,800.00","29,250.00",-250.00,-0.01,"13,066,000.00"
04/11/2025,"27,550.00","29,500.00","27,250.00","29,500.00","1,900.00",0.07,"31,974,700.00"
03/11/2025,"29,050.00","29,050.00","27,600.00","27,600.00","-1,100.00",-0.04,"23,165,800.00"
31/10/2025,"29,200.00","29,350.00","28,650.00","28,700.00",-500.00,-0.02,"15,506,600.00"
30/10/2025,"30,250.00","30,250.00","28,950.00","29,200.00",-650.00,-0.02,"19,085,200.00"
29/10/2025,"29,700.00","30,300.00","29,450.00","29,850.00",400.00,0.01,"25,082,900.00"
28/10/2025,"28,200.00","29,450.00","28,050.00","29,450.00","1,150.00",0.04,"26,721,300.00"
27/10/2025,"29,500.00","29,800.00","28,300.00","28,300.00",-900.00,-0.03,"23,908,400.00"
24/10/2025,"29,900.00","29,900.00","29,000.00","29,200.00",-800.00,-0.03,"23,926,000.00"
23/10/2025,"30,500.00","30,800.00","30,000.00","30,000.00",-450.00,-0.01,"14,351,400.00"
22/10/2025,"30,450.00","30,450.00","29,400.00","30,450.00",100.00,0.00,"26,715,100.00"
21/10/2025,"29,500.00","30,650.00","28,350.00","30,350.00",600.00,0.02,"54,104,300.00"
20/10/2025,"31,550.00","31,800.00","29,750.00","29,750.00","-2,200.00",-0.07,"52,634,700.00"
17/10/2025,"33,200.00","33,350.00","31,900.00","31,950.00","-1,250.00",-0.04,"50,287,200.00"
16/10/2025,"33,800.00","33,900.00","33,200.00","33,200.00",-500.00,-0.01,"30,745,500.00"
15/10/2025,"32,750.00","34,650.00","32,750.00","33,700.00","1,200.00",0.04,"92,652,500.00"
14/10/2025,"31,900.00","32,850.00","31,900.00","32,500.00",800.00,0.03,"57,074,600.00"
13/10/2025,"31,600.00","31,850.00","31,250.00","31,700.00",-400.00,-0.01,"35,739,000.00"
10/10/2025,"32,300.00","32,350.00","31,700.00","32,100.00",0.00,0.00,"34,643,000.00"
09/10/2025,"31,300.00","32,100.00","31,100.00","32,100.00","1,000.00",0.03,"39,130,900.00"
08/10/2025,"31,400.00","31,650.00","30,700.00","31,100.00",50.00,0.00,"25,369,900.00"
07/10/2025,"31,900.00","31,900.00","30,900.00","31,050.00",-500.00,-0.02,"26,704,000.00"
06/10/2025,"30,250.00","31,550.00","30,000.00","31,550.00","2,050.00",0.07,"42,838,700.00"
03/10/2025,"30,150.00","30,200.00","29,500.00","29,500.00",-650.00,-0.02,"30,206,400.00"
02/10/2025,"31,100.00","31,500.00","30,150.00","30,150.00",-750.00,-0.02,"31,474,300.00"
01/10/2025,"31,100.00","31,550.00","30,850.00","30,900.00",-200.00,-0.01,"16,624,800.00"
30/09/2025,"31,250.00","31,250.00","30,300.00","31,100.00",0.00,0.00,"28,902,200.00"
29/09/2025,"30,500.00","31,200.00","30,050.00","31,100.00",700.00,0.02,"33,075,500.00"
26/09/2025,"30,950.00","31,100.00","30,400.00","30,400.00",-550.00,-0.02,"25,508,600.00"
25/09/2025,"31,700.00","31,850.00","30,900.00","30,950.00",-650.00,-0.02,"30,534,200.00"
24/09/2025,"30,100.00","31,600.00","29,550.00","31,600.00","1,700.00",0.06,"40,528,600.00"
23/09/2025,"29,600.00","30,650.00","29,600.00","29,900.00",400.00,0.01,"27,129,500.00"
22/09/2025,"30,350.00","30,400.00","29,300.00","29,500.00",-900.00,-0.03,"54,206,200.00"
19/09/2025,"30,900.00","30,950.00","30,000.00","30,400.00",-400.00,-0.01,"28,454,900.00"
18/09/2025,"31,100.00","31,250.00","30,300.00","30,800.00",-200.00,-0.01,"26,645,900.00"
17/09/2025,"31,700.00","31,950.00","31,000.00","31,000.00",-700.00,-0.02,"26,679,300.00"
16/09/2025,"31,550.00","32,850.00","31,500.00","31,700.00",150.00,0.00,"70,212,600.00"
15/09/2025,"31,500.00","32,200.00","30,950.00","31,550.00",-50.00,0.00,"64,130,100.00"
12/09/2025,"32,100.00","32,300.00","31,550.00","31,600.00",-650.00,-0.02,"23,141,700.00"
11/09/2025,"32,050.00","32,350.00","30,450.00","32,250.00",-200.00,-0.01,"44,389,200.00"
10/09/2025,"32,850.00","32,950.00","31,800.00","32,450.00",50.00,0.00,"22,042,300.00"
09/09/2025,"31,500.00","32,550.00","31,350.00","32,400.00","1,200.00",0.04,"39,698,200.00"
08/09/2025,"33,300.00","33,350.00","31,200.00","31,200.00","-2,300.00",-0.07,"58,073,200.00"
05/09/2025,"35,500.00","35,500.00","33,500.00","33,500.00","-1,400.00",-0.04,"37,902,100.00"
04/09/2025,"34,700.00","35,000.00","33,800.00","34,900.00",400.00,0.01,"44,836,900.00"
03/09/2025,"35,150.00","35,400.00","34,350.00","34,500.00",-500.00,-0.01,"28,617,800.00"
29/08/2025,"34,000.00","36,300.00","33,650.00","35,000.00","1,000.00",0.03,"65,834,600.00"
28/08/2025,"33,100.00","34,200.00","32,600.00","34,000.00",700.00,0.02,"37,019,300.00"
27/08/2025,"34,500.00","34,700.00","32,500.00","33,300.00","-1,000.00",-0.03,"57,247,900.00"
26/08/2025,"33,050.00","34,350.00","32,750.00","34,300.00",800.00,0.02,"47,968,700.00"
25/08/2025,"35,950.00","36,000.00","33,450.00","33,500.00","-2,450.00",-0.07,"67,974,200.00"
22/08/2025,"38,000.00","38,250.00","35,950.00","35,950.00","-2,700.00",-0.07,"75,347,200.00"
21/08/2025,"37,000.00","38,900.00","36,700.00","38,650.00","2,100.00",0.06,"51,427,900.00"
20/08/2025,"35,600.00","36,550.00","33,700.00","36,550.00","2,350.00",0.07,"75,558,800.00"
19/08/2025,"32,700.00","34,200.00","32,700.00","34,200.00","2,200.00",0.07,"21,644,900.00"
18/08/2025,"32,050.00","32,550.00","31,600.00","32,000.00",900.00,0.03,"46,632,900.00"
15/08/2025,"32,800.00","32,800.00","30,900.00","31,100.00",300.00,0.01,"64,889,700.00"
14/08/2025,"29,400.00","30,800.00","29,200.00","30,800.00","2,000.00",0.07,"69,328,900.00"
13/08/2025,"29,300.00","29,550.00","28,000.00","28,800.00",-800.00,-0.03,"43,486,100.00"
12/08/2025,"29,600.00","29,800.00","29,200.00","29,600.00",0.00,0.00,"35,529,800.00"
11/08/2025,"29,500.00","29,950.00","29,000.00","29,600.00",50.00,0.00,"33,778,300.00"
08/08/2025,"29,500.00","29,550.00","28,000.00","29,550.00",600.00,0.02,"44,921,400.00"
07/08/2025,"27,850.00","28,950.00","27,400.00","28,950.00","1,850.00",0.07,"62,566,800.00"
06/08/2025,"26,550.00","27,100.00","26,300.00","27,100.00",600.00,0.02,"28,376,400.00"
05/08/2025,"26,650.00","27,650.00","25,600.00","26,500.00",100.00,0.00,"71,760,200.00"
04/08/2025,"25,250.00","26,400.00","25,250.00","26,400.00",600.00,0.02,"38,227,100.00"
01/08/2025,"25,900.00","25,900.00","25,000.00","25,800.00",0.00,0.00,"55,593,400.00"
31/07/2025,"25,800.00","26,100.00","25,550.00","25,800.00",550.00,0.02,"55,195,800.00"
30/07/2025,"23,800.00","25,250.00","23,500.00","25,250.00","1,650.00",0.07,"70,974,800.00"
29/07/2025,"25,100.00","25,800.00","23,550.00","23,600.00","-1,500.00",-0.06,"83,065,000.00"
28/07/2025,"24,350.00","25,150.00","24,000.00","25,100.00","1,050.00",0.04,"57,164,800.00"
25/07/2025,"23,500.00","24,150.00","23,400.00","24,050.00",550.00,0.02,"54,483,100.00"
24/07/2025,"23,900.00","23,900.00","23,150.00","23,500.00",150.00,0.01,"47,157,800.00"
23/07/2025,"22,800.00","23,600.00","22,500.00","23,350.00",850.00,0.04,"73,950,900.00"
22/07/2025,"22,150.00","22,600.00","21,800.00","22,500.00",200.00,0.01,"41,725,200.00"
21/07/2025,"21,600.00","22,500.00","21,350.00","22,300.00",950.00,0.04,"72,588,400.00"
18/07/2025,"20,900.00","21,650.00","20,800.00","21,350.00",450.00,0.02,"47,947,600.00"
17/07/2025,"21,000.00","21,300.00","20,750.00","20,900.00",50.00,0.00,"49,437,400.00"
16/07/2025,"20,750.00","21,000.00","20,500.00","20,850.00",100.00,0.00,"31,463,400.00"
15/07/2025,"21,150.00","21,200.00","20,750.00","20,750.00",-250.00,-0.01,"48,779,100.00"
14/07/2025,"20,250.00","21,200.00","20,200.00","21,000.00",850.00,0.04,"63,378,600.00"
11/07/2025,"20,200.00","20,350.00","19,900.00","20,150.00",0.00,0.00,"45,180,900.00"
10/07/2025,"20,150.00","20,250.00","19,900.00","20,150.00",100.00,0.00,"36,743,400.00"
09/07/2025,"19,800.00","20,150.00","19,700.00","20,050.00",450.00,0.02,"66,441,400.00"
08/07/2025,"19,350.00","19,600.00","19,050.00","19,600.00",300.00,0.02,"45,382,200.00"
07/07/2025,"18,900.00","19,350.00","18,900.00","19,300.00",550.00,0.03,"53,672,800.00"
04/07/2025,"18,700.00","18,850.00","18,600.00","18,750.00",100.00,0.01,"22,180,000.00"
03/07/2025,"18,550.00","18,850.00","18,500.00","18,650.00",50.00,0.00,"47,153,200.00"
02/07/2025,"18,450.00","18,600.00","18,350.00","18,600.00",150.00,0.01,"18,377,700.00"
01/07/2025,"18,500.00","18,600.00","18,400.00","18,450.00",-50.00,0.00,"17,060,200.00"
30/06/2025,"18,550.00","18,650.00","18,500.00","18,500.00",0.00,0.00,"11,547,500.00"
27/06/2025,"18,500.00","18,750.00","18,450.00","18,500.00",150.00,0.01,"21,153,100.00"
26/06/2025,"18,500.00","18,550.00","18,350.00","18,350.00",-50.00,0.00,"10,934,900.00"
25/06/2025,"18,600.00","18,700.00","18,400.00","18,400.00",-150.00,-0.01,"17,177,500.00"
24/06/2025,"18,550.00","18,750.00","18,450.00","18,550.00",150.00,0.01,"42,718,000.00"
23/06/2025,"18,350.00","18,500.00","18,250.00","18,400.00",-50.00,0.00,"18,209,500.00"
20/06/2025,"18,600.00","18,850.00","18,450.00","18,450.00",-50.00,0.00,"24,901,400.00"
19/06/2025,"18,500.00","18,750.00","18,500.00","18,500.00",0.00,0.00,"17,971,800.00"
18/06/2025,"18,800.00","18,950.00","18,500.00","18,500.00",-300.00,-0.02,"23,610,700.00"
17/06/2025,"18,900.00","19,000.00","18,600.00","18,800.00",0.00,0.00,"35,021,100.00"
16/06/2025,"18,150.00","18,800.00","18,150.00","18,800.00",650.00,0.04,"71,722,500.00"
13/06/2025,"18,050.00","18,400.00","17,900.00","18,150.00",-50.00,0.00,"29,219,800.00"
12/06/2025,"18,050.00","18,300.00","18,050.00","18,200.00",200.00,0.01,"21,883,000.00"
11/06/2025,"18,050.00","18,050.00","17,900.00","18,000.00",50.00,0.00,"6,795,100.00"
10/06/2025,"17,900.00","18,200.00","17,850.00","17,950.00",100.00,0.01,"20,277,000.00"
09/06/2025,"17,750.00","17,900.00","17,650.00","17,850.00",50.00,0.00,"14,015,700.00"
06/06/2025,"18,100.00","18,100.00","17,800.00","17,800.00",-300.00,-0.02,"20,106,300.00"
05/06/2025,"18,200.00","18,400.00","18,050.00","18,100.00",-150.00,-0.01,"12,655,700.00"
04/06/2025,"18,300.00","18,550.00","18,200.00","18,250.00",-50.00,0.00,"41,724,400.00"
03/06/2025,"18,100.00","18,400.00","18,000.00","18,300.00",300.00,0.02,"22,863,000.00"
02/06/2025,"17,950.00","18,150.00","17,800.00","18,000.00",50.00,0.00,"13,488,800.00"
30/05/2025,"18,250.00","18,300.00","17,900.00","17,950.00",-200.00,-0.01,"11,859,100.00"
29/05/2025,"18,100.00","18,550.00","18,000.00","18,150.00",150.00,0.01,"46,408,000.00"
28/05/2025,"18,200.00","18,300.00","18,000.00","18,000.00",-100.00,-0.01,"13,063,100.00"
27/05/2025,"18,150.00","18,300.00","18,050.00","18,100.00",-50.00,0.00,"22,988,200.00"
26/05/2025,"18,100.00","18,200.00","17,300.00","18,150.00",50.00,0.00,"24,583,500.00"
23/05/2025,"18,250.00","18,350.00","18,100.00","18,100.00",-200.00,-0.01,"14,934,100.00"
22/05/2025,"18,500.00","18,700.00","18,200.00","18,300.00",-150.00,-0.01,"40,934,700.00"
21/05/2025,"18,300.00","18,800.00","18,250.00","18,450.00",250.00,0.01,"68,308,300.00"
20/05/2025,"18,200.00","18,550.00","18,150.00","18,200.00",0.00,0.00,"27,838,100.00"
19/05/2025,"18,000.00","18,850.00","17,800.00","18,200.00",150.00,0.01,"64,648,000.00"
16/05/2025,"18,350.00","18,700.00","18,050.00","18,050.00",-500.00,-0.03,"37,978,200.00"
15/05/2025,"18,650.00","18,800.00","18,250.00","18,550.00",150.00,0.01,"55,071,300.00"
14/05/2025,"17,329.10","18,400.00","17,280.42","18,400.00","1,200.00",0.07,"128,635,053.00"
13/05/2025,"17,183.07","17,231.75","16,988.36","17,231.75",350.00,0.02,"29,906,911.00"
12/05/2025,"16,647.62","16,988.36","16,501.59","16,891.01",350.00,0.02,"36,530,801.00"
09/05/2025,"16,647.62","16,793.65","16,452.91","16,550.26",0.00,0.00,"20,694,500.00"
08/05/2025,"16,598.94","16,744.97","16,501.59","16,550.26",0.00,0.00,"15,414,401.00"
07/05/2025,"16,501.59","16,550.26","16,355.56","16,550.26",100.00,0.01,"10,235,801.00"
06/05/2025,"16,258.20","16,744.97","16,209.52","16,452.91",300.00,0.02,"25,315,800.00"
05/05/2025,"16,258.20","16,306.88","16,063.49","16,160.85",50.00,0.00,"7,704,001.00"
29/04/2025,"16,160.85","16,258.20","16,063.49","16,112.17",0.00,0.00,"27,554,500.00"
28/04/2025,"16,258.20","16,258.20","16,063.49","16,112.17",50.00,0.00,"12,661,203.00"
25/04/2025,"16,258.20","16,306.88","16,014.81","16,063.49",-150.00,-0.01,"37,794,000.00"
24/04/2025,"16,355.56","16,501.59","16,209.52","16,209.52",-50.00,0.00,"15,643,703.00"
23/04/2025,"16,550.26","16,550.26","16,258.20","16,258.20",100.00,0.01,"10,954,900.00"
22/04/2025,"16,160.85","16,355.56","15,138.62","16,160.85",-100.00,-0.01,"32,463,106.00"
21/04/2025,"16,452.91","16,598.94","16,258.20","16,258.20",-250.00,-0.01,"12,080,600.00"
18/04/2025,"16,209.52","16,793.65","16,209.52","16,501.59",400.00,0.02,"16,480,100.00"
17/04/2025,"16,355.56","16,355.56","15,917.46","16,112.17",-250.00,-0.01,"22,115,700.00"
16/04/2025,"16,404.23","16,550.26","16,258.20","16,355.56",-100.00,-0.01,"14,138,200.00"
15/04/2025,"16,744.97","16,793.65","16,404.23","16,452.91",-400.00,-0.02,"19,615,100.00"
14/04/2025,"17,037.04","17,231.75","16,793.65","16,842.33",-150.00,-0.01,"31,105,801.00"
11/04/2025,"16,550.26","17,183.07","16,355.56","16,988.36",400.00,0.02,"61,278,401.00"
10/04/2025,"16,598.94","16,598.94","16,598.94","16,598.94","1,100.00",0.07,"1,923,603.00"
09/04/2025,"14,797.88","16,063.49","14,749.21","15,528.04",-300.00,-0.02,"56,307,800.00"
08/04/2025,"16,550.26","16,744.97","15,820.11","15,820.11","-1,200.00",-0.07,"27,377,903.00"
04/04/2025,"16,355.56","16,988.36","16,209.52","16,988.36",-400.00,-0.02,"46,810,001.00"
03/04/2025,"17,718.52","18,059.26","17,377.78","17,377.78","-1,300.00",-0.07,"41,011,200.00"
02/04/2025,"18,643.39","18,838.10","18,594.71","18,643.39",0.00,0.00,"11,701,401.00"
01/04/2025,"18,643.39","18,692.06","18,497.35","18,643.39",150.00,0.01,"9,060,047.00"
31/03/2025,"18,643.39","18,740.74","18,497.35","18,497.35",-250.00,-0.01,"15,183,811.00"
28/03/2025,"18,740.74","18,886.77","18,692.06","18,740.74",0.00,0.00,"12,071,400.00"
27/03/2025,"18,740.74","18,935.45","18,740.74","18,740.74",-100.00,-0.01,"7,656,600.00"
26/03/2025,"18,984.13","19,130.16","18,789.42","18,838.10",-150.00,-0.01,"15,162,300.00"
25/03/2025,"19,130.16","19,178.84","18,935.45","18,984.13",-100.00,-0.01,"12,586,900.00"
24/03/2025,"18,984.13","19,130.16","18,740.74","19,081.48",100.00,0.01,"22,405,100.00"
21/03/2025,"19,081.48","19,130.16","18,886.77","18,984.13",-100.00,-0.01,"10,510,103.00"
20/03/2025,"19,081.48","19,178.84","18,886.77","19,081.48",150.00,0.01,"23,239,403.00"
19/03/2025,"19,227.51","19,227.51","18,886.77","18,935.45",-350.00,-0.02,"36,438,701.00"
18/03/2025,"19,714.29","19,762.96","19,276.19","19,276.19",-400.00,-0.02,"26,171,100.00"
17/03/2025,"19,227.51","19,860.32","19,081.48","19,665.61",600.00,0.03,"79,545,101.00"
14/03/2025,"18,789.42","19,081.48","18,692.06","19,081.48",350.00,0.02,"17,943,601.00"
13/03/2025,"19,130.16","19,130.16","18,692.06","18,740.74",-350.00,-0.02,"23,537,504.00"
12/03/2025,"19,276.19","19,276.19","18,984.13","19,081.48",-100.00,-0.01,"27,621,701.00"
11/03/2025,"18,740.74","19,227.51","18,692.06","19,178.84",300.00,0.02,"37,545,201.00"
10/03/2025,"18,886.77","19,130.16","18,789.42","18,886.77",150.00,0.01,"34,122,105.00"
07/03/2025,"18,692.06","18,935.45","18,643.39","18,740.74",100.00,0.01,"20,716,400.00"
06/03/2025,"18,546.03","18,838.10","18,546.03","18,643.39",150.00,0.01,"20,991,201.00"
05/03/2025,"18,594.71","18,838.10","18,497.35","18,497.35",-100.00,-0.01,"16,030,300.00"
04/03/2025,"18,594.71","18,692.06","18,448.68","18,594.71",-100.00,-0.01,"19,237,102.00"
03/03/2025,"18,838.10","18,838.10","18,594.71","18,692.06",-100.00,-0.01,"9,400,800.00"
28/02/2025,"18,594.71","18,886.77","18,594.71","18,789.42",0.00,0.00,"9,328,703.00"
27/02/2025,"18,740.74","18,838.10","18,546.03","18,789.42",50.00,0.00,"10,246,600.00"
26/02/2025,"18,838.10","18,886.77","18,740.74","18,740.74",-100.00,-0.01,"11,212,102.00"
25/02/2025,"19,032.80","19,081.48","18,740.74","18,838.10",-200.00,-0.01,"14,015,503.00"
24/02/2025,"18,886.77","19,032.80","18,692.06","19,032.80",100.00,0.01,"22,721,401.00"
21/02/2025,"18,643.39","19,081.48","18,546.03","18,935.45",250.00,0.01,"44,188,601.00"
20/02/2025,"18,594.71","18,789.42","18,497.35","18,692.06",150.00,0.01,"18,762,903.00"
19/02/2025,"18,497.35","18,594.71","18,448.68","18,546.03",100.00,0.01,"9,257,700.00"
18/02/2025,"18,351.32","18,692.06","18,253.97","18,448.68",100.00,0.01,"18,371,101.00"
17/02/2025,"18,497.35","18,594.71","18,351.32","18,351.32",-150.00,-0.01,"30,786,932.00"
14/02/2025,"18,594.71","18,643.39","18,497.35","18,497.35",100.00,0.01,"14,735,003.00"
13/02/2025,"18,400.00","18,497.35","18,302.65","18,400.00",0.00,0.00,"18,164,641.00"
12/02/2025,"18,497.35","18,594.71","18,302.65","18,400.00",0.00,0.00,"11,290,903.00"
11/02/2025,"18,351.32","18,643.39","18,302.65","18,400.00",50.00,0.00,"30,773,403.00"
10/02/2025,"18,400.00","18,594.71","18,253.97","18,351.32",-100.00,-0.01,"13,500,005.00"
07/02/2025,"18,448.68","18,692.06","18,400.00","18,448.68",-100.00,-0.01,"18,738,259.00"
06/02/2025,"18,594.71","18,692.06","18,448.68","18,546.03",0.00,0.00,"13,155,805.00"
05/02/2025,"18,253.97","18,594.71","18,253.97","18,546.03",300.00,0.02,"13,416,500.00"
04/02/2025,"18,253.97","18,302.65","18,059.26","18,253.97",250.00,0.01,"14,111,365.00"
03/02/2025,"18,302.65","18,302.65","18,010.58","18,010.58",-400.00,-0.02,"10,292,500.00"
24/01/2025,"18,400.00","18,497.35","18,302.65","18,400.00",0.00,0.00,"11,206,200.00"
23/01/2025,"18,010.58","18,400.00","17,913.23","18,400.00",550.00,0.03,"29,519,900.00"
22/01/2025,"17,913.23","18,010.58","17,767.20","17,864.55",-50.00,0.00,"14,149,900.00"
21/01/2025,"18,010.58","18,010.58","17,767.20","17,913.23",0.00,0.00,"20,455,100.00"
20/01/2025,"17,913.23","18,059.26","17,864.55","17,913.23",-50.00,0.00,"8,490,800.00"
17/01/2025,"17,913.23","17,961.90","17,815.87","17,961.90",50.00,0.00,"6,243,700.00"
16/01/2025,"18,010.58","18,010.58","17,718.52","17,913.23",0.00,0.00,"11,192,000.00"
15/01/2025,"17,815.87","18,010.58","17,718.52","17,913.23",250.00,0.01,"6,198,700.00"
14/01/2025,"17,767.20","17,864.55","17,572.49","17,669.84",-150.00,-0.01,"11,793,501.00"
13/01/2025,"17,961.90","18,010.58","17,767.20","17,815.87",-200.00,-0.01,"9,488,900.00"
10/01/2025,"18,205.29","18,253.97","17,961.90","18,010.58",-200.00,-0.01,"6,916,002.00"
09/01/2025,"18,400.00","18,400.00","18,156.61","18,205.29",-150.00,-0.01,"4,278,905.00"
08/01/2025,"18,205.29","18,400.00","18,156.61","18,351.32",150.00,0.01,"4,869,803.00"
07/01/2025,"18,351.32","18,400.00","18,205.29","18,205.29",-100.00,-0.01,"9,945,902.00"
06/01/2025,"18,253.97","18,400.00","18,205.29","18,302.65",50.00,0.00,"7,888,502.00"
03/01/2025,"18,594.71","18,594.71","18,253.97","18,253.97",-400.00,-0.02,"10,601,506.00"
02/01/2025,"18,594.71","18,692.06","18,448.68","18,643.39",-50.00,0.00,"8,363,404.00"
31/12/2024,"18,740.74","18,740.74","18,546.03","18,692.06",-50.00,0.00,"17,228,376.00"
30/12/2024,"18,692.06","18,740.74","18,594.71","18,740.74",0.00,0.00,"6,708,704.00"
27/12/2024,"18,692.06","18,838.10","18,594.71","18,740.74",0.00,0.00,"22,060,300.00"
26/12/2024,"18,740.74","18,789.42","18,546.03","18,740.74",50.00,0.00,"11,611,774.00"
25/12/2024,"18,448.68","18,789.42","18,302.65","18,692.06",250.00,0.01,"25,466,234.00"
24/12/2024,"18,448.68","18,497.35","18,253.97","18,448.68",0.00,0.00,"5,989,600.00"
23/12/2024,"18,448.68","18,643.39","18,400.00","18,448.68",50.00,0.00,"7,737,800.00"
20/12/2024,"18,302.65","18,400.00","18,156.61","18,400.00",100.00,0.01,"7,699,600.00"
19/12/2024,"18,448.68","18,448.68","18,107.94","18,302.65",-200.00,-0.01,"21,327,100.00"
18/12/2024,"18,497.35","18,594.71","18,448.68","18,497.35",50.00,0.00,"21,743,501.00"
17/12/2024,"18,594.71","18,643.39","18,448.68","18,448.68",-150.00,-0.01,"14,352,500.00"
16/12/2024,"18,643.39","18,692.06","18,497.35","18,594.71",-50.00,0.00,"23,562,401.00"
13/12/2024,"18,692.06","18,789.42","18,594.71","18,643.39",-150.00,-0.01,"22,450,602.00"
12/12/2024,"18,740.74","19,032.80","18,643.39","18,789.42",50.00,0.00,"23,442,300.00"
11/12/2024,"18,740.74","18,789.42","18,546.03","18,740.74",0.00,0.00,"27,962,400.00"
10/12/2024,"18,886.77","18,935.45","18,692.06","18,740.74",-150.00,-0.01,"8,269,900.00"
09/12/2024,"18,740.74","19,032.80","18,692.06","18,886.77",50.00,0.00,"34,675,200.00"
06/12/2024,"18,984.13","18,984.13","18,789.42","18,838.10",-150.00,-0.01,"11,672,800.00"
05/12/2024,"18,497.35","18,984.13","18,302.65","18,984.13",500.00,0.03,"32,178,800.00"
04/12/2024,"18,546.03","18,643.39","18,448.68","18,497.35",-200.00,-0.01,"8,538,700.00"
03/12/2024,"18,643.39","18,692.06","18,497.35","18,692.06",0.00,0.00,"17,364,600.00"
02/12/2024,"18,789.42","18,789.42","18,594.71","18,692.06",50.00,0.00,"20,864,601.00"
29/11/2024,"18,643.39","18,692.06","18,497.35","18,643.39",100.00,0.01,"11,398,401.00"
28/11/2024,"18,692.06","18,838.10","18,546.03","18,546.03",0.00,0.00,"27,018,600.00"
27/11/2024,"18,546.03","18,692.06","18,497.35","18,546.03",0.00,0.00,"6,922,701.00"
26/11/2024,"18,546.03","18,886.77","18,546.03","18,546.03",0.00,0.00,"33,380,500.00"
25/11/2024,"18,546.03","18,692.06","18,546.03","18,546.03",0.00,0.00,"8,109,800.00"
22/11/2024,"18,692.06","18,789.42","18,546.03","18,546.03",-150.00,-0.01,"18,059,300.00"
21/11/2024,"18,205.29","18,692.06","18,107.94","18,692.06",500.00,0.03,"28,295,200.00"
20/11/2024,"17,913.23","18,400.00","17,913.23","18,205.29",200.00,0.01,"17,682,701.00"
19/11/2024,"18,253.97","18,302.65","18,010.58","18,010.58",-200.00,-0.01,"11,226,801.00"
18/11/2024,"18,107.94","18,400.00","17,961.90","18,205.29",0.00,0.00,"25,797,503.00"
15/11/2024,"18,351.32","18,448.68","18,205.29","18,205.29",-300.00,-0.02,"20,699,302.00"
14/11/2024,"18,594.71","18,692.06","18,302.65","18,497.35",-350.00,-0.02,"17,485,406.00"
13/11/2024,"18,448.68","18,838.10","18,253.97","18,838.10",250.00,0.01,"25,401,806.00"
12/11/2024,"18,740.74","18,740.74","18,400.00","18,594.71",-100.00,-0.01,"15,881,913.00"
11/11/2024,"18,935.45","18,935.45","18,448.68","18,692.06",-300.00,-0.02,"28,193,923.00"
08/11/2024,"19,276.19","19,276.19","18,789.42","18,984.13",-200.00,-0.01,"25,171,329.00"
07/11/2024,"19,373.54","19,422.22","19,081.48","19,178.84",-150.00,-0.01,"13,396,029.00"
06/11/2024,"19,227.51","19,422.22","19,178.84","19,324.87",150.00,0.01,"16,255,901.00"
05/11/2024,"19,032.80","19,276.19","19,032.80","19,178.84",0.00,0.00,"10,174,500.00"
04/11/2024,"19,616.93","19,665.61","19,081.48","19,178.84",-450.00,-0.02,"30,609,301.00"
01/11/2024,"19,860.32","19,860.32","19,519.58","19,616.93",-300.00,-0.01,"21,603,900.00"
31/10/2024,"19,714.29","19,908.99","19,616.93","19,908.99",200.00,0.01,"15,454,616.00"
30/10/2024,"19,714.29","19,811.64","19,616.93","19,714.29",0.00,0.00,"15,367,912.00"
29/10/2024,"19,665.61","19,762.96","19,616.93","19,714.29",150.00,0.01,"25,220,611.00"
28/10/2024,"19,470.90","19,568.25","19,373.54","19,568.25",0.00,0.00,"11,242,626.00"
25/10/2024,"19,568.25","19,665.61","19,470.90","19,568.25",100.00,0.00,"18,005,417.00"
24/10/2024,"19,860.32","19,908.99","19,470.90","19,470.90",-450.00,-0.02,"26,149,614.00"
23/10/2024,"19,957.67","20,006.35","19,762.96","19,908.99",-150.00,-0.01,"16,229,511.00"
22/10/2024,"20,055.03","20,103.70","19,762.96","20,055.03",-50.00,0.00,"22,323,423.00"
21/10/2024,"20,006.35","20,201.06","19,860.32","20,103.70",100.00,0.00,"18,612,243.00"
18/10/2024,"20,298.41","20,395.77","20,006.35","20,006.35",-350.00,-0.02,"27,607,563.00"
17/10/2024,"20,298.41","20,395.77","20,152.38","20,347.09",50.00,0.00,"24,872,205.00"
16/10/2024,"20,249.74","20,347.09","20,103.70","20,298.41",0.00,0.00,"18,041,900.00"
15/10/2024,"19,957.67","20,493.12","19,957.67","20,298.41",200.00,0.01,"45,086,300.00"
14/10/2024,"20,249.74","20,249.74","19,860.32","20,103.70",-50.00,0.00,"25,145,501.00"
11/10/2024,"19,957.67","20,152.38","19,811.64","20,152.38",150.00,0.01,"23,648,500.00"
10/10/2024,"19,811.64","20,152.38","19,762.96","20,006.35",300.00,0.01,"45,962,500.00"
09/10/2024,"19,470.90","19,762.96","19,470.90","19,714.29",150.00,0.01,"51,589,013.00"
08/10/2024,"19,470.90","19,616.93","19,324.87","19,568.25",100.00,0.00,"28,138,200.00"
07/10/2024,"19,568.25","19,616.93","19,178.84","19,470.90",0.00,0.00,"25,931,500.00"
04/10/2024,"19,470.90","19,908.99","19,422.22","19,470.90",0.00,0.00,"34,247,700.00"
03/10/2024,"19,276.19","19,908.99","19,276.19","19,470.90",300.00,0.02,"49,868,500.00"
02/10/2024,"19,276.19","19,373.54","19,081.48","19,178.84",-200.00,-0.01,"37,579,900.00"
01/10/2024,"19,568.25","19,762.96","19,324.87","19,373.54",-200.00,-0.01,"33,464,208.00"
30/09/2024,"19,178.84","19,616.93","19,130.16","19,568.25",350.00,0.02,"30,702,801.00"
27/09/2024,"19,178.84","19,616.93","19,081.48","19,227.51",150.00,0.01,"63,925,900.00"
26/09/2024,"18,984.13","19,324.87","18,838.10","19,081.48",150.00,0.01,"56,247,500.00"
25/09/2024,"18,789.42","19,032.80","18,692.06","18,935.45",250.00,0.01,"47,317,570.00"
24/09/2024,"18,497.35","18,692.06","18,448.68","18,692.06",200.00,0.01,"43,226,000.00"
23/09/2024,"18,497.35","18,692.06","18,400.00","18,497.35",50.00,0.00,"33,699,100.00"
20/09/2024,"18,302.65","18,594.71","18,302.65","18,448.68",200.00,0.01,"57,363,200.00"
19/09/2024,"18,156.61","18,302.65","18,156.61","18,253.97",100.00,0.01,"20,966,800.00"
18/09/2024,"18,156.61","18,302.65","18,010.58","18,156.61",0.00,0.00,"27,055,500.00"
17/09/2024,"17,864.55","18,156.61","17,815.87","18,156.61",300.00,0.02,"10,320,200.00"
16/09/2024,"17,913.23","18,059.26","17,767.20","17,864.55",-100.00,-0.01,"10,279,100.00"
13/09/2024,"18,010.58","18,059.26","17,815.87","17,961.90",-50.00,0.00,"10,635,200.00"
12/09/2024,"17,767.20","18,107.94","17,767.20","18,010.58",250.00,0.01,"23,766,300.00"
11/09/2024,"17,621.16","17,815.87","17,572.49","17,767.20",100.00,0.01,"11,782,500.00"
10/09/2024,"17,913.23","17,961.90","17,621.16","17,669.84",-200.00,-0.01,"21,881,600.00"
09/09/2024,"17,913.23","17,961.90","17,767.20","17,864.55",-100.00,-0.01,"16,209,409.00"
06/09/2024,"17,815.87","17,961.90","17,718.52","17,961.90",150.00,0.01,"15,100,904.00"
05/09/2024,"18,059.26","18,059.26","17,815.87","17,815.87",-200.00,-0.01,"15,899,500.00"
04/09/2024,"18,302.65","18,302.65","18,010.58","18,010.58",-450.00,-0.02,"24,148,500.00"
30/08/2024,"18,594.71","18,594.71","18,448.68","18,448.68",0.00,0.00,"12,969,502.00"
29/08/2024,"18,448.68","18,838.10","18,400.00","18,448.68",0.00,0.00,"24,001,502.00"
28/08/2024,"18,497.35","18,594.71","18,400.00","18,448.68",-50.00,0.00,"13,771,103.00"
27/08/2024,"18,594.71","18,643.39","18,448.68","18,497.35",0.00,0.00,"16,374,707.00"
26/08/2024,"18,302.65","18,789.42","18,302.65","18,497.35",250.00,0.01,"40,060,003.00"
23/08/2024,"18,302.65","18,497.35","18,205.29","18,253.97",0.00,0.00,"23,867,000.00"
22/08/2024,"18,253.97","18,351.32","18,107.94","18,253.97",0.00,0.00,"14,022,600.00"
21/08/2024,"18,010.58","18,351.32","17,961.90","18,253.97",150.00,0.01,"34,804,504.00"
20/08/2024,"17,961.90","18,156.61","17,913.23","18,107.94",150.00,0.01,"19,645,303.00"
19/08/2024,"17,913.23","18,107.94","17,913.23","17,961.90",50.00,0.00,"12,821,803.00"
16/08/2024,"17,572.49","17,961.90","17,523.81","17,913.23",400.00,0.02,"24,092,004.00"
15/08/2024,"17,523.81","17,621.16","17,475.13","17,523.81",0.00,0.00,"7,557,901.00"
14/08/2024,"17,669.84","17,718.52","17,523.81","17,523.81",-150.00,-0.01,"9,278,282.00"
13/08/2024,"17,621.16","17,718.52","17,475.13","17,669.84",0.00,0.00,"10,643,310.00"
12/08/2024,"17,523.81","17,669.84","17,329.10","17,669.84",150.00,0.01,"12,636,703.00"
09/08/2024,"17,377.78","17,621.16","17,329.10","17,523.81",150.00,0.01,"11,869,404.00"
08/08/2024,"17,426.46","17,523.81","17,037.04","17,377.78",-150.00,-0.01,"22,142,411.00"
07/08/2024,"17,913.23","17,913.23","17,523.81","17,523.81",-350.00,-0.02,"14,903,001.00"
06/08/2024,"17,864.55","18,010.58","17,621.16","17,864.55",200.00,0.01,"16,199,111.00"
05/08/2024,"17,913.23","18,107.94","17,475.13","17,669.84",-600.00,-0.03,"29,120,903.00"
02/08/2024,"18,010.58","18,253.97","17,864.55","18,253.97",200.00,0.01,"15,295,804.00"
01/08/2024,"18,643.39","18,643.39","17,961.90","18,059.26",-450.00,-0.02,"15,647,205.00"
31/07/2024,"18,107.94","18,643.39","18,107.94","18,497.35",450.00,0.02,"38,633,414.00"
30/07/2024,"17,913.23","18,205.29","17,815.87","18,059.26",150.00,0.01,"12,800,202.00"
29/07/2024,"18,010.58","18,107.94","17,913.23","17,913.23",0.00,0.00,"7,226,602.00"
26/07/2024,"17,913.23","18,010.58","17,815.87","17,913.23",50.00,0.00,"8,349,607.00"
25/07/2024,"17,913.23","18,010.58","17,815.87","17,864.55",-150.00,-0.01,"10,668,518.00"
24/07/2024,"17,864.55","18,107.94","17,718.52","18,010.58",100.00,0.01,"13,902,802.00"
23/07/2024,"18,351.32","18,400.00","17,718.52","17,913.23",-400.00,-0.02,"17,890,003.00"
22/07/2024,"18,302.65","18,546.03","18,156.61","18,302.65",0.00,0.00,"15,933,804.00"
19/07/2024,"18,497.35","18,692.06","18,302.65","18,302.65",-250.00,-0.01,"19,141,711.00"
18/07/2024,"18,497.35","18,594.71","18,156.61","18,546.03",50.00,0.00,"16,847,129.00"
17/07/2024,"18,497.35","18,886.77","18,302.65","18,497.35",0.00,0.00,"36,544,404.00"
16/07/2024,"18,400.00","18,594.71","18,302.65","18,497.35",200.00,0.01,"18,281,005.00"
15/07/2024,"18,546.03","18,594.71","18,205.29","18,302.65",-200.00,-0.01,"16,131,613.00"
12/07/2024,"18,594.71","18,692.06","18,448.68","18,497.35",-50.00,0.00,"17,738,414.00"
11/07/2024,"18,692.06","19,032.80","18,546.03","18,546.03",-150.00,-0.01,"25,226,500.00"
10/07/2024,"18,984.13","19,032.80","18,692.06","18,692.06",-200.00,-0.01,"17,073,101.00"
09/07/2024,"18,692.06","18,935.45","18,497.35","18,886.77",350.00,0.02,"34,820,600.00"
08/07/2024,"18,692.06","18,789.42","18,497.35","18,546.03",-100.00,-0.01,"16,256,201.00"
05/07/2024,"18,546.03","18,789.42","18,497.35","18,643.39",100.00,0.01,"21,534,301.00"
04/07/2024,"18,643.39","18,935.45","18,546.03","18,546.03",50.00,0.00,"26,604,400.00"
03/07/2024,"18,497.35","18,692.06","18,253.97","18,497.35",50.00,0.00,"20,240,201.00"
02/07/2024,"18,497.35","18,692.06","18,302.65","18,448.68",-50.00,0.00,"17,465,002.00"
01/07/2024,"18,156.61","18,546.03","18,010.58","18,497.35",350.00,0.02,"17,445,601.00"
28/06/2024,"18,448.68","18,789.42","18,107.94","18,156.61",-350.00,-0.02,"54,366,220.00"
27/06/2024,"18,497.35","18,546.03","18,205.29","18,497.35",0.00,0.00,"25,901,801.00"
26/06/2024,"18,497.35","18,594.71","18,059.26","18,497.35",0.00,0.00,"29,401,900.00"
25/06/2024,"18,351.32","18,692.06","18,351.32","18,497.35",150.00,0.01,"21,397,002.00"
24/06/2024,"18,935.45","19,081.48","18,351.32","18,351.32",-750.00,-0.04,"51,572,402.00"
21/06/2024,"19,178.84","19,324.87","18,838.10","19,081.48",-100.00,-0.01,"69,506,503.00"
20/06/2024,"18,643.39","19,276.19","18,497.35","19,178.84",700.00,0.04,"79,569,200.00"
19/06/2024,"18,156.61","18,692.06","17,913.23","18,497.35",400.00,0.02,"93,178,175.00"
18/06/2024,"18,302.65","18,594.71","18,107.94","18,107.94",-150.00,-0.01,"37,891,600.00"
17/06/2024,"18,205.29","18,546.03","17,961.90","18,253.97",50.00,0.00,"53,908,575.00"
14/06/2024,"18,935.45","18,984.13","18,205.29","18,205.29",-750.00,-0.04,"38,385,600.00"
13/06/2024,"18,984.13","19,276.19","18,740.74","18,935.45",50.00,0.00,"47,965,400.00"
12/06/2024,"17,815.87","18,886.77","17,669.84","18,886.77","1,100.00",0.06,"75,826,300.00"
11/06/2024,"17,718.52","17,864.55","17,572.49","17,815.87",250.00,0.01,"34,479,900.00"
10/06/2024,"17,572.49","17,718.52","17,523.81","17,572.49",50.00,0.00,"15,421,400.00"
07/06/2024,"17,767.20","17,767.20","17,475.13","17,523.81",-100.00,-0.01,"11,957,000.00"
06/06/2024,"17,669.84","17,767.20","17,475.13","17,621.16",0.00,0.00,"30,551,300.00"
05/06/2024,"17,718.52","17,815.87","17,621.16","17,621.16",-100.00,-0.01,"17,144,100.00"
04/06/2024,"17,913.23","17,913.23","17,669.84","17,718.52",-100.00,-0.01,"18,134,000.00"
03/06/2024,"17,621.16","17,961.90","17,572.49","17,815.87",300.00,0.02,"19,778,700.00"
31/05/2024,"17,475.13","17,572.49","17,426.46","17,523.81",50.00,0.00,"6,386,900.00"
30/05/2024,"17,523.81","17,523.81","17,231.75","17,475.13",-100.00,-0.01,"12,454,000.00"
29/05/2024,"17,621.16","17,621.16","17,475.13","17,572.49",0.00,0.00,"13,120,900.00"
28/05/2024,"17,621.16","17,718.52","17,523.81","17,572.49",50.00,0.00,"12,113,700.00"
27/05/2024,"17,669.84","17,669.84","17,475.13","17,523.81",0.00,0.00,"25,231,000.00"
24/05/2024,"17,913.23","18,010.58","17,523.81","17,523.81",-500.00,-0.03,"22,010,300.00"
23/05/2024,"17,815.87","18,010.58","17,669.84","18,010.58",200.00,0.01,"23,169,950.00"
22/05/2024,"18,302.65","18,302.65","17,767.20","17,815.87",-500.00,-0.03,"47,304,457.00"
21/05/2024,"18,302.65","18,348.86","18,117.77","18,302.65",0.00,0.00,"24,650,900.00"
20/05/2024,"18,071.55","18,348.86","18,025.33","18,302.65",400.00,0.02,"68,949,957.00"
17/05/2024,"17,932.90","17,979.11","17,794.24","17,932.90",0.00,0.00,"19,735,500.00"
16/05/2024,"17,748.02","17,979.11","17,655.58","17,932.90",350.00,0.02,"23,193,200.00"
15/05/2024,"17,794.24","17,794.24","17,609.36","17,609.36",-50.00,0.00,"14,341,000.00"
14/05/2024,"17,563.14","17,840.46","17,470.71","17,655.58",300.00,0.02,"28,168,300.00"
13/05/2024,"17,147.18","17,470.71","17,054.74","17,378.27",300.00,0.02,"21,342,400.00"
10/05/2024,"17,285.83","17,332.05","17,008.52","17,100.96",-250.00,-0.01,"14,833,400.00"
09/05/2024,"17,239.61","17,424.49","17,100.96","17,332.05",200.00,0.01,"13,891,000.00"
08/05/2024,"17,239.61","17,378.27","17,100.96","17,147.18",-250.00,-0.01,"10,998,500.00"
07/05/2024,"17,332.05","17,424.49","17,147.18","17,378.27",50.00,0.00,"11,464,000.00"
06/05/2024,"17,100.96","17,332.05","17,008.52","17,332.05",350.00,0.02,"14,729,500.00"
03/05/2024,"17,008.52","17,100.96","16,962.30","17,008.52",100.00,0.01,"16,257,400.00"
02/05/2024,"17,147.18","17,193.39","16,916.08","16,916.08",-250.00,-0.01,"12,412,900.00"
26/04/2024,"17,008.52","17,193.39","16,916.08","17,147.18",-50.00,0.00,"9,353,200.00"
25/04/2024,"17,332.05","17,332.05","16,962.30","17,193.39",0.00,0.00,"14,691,000.00"
24/04/2024,"17,100.96","17,332.05","17,008.52","17,193.39",200.00,0.01,"21,576,456.00"
23/04/2024,"16,962.30","17,193.39","16,638.77","17,008.52",100.00,0.01,"23,878,015.00"
22/04/2024,"17,008.52","17,193.39","16,869.86","16,916.08",200.00,0.01,"24,959,900.00"
19/04/2024,"16,777.43","17,100.96","16,592.55","16,731.21",-50.00,0.00,"15,355,900.00"
17/04/2024,"17,516.93","17,609.36","16,777.43","16,777.43",-600.00,-0.03,"13,194,901.00"
16/04/2024,"17,285.83","17,563.14","17,100.96","17,332.05",150.00,0.01,"50,301,755.00"
15/04/2024,"18,117.77","18,302.65","17,008.52","17,193.39","-1,100.00",-0.06,"45,960,910.00"
12/04/2024,"17,932.90","18,210.21","17,932.90","18,210.21",350.00,0.02,"23,794,300.00"
11/04/2024,"17,886.68","18,117.77","17,840.46","17,886.68",0.00,0.00,"10,213,900.00"
10/04/2024,"17,932.90","18,441.30","17,840.46","17,886.68",0.00,0.00,"30,260,400.00"
09/04/2024,"17,886.68","17,932.90","17,701.80","17,886.68",-50.00,0.00,"10,604,100.00"
08/04/2024,"17,979.11","17,979.11","17,655.58","17,932.90",-50.00,0.00,"11,325,800.00"
05/04/2024,"17,655.58","17,979.11","17,563.14","17,979.11",150.00,0.01,"14,941,300.00"
04/04/2024,"17,932.90","18,117.77","17,748.02","17,840.46",-50.00,0.00,"12,592,700.00"
03/04/2024,"17,886.68","18,025.33","17,794.24","17,886.68",-200.00,-0.01,"20,634,600.00"
02/04/2024,"18,071.55","18,117.77","17,470.71","18,071.55",-100.00,-0.01,"26,646,800.00"
01/04/2024,"18,117.77","18,256.43","17,979.11","18,163.99",-100.00,-0.01,"13,901,301.00"
29/03/2024,"18,210.21","18,302.65","17,979.11","18,256.43",100.00,0.01,"33,675,400.00"
28/03/2024,"18,163.99","18,302.65","18,025.33","18,163.99",50.00,0.00,"21,113,300.00"
27/03/2024,"18,163.99","18,256.43","17,886.68","18,117.77",0.00,0.00,"24,434,600.00"
26/03/2024,"17,470.71","18,117.77","17,470.71","18,117.77",700.00,0.04,"43,837,300.00"
25/03/2024,"17,378.27","17,701.80","17,239.61","17,470.71",100.00,0.01,"24,263,300.00"
22/03/2024,"17,470.71","17,563.14","17,239.61","17,378.27",50.00,0.00,"22,002,200.00"
21/03/2024,"17,332.05","17,516.93","17,147.18","17,332.05",100.00,0.01,"20,305,400.00"
20/03/2024,"16,823.64","17,239.61","16,823.64","17,239.61",500.00,0.03,"14,077,900.00"
19/03/2024,"16,823.64","17,100.96","16,731.21","16,777.43",-50.00,0.00,"16,652,100.00"
18/03/2024,"17,239.61","17,285.83","16,592.55","16,823.64",-450.00,-0.02,"28,820,100.00"
15/03/2024,"17,332.05","17,378.27","17,147.18","17,239.61",-150.00,-0.01,"15,184,400.00"
14/03/2024,"17,655.58","17,655.58","17,239.61","17,378.27",-250.00,-0.01,"10,322,800.00"
13/03/2024,"17,239.61","17,655.58","17,193.39","17,609.36",500.00,0.03,"12,508,400.00"
12/03/2024,"17,147.18","17,332.05","17,100.96","17,147.18",0.00,0.00,"13,072,400.00"
11/03/2024,"17,516.93","17,655.58","17,147.18","17,147.18",-450.00,-0.02,"20,576,400.00"
08/03/2024,"17,979.11","18,025.33","17,516.93","17,563.14",-450.00,-0.02,"35,920,400.00"
07/03/2024,"17,932.90","18,117.77","17,932.90","17,979.11",50.00,0.00,"11,946,100.00"
06/03/2024,"18,302.65","18,348.86","17,840.46","17,932.90",-350.00,-0.02,"13,551,750.00"
05/03/2024,"18,117.77","18,256.43","18,071.55","18,256.43",150.00,0.01,"9,789,000.00"
04/03/2024,"18,302.65","18,302.65","18,117.77","18,117.77",-50.00,0.00,"16,046,750.00"
01/03/2024,"18,395.08","18,395.08","18,163.99","18,163.99",-250.00,-0.01,"13,763,900.00"
29/02/2024,"18,579.96","18,672.40","18,163.99","18,395.08",0.00,0.00,"19,225,700.00"
28/02/2024,"17,932.90","18,395.08","17,932.90","18,395.08",550.00,0.03,"22,285,400.00"
27/02/2024,"17,886.68","18,025.33","17,748.02","17,886.68",100.00,0.01,"21,802,100.00"
26/02/2024,"18,071.55","18,071.55","17,748.02","17,794.24",-250.00,-0.01,"12,880,301.00"
23/02/2024,"18,210.21","18,718.61","18,025.33","18,025.33",-200.00,-0.01,"47,142,600.00"
22/02/2024,"18,302.65","18,395.08","18,117.77","18,210.21",-50.00,0.00,"12,556,600.00"
21/02/2024,"18,117.77","18,487.52","18,117.77","18,256.43",150.00,0.01,"20,171,300.00"
20/02/2024,"18,210.21","18,256.43","18,025.33","18,117.77",-200.00,-0.01,"19,656,400.00"
19/02/2024,"18,348.86","18,441.30","18,163.99","18,302.65",-50.00,0.00,"14,562,400.00"
16/02/2024,"18,441.30","18,441.30","18,210.21","18,348.86",50.00,0.00,"8,422,700.00"
15/02/2024,"18,117.77","18,626.18","18,117.77","18,302.65",200.00,0.01,"20,092,100.00"
07/02/2024,"17,886.68","18,117.77","17,840.46","18,117.77",300.00,0.02,"10,722,600.00"
06/02/2024,"17,840.46","17,932.90","17,748.02","17,840.46",100.00,0.01,"5,979,000.00"
05/02/2024,"17,424.49","17,979.11","17,424.49","17,748.02",400.00,0.02,"12,142,400.00"
02/02/2024,"17,701.80","17,748.02","17,378.27","17,378.27",-350.00,-0.02,"20,061,300.00"
01/02/2024,"17,886.68","17,886.68","17,655.58","17,701.80",-250.00,-0.01,"8,037,100.00"
31/01/2024,"18,163.99","18,210.21","17,701.80","17,932.90",-300.00,-0.02,"21,401,700.00"
30/01/2024,"18,163.99","18,348.86","18,163.99","18,210.21",-50.00,0.00,"10,332,300.00"
29/01/2024,"18,256.43","18,256.43","18,071.55","18,256.43",0.00,0.00,"4,889,600.00"
26/01/2024,"18,210.21","18,256.43","18,163.99","18,256.43",100.00,0.01,"7,546,300.00"
25/01/2024,"18,163.99","18,210.21","18,071.55","18,163.99",0.00,0.00,"6,922,000.00"
24/01/2024,"18,210.21","18,302.65","18,071.55","18,163.99",-50.00,0.00,"9,496,900.00"
23/01/2024,"18,348.86","18,395.08","18,163.99","18,210.21",-100.00,-0.01,"12,331,900.00"
22/01/2024,"18,348.86","18,441.30","18,210.21","18,302.65",100.00,0.01,"16,135,000.00"
19/01/2024,"18,071.55","18,256.43","18,071.55","18,210.21",200.00,0.01,"23,440,100.00"
18/01/2024,"17,932.90","18,071.55","17,840.46","18,025.33",200.00,0.01,"9,947,900.00"
17/01/2024,"17,979.11","18,071.55","17,794.24","17,840.46",-150.00,-0.01,"13,909,200.00"
16/01/2024,"17,840.46","17,979.11","17,748.02","17,979.11",100.00,0.01,"12,899,500.00"
15/01/2024,"18,302.65","18,302.65","17,886.68","17,886.68",-300.00,-0.02,"11,340,300.00"
12/01/2024,"17,979.11","18,256.43","17,840.46","18,163.99",0.00,0.00,"25,120,500.00"
11/01/2024,"18,302.65","18,348.86","18,071.55","18,163.99",50.00,0.00,"32,937,600.00"
10/01/2024,"17,655.58","18,256.43","17,655.58","18,117.77",450.00,0.02,"35,009,400.00"
09/01/2024,"17,794.24","17,886.68","17,655.58","17,701.80",-100.00,-0.01,"9,056,500.00"
08/01/2024,"17,840.46","17,932.90","17,701.80","17,794.24",50.00,0.00,"17,842,800.00"
05/01/2024,"17,886.68","17,979.11","17,655.58","17,748.02",-150.00,-0.01,"11,336,800.00"
04/01/2024,"17,701.80","18,163.99","17,516.93","17,886.68",250.00,0.01,"26,501,300.00"
03/01/2024,"17,424.49","17,655.58","17,239.61","17,655.58",250.00,0.01,"9,800,900.00"
02/01/2024,"17,748.02","17,748.02","17,424.49","17,424.49",-350.00,-0.02,"10,134,100.00"
29/12/2023,"17,378.27","17,748.02","17,285.83","17,748.02",400.00,0.02,"33,844,400.00"
28/12/2023,"17,100.96","17,378.27","17,054.74","17,378.27",300.00,0.02,"21,754,400.00"
27/12/2023,"17,100.96","17,193.39","16,962.30","17,100.96",0.00,0.00,"25,301,300.00"
26/12/2023,"17,100.96","17,147.18","16,869.86","17,100.96",0.00,0.00,"13,082,900.00"
25/12/2023,"16,869.86","17,100.96","16,869.86","17,100.96",350.00,0.02,"11,925,100.00"
22/12/2023,"16,823.64","16,962.30","16,684.99","16,777.43",-50.00,0.00,"12,434,500.00"
21/12/2023,"16,823.64","16,869.86","16,638.77","16,823.64",-50.00,0.00,"18,012,700.00"
20/12/2023,"16,916.08","16,962.30","16,684.99","16,869.86",-50.00,0.00,"9,647,000.00"
19/12/2023,"16,731.21","16,916.08","16,638.77","16,916.08",-100.00,-0.01,"17,782,200.00"
18/12/2023,"17,239.61","17,285.83","16,684.99","17,008.52",-300.00,-0.02,"27,930,100.00"
15/12/2023,"17,563.14","17,655.58","17,239.61","17,285.83",-300.00,-0.02,"16,637,301.00"
14/12/2023,"17,748.02","17,840.46","17,516.93","17,563.14",-200.00,-0.01,"13,623,899.00"
13/12/2023,"17,886.68","17,932.90","17,655.58","17,748.02",-250.00,-0.01,"12,728,400.00"
12/12/2023,"17,932.90","17,979.11","17,748.02","17,979.11",50.00,0.00,"8,860,800.00"
11/12/2023,"18,025.33","18,117.77","17,748.02","17,932.90",-200.00,-0.01,"18,960,585.00"
08/12/2023,"18,163.99","18,210.21","17,840.46","18,117.77",-50.00,0.00,"14,187,400.00"
07/12/2023,"17,932.90","18,163.99","17,701.80","18,163.99",250.00,0.01,"22,918,000.00"
06/12/2023,"17,794.24","17,979.11","17,701.80","17,932.90",250.00,0.01,"13,820,007.00"
05/12/2023,"18,025.33","18,071.55","17,701.80","17,701.80",-350.00,-0.02,"17,250,007.00"
04/12/2023,"17,840.46","18,117.77","17,794.24","18,025.33",200.00,0.01,"15,020,300.00"
01/12/2023,"17,748.02","17,886.68","17,609.36","17,840.46",200.00,0.01,"6,721,900.00"
30/11/2023,"17,748.02","17,979.11","17,655.58","17,655.58",-150.00,-0.01,"9,675,000.00"
29/11/2023,"17,932.90","17,932.90","17,794.24","17,794.24",-100.00,-0.01,"8,653,600.00"
28/11/2023,"17,748.02","17,979.11","17,609.36","17,886.68",150.00,0.01,"10,967,900.00"
27/11/2023,"17,794.24","17,979.11","17,701.80","17,748.02",0.00,0.00,"9,357,701.00"
24/11/2023,"17,701.80","17,932.90","17,563.14","17,748.02",50.00,0.00,"12,505,900.00"
23/11/2023,"18,210.21","18,256.43","17,701.80","17,701.80",-500.00,-0.03,"13,461,980.00"
22/11/2023,"18,163.99","18,256.43","17,932.90","18,163.99",0.00,0.00,"38,807,213.00"
21/11/2023,"18,117.77","18,395.08","18,025.33","18,163.99",150.00,0.01,"33,669,600.00"
20/11/2023,"17,470.71","18,395.08","17,424.49","18,025.33",200.00,0.01,"20,209,100.00"
17/11/2023,"18,487.52","18,487.52","17,563.14","17,840.46",-600.00,-0.03,"21,827,000.00"
16/11/2023,"18,256.43","18,487.52","18,256.43","18,395.08",-50.00,0.00,"12,304,000.00"
15/11/2023,"18,395.08","18,626.18","18,302.65","18,441.30",350.00,0.02,"17,930,900.00"
14/11/2023,"17,932.90","18,487.52","17,840.46","18,117.77",400.00,0.02,"13,113,100.00"
13/11/2023,"18,071.55","18,210.21","17,609.36","17,748.02",-350.00,-0.02,"10,905,445.00"
10/11/2023,"18,395.08","18,395.08","18,071.55","18,071.55",-450.00,-0.02,"30,220,914.00"
09/11/2023,"18,949.71","18,995.93","18,487.52","18,487.52",-350.00,-0.02,"16,302,100.00"
08/11/2023,"18,326.46","18,811.05","18,150.24","18,811.05",650.00,0.03,"32,525,057.00"
07/11/2023,"18,414.57","18,590.78","18,238.35","18,238.35",-100.00,0.00,"12,571,900.00"
06/11/2023,"17,797.81","18,370.51","17,797.81","18,326.46","1,000.00",0.05,"12,293,300.00"
03/11/2023,"18,018.08","18,062.13","17,445.38","17,445.38",-500.00,-0.02,"21,807,500.00"
02/11/2023,"17,577.54","17,974.03","17,489.43","17,885.92",500.00,0.03,"8,439,200.00"
01/11/2023,"17,621.59","17,709.70","17,445.38","17,445.38",-200.00,-0.01,"10,243,800.00"
31/10/2023,"17,445.38","17,665.65","17,225.11","17,621.59",100.00,0.01,"12,339,300.00"
30/10/2023,"17,621.59","17,753.76","17,445.38","17,533.49",-300.00,-0.01,"15,762,900.00"
27/10/2023,"17,797.81","18,062.13","17,533.49","17,797.81",0.00,0.00,"20,476,100.00"
26/10/2023,"18,238.35","18,370.51","17,225.11","17,797.81",-800.00,-0.04,"23,063,600.00"
25/10/2023,"18,546.73","18,722.94","18,414.57","18,502.67",-50.00,0.00,"15,340,700.00"
24/10/2023,"18,370.51","18,855.11","18,370.51","18,546.73",0.00,0.00,"7,269,700.00"
23/10/2023,"19,031.32","19,119.43","18,238.35","18,546.73",-550.00,-0.03,"14,445,800.00"
20/10/2023,"19,031.32","19,471.86","18,899.16","19,031.32",150.00,0.01,"10,805,700.00"
19/10/2023,"19,559.97","19,736.19","18,899.16","18,899.16","-1,050.00",-0.05,"12,570,700.00"
18/10/2023,"19,824.29","20,397.00","19,163.48","19,824.29",-200.00,-0.01,"42,138,000.00"
17/10/2023,"19,780.24","20,000.51","19,559.97","20,000.51",200.00,0.01,"28,839,901.00"
16/10/2023,"19,119.43","19,824.29","19,119.43","19,824.29",550.00,0.03,"26,096,800.00"
13/10/2023,"19,075.38","19,383.75","18,855.11","19,339.70",100.00,0.00,"14,714,000.00"
12/10/2023,"19,295.65","19,295.65","19,031.32","19,251.59",50.00,0.00,"11,649,300.00"
11/10/2023,"19,031.32","19,207.54","18,855.11","19,207.54",200.00,0.01,"9,126,601.00"
10/10/2023,"18,811.05","19,031.32","18,767.00","19,031.32",200.00,0.01,"11,693,200.00"
09/10/2023,"18,502.67","18,855.11","18,282.40","18,855.11",450.00,0.02,"13,973,901.00"
06/10/2023,"18,458.62","18,546.73","18,238.35","18,458.62",150.00,0.01,"13,211,000.00"
05/10/2023,"18,414.57","18,590.78","18,326.46","18,326.46",-200.00,-0.01,"8,948,000.00"
04/10/2023,"18,062.13","18,722.94","18,062.13","18,502.67",0.00,0.00,"6,975,100.00"
03/10/2023,"18,943.21","19,031.32","18,238.35","18,502.67",-800.00,-0.04,"13,701,900.00"
02/10/2023,"19,031.32","19,207.54","18,855.11","19,207.54",100.00,0.00,"11,272,934.00"
29/09/2023,"18,767.00","19,119.43","18,590.78","19,119.43",500.00,0.02,"10,579,626.00"
28/09/2023,"18,282.40","18,855.11","18,106.19","18,678.89",200.00,0.01,"13,533,806.00"
27/09/2023,"18,062.13","18,502.67","17,885.92","18,502.67",550.00,0.03,"12,776,005.00"
26/09/2023,"18,150.24","18,238.35","17,841.86","18,018.08",50.00,0.00,"19,574,735.00"
25/09/2023,"18,678.89","18,767.00","17,974.03","17,974.03",-850.00,-0.04,"14,809,147.00"
22/09/2023,"18,678.89","18,811.05","18,370.51","18,722.94",-400.00,-0.02,"19,848,048.00"
21/09/2023,"19,119.43","19,295.65","19,075.38","19,075.38",-250.00,-0.01,"11,671,447.00"
20/09/2023,"19,207.54","19,427.81","18,987.27","19,295.65",0.00,0.00,"14,303,836.00"
19/09/2023,"19,427.81","19,515.92","19,031.32","19,295.65",-250.00,-0.01,"38,789,110.00"
18/09/2023,"19,824.29","19,824.29","19,295.65","19,515.92",-400.00,-0.02,"17,640,000.00"
15/09/2023,"19,780.24","19,956.46","19,559.97","19,868.35",150.00,0.01,"25,670,400.00"
14/09/2023,"19,736.19","19,912.40","19,383.75","19,736.19",-50.00,0.00,"25,975,749.00"
13/09/2023,"19,648.08","19,868.35","19,427.81","19,780.24",150.00,0.01,"31,026,700.00"
12/09/2023,"19,295.65","19,648.08","19,119.43","19,648.08",400.00,0.02,"21,837,601.00"
11/09/2023,"19,471.86","19,648.08","18,943.21","19,295.65",100.00,0.00,"42,997,300.00"
08/09/2023,"19,163.48","19,295.65","19,119.43","19,207.54",50.00,0.00,"40,790,211.00"
07/09/2023,"19,295.65","19,471.86","19,119.43","19,163.48",-50.00,0.00,"21,835,908.00"
06/09/2023,"18,722.94","19,207.54","18,414.57","19,207.54",800.00,0.04,"46,167,309.00"
05/09/2023,"18,678.89","18,767.00","18,458.62","18,502.67",50.00,0.00,"16,945,110.00"
31/08/2023,"18,326.46","18,546.73","18,238.35","18,458.62",150.00,0.01,"14,936,301.00"
30/08/2023,"18,414.57","18,414.57","18,150.24","18,326.46",-50.00,0.00,"9,437,604.00"
29/08/2023,"17,929.97","18,414.57","17,841.86","18,370.51",550.00,0.03,"20,089,543.00"
28/08/2023,"17,797.81","17,974.03","17,709.70","17,885.92",100.00,0.00,"16,372,999.00"
25/08/2023,"18,018.08","18,106.19","17,621.59","17,797.81",-300.00,-0.01,"17,288,018.00"
24/08/2023,"17,841.86","18,062.13","17,753.76","18,062.13",250.00,0.01,"12,674,532.00"
23/08/2023,"18,282.40","18,370.51","17,841.86","17,841.86",-350.00,-0.02,"18,701,631.00"
22/08/2023,"18,282.40","18,370.51","17,665.65","18,150.24",-200.00,-0.01,"24,513,416.00"
21/08/2023,"18,150.24","18,502.67","17,974.03","18,326.46",200.00,0.01,"16,282,729.00"
18/08/2023,"19,383.75","19,427.81","18,150.24","18,150.24","-1,550.00",-0.07,"35,054,927.00"
17/08/2023,"19,824.29","19,956.46","19,515.92","19,515.92",-250.00,-0.01,"20,365,205.00"
16/08/2023,"19,295.65","19,912.40","19,075.38","19,736.19",400.00,0.02,"42,588,013.00"
15/08/2023,"19,339.70","19,383.75","19,075.38","19,383.75",50.00,0.00,"22,397,546.00"
14/08/2023,"19,295.65","19,383.75","19,207.54","19,339.70",-50.00,0.00,"13,827,423.00"
11/08/2023,"19,339.70","19,383.75","18,987.27","19,383.75",50.00,0.00,"13,282,629.00"
10/08/2023,"19,427.81","19,427.81","18,987.27","19,339.70",-100.00,0.00,"22,253,625.00"
09/08/2023,"19,471.86","19,559.97","19,119.43","19,427.81",-150.00,-0.01,"22,628,047.00"
08/08/2023,"19,956.46","19,956.46","19,559.97","19,559.97",-450.00,-0.02,"21,426,429.00"
07/08/2023,"19,780.24","20,264.83","19,648.08","19,956.46",450.00,0.02,"20,240,886.00"
04/08/2023,"19,207.54","19,559.97","19,031.32","19,559.97",500.00,0.02,"19,866,788.00"
03/08/2023,"19,339.70","19,383.75","19,031.32","19,119.43",-300.00,-0.01,"16,263,800.00"
02/08/2023,"19,339.70","19,604.02","19,119.43","19,383.75",50.00,0.00,"21,227,647.00"
01/08/2023,"19,515.92","19,559.97","19,075.38","19,339.70",-200.00,-0.01,"29,108,892.00"
31/07/2023,"19,515.92","19,604.02","19,295.65","19,515.92",50.00,0.00,"25,191,301.00"
28/07/2023,"19,163.48","19,471.86","19,031.32","19,471.86",350.00,0.02,"22,672,715.00"
27/07/2023,"19,207.54","19,251.59","18,943.21","19,163.48",-100.00,0.00,"25,532,773.00"
26/07/2023,"19,207.54","19,295.65","18,987.27","19,251.59",0.00,0.00,"21,822,177.00"
25/07/2023,"19,295.65","19,692.13","19,207.54","19,251.59",0.00,0.00,"29,980,372.00"
24/07/2023,"18,943.21","19,295.65","18,767.00","19,251.59",0.00,0.00,"27,088,001.00"
21/07/2023,"18,458.62","18,899.16","18,326.46","18,855.11",400.00,0.02,"31,964,269.00"
20/07/2023,"18,150.24","18,502.67","18,062.13","18,502.67",350.00,0.02,"26,693,917.00"
19/07/2023,"18,502.67","18,502.67","18,194.30","18,194.30",-300.00,-0.01,"28,738,200.00"
18/07/2023,"18,018.08","18,590.78","17,885.92","18,458.62",500.00,0.02,"44,448,003.00"
17/07/2023,"17,709.70","18,062.13","17,665.65","18,018.08",550.00,0.03,"41,658,102.00"
14/07/2023,"17,665.65","17,709.70","17,269.16","17,533.49",-50.00,0.00,"24,988,700.00"
13/07/2023,"17,533.49","17,577.54","17,313.22","17,577.54",300.00,0.02,"24,930,100.00"
12/07/2023,"17,621.59","17,621.59","17,313.22","17,313.22",-250.00,-0.01,"14,645,901.00"
11/07/2023,"17,885.92","17,885.92","17,445.38","17,533.49",-150.00,-0.01,"22,499,100.00"
10/07/2023,"17,577.54","17,753.76","17,445.38","17,665.65",200.00,0.01,"15,705,401.00"
07/07/2023,"17,269.16","17,489.43","17,181.05","17,489.43",300.00,0.02,"11,467,601.00"
06/07/2023,"17,577.54","17,709.70","17,225.11","17,225.11",-400.00,-0.02,"18,024,900.00"
05/07/2023,"17,533.49","17,885.92","17,533.49","17,577.54",100.00,0.01,"22,255,400.00"
04/07/2023,"17,489.43","17,577.54","17,401.32","17,489.43",0.00,0.00,"11,519,700.00"
03/07/2023,"17,489.43","17,621.59","17,401.32","17,489.43",0.00,0.00,"14,737,600.00"
30/06/2023,"17,533.49","17,621.59","17,401.32","17,489.43",-50.00,0.00,"16,466,000.00"
29/06/2023,"17,885.92","18,018.08","17,533.49","17,533.49",-350.00,-0.02,"22,041,100.00"
28/06/2023,"17,797.81","17,929.97","17,665.65","17,841.86",150.00,0.01,"20,480,200.00"
27/06/2023,"18,018.08","18,018.08","17,709.70","17,709.70",-150.00,-0.01,"19,339,800.00"
26/06/2023,"18,062.13","18,062.13","17,577.54","17,841.86",50.00,0.00,"20,541,801.00"
23/06/2023,"17,357.27","17,974.03","17,313.22","17,797.81",600.00,0.03,"48,092,900.00"
22/06/2023,"17,401.32","17,489.43","17,269.16","17,269.16",-50.00,0.00,"19,085,600.00"
21/06/2023,"17,181.05","17,313.22","17,092.95","17,313.22",150.00,0.01,"11,655,724.00"
20/06/2023,"17,137.00","17,225.11","16,960.78","17,181.05",50.00,0.00,"20,145,100.00"
19/06/2023,"17,225.11","17,313.22","16,960.78","17,137.00",-100.00,-0.01,"15,469,100.00"
16/06/2023,"17,489.43","17,709.70","17,181.05","17,225.11",-150.00,-0.01,"35,264,505.00"
15/06/2023,"17,401.32","17,489.43","17,225.11","17,357.27",-50.00,0.00,"15,171,000.00"
14/06/2023,"17,269.16","17,709.70","17,225.11","17,401.32",250.00,0.01,"31,849,000.00"
13/06/2023,"17,357.27","17,401.32","17,092.95","17,181.05",-100.00,-0.01,"14,288,701.00"
12/06/2023,"17,357.27","17,357.27","17,048.89","17,269.16",100.00,0.01,"14,811,300.00"
09/06/2023,"17,269.16","17,269.16","17,004.84","17,181.05",0.00,0.00,"15,683,801.00"
08/06/2023,"17,533.49","17,665.65","17,181.05","17,181.05",-400.00,-0.02,"21,095,601.00"
07/06/2023,"17,621.59","17,709.70","17,401.32","17,533.49",50.00,0.00,"20,829,900.00"
06/06/2023,"17,401.32","17,621.59","17,357.27","17,489.43",100.00,0.01,"16,727,300.00"
05/06/2023,"17,709.70","17,753.76","17,401.32","17,401.32",-100.00,-0.01,"16,481,500.00"
02/06/2023,"17,269.16","17,797.81","17,225.11","17,489.43",450.00,0.02,"29,786,300.00"
01/06/2023,"17,004.84","17,092.95","16,916.73","17,092.95",100.00,0.01,"11,789,700.00"
31/05/2023,"17,225.11","17,225.11","16,960.78","17,004.84",-150.00,-0.01,"10,283,900.00"
30/05/2023,"17,181.05","17,181.05","17,048.89","17,137.00",100.00,0.01,"11,531,300.00"
29/05/2023,"16,916.73","17,137.00","16,916.73","17,048.89",200.00,0.01,"9,800,801.00"
26/05/2023,"17,004.84","17,004.84","16,828.62","16,872.68",-50.00,0.00,"8,508,000.00"
25/05/2023,"17,048.89","17,137.00","16,916.73","16,916.73",-200.00,-0.01,"10,214,201.00"
24/05/2023,"17,313.22","17,357.27","17,092.95","17,092.95",-150.00,-0.01,"13,285,700.00"
23/05/2023,"17,401.32","17,445.38","17,181.05","17,225.11",-150.00,-0.01,"10,271,300.00"
22/05/2023,"17,004.84","17,357.27","17,004.84","17,357.27",400.00,0.02,"16,734,202.00"
19/05/2023,"17,004.84","17,092.95","16,916.73","17,004.84",50.00,0.00,"9,679,600.00"
18/05/2023,"17,004.84","17,181.05","16,916.73","16,960.78",50.00,0.00,"9,532,100.00"
17/05/2023,"17,269.16","17,313.22","16,916.73","16,916.73",-400.00,-0.02,"14,748,300.00"
16/05/2023,"17,533.49","17,533.49","17,269.16","17,269.16",-200.00,-0.01,"10,606,500.00"
15/05/2023,"17,445.38","17,797.81","17,401.32","17,445.38",50.00,0.00,"16,840,503.00"
12/05/2023,"17,445.38","17,489.43","17,225.11","17,401.32",-50.00,0.00,"12,922,202.00"
11/05/2023,"17,269.16","17,489.43","17,269.16","17,445.38",250.00,0.01,"8,618,100.00"
10/05/2023,"17,181.05","17,269.16","17,137.00","17,225.11",100.00,0.01,"11,427,500.00"
09/05/2023,"17,225.11","17,269.16","17,092.95","17,137.00",0.00,0.00,"6,297,700.00"
08/05/2023,"17,137.00","17,313.22","17,092.95","17,137.00",0.00,0.00,"7,026,600.00"
05/05/2023,"17,269.16","17,533.49","17,137.00","17,137.00",-100.00,-0.01,"10,267,400.00"
04/05/2023,"17,225.11","17,445.38","17,181.05","17,225.11",-350.00,-0.02,"8,234,200.00"
28/04/2023,"17,225.11","17,533.49","17,181.05","17,533.49",500.00,0.03,"10,345,305.00"
27/04/2023,"17,048.89","17,357.27","17,048.89","17,092.95",50.00,0.00,"6,399,300.00"
26/04/2023,"17,004.84","17,092.95","16,828.62","17,048.89",50.00,0.00,"11,835,900.00"
25/04/2023,"17,357.27","17,401.32","16,960.78","17,004.84",-200.00,-0.01,"10,203,892.00"
24/04/2023,"17,137.00","17,665.65","17,048.89","17,181.05",50.00,0.00,"11,482,200.00"
21/04/2023,"17,048.89","17,269.16","17,048.89","17,137.00",100.00,0.01,"11,090,400.00"
20/04/2023,"17,313.22","17,445.38","16,960.78","17,048.89",-350.00,-0.02,"13,244,000.00"
19/04/2023,"18,018.08","18,106.19","17,357.27","17,357.27",-550.00,-0.03,"19,419,600.00"
18/04/2023,"18,018.08","18,106.19","17,709.70","17,841.86",-200.00,-0.01,"10,605,300.00"
17/04/2023,"18,018.08","18,150.24","17,885.92","18,018.08",-50.00,0.00,"6,018,600.00"
14/04/2023,"18,150.24","18,238.35","17,929.97","18,062.13",-100.00,0.00,"9,263,300.00"
13/04/2023,"18,194.30","18,194.30","17,797.81","18,150.24",-50.00,0.00,"26,896,500.00"
12/04/2023,"18,502.67","18,546.73","18,194.30","18,194.30",-350.00,-0.02,"9,381,800.00"
11/04/2023,"18,414.57","18,590.78","18,238.35","18,502.67",100.00,0.00,"9,590,100.00"
10/04/2023,"18,414.57","18,811.05","18,238.35","18,414.57",0.00,0.00,"16,772,700.00"
07/04/2023,"18,414.57","18,546.73","18,194.30","18,414.57",0.00,0.00,"7,688,500.00"
06/04/2023,"18,678.89","18,943.21","18,414.57","18,414.57",-300.00,-0.01,"12,254,900.00"
05/04/2023,"18,767.00","18,899.16","18,634.84","18,678.89",-200.00,-0.01,"11,992,000.00"
04/04/2023,"18,678.89","18,899.16","18,502.67","18,855.11",200.00,0.01,"16,356,500.00"
03/04/2023,"18,634.84","18,722.94","18,414.57","18,678.89",150.00,0.01,"13,648,900.00"
31/03/2023,"18,326.46","18,767.00","18,326.46","18,546.73",150.00,0.01,"23,166,600.00"
30/03/2023,"18,502.67","18,546.73","18,238.35","18,414.57",0.00,0.00,"16,473,600.00"
29/03/2023,"18,414.57","18,414.57","18,150.24","18,414.57",-100.00,0.00,"16,599,052.00"
28/03/2023,"18,855.11","19,031.32","18,106.19","18,502.67",-250.00,-0.01,"37,168,400.00"
27/03/2023,"18,634.84","18,987.27","18,502.67","18,722.94",100.00,0.00,"30,688,100.00"
24/03/2023,"18,546.73","18,678.89","18,370.51","18,634.84",100.00,0.00,"19,655,000.00"
23/03/2023,"18,502.67","18,634.84","18,326.46","18,546.73",50.00,0.00,"22,985,700.00"
22/03/2023,"18,062.13","18,678.89","18,018.08","18,502.67",650.00,0.03,"48,407,800.00"
21/03/2023,"17,357.27","17,929.97","17,181.05","17,929.97",650.00,0.03,"29,194,300.00"
20/03/2023,"17,225.11","17,357.27","17,004.84","17,357.27",0.00,0.00,"18,939,800.00"
17/03/2023,"17,269.16","17,401.32","17,048.89","17,357.27",250.00,0.01,"17,748,900.00"
16/03/2023,"17,181.05","17,313.22","16,872.68","17,137.00",-350.00,-0.02,"15,647,200.00"
15/03/2023,"17,445.38","17,489.43","17,225.11","17,445.38",400.00,0.02,"22,320,800.00"
14/03/2023,"17,269.16","17,269.16","16,828.62","17,092.95",0.00,0.00,"23,143,900.00"
13/03/2023,"16,564.30","17,092.95","16,388.08","17,092.95","1,100.00",0.06,"41,362,700.00"
10/03/2023,"15,771.33","16,123.76","15,771.33","16,123.76",100.00,0.01,"15,857,600.00"
09/03/2023,"15,991.60","16,123.76","15,859.44","16,035.65",50.00,0.00,"15,264,000.00"
08/03/2023,"15,154.57","15,991.60","15,154.57","15,991.60",750.00,0.04,"29,448,100.00"
07/03/2023,"15,330.79","15,595.11","15,242.68","15,330.79",300.00,0.02,"18,367,900.00"
06/03/2023,"15,242.68","15,418.90","15,022.41","15,066.46",100.00,0.01,"15,451,500.00"
03/03/2023,"15,374.84","15,418.90","14,890.25","14,978.36",-300.00,-0.02,"11,667,500.00"
02/03/2023,"15,374.84","15,462.95","15,198.63","15,242.68",-150.00,-0.01,"8,360,200.00"
01/03/2023,"14,846.19","15,418.90","14,714.03","15,374.84",400.00,0.02,"13,451,500.00"
28/02/2023,"15,110.52","15,198.63","14,890.25","15,022.41",50.00,0.00,"13,729,400.00"
27/02/2023,"14,978.36","15,110.52","14,581.87","14,978.36",-150.00,-0.01,"13,505,000.00"
24/02/2023,"15,462.95","15,551.06","15,110.52","15,110.52",-400.00,-0.02,"11,536,148.00"
23/02/2023,"15,374.84","15,462.95","15,066.46","15,462.95",100.00,0.01,"20,625,500.00"
22/02/2023,"15,507.00","15,859.44","15,374.84","15,374.84",-350.00,-0.02,"19,999,300.00"
21/02/2023,"16,211.87","16,211.87","15,683.22","15,683.22",-500.00,-0.03,"25,532,850.00"
20/02/2023,"15,066.46","16,123.76","15,066.46","16,123.76","1,000.00",0.06,"24,753,100.00"
17/02/2023,"15,242.68","15,418.90","15,154.57","15,242.68",-200.00,-0.01,"11,456,300.00"
16/02/2023,"15,330.79","15,507.00","15,066.46","15,418.90",300.00,0.02,"19,752,100.00"
15/02/2023,"14,714.03","15,154.57","14,714.03","15,154.57",500.00,0.03,"16,994,000.00"
14/02/2023,"14,978.36","15,154.57","14,714.03","14,714.03",-300.00,-0.02,"20,293,000.00"
13/02/2023,"15,507.00","15,551.06","14,625.92","14,978.36",-500.00,-0.03,"26,595,800.00"
10/02/2023,"15,859.44","16,123.76","15,418.90","15,418.90",-500.00,-0.03,"16,692,800.00"
09/02/2023,"15,815.38","16,344.03","15,771.33","15,859.44",50.00,0.00,"16,841,800.00"
08/02/2023,"15,947.54","16,079.71","15,727.27","15,815.38",0.00,0.00,"18,819,800.00"
07/02/2023,"16,344.03","16,432.14","15,815.38","15,815.38",-550.00,-0.03,"16,389,800.00"
06/02/2023,"15,991.60","16,344.03","15,815.38","16,299.98",250.00,0.01,"21,931,600.00"
03/02/2023,"16,299.98","16,344.03","15,903.49","16,079.71",-150.00,-0.01,"20,452,600.00"
02/02/2023,"16,388.08","16,476.19","15,991.60","16,211.87",100.00,0.01,"26,826,700.00"
01/02/2023,"17,225.11","17,269.16","15,947.54","16,123.76","-1,150.00",-0.06,"34,013,900.00"
31/01/2023,"16,872.68","17,181.05","16,784.57","17,137.00",200.00,0.01,"28,195,200.00"
30/01/2023,"17,357.27","17,401.32","16,960.78","16,960.78",-450.00,-0.02,"24,169,000.00"
27/01/2023,"17,313.22","17,841.86","17,092.95","17,357.27",200.00,0.01,"27,343,100.00"
19/01/2023,"17,225.11","17,357.27","17,092.95","17,181.05",-150.00,-0.01,"21,431,100.00"
18/01/2023,"17,269.16","17,445.38","17,092.95","17,313.22",50.00,0.00,"26,275,400.00"
17/01/2023,"17,181.05","17,269.16","17,048.89","17,269.16",200.00,0.01,"44,308,200.00"
16/01/2023,"17,269.16","17,269.16","16,916.73","17,092.95",0.00,0.00,"20,636,500.00"
13/01/2023,"16,608.35","17,181.05","16,344.03","17,092.95",700.00,0.04,"30,195,900.00"
12/01/2023,"16,388.08","16,520.25","16,211.87","16,476.19",250.00,0.01,"18,761,400.00"
11/01/2023,"16,740.51","16,740.51","16,255.92","16,255.92",-250.00,-0.01,"18,557,304.00"
10/01/2023,"16,608.35","16,740.51","16,344.03","16,476.19",-150.00,-0.01,"18,155,000.00"
09/01/2023,"16,916.73","17,004.84","16,564.30","16,608.35",-100.00,-0.01,"19,731,600.00"
06/01/2023,"16,608.35","17,313.22","16,564.30","16,696.46",0.00,0.00,"38,106,400.00"
05/01/2023,"16,740.51","16,784.57","16,344.03","16,696.46",50.00,0.00,"15,635,600.00"
04/01/2023,"16,299.98","17,004.84","16,299.98","16,652.41",400.00,0.02,"51,145,900.00"
03/01/2023,"15,859.44","16,299.98","15,683.22","16,299.98",600.00,0.03,"20,274,800.00"
30/12/2022,"15,771.33","15,947.54","15,507.00","15,771.33",100.00,0.01,"23,758,662.00"
29/12/2022,"15,947.54","16,299.98","15,683.22","15,683.22",,,"34,298,000.00"
28/12/2022,"15,771.33","16,299.98","15,418.90","15,991.60",,,"42,732,500.00"
27/12/2022,"15,242.68","15,771.33","15,110.52","15,771.33",,,"16,486,600.00"
26/12/2022,"16,167.81","16,299.98","15,154.57","15,154.57",,,"28,585,700.00"
23/12/2022,"16,255.92","16,432.14","15,947.54","16,167.81",,,"18,864,000.00"
22/12/2022,"15,859.44","16,608.35","15,815.38","16,255.92",,,"53,534,200.00"
21/12/2022,"15,418.90","15,771.33","14,978.36","15,551.06",,,"23,549,300.00"
20/12/2022,"15,771.33","15,771.33","14,890.25","15,242.68",,,"29,002,700.00"
19/12/2022,"16,167.81","16,520.25","15,815.38","15,815.38",,,"31,613,800.00"
16/12/2022,"16,255.92","16,608.35","16,123.76","16,299.98",,,"28,614,100.00"
15/12/2022,"15,022.41","16,035.65","15,022.41","16,035.65",,,"73,896,500.00"
14/12/2022,"15,198.63","15,286.73","14,978.36","15,022.41",,,"25,229,500.00"
13/12/2022,"14,714.03","15,066.46","14,449.71","15,066.46",,,"23,188,300.00"
12/12/2022,"14,934.30","15,374.84","14,669.98","14,669.98",,,"29,167,500.00"
09/12/2022,"15,110.52","15,154.57","14,669.98","14,890.25",,,"17,651,900.00"
08/12/2022,"14,493.76","15,242.68","14,449.71","14,978.36",,,"38,550,300.00"
07/12/2022,"14,802.14","14,978.36","13,965.11","14,273.49",,,"30,813,800.00"
06/12/2022,"15,991.60","16,388.08","14,890.25","14,890.25",,,"36,389,800.00"
05/12/2022,"15,595.11","16,211.87","15,374.84","15,991.60",,,"57,975,468.00"
02/12/2022,"14,802.14","15,330.79","14,581.87","15,242.68",,,"27,273,100.00"
01/12/2022,"15,022.41","15,330.79","14,625.92","14,802.14",,,"31,570,800.00"
30/11/2022,"14,317.55","14,978.36","14,009.17","14,802.14",,,"33,747,143.00"
29/11/2022,"14,273.49","14,405.65","13,700.79","14,229.44",,,"17,420,500.00"
28/11/2022,"13,744.84","14,273.49","13,744.84","14,185.38",,,"16,558,000.00"
25/11/2022,"13,480.52","13,656.74","13,348.36","13,656.74",,,"9,694,700.00"
24/11/2022,"13,084.03","13,436.47","12,819.71","13,304.30",,,"16,447,852.00"
23/11/2022,"13,436.47","13,744.84","13,260.25","13,260.25",,,"6,000,000.00"
22/11/2022,"13,436.47","14,493.76","13,304.30","13,656.74",,,"16,566,500.00"
21/11/2022,"13,832.95","13,832.95","13,304.30","13,656.74",,,"13,411,400.00"
18/11/2022,"13,216.20","13,877.01","12,951.87","13,656.74",,,"20,483,252.00"
17/11/2022,"13,877.01","13,965.11","13,524.57","13,656.74",,,"14,980,500.00"
16/11/2022,"12,026.74","13,788.90","12,026.74","13,656.74",,,"37,062,500.00"
15/11/2022,"13,348.36","13,832.95","12,907.82","12,907.82",,,"18,324,400.00"
14/11/2022,"14,097.28","14,229.44","13,392.41","13,832.95",,,"16,429,400.00"
11/11/2022,"14,669.98","14,978.36","14,317.55","14,361.60",,,"17,937,800.00"
10/11/2022,"15,330.79","15,330.79","14,361.60","14,361.60",,,"23,822,800.00"
09/11/2022,"15,286.73","15,551.06","15,022.41","15,418.90",,,"16,485,500.00"
08/11/2022,"14,802.14","15,198.63","14,669.98","15,154.57",,,"25,833,400.00"
07/11/2022,"15,066.46","15,286.73","14,846.19","15,066.46",,,"23,871,500.00"
04/11/2022,"15,110.52","15,330.79","14,581.87","14,934.30",,,"32,724,200.00"
03/11/2022,"15,110.52","15,551.06","15,110.52","15,418.90",,,"11,402,300.00"
02/11/2022,"15,154.57","15,683.22","14,890.25","15,418.90",,,"21,557,900.00"
01/11/2022,"14,537.82","15,374.84","14,537.82","15,154.57",,,"25,628,600.00"
31/10/2022,"14,537.82","14,625.92","13,788.90","14,405.65",,,"11,070,200.00"
28/10/2022,"14,625.92","14,890.25","14,405.65","14,405.65",,,"10,048,594.00"
27/10/2022,"13,656.74","14,581.87","13,260.25","14,581.87",,,"23,529,900.00"
26/10/2022,"13,656.74","13,877.01","13,392.41","13,700.79",,,"8,810,400.00"
25/10/2022,"13,436.47","14,141.33","13,128.09","13,612.68",,,"15,262,300.00"
24/10/2022,"13,744.84","13,788.90","13,039.98","13,568.63",,,"10,993,200.00"
21/10/2022,"14,097.28","14,097.28","13,304.30","13,700.79",,,"14,606,600.00"
20/10/2022,"13,965.11","14,229.44","13,832.95","14,053.22",,,"8,684,100.00"
19/10/2022,"14,185.38","14,185.38","13,832.95","14,053.22",,,"10,773,500.00"
18/10/2022,"14,273.49","14,405.65","14,053.22","14,053.22",,,"7,408,200.00"
17/10/2022,"13,921.06","14,229.44","13,480.52","14,053.22",,,"8,278,900.00"
14/10/2022,"14,537.82","14,537.82","14,097.28","14,229.44",,,"8,932,700.00"
13/10/2022,"14,185.38","14,273.49","13,568.63","14,097.28",,,"12,059,600.00"
12/10/2022,"13,480.52","14,273.49","13,216.20","14,097.28",,,"10,475,000.00"
11/10/2022,"13,216.20","13,524.57","12,599.44","13,524.57",,,"30,409,200.00"
10/10/2022,"13,039.98","14,009.17","12,599.44","13,524.57",,,"15,867,400.00"
07/10/2022,"14,097.28","14,449.71","13,524.57","13,524.57",,,"19,585,300.00"
06/10/2022,"15,066.46","15,066.46","13,965.11","14,537.82",,,"14,287,100.00"
05/10/2022,"15,330.79","15,374.84","14,802.14","14,978.36",,,"14,142,600.00"
04/10/2022,"15,154.57","15,462.95","14,097.28","14,802.14",,,"17,447,600.00"
03/10/2022,"15,727.27","15,727.27","14,758.09","14,978.36",,,"24,720,900.00"
30/09/2022,"16,035.65","16,079.71","15,066.46","15,859.44",,,"15,853,300.00"
29/09/2022,"16,520.25","16,564.30","15,859.44","15,859.44",,,"5,625,100.00"
28/09/2022,"16,388.08","16,520.25","16,123.76","16,299.98",,,"10,527,500.00"
27/09/2022,"16,329.34","16,446.82","15,947.54","16,094.39",,,"13,067,000.00"
26/09/2022,"16,623.04","16,711.15","15,888.80","16,211.87",,,"17,753,300.00"
23/09/2022,"17,239.79","17,386.64","16,857.99","16,887.36",,,"9,947,300.00"
22/09/2022,"17,151.69","17,416.01","16,975.47","17,210.42",,,"12,906,400.00"
21/09/2022,"17,504.12","17,621.59","17,092.95","17,327.90",,,"13,203,500.00"
20/09/2022,"17,739.07","17,797.81","17,327.90","17,621.59",,,"15,197,400.00"
19/09/2022,"18,032.77","18,208.98","17,504.12","17,562.86",,,"14,967,200.00"
16/09/2022,"17,856.55","18,326.46","17,856.55","17,944.66",,,"18,945,700.00"
15/09/2022,"17,885.92","18,062.13","17,797.81","17,797.81",,,"9,271,800.00"
14/09/2022,"17,504.12","17,797.81","17,504.12","17,797.81",,,"15,232,600.00"
13/09/2022,"17,885.92","18,032.77","17,827.18","17,915.29",,,"6,854,100.00"
12/09/2022,"18,032.77","18,297.09","17,856.55","17,885.92",,,"7,759,400.00"
09/09/2022,"17,768.44","18,091.50","17,562.86","17,915.29",,,"17,656,800.00"
08/09/2022,"17,827.18","17,915.29","17,562.86","17,562.86",,,"12,160,300.00"
07/09/2022,"18,443.94","18,443.94","17,797.81","17,797.81",,,"18,952,000.00"
06/09/2022,"18,385.20","18,678.89","18,297.09","18,443.94",,,"13,930,300.00"
05/09/2022,"18,620.15","18,678.89","18,355.83","18,385.20",,,"11,936,400.00"
31/08/2022,"18,473.31","18,678.89","18,297.09","18,678.89",,,"8,971,400.00"
30/08/2022,"18,443.94","18,796.37","18,326.46","18,414.57",,,"9,159,400.00"
29/08/2022,"18,208.98","18,502.67","17,974.03","18,326.46",,,"19,340,200.00"
26/08/2022,"18,913.84","19,148.80","18,385.20","18,561.41",,,"15,131,200.00"
25/08/2022,"18,532.04","19,001.95","18,532.04","18,767.00",,,"18,121,000.00"
24/08/2022,"18,326.46","18,561.41","18,238.35","18,443.94",,,"12,754,800.00"
23/08/2022,"18,091.50","18,326.46","17,915.29","18,326.46",,,"8,849,600.00"
22/08/2022,"18,355.83","18,561.41","18,179.61","18,355.83",,,"13,398,800.00"
19/08/2022,"17,739.07","18,678.89","17,650.96","18,355.83",,,"32,006,400.00"
18/08/2022,"17,797.81","17,827.18","17,592.23","17,650.96",,,"13,191,100.00"
17/08/2022,"17,739.07","17,915.29","17,650.96","17,709.70",,,"11,413,799.00"
16/08/2022,"17,827.18","17,827.18","17,592.23","17,709.70",,,"10,852,300.00"
15/08/2022,"17,739.07","17,885.92","17,621.59","17,827.18",,,"12,638,300.00"
12/08/2022,"17,416.01","17,562.86","17,269.16","17,562.86",,,"9,403,000.00"
11/08/2022,"17,856.55","17,915.29","17,386.64","17,386.64",,,"15,522,600.00"
10/08/2022,"17,797.81","17,827.18","17,592.23","17,680.33",,,"10,950,100.00"
09/08/2022,"17,739.07","18,091.50","17,621.59","17,768.44",,,"21,694,200.00"
08/08/2022,"17,269.16","17,621.59","17,151.69","17,621.59",,,"17,182,600.00"
05/08/2022,"17,269.16","17,327.90","17,004.84","17,239.79",,,"13,036,100.00"
04/08/2022,"17,181.05","17,592.23","17,063.58","17,269.16",,,"20,578,400.00"
03/08/2022,"16,946.10","17,122.32","16,828.62","17,034.21",,,"17,241,400.00"
02/08/2022,"17,210.42","17,210.42","16,887.36","17,063.58",,,"12,327,000.00"
01/08/2022,"16,857.99","17,092.95","16,769.88","17,092.95",,,"12,779,400.00"
29/07/2022,"16,740.51","16,857.99","16,623.04","16,857.99",,,"13,884,700.00"
28/07/2022,"16,446.82","16,916.73","16,329.34","16,681.78",,,"21,016,300.00"
27/07/2022,"16,211.87","16,299.98","16,123.76","16,270.61",,,"9,112,000.00"
26/07/2022,"16,211.87","16,476.19","16,182.50","16,270.61",,,"8,424,900.00"
25/07/2022,"16,534.93","16,534.93","16,241.24","16,241.24",,,"7,813,800.00"
22/07/2022,"16,623.04","16,740.51","16,505.56","16,534.93",,,"7,320,700.00"
21/07/2022,"16,564.30","16,652.41","16,446.82","16,564.30",,,"9,258,800.00"
20/07/2022,"16,623.04","16,711.15","16,505.56","16,534.93",,,"10,308,300.00"
19/07/2022,"16,534.93","16,534.93","16,299.98","16,446.82",,,"6,855,900.00"
18/07/2022,"16,740.51","16,828.62","16,534.93","16,534.93",,,"7,597,400.00"
15/07/2022,"16,505.56","16,652.41","16,476.19","16,593.67",,,"8,732,200.00"
14/07/2022,"16,241.24","16,505.56","16,153.13","16,476.19",,,"9,794,300.00"
13/07/2022,"16,329.34","16,564.30","16,182.50","16,299.98",,,"10,620,300.00"
12/07/2022,"16,241.24","16,564.30","16,123.76","16,299.98",,,"9,243,200.00"
11/07/2022,"16,681.78","16,740.51","16,153.13","16,153.13",,,"8,474,400.00"
08/07/2022,"17,034.21","17,122.32","16,769.88","16,799.25",,,"7,340,400.00"
07/07/2022,"16,946.10","17,063.58","16,711.15","16,975.47",,,"7,855,100.00"
06/07/2022,"17,210.42","17,357.27","16,916.73","16,916.73",,,"6,108,600.00"
05/07/2022,"17,181.05","17,533.49","17,151.69","17,327.90",,,"12,608,500.00"
04/07/2022,"17,151.69","17,327.90","16,946.10","17,151.69",,,"8,848,600.00"
01/07/2022,"17,092.95","17,239.79","16,505.56","17,092.95",,,"12,508,900.00"
30/06/2022,"17,562.86","17,739.07","17,034.21","17,034.21",,,"8,078,900.00"
29/06/2022,"17,386.64","17,768.44","17,327.90","17,621.59",,,"8,388,900.00"
28/06/2022,"16,740.51","17,827.18","16,740.51","17,621.59",,,"13,889,100.00"
27/06/2022,"16,623.04","17,092.95","16,593.67","16,975.47",,,"7,552,800.00"
24/06/2022,"16,623.04","16,887.36","16,534.93","16,534.93",,,"4,487,300.00"
23/06/2022,"16,446.82","16,769.88","16,417.45","16,711.15",,,"11,744,300.00"
22/06/2022,"16,358.71","17,004.84","16,153.13","16,681.78",,,"7,104,900.00"
21/06/2022,"16,065.02","16,417.45","15,741.96","15,976.91",,,"7,781,800.00"
20/06/2022,"16,388.08","16,446.82","15,565.74","15,918.17",,,"10,939,300.00"
17/06/2022,"16,623.04","16,740.51","16,035.65","16,388.08",,,"14,077,400.00"
16/06/2022,"17,151.69","17,269.16","17,004.84","17,034.21",,,"6,132,400.00"
15/06/2022,"16,946.10","17,269.16","16,211.87","16,946.10",,,"13,753,800.00"
14/06/2022,"16,564.30","17,151.69","16,564.30","16,946.10",,,"11,647,000.00"
13/06/2022,"17,621.59","17,885.92","16,887.36","16,887.36",,,"21,654,500.00"
10/06/2022,"18,385.20","18,649.52","18,150.24","18,150.24",,,"11,011,300.00"
09/06/2022,"18,737.63","18,767.00","18,502.67","18,502.67",,,"10,532,900.00"
08/06/2022,"17,974.03","18,767.00","17,768.44","18,678.89",,,"19,013,900.00"
07/06/2022,"17,944.66","18,032.77","17,504.12","17,885.92",,,"8,412,100.00"
06/06/2022,"18,032.77","18,326.46","17,827.18","17,974.03",,,"8,068,100.00"
03/06/2022,"17,739.07","18,062.13","17,709.70","18,062.13",,,"7,124,300.00"
02/06/2022,"18,150.24","18,179.61","17,680.33","17,768.44",,,"9,105,500.00"
01/06/2022,"18,150.24","18,326.46","17,856.55","18,120.87",,,"11,486,800.00"
31/05/2022,"18,502.67","18,561.41","18,091.50","18,208.98",,,"13,453,200.00"
30/05/2022,"18,473.31","18,561.41","18,238.35","18,561.41",,,"12,005,500.00"
27/05/2022,"18,267.72","18,385.20","18,062.13","18,267.72",,,"10,610,700.00"
26/05/2022,"18,620.15","18,649.52","18,238.35","18,238.35",,,"8,627,400.00"
25/05/2022,"17,827.18","18,502.67","17,739.07","18,502.67",,,"12,879,500.00"
24/05/2022,"17,386.64","17,739.07","17,151.69","17,621.59",,,"9,975,000.00"
23/05/2022,"18,091.50","18,091.50","17,151.69","17,210.42",,,"11,300,700.00"
20/05/2022,"17,974.03","18,179.61","17,797.81","17,974.03",,,"7,565,500.00"
19/05/2022,"17,680.33","18,150.24","17,592.23","17,885.92",,,"9,355,800.00"
18/05/2022,"18,502.67","18,884.48","18,032.77","18,179.61",,,"11,917,200.00"
17/05/2022,"17,034.21","18,208.98","17,004.84","18,208.98",,,"10,802,900.00"
16/05/2022,"17,621.59","17,944.66","17,034.21","17,034.21",,,"12,307,800.00"
13/05/2022,"18,326.46","18,561.41","17,034.21","17,034.21",,,"20,760,800.00"
12/05/2022,"19,354.38","19,383.75","18,267.72","18,267.72",,,"17,944,700.00"
11/05/2022,"19,559.97","19,912.40","19,119.43","19,618.71",,,"8,488,600.00"
10/05/2022,"18,297.09","19,559.97","18,297.09","19,559.97",,,"15,091,000.00"
09/05/2022,"19,794.92","19,941.77","18,678.89","18,678.89",,,"24,221,200.00"
06/05/2022,"20,558.53","20,646.64","20,059.25","20,059.25",,,"13,104,500.00"
05/05/2022,"21,351.50","21,351.50","20,411.68","20,881.59",,,"10,991,199.00"
04/05/2022,"21,586.45","21,586.45","21,028.44","21,028.44",,,"12,107,800.00"
29/04/2022,"21,439.61","21,674.56","21,322.13","21,557.08",,,"13,253,000.00"
28/04/2022,"21,204.65","21,557.08","21,057.81","21,439.61",,,"11,255,800.00"
27/04/2022,"21,145.91","21,410.24","20,793.48","21,116.54",,,"12,489,900.00"
26/04/2022,"19,736.19","21,498.35","19,442.49","21,380.87",,,"22,776,100.00"
25/04/2022,"21,527.71","21,703.93","20,117.99","20,117.99",,,"33,929,668.00"
22/04/2022,"21,263.39","21,850.78","20,793.48","21,615.82",,,"22,805,300.00"
21/04/2022,"20,617.27","21,439.61","20,264.83","20,852.22",,,"18,919,400.00"
20/04/2022,"20,852.22","21,292.76","20,676.00","20,676.00",,,"21,672,600.00"
19/04/2022,"21,645.19","21,997.62","20,969.70","21,028.44",,,"24,170,700.00"
18/04/2022,"22,614.38","22,673.12","21,527.71","21,527.71",,,"29,636,000.00"
15/04/2022,"23,084.29","23,319.24","22,144.47","22,614.38",,,"31,760,100.00"
14/04/2022,"22,908.07","23,847.89","22,849.33","23,201.77",,,"23,375,700.00"
13/04/2022,"23,143.03","23,172.40","22,320.69","22,908.07",,,"25,370,100.00"
12/04/2022,"22,966.81","23,612.94","22,908.07","22,908.07",,,"26,051,400.00"
08/04/2022,"23,377.98","23,524.83","22,790.60","22,790.60",,,"23,996,600.00"
07/04/2022,"23,554.20","24,112.22","23,377.98","23,377.98",,,"31,603,800.00"
06/04/2022,"22,379.43","23,612.94","22,232.58","23,466.09",,,"41,068,500.00"
05/04/2022,"22,731.86","23,025.55","22,408.79","22,496.90",,,"15,772,700.00"
04/04/2022,"23,260.50","23,436.72","22,849.33","22,908.07",,,"24,543,700.00"
01/04/2022,"21,792.04","22,673.12","21,733.30","22,673.12",,,"36,857,900.00"
31/03/2022,"21,674.56","22,026.99","21,615.82","21,850.78",,,"9,292,300.00"
30/03/2022,"21,322.13","21,997.62","21,263.39","21,615.82",,,"16,622,400.00"
29/03/2022,"21,292.76","21,439.61","21,292.76","21,380.87",,,"7,681,400.00"
28/03/2022,"21,527.71","21,527.71","21,145.91","21,292.76",,,"12,685,200.00"
25/03/2022,"21,351.50","21,674.56","21,322.13","21,586.45",,,"11,610,868.00"
24/03/2022,"21,527.71","21,557.08","21,351.50","21,351.50",,,"14,141,000.00"
23/03/2022,"21,762.67","21,762.67","21,527.71","21,527.71",,,"14,070,600.00"
22/03/2022,"21,615.82","22,085.73","21,615.82","21,645.19",,,"13,035,600.00"
21/03/2022,"21,439.61","21,674.56","21,204.65","21,615.82",,,"6,872,100.00"
,,,,,,,
,,,,,,,
SIMPLIZE,,,,,,,
"Số 5 ngõ 316 Lê Trọng Tấn, Phường Khương Mai, Quận Thanh Xuân, TP.Hà Nội
",,,,,,,
Website: simplize.vn,,,,,,,
Email: info@simplize.vn,,,,,,,
Tel: (+84) 38 840 8668,,,,,,,
