Chỉ số,VNINDEX,,,,,,
Tên báo cáo,Lịch sử giá,,,,,,
Ngày tải,24/03/2026,,,,,,
,,,,,,,
NGÀY,GIÁ MỞ CỬA,GIÁ CAO NHẤT,GIÁ THẤP NHẤT,GIÁ ĐÓNG CỬA,KHỐI LƯỢNG,THAY ĐỔI GIÁ,% THAY ĐỔI
24/03/2026,"1,591.17","1,630.63","1,604.86","1,605.73","587,798,675.00",14.56,0.92
23/03/2026,"1,647.81","1,636.27","1,586.44","1,591.17","1,103,087,120.00",-56.64,-3.44
20/03/2026,"1,699.13","1,698.62","1,647.16","1,647.81","961,235,269.00",-51.32,-3.02
19/03/2026,"1,713.83","1,709.47","1,685.90","1,699.13","881,126,066.00",-14.70,-0.86
18/03/2026,"1,710.29","1,742.87","1,703.40","1,713.83","840,316,740.00",3.54,0.21
17/03/2026,"1,693.21","1,732.31","1,707.50","1,710.29","887,474,546.00",17.08,1.01
16/03/2026,"1,696.24","1,707.00","1,680.70","1,693.21","873,491,825.00",-3.03,-0.18
13/03/2026,"1,709.61","1,716.75","1,688.67","1,696.24","1,023,068,442.00",-13.37,-0.78
12/03/2026,"1,728.34","1,725.52","1,701.59","1,709.61","956,735,297.00",-18.73,-1.08
11/03/2026,"1,676.73","1,729.77","1,675.17","1,728.34","997,255,862.00",51.61,3.08
10/03/2026,"1,652.79","1,716.62","1,651.29","1,676.73","1,537,511,997.00",23.94,1.45
09/03/2026,"1,767.84","1,757.73","1,650.49","1,652.79","1,380,753,348.00",-115.05,-6.51
06/03/2026,"1,808.51","1,807.31","1,767.84","1,767.84","1,030,298,190.00",-40.67,-2.25
05/03/2026,"1,818.27","1,849.01","1,806.37","1,808.51","1,126,642,399.00",-9.76,-0.54
04/03/2026,"1,813.14","1,833.33","1,766.86","1,818.27","1,574,263,001.00",5.13,0.28
03/03/2026,"1,846.10","1,854.28","1,808.55","1,813.14","1,303,657,670.00",-32.96,-1.79
02/03/2026,"1,880.33","1,885.14","1,844.25","1,846.10","1,548,149,985.00",-34.23,-1.82
27/02/2026,"1,879.64","1,899.44","1,863.31","1,880.33","927,701,241.00",0.69,0.04
26/02/2026,"1,860.91","1,882.17","1,859.04","1,879.64","891,033,680.00",18.73,1.01
25/02/2026,"1,867.62","1,876.01","1,855.89","1,860.91","1,156,532,827.00",-6.71,-0.36
24/02/2026,"1,860.14","1,867.69","1,849.60","1,867.62","1,002,135,553.00",7.48,0.40
23/02/2026,"1,824.09","1,863.13","1,833.90","1,860.14","756,872,733.00",36.05,1.98
13/02/2026,"1,814.09","1,824.19","1,792.91","1,824.09","608,586,792.00",10.00,0.55
12/02/2026,"1,796.85","1,816.11","1,804.60","1,814.09","501,048,660.00",17.24,0.96
11/02/2026,"1,754.03","1,799.92","1,763.96","1,796.85","1,146,844,032.00",42.82,2.44
10/02/2026,"1,754.82","1,776.24","1,741.37","1,754.03","920,697,778.00",-0.79,-0.05
09/02/2026,"1,755.49","1,771.73","1,749.87","1,754.82","726,411,658.00",-0.67,-0.04
06/02/2026,"1,782.56","1,782.34","1,755.49","1,755.49","1,133,423,406.00",-27.07,-1.52
05/02/2026,"1,791.43","1,800.10","1,782.18","1,782.56","739,892,290.00",-8.87,-0.50
04/02/2026,"1,813.40","1,813.87","1,780.71","1,791.43","1,053,888,972.00",-21.97,-1.21
03/02/2026,"1,806.50","1,827.22","1,805.22","1,813.40","985,977,888.00",6.90,0.38
02/02/2026,"1,829.04","1,827.91","1,777.85","1,806.50","973,917,373.00",-22.54,-1.23
30/01/2026,"1,814.98","1,831.97","1,813.81","1,829.04","877,814,543.00",14.06,0.77
29/01/2026,"1,802.91","1,815.13","1,797.32","1,814.98","723,177,476.00",12.07,0.67
28/01/2026,"1,830.50","1,842.61","1,793.13","1,802.91","1,046,874,107.00",-27.59,-1.51
27/01/2026,"1,843.72","1,845.70","1,821.79","1,830.50","788,848,818.00",-13.22,-0.72
26/01/2026,"1,870.79","1,879.45","1,833.21","1,843.72","1,112,553,302.00",-27.07,-1.45
23/01/2026,"1,882.73","1,898.83","1,866.71","1,870.79","888,764,058.00",-11.94,-0.63
22/01/2026,"1,885.44","1,904.56","1,874.81","1,882.73","1,058,940,345.00",-2.71,-0.14
21/01/2026,"1,893.78","1,894.22","1,859.25","1,885.44","1,204,631,813.00",-8.34,-0.44
20/01/2026,"1,896.59","1,915.11","1,884.60","1,893.78","1,078,094,824.00",-2.81,-0.15
19/01/2026,"1,879.13","1,898.24","1,874.69","1,896.59","1,163,188,480.00",17.46,0.93
16/01/2026,"1,864.80","1,901.22","1,873.31","1,879.13","1,021,323,506.00",14.33,0.77
15/01/2026,"1,894.44","1,884.19","1,845.95","1,864.80","1,237,786,766.00",-29.64,-1.56
14/01/2026,"1,902.93","1,918.46","1,870.87","1,894.44","1,423,913,258.00",-8.49,-0.45
13/01/2026,"1,877.33","1,910.69","1,871.79","1,902.93","1,343,676,537.00",25.60,1.36
12/01/2026,"1,867.90","1,887.92","1,868.89","1,877.33","1,380,092,734.00",9.43,0.50
09/01/2026,"1,855.56","1,880.16","1,853.16","1,867.90","1,300,275,020.00",12.34,0.67
08/01/2026,"1,861.58","1,888.33","1,850.11","1,855.56","1,262,265,120.00",-6.02,-0.32
07/01/2026,"1,816.27","1,861.67","1,819.17","1,861.58","1,014,370,947.00",45.31,2.49
06/01/2026,"1,788.40","1,817.06","1,790.44","1,816.27","956,959,249.00",27.87,1.56
05/01/2026,"1,784.49","1,797.40","1,775.19","1,788.40","870,442,791.00",3.91,0.22
31/12/2025,"1,766.90","1,787.75","1,760.14","1,784.49","704,538,818.00",17.59,1.00
30/12/2025,"1,754.84","1,766.90","1,740.07","1,766.90","639,630,103.00",12.06,0.69
29/12/2025,"1,729.80","1,754.84","1,731.63","1,754.84","681,132,121.00",25.04,1.45
26/12/2025,"1,742.85","1,730.99","1,687.14","1,729.80","1,081,379,964.00",-13.05,-0.75
25/12/2025,"1,782.82","1,805.93","1,742.69","1,742.85","830,259,375.00",-39.97,-2.24
24/12/2025,"1,772.15","1,784.98","1,753.65","1,782.82","808,080,310.00",10.67,0.60
23/12/2025,"1,751.03","1,778.18","1,763.52","1,772.15","859,542,980.00",21.12,1.21
22/12/2025,"1,704.31","1,751.16","1,712.48","1,751.03","980,004,438.00",46.72,2.74
19/12/2025,"1,676.98","1,705.76","1,677.67","1,704.31","776,738,534.00",27.33,1.63
18/12/2025,"1,673.66","1,676.98","1,665.21","1,676.98","677,428,400.00",3.32,0.20
17/12/2025,"1,679.18","1,683.95","1,671.07","1,673.66","612,255,424.00",-5.52,-0.33
16/12/2025,"1,646.01","1,689.07","1,629.37","1,679.18","832,044,428.00",33.17,2.02
15/12/2025,"1,646.89","1,665.65","1,635.86","1,646.01","684,864,300.00",-0.88,-0.05
12/12/2025,"1,698.90","1,702.73","1,642.57","1,646.89","919,272,724.00",-52.01,-3.06
11/12/2025,"1,718.98","1,718.84","1,693.72","1,698.90","592,555,601.00",-20.08,-1.17
10/12/2025,"1,747.17","1,748.82","1,714.44","1,718.98","647,038,643.00",-28.19,-1.61
09/12/2025,"1,753.74","1,772.03","1,724.66","1,747.17","973,849,509.00",-6.57,-0.37
08/12/2025,"1,741.32","1,758.41","1,746.03","1,753.74","740,943,400.00",12.42,0.71
05/12/2025,"1,737.24","1,758.44","1,728.14","1,741.32","658,094,976.00",4.08,0.23
04/12/2025,"1,731.77","1,741.71","1,725.23","1,737.24","894,123,127.00",5.47,0.32
03/12/2025,"1,717.06","1,741.65","1,714.90","1,731.77","822,614,056.00",14.71,0.86
02/12/2025,"1,701.67","1,719.03","1,690.36","1,717.06","693,931,904.00",15.39,0.90
01/12/2025,"1,690.99","1,713.77","1,697.38","1,701.67","633,506,422.00",10.68,0.63
28/11/2025,"1,684.32","1,696.14","1,679.12","1,690.99","723,199,925.00",6.67,0.40
27/11/2025,"1,680.36","1,695.34","1,681.08","1,684.32","714,132,340.00",3.96,0.24
26/11/2025,"1,660.36","1,682.17","1,663.99","1,680.36","794,445,051.00",20.00,1.20
25/11/2025,"1,667.98","1,676.70","1,658.47","1,660.36","912,568,955.00",-7.62,-0.46
24/11/2025,"1,654.93","1,674.29","1,656.01","1,667.98","576,494,405.00",13.05,0.79
21/11/2025,"1,655.99","1,656.84","1,635.10","1,654.93","730,536,641.00",-1.06,-0.06
20/11/2025,"1,649.00","1,660.55","1,647.79","1,655.99","681,094,934.00",6.99,0.42
19/11/2025,"1,659.92","1,661.51","1,643.04","1,649.00","850,211,293.00",-10.92,-0.66
18/11/2025,"1,654.42","1,660.41","1,647.64","1,659.92","773,781,151.00",5.50,0.33
17/11/2025,"1,635.46","1,654.68","1,640.47","1,654.42","766,684,998.00",18.96,1.16
14/11/2025,"1,631.44","1,638.35","1,623.03","1,635.46","703,912,296.00",4.02,0.25
13/11/2025,"1,631.86","1,638.98","1,625.94","1,631.44","699,139,664.00",-0.42,-0.03
12/11/2025,"1,593.61","1,631.86","1,596.43","1,631.86","757,596,568.00",38.25,2.40
11/11/2025,"1,580.54","1,597.08","1,578.42","1,593.61","664,598,578.00",13.07,0.83
10/11/2025,"1,599.10","1,609.49","1,580.54","1,580.54","733,963,463.00",-18.56,-1.16
07/11/2025,"1,642.64","1,638.59","1,595.34","1,599.10","846,874,733.00",-43.54,-2.65
06/11/2025,"1,654.89","1,658.69","1,638.12","1,642.64","583,918,596.00",-12.25,-0.74
05/11/2025,"1,651.98","1,659.58","1,640.51","1,654.89","662,264,267.00",2.91,0.18
04/11/2025,"1,617.00","1,658.93","1,600.56","1,651.98","1,198,941,757.00",34.98,2.16
03/11/2025,"1,639.65","1,652.48","1,617.00","1,617.00","1,012,509,465.00",-22.65,-1.38
31/10/2025,"1,669.57","1,669.61","1,639.33","1,639.65","846,392,672.00",-29.92,-1.79
30/10/2025,"1,685.83","1,690.69","1,661.48","1,669.57","796,977,133.00",-16.26,-0.96
29/10/2025,"1,680.50","1,695.99","1,672.00","1,685.83","898,809,223.00",5.33,0.32
28/10/2025,"1,652.54","1,680.50","1,621.52","1,680.50","933,803,962.00",27.96,1.69
27/10/2025,"1,683.18","1,697.16","1,652.54","1,652.54","969,578,406.00",-30.64,-1.82
24/10/2025,"1,687.06","1,691.69","1,660.32","1,683.18","952,237,808.00",-3.88,-0.23
23/10/2025,"1,678.50","1,698.01","1,669.78","1,687.06","753,331,212.00",8.56,0.51
22/10/2025,"1,663.43","1,678.82","1,628.37","1,678.50","995,959,634.00",15.07,0.91
21/10/2025,"1,636.43","1,677.11","1,622.37","1,663.43","1,583,235,455.00",27.00,1.65
20/10/2025,"1,731.19","1,727.11","1,636.43","1,636.43","1,706,768,838.00",-94.76,-5.47
17/10/2025,"1,766.85","1,773.17","1,725.10","1,731.19","1,272,671,767.00",-35.66,-2.02
16/10/2025,"1,757.95","1,768.51","1,753.50","1,766.85","1,181,490,730.00",8.90,0.51
15/10/2025,"1,761.06","1,773.73","1,754.89","1,757.95","1,186,599,106.00",-3.11,-0.18
14/10/2025,"1,765.12","1,794.58","1,753.25","1,761.06","1,561,254,359.00",-4.06,-0.23
13/10/2025,"1,747.55","1,766.77","1,736.03","1,765.12","1,336,021,435.00",17.57,1.01
10/10/2025,"1,716.47","1,747.61","1,721.76","1,747.55","1,072,926,114.00",31.08,1.81
09/10/2025,"1,697.83","1,717.65","1,699.17","1,716.47","1,100,211,459.00",18.64,1.10
08/10/2025,"1,685.30","1,704.42","1,680.87","1,697.83","1,067,425,184.00",12.53,0.74
07/10/2025,"1,695.50","1,703.90","1,685.30","1,685.30","879,953,011.00",-10.20,-0.60
06/10/2025,"1,645.82","1,695.50","1,664.17","1,695.50","1,087,044,888.00",49.68,3.02
03/10/2025,"1,652.71","1,654.60","1,638.60","1,645.82","860,615,053.00",-6.89,-0.42
02/10/2025,"1,665.05","1,679.73","1,646.82","1,652.71","781,183,333.00",-12.34,-0.74
01/10/2025,"1,661.70","1,671.07","1,658.81","1,665.05","721,205,372.00",3.35,0.20
30/09/2025,"1,666.48","1,676.80","1,645.97","1,661.70","1,144,254,133.00",-4.78,-0.29
29/09/2025,"1,660.70","1,674.84","1,655.03","1,666.48","932,831,470.00",5.78,0.35
26/09/2025,"1,666.09","1,671.43","1,657.94","1,660.70","963,931,987.00",-5.39,-0.32
25/09/2025,"1,657.46","1,668.21","1,654.47","1,666.09","995,617,724.00",8.63,0.52
24/09/2025,"1,635.26","1,657.46","1,619.09","1,657.46","998,074,719.00",22.20,1.36
23/09/2025,"1,634.45","1,643.59","1,627.58","1,635.26","797,233,705.00",0.81,0.05
22/09/2025,"1,658.62","1,659.13","1,616.02","1,634.45","1,212,478,380.00",-24.17,-1.46
19/09/2025,"1,665.18","1,671.77","1,641.19","1,658.62","927,990,635.00",-6.56,-0.39
18/09/2025,"1,670.97","1,679.63","1,654.32","1,665.18","915,010,851.00",-5.79,-0.35
17/09/2025,"1,680.90","1,684.62","1,670.97","1,670.97","1,071,506,811.00",-9.93,-0.59
16/09/2025,"1,684.90","1,696.87","1,677.03","1,680.90","1,330,973,777.00",-4.00,-0.24
15/09/2025,"1,667.26","1,684.90","1,668.09","1,684.90","1,242,826,634.00",17.64,1.06
12/09/2025,"1,657.75","1,670.62","1,653.79","1,667.26","1,121,358,725.00",9.51,0.57
11/09/2025,"1,643.26","1,659.19","1,605.76","1,657.75","1,271,916,658.00",14.49,0.88
10/09/2025,"1,637.32","1,646.49","1,629.29","1,643.26","1,009,393,499.00",5.94,0.36
09/09/2025,"1,624.53","1,637.39","1,613.01","1,637.32","1,129,244,291.00",12.79,0.79
08/09/2025,"1,666.97","1,667.36","1,624.53","1,624.53","1,904,992,565.00",-42.44,-2.55
05/09/2025,"1,696.29","1,711.49","1,666.97","1,666.97","1,696,082,766.00",-29.32,-1.73
04/09/2025,"1,681.30","1,696.34","1,675.95","1,696.29","1,375,273,973.00",14.99,0.89
03/09/2025,"1,682.21","1,685.73","1,670.39","1,681.30","1,305,793,226.00",-0.91,-0.05
29/08/2025,"1,680.86","1,694.42","1,677.83","1,682.21","1,522,606,385.00",1.35,0.08
28/08/2025,"1,672.78","1,684.16","1,659.68","1,680.86","1,190,991,833.00",8.08,0.48
27/08/2025,"1,667.63","1,696.60","1,667.48","1,672.78","1,562,452,835.00",5.15,0.31
26/08/2025,"1,614.03","1,667.96","1,603.73","1,667.63","1,439,338,154.00",53.60,3.32
25/08/2025,"1,645.47","1,660.49","1,608.53","1,614.03","1,524,727,856.00",-31.44,-1.91
22/08/2025,"1,688.00","1,689.30","1,629.49","1,645.47","2,293,777,647.00",-42.53,-2.52
21/08/2025,"1,664.36","1,693.68","1,672.26","1,688.00","1,716,580,207.00",23.64,1.42
20/08/2025,"1,654.20","1,665.54","1,614.60","1,664.36","2,411,541,300.00",10.16,0.61
19/08/2025,"1,636.37","1,665.48","1,643.04","1,654.20","1,933,110,149.00",17.83,1.09
18/08/2025,"1,630.00","1,642.71","1,625.61","1,636.37","1,606,149,815.00",6.37,0.39
15/08/2025,"1,640.69","1,665.97","1,622.98","1,630.00","2,072,101,334.00",-10.69,-0.65
14/08/2025,"1,611.60","1,641.28","1,619.76","1,640.69","1,818,449,345.00",29.09,1.81
13/08/2025,"1,608.22","1,616.99","1,585.54","1,611.60","1,954,057,759.00",3.38,0.21
12/08/2025,"1,596.86","1,608.51","1,591.18","1,608.22","1,646,679,881.00",11.36,0.71
11/08/2025,"1,584.95","1,601.79","1,586.21","1,596.86","1,628,743,541.00",11.91,0.75
08/08/2025,"1,581.81","1,589.58","1,565.45","1,584.95","1,861,356,190.00",3.14,0.20
07/08/2025,"1,573.71","1,587.84","1,567.72","1,581.81","1,697,279,267.00",8.10,0.51
06/08/2025,"1,547.15","1,573.71","1,551.60","1,573.71","1,367,983,355.00",26.56,1.72
05/08/2025,"1,528.19","1,584.98","1,519.08","1,547.15","2,804,802,252.00",18.96,1.24
04/08/2025,"1,495.21","1,528.37","1,491.11","1,528.19","1,375,118,857.00",32.98,2.21
01/08/2025,"1,502.52","1,509.03","1,486.59","1,495.21","1,447,689,904.00",-7.31,-0.49
31/07/2025,"1,507.63","1,522.39","1,488.30","1,502.52","1,696,746,080.00",-5.11,-0.34
30/07/2025,"1,493.41","1,512.15","1,482.45","1,507.63","1,672,266,261.00",14.22,0.95
29/07/2025,"1,557.42","1,564.92","1,493.41","1,493.41","2,791,813,391.00",-64.01,-4.11
28/07/2025,"1,531.13","1,558.12","1,538.72","1,557.42","1,853,327,028.00",26.29,1.72
25/07/2025,"1,521.02","1,534.51","1,521.52","1,531.13","1,454,824,673.00",10.11,0.66
24/07/2025,"1,512.31","1,525.32","1,502.82","1,521.02","1,474,360,221.00",8.71,0.58
23/07/2025,"1,509.54","1,523.37","1,507.14","1,512.31","1,501,534,257.00",2.77,0.18
22/07/2025,"1,485.05","1,509.67","1,476.61","1,509.54","1,289,620,334.00",24.49,1.65
21/07/2025,"1,497.28","1,511.96","1,485.05","1,485.05","1,470,955,158.00",-12.23,-0.82
18/07/2025,"1,490.01","1,501.20","1,484.29","1,497.28","1,492,861,391.00",7.27,0.49
17/07/2025,"1,475.47","1,494.36","1,481.44","1,490.01","1,449,083,258.00",14.54,0.99
16/07/2025,"1,460.65","1,475.55","1,457.31","1,475.47","1,354,530,837.00",14.82,1.01
15/07/2025,"1,470.42","1,476.32","1,460.49","1,460.65","1,412,050,772.00",-9.77,-0.66
14/07/2025,"1,457.76","1,473.93","1,447.72","1,470.42","1,349,108,498.00",12.66,0.87
11/07/2025,"1,445.64","1,463.91","1,448.29","1,457.76","1,272,552,920.00",12.12,0.84
10/07/2025,"1,431.32","1,446.16","1,434.06","1,445.64","1,129,811,003.00",14.32,1.00
09/07/2025,"1,415.46","1,432.29","1,420.26","1,431.32","1,498,198,458.00",15.86,1.12
08/07/2025,"1,402.06","1,415.76","1,403.36","1,415.46","1,220,152,771.00",13.40,0.96
07/07/2025,"1,386.97","1,402.45","1,393.24","1,402.06","1,299,239,698.00",15.09,1.09
04/07/2025,"1,381.96","1,388.04","1,379.40","1,386.97","875,891,313.00",5.01,0.36
03/07/2025,"1,384.59","1,392.39","1,377.06","1,381.96","1,407,953,054.00",-2.63,-0.19
02/07/2025,"1,377.84","1,384.82","1,375.26","1,384.59","934,750,366.00",6.75,0.49
01/07/2025,"1,376.07","1,382.16","1,369.74","1,377.84","815,320,356.00",1.77,0.13
30/06/2025,"1,371.44","1,377.30","1,372.03","1,376.07","692,605,911.00",4.63,0.34
27/06/2025,"1,365.67","1,373.28","1,362.09","1,371.44","722,409,416.00",5.77,0.42
26/06/2025,"1,366.75","1,370.61","1,360.78","1,365.67","764,791,194.00",-1.08,-0.08
25/06/2025,"1,366.77","1,371.57","1,365.47","1,366.75","846,134,326.00",-0.02,0.00
24/06/2025,"1,358.18","1,371.24","1,362.05","1,366.77","971,296,357.00",8.59,0.63
23/06/2025,"1,349.35","1,358.43","1,338.49","1,358.18","854,256,586.00",8.83,0.65
20/06/2025,"1,352.04","1,356.78","1,347.36","1,349.35","852,707,930.00",-2.69,-0.20
19/06/2025,"1,346.83","1,353.96","1,342.08","1,352.04","792,964,094.00",5.21,0.39
18/06/2025,"1,347.69","1,353.99","1,341.64","1,346.83","850,026,973.00",-0.86,-0.06
17/06/2025,"1,338.11","1,353.01","1,339.39","1,347.69","863,906,046.00",9.58,0.72
16/06/2025,"1,315.49","1,338.72","1,313.40","1,338.11","852,095,519.00",22.62,1.72
13/06/2025,"1,322.99","1,321.00","1,304.12","1,315.49","1,209,000,926.00",-7.50,-0.57
12/06/2025,"1,315.20","1,326.03","1,316.80","1,322.99","861,623,995.00",7.79,0.59
11/06/2025,"1,316.23","1,322.07","1,306.18","1,315.20","606,581,422.00",-1.03,-0.08
10/06/2025,"1,310.57","1,323.61","1,307.74","1,316.23","784,364,904.00",5.66,0.43
09/06/2025,"1,329.89","1,331.56","1,310.57","1,310.57","792,635,525.00",-19.32,-1.45
06/06/2025,"1,342.09","1,341.78","1,329.67","1,329.89","1,004,950,643.00",-12.20,-0.91
05/06/2025,"1,345.74","1,347.14","1,336.11","1,342.09","819,032,665.00",-3.65,-0.27
04/06/2025,"1,347.25","1,351.14","1,341.53","1,345.74","1,044,891,033.00",-1.51,-0.11
03/06/2025,"1,336.30","1,350.89","1,339.56","1,347.25","1,156,455,183.00",10.95,0.82
02/06/2025,"1,332.60","1,336.77","1,322.95","1,336.30","963,230,642.00",3.70,0.28
30/05/2025,"1,341.86","1,344.32","1,328.74","1,332.60","984,637,069.00",-9.26,-0.69
29/05/2025,"1,341.87","1,348.31","1,335.62","1,341.86","926,465,288.00",-0.01,0.00
28/05/2025,"1,339.81","1,348.05","1,337.18","1,341.87","964,462,230.00",2.06,0.15
27/05/2025,"1,332.51","1,339.84","1,329.60","1,339.81","1,120,862,031.00",7.30,0.55
26/05/2025,"1,314.46","1,332.60","1,288.86","1,332.51","1,028,135,655.00",18.05,1.37
23/05/2025,"1,313.84","1,320.07","1,308.62","1,314.46","717,704,039.00",0.62,0.05
22/05/2025,"1,323.05","1,331.93","1,312.82","1,313.84","1,157,120,154.00",-9.21,-0.70
21/05/2025,"1,315.15","1,331.60","1,313.13","1,323.05","1,065,425,610.00",7.90,0.60
20/05/2025,"1,296.29","1,316.67","1,298.62","1,315.15","952,598,877.00",18.86,1.45
19/05/2025,"1,301.39","1,306.20","1,291.66","1,296.29","908,542,374.00",-5.10,-0.39
16/05/2025,"1,313.20","1,316.53","1,299.10","1,301.39","905,699,978.00",-11.81,-0.90
15/05/2025,"1,309.73","1,316.54","1,301.61","1,313.20","1,116,330,449.00",3.47,0.26
14/05/2025,"1,293.43","1,312.10","1,294.66","1,309.73","1,072,937,152.00",16.30,1.26
13/05/2025,"1,283.26","1,294.06","1,285.53","1,293.43","952,540,153.00",10.17,0.79
12/05/2025,"1,267.30","1,283.86","1,267.70","1,283.26","902,868,015.00",15.96,1.26
09/05/2025,"1,269.80","1,275.47","1,264.87","1,267.30","755,734,575.00",-2.50,-0.20
08/05/2025,"1,250.37","1,271.44","1,253.31","1,269.80","806,212,625.00",19.43,1.55
07/05/2025,"1,241.95","1,250.79","1,240.67","1,250.37","761,913,980.00",8.42,0.68
06/05/2025,"1,240.05","1,251.02","1,240.75","1,241.95","780,470,840.00",1.90,0.15
05/05/2025,"1,226.30","1,241.51","1,228.50","1,240.05","605,745,032.00",13.75,1.12
29/04/2025,"1,226.80","1,229.10","1,222.30","1,226.30","675,957,746.00",-0.50,-0.04
28/04/2025,"1,229.23","1,234.30","1,222.56","1,226.80","679,789,132.00",-2.43,-0.20
25/04/2025,"1,223.35","1,230.72","1,215.36","1,229.23","863,018,704.00",5.88,0.48
24/04/2025,"1,211.00","1,224.50","1,210.37","1,223.35","798,639,130.00",12.35,1.02
23/04/2025,"1,197.13","1,216.28","1,202.27","1,211.00","855,208,125.00",13.87,1.16
22/04/2025,"1,207.07","1,203.82","1,136.98","1,197.13","1,702,203,585.00",-9.94,-0.82
21/04/2025,"1,219.12","1,222.77","1,201.63","1,207.07","880,862,750.00",-12.05,-0.99
18/04/2025,"1,217.25","1,234.67","1,217.01","1,219.12","1,067,201,281.00",1.87,0.15
17/04/2025,"1,210.30","1,217.73","1,197.50","1,217.25","807,718,847.00",6.95,0.57
16/04/2025,"1,227.79","1,233.84","1,204.25","1,210.30","818,931,324.00",-17.49,-1.42
15/04/2025,"1,241.44","1,246.21","1,221.75","1,227.79","1,069,972,592.00",-13.65,-1.10
14/04/2025,"1,222.46","1,242.94","1,226.06","1,241.44","1,040,796,710.00",18.98,1.55
11/04/2025,"1,168.34","1,222.54","1,180.59","1,222.46","1,734,906,206.00",54.12,4.63
10/04/2025,"1,094.30","1,168.40","1,165.86","1,168.34","369,956,058.00",74.04,6.77
09/04/2025,"1,132.79","1,141.35","1,073.61","1,094.30","1,602,499,376.00",-38.49,-3.40
08/04/2025,"1,210.67","1,174.40","1,130.98","1,132.79","1,164,342,848.00",-77.88,-6.43
04/04/2025,"1,229.84","1,210.78","1,158.17","1,210.67","1,985,022,240.00",-19.17,-1.56
03/04/2025,"1,317.83","1,277.90","1,229.41","1,229.84","1,763,077,400.00",-87.99,-6.68
02/04/2025,"1,317.33","1,324.46","1,316.20","1,317.83","849,307,834.00",0.50,0.04
01/04/2025,"1,306.86","1,317.46","1,308.06","1,317.33","620,033,587.00",10.47,0.80
31/03/2025,"1,317.46","1,314.09","1,303.50","1,306.86","867,812,434.00",-10.60,-0.80
28/03/2025,"1,323.81","1,325.34","1,315.72","1,317.46","739,652,036.00",-6.35,-0.48
27/03/2025,"1,326.09","1,328.82","1,321.01","1,323.81","672,325,049.00",-2.28,-0.17
26/03/2025,"1,331.92","1,338.55","1,323.69","1,326.09","834,631,560.00",-5.83,-0.44
25/03/2025,"1,330.32","1,337.60","1,329.31","1,331.92","1,017,924,219.00",1.60,0.12
24/03/2025,"1,321.88","1,330.38","1,316.73","1,330.32","926,622,180.00",8.44,0.64
21/03/2025,"1,323.93","1,325.22","1,320.67","1,321.88","805,377,519.00",-2.05,-0.15
20/03/2025,"1,324.63","1,332.41","1,316.11","1,323.93","918,932,978.00",-0.70,-0.05
19/03/2025,"1,330.97","1,330.70","1,320.85","1,324.63","949,333,600.00",-6.34,-0.48
18/03/2025,"1,336.26","1,341.65","1,329.11","1,330.97","903,370,731.00",-5.29,-0.40
17/03/2025,"1,326.15","1,336.29","1,329.05","1,336.26","971,316,343.00",10.11,0.76
14/03/2025,"1,326.27","1,333.30","1,324.26","1,326.15","1,023,002,500.00",-0.12,-0.01
13/03/2025,"1,334.41","1,340.91","1,323.61","1,326.27","1,068,722,034.00",-8.14,-0.61
12/03/2025,"1,332.54","1,342.91","1,331.75","1,334.41","942,052,737.00",1.87,0.14
11/03/2025,"1,330.28","1,332.54","1,315.92","1,332.54","933,335,588.00",2.26,0.17
10/03/2025,"1,326.05","1,335.87","1,326.51","1,330.28","1,022,531,601.00",4.23,0.32
07/03/2025,"1,318.22","1,327.07","1,318.71","1,326.05","957,522,914.00",7.83,0.59
06/03/2025,"1,304.71","1,318.22","1,307.91","1,318.22","1,064,495,152.00",13.51,1.04
05/03/2025,"1,311.91","1,319.52","1,303.18","1,304.71","979,928,986.00",-7.20,-0.55
04/03/2025,"1,309.37","1,313.21","1,298.28","1,311.91","1,059,732,318.00",2.54,0.19
03/03/2025,"1,305.36","1,309.77","1,304.30","1,309.37","976,076,811.00",4.01,0.31
28/02/2025,"1,307.80","1,308.77","1,300.66","1,305.36","814,810,599.00",-2.44,-0.19
27/02/2025,"1,302.96","1,307.87","1,296.43","1,307.80","892,978,700.00",4.84,0.37
26/02/2025,"1,303.16","1,306.49","1,301.04","1,302.96","758,267,415.00",-0.20,-0.02
25/02/2025,"1,304.56","1,309.97","1,298.54","1,303.16","885,781,326.00",-1.40,-0.11
24/02/2025,"1,296.75","1,304.56","1,294.69","1,304.56","892,357,206.00",7.81,0.60
21/02/2025,"1,292.98","1,297.07","1,290.98","1,296.75","740,533,654.00",3.77,0.29
20/02/2025,"1,288.56","1,295.82","1,290.84","1,292.98","770,753,400.00",4.42,0.34
19/02/2025,"1,278.14","1,288.56","1,278.92","1,288.56","814,560,000.00",10.42,0.82
18/02/2025,"1,272.72","1,283.34","1,272.19","1,278.14","706,786,311.00",5.42,0.43
17/02/2025,"1,276.08","1,278.49","1,272.72","1,272.72","852,785,091.00",-3.36,-0.26
14/02/2025,"1,270.35","1,280.60","1,274.00","1,276.08","650,490,757.00",5.73,0.45
13/02/2025,"1,266.91","1,270.67","1,263.85","1,270.35","512,022,462.00",3.44,0.27
12/02/2025,"1,268.45","1,272.86","1,266.59","1,266.91","506,158,689.00",-1.54,-0.12
11/02/2025,"1,263.26","1,268.45","1,263.11","1,268.45","628,718,950.00",5.19,0.41
10/02/2025,"1,275.20","1,274.47","1,263.26","1,263.26","794,937,560.00",-11.94,-0.94
07/02/2025,"1,271.48","1,279.35","1,269.11","1,275.20","619,048,495.00",3.72,0.29
06/02/2025,"1,269.61","1,275.47","1,268.28","1,271.48","568,691,544.00",1.87,0.15
05/02/2025,"1,264.68","1,271.80","1,266.18","1,269.61","587,298,702.00",4.93,0.39
04/02/2025,"1,253.03","1,264.68","1,255.44","1,264.68","660,339,392.00",11.65,0.93
03/02/2025,"1,265.05","1,259.09","1,249.78","1,253.03","547,002,900.00",-12.02,-0.95
24/01/2025,"1,259.63","1,265.38","1,258.46","1,265.05","536,199,693.00",5.42,0.43
23/01/2025,"1,242.53","1,263.59","1,244.77","1,259.63","542,464,580.00",17.10,1.38
22/01/2025,"1,246.09","1,249.14","1,242.53","1,242.53","508,856,937.00",-3.56,-0.29
21/01/2025,"1,249.55","1,254.17","1,243.08","1,246.09","495,626,989.00",-3.46,-0.28
20/01/2025,"1,249.11","1,253.02","1,247.50","1,249.55","440,950,915.00",0.44,0.04
17/01/2025,"1,242.36","1,249.11","1,239.63","1,249.11","432,980,446.00",6.75,0.54
16/01/2025,"1,236.18","1,245.40","1,235.56","1,242.36","499,935,827.00",6.18,0.50
15/01/2025,"1,229.07","1,237.46","1,231.13","1,236.18","466,696,448.00",7.11,0.58
14/01/2025,"1,235.65","1,235.54","1,226.70","1,229.07","374,576,392.00",-6.58,-0.53
13/01/2025,"1,230.48","1,235.65","1,220.87","1,235.65","519,699,252.00",5.17,0.42
10/01/2025,"1,245.77","1,247.80","1,230.48","1,230.48","499,266,400.00",-15.29,-1.23
09/01/2025,"1,251.02","1,253.26","1,242.90","1,245.77","336,332,868.00",-5.25,-0.42
08/01/2025,"1,246.95","1,251.02","1,239.67","1,251.02","445,750,575.00",4.07,0.33
07/01/2025,"1,246.35","1,254.09","1,243.06","1,246.95","560,054,884.00",0.60,0.05
06/01/2025,"1,254.59","1,260.37","1,244.87","1,246.35","565,150,232.00",-8.24,-0.66
03/01/2025,"1,269.71","1,269.01","1,254.59","1,254.59","560,468,400.00",-15.12,-1.19
02/01/2025,"1,266.78","1,271.13","1,263.25","1,269.71","428,135,718.00",2.93,0.23
01/01/2025,"1,272.02","1,266.78","1,266.78","1,266.78","480,536,340.00",-6.87,-0.54
31/12/2024,"1,272.02","1,272.46","1,262.81","1,266.78","480,536,340.00",-6.87,-0.54
30/12/2024,"1,275.14","1,274.15","1,267.28","1,272.02","527,662,697.00",-3.12,-0.24
27/12/2024,"1,272.87","1,277.89","1,272.23","1,275.14","670,323,778.00",2.27,0.18
26/12/2024,"1,274.04","1,277.17","1,271.72","1,272.87","595,218,520.00",-1.17,-0.09
25/12/2024,"1,260.36","1,283.09","1,260.81","1,274.04","810,461,231.00",13.68,1.09
24/12/2024,"1,262.76","1,263.05","1,253.78","1,260.36","643,161,962.00",-2.40,-0.19
23/12/2024,"1,257.50","1,265.20","1,261.62","1,262.76","494,701,647.00",5.26,0.42
20/12/2024,"1,254.67","1,259.00","1,253.90","1,257.50","568,921,102.00",2.83,0.23
19/12/2024,"1,266.00","1,259.76","1,249.39","1,254.67","779,407,811.00",-11.33,-0.89
18/12/2024,"1,261.72","1,266.53","1,261.49","1,266.00","531,459,813.00",4.28,0.34
17/12/2024,"1,263.79","1,265.45","1,260.60","1,261.72","502,251,132.00",-2.07,-0.16
16/12/2024,"1,262.57","1,267.10","1,258.65","1,263.79","538,924,657.00",1.22,0.10
13/12/2024,"1,267.35","1,266.55","1,260.48","1,262.57","478,786,146.00",-4.78,-0.38
12/12/2024,"1,268.86","1,275.64","1,265.99","1,267.35","554,123,189.00",-1.51,-0.12
11/12/2024,"1,272.07","1,276.67","1,264.15","1,268.86","627,532,824.00",-3.21,-0.25
10/12/2024,"1,273.84","1,277.32","1,270.32","1,272.07","631,447,613.00",-1.77,-0.14
09/12/2024,"1,270.14","1,277.69","1,268.69","1,273.84","760,998,426.00",3.70,0.29
06/12/2024,"1,267.53","1,276.10","1,268.58","1,270.14","694,787,773.00",2.61,0.21
05/12/2024,"1,240.41","1,269.18","1,238.49","1,267.53","908,386,288.00",27.12,2.19
04/12/2024,"1,249.83","1,247.78","1,238.83","1,240.41","575,023,618.00",-9.42,-0.75
03/12/2024,"1,251.21","1,253.83","1,244.91","1,249.83","673,402,920.00",-1.38,-0.11
02/12/2024,"1,250.46","1,258.05","1,247.74","1,251.21","497,420,196.00",0.75,0.06
29/11/2024,"1,242.11","1,250.92","1,241.00","1,250.46","502,807,656.00",8.35,0.67
28/11/2024,"1,241.97","1,250.46","1,240.91","1,242.11","477,493,690.00",0.14,0.01
27/11/2024,"1,242.13","1,245.34","1,239.23","1,241.97","428,809,652.00",-0.16,-0.01
26/11/2024,"1,234.70","1,246.83","1,235.22","1,242.13","575,094,638.00",7.43,0.60
25/11/2024,"1,228.10","1,236.57","1,229.02","1,234.70","497,810,131.00",6.60,0.54
22/11/2024,"1,228.33","1,233.42","1,226.33","1,228.10","534,437,655.00",-0.23,-0.02
21/11/2024,"1,216.54","1,228.55","1,214.06","1,228.33","482,145,184.00",11.79,0.97
20/11/2024,"1,205.15","1,222.73","1,197.99","1,216.54","767,532,392.00",11.39,0.95
19/11/2024,"1,217.12","1,221.40","1,205.15","1,205.15","511,886,835.00",-11.97,-0.98
18/11/2024,"1,218.57","1,225.38","1,204.60","1,217.12","646,151,167.00",-1.45,-0.12
15/11/2024,"1,231.89","1,229.59","1,217.03","1,218.57","750,565,598.00",-13.32,-1.08
14/11/2024,"1,246.04","1,247.07","1,231.69","1,231.89","692,587,426.00",-14.15,-1.14
13/11/2024,"1,244.82","1,247.04","1,234.62","1,246.04","660,546,839.00",1.22,0.10
12/11/2024,"1,250.32","1,257.02","1,242.91","1,244.82","600,650,740.00",-5.50,-0.44
11/11/2024,"1,252.56","1,253.87","1,241.29","1,250.32","796,476,224.00",-2.24,-0.18
08/11/2024,"1,259.75","1,264.09","1,250.77","1,252.56","555,502,136.00",-7.19,-0.57
07/11/2024,"1,261.28","1,267.09","1,259.75","1,259.75","499,262,878.00",-1.53,-0.12
06/11/2024,"1,245.76","1,262.44","1,250.57","1,261.28","566,907,624.00",15.52,1.25
05/11/2024,"1,244.71","1,248.97","1,243.55","1,245.76","416,464,646.00",1.05,0.08
04/11/2024,"1,254.89","1,256.96","1,242.36","1,244.71","709,673,109.00",-10.18,-0.81
01/11/2024,"1,264.48","1,264.67","1,254.33","1,254.89","580,509,631.00",-9.59,-0.76
31/10/2024,"1,258.63","1,267.88","1,255.55","1,264.48","614,271,168.00",5.85,0.46
30/10/2024,"1,261.78","1,264.84","1,255.07","1,258.63","536,846,200.00",-3.15,-0.25
29/10/2024,"1,254.77","1,262.38","1,257.43","1,261.78","875,048,711.00",7.01,0.56
28/10/2024,"1,252.72","1,255.18","1,250.94","1,254.77","482,689,840.00",2.05,0.16
25/10/2024,"1,257.41","1,261.72","1,251.75","1,252.72","569,100,886.00",-4.61,-0.37
24/10/2024,"1,270.90","1,274.11","1,254.82","1,257.41","673,137,040.00",-13.49,-1.06
23/10/2024,"1,269.89","1,273.21","1,263.26","1,270.90","589,858,241.00",1.01,0.08
22/10/2024,"1,279.77","1,280.21","1,265.44","1,269.89","793,916,700.00",-9.88,-0.77
21/10/2024,"1,285.46","1,287.71","1,278.25","1,279.77","622,809,008.00",-4.11,-0.32
18/10/2024,"1,286.52","1,294.10","1,285.46","1,285.46","689,070,733.00",-1.10,-0.09
17/10/2024,"1,279.48","1,286.52","1,271.82","1,286.52","685,239,360.00",6.23,0.49
16/10/2024,"1,281.08","1,283.33","1,276.40","1,279.48","536,674,680.00",-1.60,-0.12
15/10/2024,"1,286.34","1,294.05","1,279.81","1,281.08","712,090,690.00",-5.39,-0.42
14/10/2024,"1,288.39","1,297.67","1,285.26","1,286.34","795,706,807.00",-2.05,-0.16
11/10/2024,"1,286.36","1,289.37","1,283.56","1,288.39","531,739,469.00",2.03,0.16
10/10/2024,"1,281.85","1,294.33","1,284.23","1,286.36","720,089,936.00",2.57,0.20
09/10/2024,"1,271.98","1,283.01","1,273.04","1,281.85","676,888,068.00",9.87,0.78
08/10/2024,"1,269.93","1,275.82","1,266.94","1,271.98","678,704,686.00",2.05,0.16
07/10/2024,"1,270.60","1,278.61","1,264.65","1,269.93","542,585,281.00",-0.67,-0.05
04/10/2024,"1,278.10","1,279.33","1,269.72","1,270.60","610,071,050.00",-7.50,-0.59
03/10/2024,"1,287.84","1,299.36","1,276.51","1,278.10","1,043,697,915.00",-9.74,-0.76
02/10/2024,"1,292.20","1,293.69","1,285.14","1,287.84","771,123,993.00",-4.36,-0.34
01/10/2024,"1,287.94","1,302.22","1,290.68","1,292.20","982,286,319.00",4.48,0.35
30/09/2024,"1,290.92","1,292.03","1,283.92","1,287.94","748,397,879.00",-3.06,-0.24
27/09/2024,"1,291.49","1,300.31","1,287.21","1,290.92","950,804,402.00",-0.57,-0.04
26/09/2024,"1,287.48","1,298.71","1,289.15","1,291.49","956,803,250.00",5.73,0.45
25/09/2024,"1,276.99","1,288.44","1,280.48","1,287.48","992,827,530.00",10.49,0.82
24/09/2024,"1,268.48","1,278.24","1,266.68","1,276.99","817,535,117.00",8.51,0.67
23/09/2024,"1,272.04","1,276.99","1,267.35","1,268.48","564,217,395.00",-3.56,-0.28
20/09/2024,"1,271.27","1,283.30","1,272.04","1,272.04","898,259,995.00",0.77,0.06
19/09/2024,"1,264.90","1,271.36","1,264.82","1,271.27","607,580,549.00",6.37,0.50
18/09/2024,"1,258.95","1,271.02","1,257.93","1,264.90","799,783,535.00",5.95,0.47
17/09/2024,"1,239.26","1,258.95","1,238.69","1,258.95","632,194,532.00",19.73,1.59
16/09/2024,"1,251.71","1,255.42","1,239.26","1,239.26","608,012,444.00",-12.45,-0.99
13/09/2024,"1,256.35","1,255.23","1,248.78","1,251.71","482,055,936.00",-4.64,-0.37
12/09/2024,"1,253.27","1,260.93","1,255.87","1,256.35","433,675,900.00",3.11,0.25
11/09/2024,"1,255.23","1,256.86","1,244.79","1,253.27","583,746,472.00",-1.86,-0.15
10/09/2024,"1,267.73","1,271.83","1,251.42","1,255.23","690,102,153.00",-12.28,-0.97
09/09/2024,"1,273.96","1,269.92","1,262.97","1,267.73","497,552,945.00",-6.34,-0.50
06/09/2024,"1,268.21","1,274.44","1,262.94","1,273.96","637,094,418.00",5.75,0.45
05/09/2024,"1,275.80","1,282.21","1,266.05","1,268.21","665,625,986.00",-7.58,-0.59
04/09/2024,"1,283.87","1,277.27","1,268.53","1,275.80","648,409,343.00",-8.07,-0.63
30/08/2024,"1,281.47","1,286.84","1,280.39","1,283.87","571,596,260.00",2.40,0.19
29/08/2024,"1,281.44","1,288.12","1,278.80","1,281.47","634,088,620.00",0.03,0.00
28/08/2024,"1,280.56","1,285.72","1,277.34","1,281.44","717,617,522.00",0.80,0.06
27/08/2024,"1,280.02","1,282.92","1,274.70","1,280.56","660,799,355.00",0.54,0.04
26/08/2024,"1,285.32","1,290.45","1,278.87","1,280.02","775,470,385.00",-5.30,-0.41
23/08/2024,"1,282.78","1,287.43","1,277.35","1,285.32","724,871,854.00",2.53,0.20
22/08/2024,"1,284.05","1,288.42","1,280.42","1,282.78","687,364,524.00",-0.42,-0.03
21/08/2024,"1,272.55","1,284.31","1,268.91","1,284.05","836,416,946.00",11.66,0.92
20/08/2024,"1,261.62","1,275.95","1,263.65","1,272.55","810,158,292.00",10.93,0.87
19/08/2024,"1,252.23","1,263.84","1,256.45","1,261.62","698,632,210.00",9.39,0.75
16/08/2024,"1,223.56","1,253.24","1,227.94","1,252.23","965,064,150.00",29.64,2.42
15/08/2024,"1,230.36","1,231.69","1,221.94","1,223.56","497,056,231.00",-6.64,-0.54
14/08/2024,"1,230.42","1,236.51","1,228.93","1,230.36","507,177,627.00",2.89,0.23
13/08/2024,"1,230.28","1,231.55","1,223.01","1,230.42","539,116,428.00",0.02,0.00
12/08/2024,"1,223.64","1,231.46","1,221.16","1,230.28","551,151,486.00",6.62,0.54
09/08/2024,"1,208.32","1,225.02","1,212.40","1,223.64","586,759,414.00",15.27,1.26
08/08/2024,"1,215.88","1,219.97","1,202.58","1,208.32","758,833,010.00",-7.56,-0.62
07/08/2024,"1,210.28","1,217.79","1,205.11","1,215.88","623,845,094.00",5.50,0.45
06/08/2024,"1,188.07","1,213.35","1,186.74","1,210.28","688,836,957.00",22.21,1.87
05/08/2024,"1,236.60","1,220.99","1,184.53","1,188.07","1,038,092,780.00",-48.53,-3.92
02/08/2024,"1,226.96","1,236.60","1,209.77","1,236.60","696,662,777.00",9.54,0.78
01/08/2024,"1,251.51","1,257.85","1,222.51","1,226.96","897,261,200.00",-24.41,-1.95
31/07/2024,"1,245.06","1,255.77","1,246.30","1,251.51","748,846,724.00",6.45,0.52
30/07/2024,"1,246.60","1,248.73","1,236.97","1,245.06","653,073,299.00",-1.46,-0.12
29/07/2024,"1,242.11","1,249.68","1,243.08","1,246.60","496,865,207.00",4.48,0.36
26/07/2024,"1,233.19","1,242.11","1,234.05","1,242.11","458,792,190.00",8.92,0.72
25/07/2024,"1,238.47","1,235.67","1,226.20","1,233.19","484,409,425.00",-5.25,-0.42
24/07/2024,"1,231.81","1,242.40","1,218.65","1,238.47","740,263,375.00",6.48,0.53
23/07/2024,"1,254.64","1,258.74","1,231.81","1,231.81","728,380,946.00",-22.66,-1.81
22/07/2024,"1,264.78","1,267.43","1,245.02","1,254.64","923,629,363.00",-10.10,-0.80
19/07/2024,"1,274.44","1,279.94","1,260.68","1,264.78","791,804,100.00",-9.66,-0.76
18/07/2024,"1,268.66","1,274.86","1,256.21","1,274.44","739,044,489.00",6.04,0.48
17/07/2024,"1,281.18","1,290.76","1,256.42","1,268.66","1,225,383,052.00",-12.44,-0.97
16/07/2024,"1,279.82","1,291.47","1,279.25","1,281.18","684,257,163.00",1.49,0.12
15/07/2024,"1,280.75","1,286.37","1,276.34","1,279.82","573,511,101.00",-0.57,-0.04
12/07/2024,"1,283.80","1,288.67","1,277.16","1,280.75","606,308,137.00",-3.05,-0.24
11/07/2024,"1,285.94","1,293.32","1,283.80","1,283.80","697,233,094.00",-2.33,-0.18
10/07/2024,"1,293.71","1,297.96","1,285.94","1,285.94","751,002,251.00",-7.77,-0.60
09/07/2024,"1,283.56","1,294.15","1,283.62","1,293.71","821,808,017.00",10.16,0.79
08/07/2024,"1,283.04","1,287.14","1,277.68","1,283.56","766,898,184.00",0.59,0.05
05/07/2024,"1,279.89","1,284.98","1,276.93","1,283.04","616,503,474.00",3.15,0.25
04/07/2024,"1,276.85","1,283.13","1,274.58","1,279.89","523,462,424.00",3.84,0.30
03/07/2024,"1,269.79","1,278.14","1,268.23","1,276.85","589,504,712.00",7.06,0.56
02/07/2024,"1,254.56","1,270.72","1,257.96","1,269.79","528,470,005.00",15.23,1.21
01/07/2024,"1,245.32","1,254.57","1,240.07","1,254.56","487,191,100.00",7.80,0.63
28/06/2024,"1,259.09","1,262.61","1,240.15","1,245.32","840,428,178.00",-13.77,-1.09
27/06/2024,"1,261.24","1,262.49","1,255.12","1,259.09","596,988,499.00",-2.15,-0.17
26/06/2024,"1,256.56","1,262.67","1,247.55","1,261.24","878,371,266.00",4.63,0.37
25/06/2024,"1,254.12","1,260.07","1,250.25","1,256.56","835,303,407.00",2.31,0.18
24/06/2024,"1,282.02","1,284.84","1,250.80","1,254.12","1,247,101,984.00",-27.52,-2.15
21/06/2024,"1,282.30","1,288.06","1,279.44","1,282.02","834,751,762.00",-0.31,-0.02
20/06/2024,"1,279.79","1,286.54","1,273.54","1,282.30","932,545,131.00",2.34,0.18
19/06/2024,"1,279.50","1,284.14","1,270.66","1,279.79","1,004,875,853.00",0.29,0.02
18/06/2024,"1,274.77","1,286.52","1,278.38","1,279.50","805,289,430.00",4.73,0.37
17/06/2024,"1,279.91","1,283.10","1,272.54","1,274.77","900,555,134.00",-5.14,-0.40
14/06/2024,"1,301.51","1,305.02","1,279.50","1,279.91","1,110,637,093.00",-21.48,-1.65
13/06/2024,"1,300.19","1,305.83","1,297.60","1,301.51","891,331,399.00",1.34,0.10
12/06/2024,"1,284.41","1,301.35","1,281.71","1,300.19","895,254,667.00",15.78,1.23
11/06/2024,"1,290.67","1,296.41","1,279.47","1,284.41","993,342,917.00",-6.26,-0.49
10/06/2024,"1,287.58","1,297.39","1,287.44","1,290.67","858,651,954.00",3.09,0.24
07/06/2024,"1,283.56","1,293.03","1,283.13","1,287.58","698,283,332.00",4.02,0.31
06/06/2024,"1,284.35","1,292.02","1,278.40","1,283.56","893,066,672.00",-0.79,-0.06
05/06/2024,"1,283.52","1,293.93","1,283.11","1,284.35","925,054,928.00",0.83,0.06
04/06/2024,"1,280.00","1,289.31","1,281.38","1,283.52","935,848,681.00",3.52,0.27
03/06/2024,"1,261.72","1,284.48","1,271.65","1,280.00","1,046,924,676.00",18.23,1.44
31/05/2024,"1,266.32","1,271.07","1,260.14","1,261.72","771,151,605.00",-4.60,-0.36
30/05/2024,"1,272.64","1,269.07","1,251.80","1,266.32","1,050,581,949.00",-6.32,-0.50
29/05/2024,"1,281.73","1,285.63","1,270.21","1,272.64","1,072,465,256.00",-9.05,-0.71
28/05/2024,"1,267.68","1,281.86","1,269.37","1,281.73","868,584,327.00",14.18,1.12
27/05/2024,"1,261.93","1,267.68","1,257.27","1,267.68","726,703,810.00",5.75,0.46
24/05/2024,"1,281.03","1,285.07","1,250.28","1,261.93","1,367,781,161.00",-19.10,-1.49
23/05/2024,"1,266.91","1,281.51","1,262.29","1,281.03","968,130,000.00",14.12,1.11
22/05/2024,"1,277.14","1,283.06","1,263.87","1,266.91","1,139,091,754.00",-10.23,-0.80
21/05/2024,"1,277.58","1,281.29","1,267.29","1,277.14","972,159,800.00",-0.44,-0.03
20/05/2024,"1,273.11","1,285.19","1,276.54","1,277.58","1,161,563,296.00",4.31,0.34
17/05/2024,"1,268.78","1,274.27","1,266.32","1,273.11","937,042,992.00",4.33,0.34
16/05/2024,"1,254.39","1,271.66","1,261.19","1,268.78","885,055,936.00",14.41,1.15
15/05/2024,"1,243.28","1,257.92","1,248.02","1,254.39","880,174,065.00",11.11,0.89
14/05/2024,"1,240.18","1,252.52","1,240.88","1,243.28","640,493,532.00",3.62,0.29
13/05/2024,"1,244.70","1,249.20","1,233.56","1,240.18","741,579,440.00",-4.47,-0.36
10/05/2024,"1,248.64","1,252.29","1,237.46","1,244.70","669,111,203.00",-3.98,-0.32
09/05/2024,"1,250.46","1,256.80","1,243.29","1,248.64","771,552,716.00",-1.82,-0.15
08/05/2024,"1,248.63","1,251.60","1,234.76","1,250.46","981,802,972.00",1.83,0.15
07/05/2024,"1,241.58","1,250.72","1,240.09","1,248.63","707,897,194.00",7.05,0.57
06/05/2024,"1,221.03","1,242.07","1,224.22","1,241.58","864,633,630.00",20.40,1.67
03/05/2024,"1,216.36","1,225.75","1,218.33","1,221.03","643,428,817.00",4.67,0.38
02/05/2024,"1,209.52","1,216.66","1,206.28","1,216.36","570,363,680.00",6.83,0.56
26/04/2024,"1,204.97","1,216.59","1,198.73","1,209.52","620,884,392.00",4.55,0.38
25/04/2024,"1,205.61","1,208.41","1,200.21","1,204.97","569,651,810.00",-0.64,-0.05
24/04/2024,"1,177.40","1,207.61","1,185.13","1,205.61","820,079,823.00",28.33,2.41
23/04/2024,"1,190.22","1,192.80","1,169.61","1,177.40","778,311,310.00",-12.82,-1.08
22/04/2024,"1,174.85","1,193.88","1,181.13","1,190.22","708,578,793.00",15.37,1.31
19/04/2024,"1,193.01","1,190.96","1,165.99","1,174.85","1,070,536,473.00",-18.17,-1.52
17/04/2024,"1,215.68","1,221.47","1,193.01","1,193.01","859,252,249.00",-22.67,-1.86
16/04/2024,"1,216.61","1,222.45","1,191.73","1,215.68","1,355,239,132.00",-0.88,-0.07
15/04/2024,"1,276.60","1,281.81","1,216.61","1,216.61","1,455,862,779.00",-59.99,-4.70
12/04/2024,"1,258.20","1,278.39","1,259.50","1,276.60","944,444,595.00",18.52,1.47
11/04/2024,"1,258.56","1,261.95","1,248.11","1,258.20","686,819,590.00",-0.36,-0.03
10/04/2024,"1,262.82","1,268.72","1,258.56","1,258.56","702,274,717.00",-4.28,-0.34
09/04/2024,"1,250.35","1,262.82","1,247.70","1,262.82","717,434,222.00",12.47,1.00
08/04/2024,"1,255.11","1,258.40","1,246.87","1,250.35","876,038,830.00",-4.76,-0.38
05/04/2024,"1,268.25","1,265.14","1,253.56","1,255.11","1,075,439,698.00",-13.06,-1.03
04/04/2024,"1,271.47","1,277.62","1,265.12","1,268.25","980,907,137.00",-3.26,-0.26
03/04/2024,"1,287.04","1,288.99","1,271.47","1,271.47","1,077,322,954.00",-15.53,-1.21
02/04/2024,"1,281.52","1,287.04","1,268.48","1,287.04","1,087,683,661.00",5.52,0.43
01/04/2024,"1,284.09","1,286.80","1,274.09","1,281.52","971,211,980.00",-2.64,-0.21
29/03/2024,"1,290.18","1,292.75","1,282.44","1,284.09","922,547,400.00",-6.09,-0.47
28/03/2024,"1,283.09","1,293.90","1,285.52","1,290.18","1,012,175,340.00",7.02,0.55
27/03/2024,"1,282.21","1,286.72","1,276.95","1,283.09","919,282,582.00",0.88,0.07
26/03/2024,"1,267.86","1,282.50","1,264.42","1,282.21","941,695,455.00",14.31,1.13
25/03/2024,"1,281.80","1,286.84","1,264.51","1,267.86","1,242,486,633.00",-13.94,-1.09
22/03/2024,"1,276.42","1,291.27","1,276.38","1,281.80","1,377,676,890.00",5.30,0.42
21/03/2024,"1,260.08","1,276.72","1,264.20","1,276.42","1,251,812,900.00",16.34,1.30
20/03/2024,"1,242.46","1,261.55","1,235.48","1,260.08","915,569,336.00",18.03,1.45
19/03/2024,"1,243.56","1,249.75","1,238.92","1,242.46","914,651,785.00",-2.24,-0.18
18/03/2024,"1,263.78","1,269.90","1,221.67","1,243.56","1,708,947,942.00",-20.22,-1.60
15/03/2024,"1,264.26","1,271.63","1,252.36","1,263.78","1,067,614,441.00",-0.02,0.00
14/03/2024,"1,270.51","1,276.41","1,258.67","1,264.26","1,057,178,320.00",-6.25,-0.49
13/03/2024,"1,245.00","1,270.62","1,245.25","1,270.51","982,228,387.00",25.51,2.05
12/03/2024,"1,235.49","1,248.33","1,233.14","1,245.00","836,219,861.00",9.51,0.77
11/03/2024,"1,247.35","1,254.01","1,233.49","1,235.49","975,985,066.00",-11.86,-0.95
08/03/2024,"1,268.46","1,274.30","1,247.35","1,247.35","1,346,110,974.00",-20.85,-1.64
07/03/2024,"1,262.73","1,269.88","1,260.24","1,268.46","1,017,267,325.00",5.73,0.45
06/03/2024,"1,269.98","1,277.51","1,256.30","1,262.73","1,062,933,517.00",-7.25,-0.57
05/03/2024,"1,261.41","1,270.08","1,257.81","1,269.98","1,011,196,107.00",8.67,0.69
04/03/2024,"1,258.28","1,268.25","1,256.54","1,261.41","1,183,086,384.00",3.13,0.25
01/03/2024,"1,252.73","1,258.76","1,247.87","1,258.28","961,928,011.00",5.55,0.44
29/02/2024,"1,254.55","1,264.39","1,247.70","1,252.73","1,091,193,600.00",-1.75,-0.14
28/02/2024,"1,237.46","1,254.55","1,236.32","1,254.55","970,755,990.00",17.09,1.38
27/02/2024,"1,224.17","1,237.62","1,226.49","1,237.46","986,854,411.00",13.29,1.09
26/02/2024,"1,212.00","1,225.21","1,210.52","1,224.17","889,748,773.00",12.15,1.00
23/02/2024,"1,227.31","1,240.81","1,211.55","1,212.00","1,394,045,720.00",-15.31,-1.25
22/02/2024,"1,230.04","1,232.09","1,226.15","1,227.31","840,410,190.00",-2.73,-0.22
21/02/2024,"1,230.06","1,234.22","1,222.92","1,230.04","988,846,280.00",-0.02,0.00
20/02/2024,"1,224.97","1,230.47","1,222.66","1,230.06","939,947,595.00",5.06,0.41
19/02/2024,"1,209.70","1,225.89","1,212.58","1,224.97","1,046,431,380.00",15.34,1.27
16/02/2024,"1,202.50","1,210.25","1,204.29","1,209.70","822,636,730.00",7.20,0.60
15/02/2024,"1,198.53","1,207.56","1,198.81","1,202.50","868,724,308.00",3.98,0.33
07/02/2024,"1,188.48","1,199.52","1,190.50","1,198.53","685,659,517.00",10.06,0.85
06/02/2024,"1,186.06","1,190.92","1,185.68","1,188.48","619,772,100.00",2.42,0.20
05/02/2024,"1,172.55","1,188.45","1,173.54","1,186.06","874,803,630.00",13.55,1.16
02/02/2024,"1,173.02","1,178.27","1,169.70","1,172.55","914,673,342.00",-0.45,-0.04
01/02/2024,"1,164.31","1,174.50","1,162.45","1,173.02","670,246,274.00",9.61,0.83
31/01/2024,"1,179.65","1,182.53","1,163.13","1,164.31","1,120,899,587.00",-15.28,-1.30
30/01/2024,"1,175.69","1,179.92","1,174.13","1,179.65","620,146,298.00",3.96,0.34
29/01/2024,"1,175.67","1,180.46","1,174.88","1,175.69","666,529,537.00",0.00,0.00
26/01/2024,"1,170.37","1,176.76","1,173.43","1,175.67","575,224,219.00",5.28,0.45
25/01/2024,"1,172.97","1,173.83","1,168.50","1,170.37","540,538,159.00",-2.64,-0.23
24/01/2024,"1,177.50","1,180.30","1,171.84","1,172.97","733,190,188.00",-4.59,-0.39
23/01/2024,"1,182.86","1,184.74","1,173.78","1,177.50","683,712,214.00",-5.34,-0.45
22/01/2024,"1,181.50","1,186.96","1,175.54","1,182.86","889,755,900.00",1.36,0.12
19/01/2024,"1,169.06","1,181.90","1,171.47","1,181.50","662,887,992.00",12.44,1.06
18/01/2024,"1,162.53","1,169.73","1,162.62","1,169.06","596,224,450.00",6.53,0.56
17/01/2024,"1,163.12","1,168.46","1,160.45","1,162.53","769,803,132.00",-0.59,-0.05
16/01/2024,"1,154.12","1,163.14","1,147.71","1,163.12","611,399,775.00",9.00,0.78
15/01/2024,"1,154.70","1,163.75","1,154.12","1,154.12","617,145,386.00",-0.58,-0.05
12/01/2024,"1,162.22","1,161.91","1,146.75","1,154.70","1,086,669,255.00",-7.52,-0.65
11/01/2024,"1,161.54","1,169.10","1,157.43","1,162.22","860,493,292.00",0.72,0.06
10/01/2024,"1,158.59","1,166.10","1,155.94","1,161.54","992,761,212.00",2.95,0.25
09/01/2024,"1,160.19","1,162.83","1,155.46","1,158.59","870,509,266.00",-1.60,-0.14
08/01/2024,"1,154.68","1,162.56","1,155.48","1,160.19","905,408,420.00",5.47,0.47
05/01/2024,"1,150.72","1,155.84","1,149.08","1,154.68","803,268,328.00",3.91,0.34
04/01/2024,"1,144.17","1,160.08","1,144.32","1,150.72","1,181,354,559.00",6.55,0.57
03/01/2024,"1,131.72","1,144.17","1,128.32","1,144.17","719,932,658.00",12.45,1.10
02/01/2024,"1,129.93","1,139.71","1,128.69","1,131.72","842,255,467.00",1.61,0.14
29/12/2023,"1,128.93","1,135.05","1,129.93","1,129.93","710,847,562.00",1.15,0.10
28/12/2023,"1,121.99","1,130.58","1,120.50","1,128.93","716,927,949.00",7.42,0.66
27/12/2023,"1,122.25","1,126.47","1,121.99","1,121.99","776,800,261.00",0.04,0.00
26/12/2023,"1,117.66","1,123.11","1,117.93","1,122.25","644,741,653.00",4.59,0.41
25/12/2023,"1,103.06","1,118.31","1,104.27","1,117.66","658,538,434.00",14.60,1.32
22/12/2023,"1,102.43","1,104.65","1,098.87","1,103.06","558,031,547.00",0.61,0.06
21/12/2023,"1,100.76","1,102.48","1,094.47","1,102.43","520,999,516.00",1.67,0.15
20/12/2023,"1,096.30","1,101.89","1,093.74","1,100.76","598,209,855.00",4.23,0.39
19/12/2023,"1,091.88","1,096.30","1,082.29","1,096.30","649,906,769.00",3.69,0.34
18/12/2023,"1,102.30","1,103.74","1,091.45","1,091.88","713,157,593.00",-10.40,-0.94
15/12/2023,"1,110.13","1,112.79","1,102.30","1,102.30","749,829,297.00",-7.73,-0.70
14/12/2023,"1,114.20","1,120.30","1,107.86","1,110.13","681,022,113.00",-4.07,-0.37
13/12/2023,"1,127.63","1,131.21","1,111.90","1,114.20","844,042,125.00",-13.40,-1.19
12/12/2023,"1,125.50","1,129.77","1,123.35","1,127.63","645,624,476.00",2.09,0.19
11/12/2023,"1,124.44","1,129.15","1,120.32","1,125.50","700,589,754.00",1.07,0.10
08/12/2023,"1,121.49","1,127.46","1,119.43","1,124.44","819,095,049.00",2.97,0.26
07/12/2023,"1,126.43","1,129.83","1,109.51","1,121.49","1,334,588,551.00",-4.94,-0.44
06/12/2023,"1,115.97","1,126.43","1,116.03","1,126.43","853,960,306.00",10.46,0.94
05/12/2023,"1,120.49","1,124.11","1,112.92","1,115.97","824,655,978.00",-4.52,-0.40
04/12/2023,"1,102.16","1,123.96","1,106.62","1,120.49","1,120,648,335.00",18.31,1.66
01/12/2023,"1,094.13","1,102.20","1,090.08","1,102.16","603,587,510.00",7.97,0.73
30/11/2023,"1,102.80","1,107.45","1,094.13","1,094.13","723,483,378.00",-8.67,-0.79
29/11/2023,"1,095.43","1,105.28","1,096.33","1,102.80","614,957,140.00",7.32,0.67
28/11/2023,"1,088.06","1,095.54","1,076.45","1,095.43","681,884,567.00",7.37,0.68
27/11/2023,"1,095.61","1,096.84","1,085.70","1,088.06","595,015,273.00",-7.55,-0.69
24/11/2023,"1,088.49","1,095.61","1,073.31","1,095.61","958,343,250.00",6.75,0.62
23/11/2023,"1,113.82","1,118.54","1,088.49","1,088.49","1,028,270,888.00",-25.33,-2.27
22/11/2023,"1,110.46","1,115.47","1,103.26","1,113.82","946,276,924.00",3.36,0.30
21/11/2023,"1,103.66","1,112.77","1,103.79","1,110.46","712,613,814.00",6.80,0.62
20/11/2023,"1,101.19","1,111.26","1,085.32","1,103.66","841,468,794.00",2.47,0.22
17/11/2023,"1,125.53","1,129.84","1,096.16","1,101.19","1,255,204,381.00",-24.21,-2.15
16/11/2023,"1,122.50","1,125.83","1,114.97","1,125.53","687,396,150.00",3.03,0.27
15/11/2023,"1,109.73","1,132.75","1,115.77","1,122.50","937,960,012.00",12.77,1.15
14/11/2023,"1,100.07","1,115.60","1,101.67","1,109.73","822,197,114.00",9.76,0.89
13/11/2023,"1,101.68","1,107.91","1,093.34","1,100.07","789,437,382.00",-1.64,-0.15
10/11/2023,"1,113.89","1,116.02","1,100.61","1,101.68","1,032,796,666.00",-12.28,-1.10
09/11/2023,"1,113.43","1,124.78","1,111.99","1,113.89","1,052,082,350.00",0.09,0.01
08/11/2023,"1,080.29","1,113.43","1,075.80","1,113.43","952,577,357.00",33.14,3.07
07/11/2023,"1,089.66","1,089.89","1,079.42","1,080.29","634,514,315.00",-9.26,-0.85
06/11/2023,"1,076.78","1,089.86","1,081.01","1,089.66","692,791,604.00",12.88,1.20
03/11/2023,"1,075.47","1,082.23","1,071.23","1,076.78","756,483,331.00",1.31,0.12
02/11/2023,"1,039.66","1,076.58","1,045.14","1,075.47","772,121,338.00",35.81,3.44
01/11/2023,"1,028.19","1,039.66","1,020.01","1,039.66","679,885,915.00",11.16,1.09
31/10/2023,"1,042.40","1,046.17","1,025.03","1,028.19","755,535,020.00",-14.21,-1.36
30/10/2023,"1,060.62","1,060.39","1,042.01","1,042.40","533,359,252.00",-18.22,-1.72
27/10/2023,"1,055.45","1,061.59","1,037.49","1,060.62","692,233,832.00",5.03,0.48
26/10/2023,"1,101.66","1,083.12","1,049.77","1,055.45","1,177,081,206.00",-46.21,-4.19
25/10/2023,"1,105.90","1,111.39","1,100.07","1,101.66","539,258,100.00",-4.17,-0.38
24/10/2023,"1,093.53","1,107.11","1,088.17","1,105.90","509,040,896.00",12.23,1.12
23/10/2023,"1,108.03","1,106.80","1,086.54","1,093.53","563,101,470.00",-14.50,-1.31
20/10/2023,"1,087.85","1,108.09","1,073.87","1,108.03","658,192,868.00",20.06,1.84
19/10/2023,"1,103.40","1,103.65","1,087.85","1,087.85","649,225,855.00",-15.55,-1.41
18/10/2023,"1,121.65","1,125.27","1,088.87","1,103.40","1,038,176,335.00",-18.25,-1.63
17/10/2023,"1,141.42","1,147.89","1,120.00","1,121.65","610,499,889.00",-19.59,-1.72
16/10/2023,"1,154.73","1,157.46","1,140.64","1,141.42","676,192,185.00",-13.20,-1.14
13/10/2023,"1,151.61","1,155.10","1,138.99","1,154.73","621,416,606.00",3.12,0.27
12/10/2023,"1,150.81","1,156.73","1,148.11","1,151.61","647,175,500.00",0.80,0.07
11/10/2023,"1,143.69","1,150.81","1,138.24","1,150.81","543,054,354.00",7.12,0.62
10/10/2023,"1,137.36","1,150.34","1,141.82","1,143.69","671,763,276.00",5.08,0.45
09/10/2023,"1,128.54","1,137.36","1,127.03","1,137.36","602,615,874.00",8.82,0.78
06/10/2023,"1,113.89","1,129.13","1,107.40","1,128.54","621,618,542.00",14.65,1.32
05/10/2023,"1,128.67","1,133.12","1,112.75","1,113.89","609,007,336.00",-14.78,-1.31
04/10/2023,"1,118.10","1,133.79","1,106.40","1,128.67","682,485,641.00",10.57,0.95
03/10/2023,"1,155.25","1,146.59","1,117.28","1,118.10","991,875,600.00",-37.15,-3.22
02/10/2023,"1,154.15","1,161.48","1,149.63","1,155.25","518,241,915.00",1.10,0.10
29/09/2023,"1,152.43","1,163.88","1,149.77","1,154.15","574,812,383.00",1.72,0.15
28/09/2023,"1,153.85","1,155.39","1,136.99","1,152.43","691,112,432.00",-1.42,-0.12
27/09/2023,"1,137.96","1,153.85","1,126.36","1,153.85","860,424,151.00",15.89,1.40
26/09/2023,"1,153.20","1,163.52","1,137.96","1,137.96","1,046,590,396.00",-15.24,-1.32
25/09/2023,"1,193.05","1,195.62","1,153.20","1,153.20","1,086,893,263.00",-39.85,-3.34
22/09/2023,"1,212.74","1,199.13","1,174.78","1,193.05","1,393,430,630.00",-19.69,-1.62
21/09/2023,"1,226.11","1,227.88","1,211.65","1,212.74","963,674,886.00",-13.37,-1.09
20/09/2023,"1,211.50","1,227.81","1,209.46","1,226.11","878,031,341.00",14.61,1.21
19/09/2023,"1,211.81","1,219.57","1,199.85","1,211.50","1,004,729,384.00",-0.31,-0.03
18/09/2023,"1,227.36","1,226.56","1,203.88","1,211.81","844,996,338.00",-15.55,-1.27
15/09/2023,"1,223.81","1,233.87","1,220.27","1,227.36","917,361,628.00",3.55,0.29
14/09/2023,"1,238.39","1,244.21","1,222.33","1,223.81","1,227,453,311.00",-14.58,-1.18
13/09/2023,"1,245.44","1,250.61","1,232.84","1,238.39","1,263,786,726.00",-7.05,-0.57
12/09/2023,"1,223.63","1,245.44","1,220.85","1,245.44","967,867,696.00",21.81,1.78
11/09/2023,"1,241.48","1,251.37","1,223.33","1,223.63","1,393,859,204.00",-17.85,-1.44
08/09/2023,"1,243.14","1,248.10","1,240.15","1,241.48","1,097,934,295.00",-1.66,-0.13
07/09/2023,"1,245.50","1,255.11","1,240.82","1,243.14","1,127,715,259.00",-2.36,-0.19
06/09/2023,"1,234.98","1,245.50","1,229.89","1,245.50","1,131,934,538.00",10.52,0.85
05/09/2023,"1,224.05","1,236.21","1,228.70","1,234.98","1,087,343,528.00",10.93,0.89
31/08/2023,"1,213.16","1,224.84","1,214.39","1,224.05","945,474,870.00",10.89,0.90
30/08/2023,"1,204.43","1,213.52","1,203.51","1,213.16","911,988,548.00",8.73,0.72
29/08/2023,"1,201.72","1,208.78","1,197.57","1,204.43","990,936,199.00",2.71,0.23
28/08/2023,"1,183.37","1,202.02","1,189.43","1,201.72","882,846,337.00",18.35,1.55
25/08/2023,"1,189.39","1,192.59","1,181.42","1,183.37","893,336,876.00",-6.02,-0.51
24/08/2023,"1,172.56","1,189.99","1,171.33","1,189.39","851,534,592.00",16.83,1.44
23/08/2023,"1,180.49","1,193.79","1,168.89","1,172.56","747,179,434.00",-7.93,-0.67
22/08/2023,"1,179.76","1,184.43","1,149.13","1,180.49","1,055,664,316.00",0.73,0.06
21/08/2023,"1,177.99","1,188.16","1,164.63","1,179.76","1,078,398,206.00",1.77,0.15
18/08/2023,"1,233.48","1,228.98","1,174.30","1,177.99","1,702,046,002.00",-55.49,-4.50
17/08/2023,"1,243.26","1,243.98","1,232.32","1,233.48","1,111,719,043.00",-9.78,-0.79
16/08/2023,"1,234.05","1,243.48","1,235.27","1,243.26","930,667,089.00",9.21,0.75
15/08/2023,"1,236.84","1,239.42","1,230.58","1,234.05","912,029,078.00",-2.79,-0.23
14/08/2023,"1,232.21","1,239.61","1,229.04","1,236.84","1,106,278,804.00",4.63,0.38
11/08/2023,"1,220.61","1,234.97","1,213.37","1,232.21","1,012,420,560.00",11.60,0.95
10/08/2023,"1,233.99","1,238.19","1,219.81","1,220.61","1,010,944,643.00",-13.38,-1.08
09/08/2023,"1,242.23","1,241.96","1,231.28","1,233.99","1,092,478,002.00",-8.24,-0.66
08/08/2023,"1,241.42","1,246.22","1,239.01","1,242.23","1,192,874,638.00",0.81,0.07
07/08/2023,"1,225.98","1,241.50","1,230.38","1,241.42","1,295,575,765.00",15.44,1.26
04/08/2023,"1,210.95","1,228.12","1,214.17","1,225.98","1,126,518,936.00",15.03,1.24
03/08/2023,"1,220.43","1,222.35","1,209.06","1,210.95","1,032,558,151.00",-9.48,-0.78
02/08/2023,"1,217.56","1,223.04","1,213.18","1,220.43","940,810,059.00",2.87,0.24
01/08/2023,"1,222.90","1,234.50","1,217.56","1,217.56","1,280,939,063.00",-5.34,-0.44
31/07/2023,"1,207.67","1,224.81","1,212.81","1,222.90","1,204,882,556.00",15.23,1.26
28/07/2023,"1,197.33","1,207.68","1,195.86","1,207.67","1,111,482,062.00",10.34,0.86
27/07/2023,"1,200.84","1,203.69","1,191.08","1,197.33","1,162,285,963.00",-3.51,-0.29
26/07/2023,"1,195.90","1,201.39","1,195.44","1,200.84","912,295,513.00",4.94,0.41
25/07/2023,"1,190.72","1,199.27","1,193.34","1,195.90","1,000,328,186.00",5.18,0.44
24/07/2023,"1,185.90","1,193.22","1,187.83","1,190.25","447,150,900.00",4.35,0.37
21/07/2023,"1,172.81","1,185.92","1,172.07","1,185.90","988,085,166.00",13.09,1.12
20/07/2023,"1,172.98","1,176.33","1,166.62","1,172.81","796,609,448.00",-0.17,-0.01
19/07/2023,"1,174.09","1,178.55","1,171.35","1,172.98","896,644,826.00",-1.11,-0.09
18/07/2023,"1,173.13","1,175.70","1,170.04","1,174.09","837,137,143.00",0.96,0.08
17/07/2023,"1,168.40","1,174.89","1,168.77","1,173.13","914,617,699.00",4.73,0.40
14/07/2023,"1,165.42","1,169.84","1,156.28","1,168.40","1,042,750,588.00",2.98,0.26
13/07/2023,"1,154.20","1,165.57","1,158.15","1,165.42","806,743,855.00",11.22,0.97
12/07/2023,"1,151.77","1,157.43","1,149.28","1,154.20","788,162,797.00",2.43,0.21
11/07/2023,"1,149.02","1,157.01","1,149.69","1,151.77","936,910,449.00",2.75,0.24
10/07/2023,"1,138.07","1,149.07","1,140.03","1,149.02","879,429,309.00",10.95,0.96
07/07/2023,"1,126.22","1,138.07","1,122.94","1,138.07","798,404,469.00",11.85,1.05
06/07/2023,"1,134.62","1,135.81","1,122.35","1,126.22","921,107,414.00",-8.40,-0.74
05/07/2023,"1,132.00","1,138.67","1,133.45","1,134.62","807,034,287.00",2.62,0.23
04/07/2023,"1,125.50","1,132.80","1,123.49","1,132.00","701,311,418.00",6.50,0.58
03/07/2023,"1,120.18","1,128.35","1,121.17","1,125.50","558,383,886.00",5.32,0.47
30/06/2023,"1,125.39","1,126.33","1,120.01","1,120.18","617,525,563.00",-5.21,-0.46
29/06/2023,"1,138.35","1,140.43","1,124.76","1,125.39","906,889,844.00",-12.96,-1.14
28/06/2023,"1,134.33","1,140.56","1,131.86","1,138.35","892,135,684.00",4.02,0.35
27/06/2023,"1,132.03","1,136.49","1,128.82","1,134.33","721,995,093.00",2.30,0.20
26/06/2023,"1,129.38","1,134.00","1,119.95","1,132.03","1,040,389,313.00",2.65,0.23
23/06/2023,"1,125.30","1,130.61","1,122.62","1,129.38","906,633,429.00",4.08,0.36
22/06/2023,"1,118.46","1,128.06","1,122.27","1,125.30","919,320,913.00",6.84,0.61
21/06/2023,"1,111.72","1,118.46","1,110.65","1,118.46","875,892,009.00",6.74,0.61
20/06/2023,"1,105.40","1,112.05","1,102.58","1,111.72","695,589,566.00",6.32,0.57
19/06/2023,"1,115.22","1,117.23","1,102.91","1,105.40","811,306,110.00",-9.82,-0.88
16/06/2023,"1,116.97","1,128.92","1,112.51","1,115.22","1,166,381,071.00",-1.75,-0.16
15/06/2023,"1,117.42","1,120.13","1,112.11","1,116.97","716,875,115.00",-0.45,-0.04
14/06/2023,"1,122.46","1,129.49","1,117.42","1,117.42","928,596,018.00",-5.04,-0.45
13/06/2023,"1,116.02","1,122.46","1,116.10","1,122.46","943,543,202.00",6.44,0.58
12/06/2023,"1,107.53","1,116.02","1,100.08","1,116.02","797,975,274.00",8.49,0.77
09/06/2023,"1,101.32","1,107.53","1,097.23","1,107.53","902,209,434.00",6.21,0.56
08/06/2023,"1,109.54","1,115.14","1,101.32","1,101.32","1,324,883,081.00",-8.22,-0.74
07/06/2023,"1,108.31","1,112.28","1,104.26","1,109.54","1,000,674,077.00",1.23,0.11
06/06/2023,"1,097.82","1,108.31","1,098.28","1,108.31","842,755,231.00",10.49,0.96
05/06/2023,"1,090.84","1,103.81","1,096.76","1,097.82","948,361,281.00",6.98,0.64
02/06/2023,"1,078.39","1,092.24","1,083.36","1,090.84","1,037,413,832.00",12.45,1.15
01/06/2023,"1,075.17","1,078.39","1,071.61","1,078.39","856,813,100.00",3.22,0.30
31/05/2023,"1,078.05","1,079.11","1,071.38","1,075.17","924,361,374.00",-2.88,-0.27
30/05/2023,"1,074.98","1,079.31","1,071.01","1,078.05","922,938,040.00",3.07,0.29
29/05/2023,"1,063.76","1,077.18","1,067.27","1,074.98","844,875,747.00",11.22,1.05
26/05/2023,"1,064.63","1,067.28","1,063.76","1,063.76","640,714,612.00",-0.87,-0.08
25/05/2023,"1,061.79","1,065.50","1,057.91","1,064.63","669,530,149.00",2.84,0.27
24/05/2023,"1,065.85","1,069.61","1,060.60","1,061.79","794,095,122.00",-4.06,-0.38
23/05/2023,"1,070.64","1,073.96","1,062.15","1,065.85","721,987,481.00",-4.79,-0.45
22/05/2023,"1,067.07","1,070.64","1,065.88","1,070.64","711,106,360.00",3.57,0.33
19/05/2023,"1,068.31","1,070.15","1,058.56","1,067.07","755,489,197.00",-1.24,-0.12
18/05/2023,"1,060.44","1,073.41","1,060.94","1,068.31","649,534,572.00",7.87,0.74
17/05/2023,"1,065.91","1,069.95","1,060.44","1,060.44","836,832,759.00",-5.47,-0.51
16/05/2023,"1,065.71","1,069.27","1,063.65","1,065.91","681,376,611.00",0.20,0.02
15/05/2023,"1,066.90","1,076.32","1,065.71","1,065.71","834,497,150.00",-1.19,-0.11
12/05/2023,"1,057.12","1,066.90","1,053.97","1,066.90","725,827,200.00",9.78,0.93
11/05/2023,"1,058.26","1,063.69","1,056.72","1,057.12","708,309,615.00",-1.14,-0.11
10/05/2023,"1,053.77","1,058.67","1,053.34","1,058.26","717,423,000.00",4.49,0.43
09/05/2023,"1,053.44","1,058.71","1,052.68","1,053.77","564,403,499.00",0.33,0.03
08/05/2023,"1,040.31","1,053.44","1,043.44","1,053.44","655,533,160.00",13.13,1.26
05/05/2023,"1,040.61","1,043.22","1,036.69","1,040.31","547,775,602.00",-0.30,-0.03
04/05/2023,"1,049.12","1,048.16","1,038.18","1,040.61","625,808,460.00",-8.51,-0.81
28/04/2023,"1,039.63","1,049.12","1,042.04","1,049.12","613,143,100.00",9.49,0.91
27/04/2023,"1,040.80","1,044.25","1,037.62","1,039.63","511,730,481.00",-1.17,-0.11
26/04/2023,"1,034.85","1,040.80","1,029.19","1,040.80","576,776,771.00",5.95,0.57
25/04/2023,"1,041.36","1,045.87","1,032.49","1,034.85","539,588,993.00",-6.51,-0.63
24/04/2023,"1,042.91","1,047.18","1,038.41","1,041.36","556,987,634.00",-1.55,-0.15
21/04/2023,"1,049.25","1,050.40","1,041.26","1,042.91","553,030,161.00",-6.34,-0.60
20/04/2023,"1,048.98","1,051.86","1,045.85","1,049.25","373,744,769.00",0.27,0.03
19/04/2023,"1,055.02","1,058.14","1,047.47","1,048.98","569,676,924.00",-6.04,-0.57
18/04/2023,"1,053.81","1,057.15","1,050.89","1,055.02","539,759,416.00",1.21,0.11
17/04/2023,"1,052.89","1,054.72","1,049.11","1,053.81","453,785,270.00",0.92,0.09
14/04/2023,"1,064.30","1,068.79","1,052.89","1,052.89","786,525,944.00",-11.41,-1.07
13/04/2023,"1,069.45","1,070.96","1,062.26","1,064.30","673,041,706.00",-5.15,-0.48
12/04/2023,"1,069.46","1,072.70","1,066.43","1,069.45","726,163,549.00",-0.01,0.00
11/04/2023,"1,065.35","1,070.56","1,056.90","1,069.46","697,781,314.00",4.11,0.39
10/04/2023,"1,069.71","1,075.54","1,063.45","1,065.35","857,459,575.00",-4.36,-0.41
07/04/2023,"1,070.91","1,072.94","1,063.70","1,069.71","646,004,332.00",-1.20,-0.11
06/04/2023,"1,080.86","1,084.52","1,070.91","1,070.91","998,757,389.00",-9.95,-0.92
05/04/2023,"1,078.45","1,080.86","1,074.10","1,080.86","793,746,144.00",2.41,0.22
04/04/2023,"1,079.28","1,082.17","1,075.10","1,078.45","803,886,355.00",-0.83,-0.08
03/04/2023,"1,064.64","1,079.28","1,071.62","1,079.28","821,311,240.00",14.64,1.38
31/03/2023,"1,059.44","1,067.55","1,059.85","1,064.64","639,933,832.00",5.20,0.49
30/03/2023,"1,056.33","1,066.23","1,058.89","1,059.44","633,975,741.00",3.11,0.29
29/03/2023,"1,054.29","1,056.33","1,048.26","1,056.33","460,964,114.00",2.04,0.19
28/03/2023,"1,052.25","1,059.83","1,051.75","1,054.29","648,102,598.00",2.04,0.19
27/03/2023,"1,046.79","1,053.78","1,041.99","1,052.25","556,948,410.00",5.46,0.52
24/03/2023,"1,045.10","1,052.29","1,044.02","1,046.79","579,737,940.00",1.69,0.16
23/03/2023,"1,040.54","1,045.10","1,030.93","1,045.10","431,450,931.00",4.56,0.44
22/03/2023,"1,032.43","1,042.84","1,034.06","1,040.54","458,776,626.00",8.11,0.79
21/03/2023,"1,023.10","1,036.15","1,017.05","1,032.43","474,892,969.00",9.33,0.91
20/03/2023,"1,045.14","1,042.60","1,022.71","1,023.10","567,363,237.00",-22.04,-2.11
17/03/2023,"1,047.40","1,055.42","1,043.54","1,045.14","564,932,380.00",-2.26,-0.22
16/03/2023,"1,062.19","1,058.73","1,043.65","1,047.40","532,926,812.00",-14.79,-1.39
15/03/2023,"1,040.13","1,062.55","1,049.26","1,062.19","622,855,977.00",22.06,2.12
14/03/2023,"1,052.80","1,051.56","1,034.72","1,040.13","621,186,235.00",-12.67,-1.20
13/03/2023,"1,053.00","1,055.58","1,045.46","1,052.80","625,071,605.00",-0.20,-0.02
10/03/2023,"1,055.95","1,053.86","1,046.31","1,053.00","508,592,417.00",-2.95,-0.28
09/03/2023,"1,049.18","1,060.56","1,049.45","1,055.95","609,044,089.00",6.77,0.65
08/03/2023,"1,037.84","1,049.18","1,027.80","1,049.18","510,279,935.00",11.34,1.09
07/03/2023,"1,027.18","1,043.92","1,033.32","1,037.84","473,165,337.00",10.66,1.04
06/03/2023,"1,024.77","1,042.43","1,026.73","1,027.18","421,901,651.00",2.41,0.24
03/03/2023,"1,037.61","1,041.82","1,022.78","1,024.77","447,721,928.00",-12.84,-1.24
02/03/2023,"1,040.55","1,043.80","1,033.07","1,037.61","373,163,740.00",-2.94,-0.28
01/03/2023,"1,024.68","1,040.55","1,013.37","1,040.55","523,621,012.00",15.87,1.55
28/02/2023,"1,021.25","1,034.36","1,018.72","1,024.68","432,959,234.00",3.43,0.34
27/02/2023,"1,039.56","1,031.59","1,017.55","1,021.25","588,607,325.00",-18.31,-1.76
24/02/2023,"1,053.66","1,052.49","1,034.66","1,039.56","430,407,670.00",-14.10,-1.34
23/02/2023,"1,054.28","1,054.48","1,030.58","1,053.66","720,747,240.00",-0.62,-0.06
22/02/2023,"1,082.23","1,073.93","1,054.28","1,054.28","814,013,600.00",-27.95,-2.58
21/02/2023,"1,086.69","1,095.10","1,081.80","1,082.23","720,349,483.00",-4.46,-0.41
20/02/2023,"1,059.31","1,088.01","1,059.56","1,086.69","682,286,993.00",27.38,2.58
17/02/2023,"1,058.29","1,062.25","1,053.26","1,059.31","465,080,299.00",1.02,0.10
16/02/2023,"1,048.20","1,058.29","1,047.45","1,058.29","475,804,145.00",10.09,0.96
15/02/2023,"1,038.64","1,051.89","1,034.39","1,048.20","585,762,700.00",9.56,0.92
14/02/2023,"1,043.70","1,046.64","1,032.76","1,038.64","395,732,862.00",-5.06,-0.48
13/02/2023,"1,055.30","1,054.05","1,031.70","1,043.70","681,323,770.00",-11.60,-1.10
10/02/2023,"1,064.03","1,066.28","1,054.08","1,055.30","463,941,839.00",-8.73,-0.82
09/02/2023,"1,072.22","1,075.20","1,064.03","1,064.03","473,849,440.00",-8.19,-0.76
08/02/2023,"1,065.84","1,079.51","1,063.50","1,072.22","569,317,582.00",6.38,0.60
07/02/2023,"1,089.29","1,092.12","1,065.18","1,065.84","673,206,842.00",-23.45,-2.15
06/02/2023,"1,077.15","1,089.29","1,067.24","1,089.29","527,006,509.00",12.14,1.13
03/02/2023,"1,077.59","1,081.89","1,070.46","1,077.15","563,829,415.00",-0.44,-0.04
02/02/2023,"1,075.97","1,083.36","1,070.81","1,077.59","634,742,880.00",1.62,0.15
01/02/2023,"1,111.18","1,116.96","1,075.97","1,075.97","1,029,897,286.00",-35.21,-3.17
31/01/2023,"1,102.57","1,111.18","1,088.25","1,111.18","748,424,020.00",8.61,0.78
30/01/2023,"1,117.10","1,118.46","1,102.57","1,102.57","798,675,700.00",-14.53,-1.30
27/01/2023,"1,108.08","1,124.30","1,111.41","1,117.10","604,933,400.00",9.02,0.81
19/01/2023,"1,098.28","1,111.72","1,094.46","1,108.08","617,714,336.00",9.80,0.89
18/01/2023,"1,088.29","1,100.39","1,089.56","1,098.28","604,197,540.00",9.99,0.92
17/01/2023,"1,066.68","1,088.29","1,069.86","1,088.29","673,933,466.00",21.61,2.03
16/01/2023,"1,060.17","1,067.74","1,057.87","1,066.68","520,790,888.00",6.51,0.61
13/01/2023,"1,056.39","1,066.39","1,055.23","1,060.17","670,231,695.00",3.78,0.36
12/01/2023,"1,055.76","1,060.97","1,050.27","1,056.39","506,466,858.00",0.63,0.06
11/01/2023,"1,053.35","1,065.69","1,054.53","1,055.76","545,184,418.00",2.41,0.23
10/01/2023,"1,054.21","1,057.44","1,045.75","1,053.35","546,263,068.00",-0.86,-0.08
09/01/2023,"1,051.44","1,062.12","1,050.95","1,054.21","475,203,965.00",2.77,0.26
06/01/2023,"1,055.82","1,065.58","1,047.26","1,051.44","698,499,467.00",-4.38,-0.41
05/01/2023,"1,046.35","1,058.14","1,046.64","1,055.82","535,052,900.00",9.47,0.91
04/01/2023,"1,043.90","1,052.60","1,041.56","1,046.35","647,730,520.00",2.45,0.23
03/01/2023,"1,007.09","1,043.90","1,011.38","1,043.90","551,325,561.00",36.81,3.66
30/12/2022,"1,009.29","1,017.99","1,007.09","1,007.09","407,135,481.00",-2.20,-0.22
,,,,,,,
,,,,,,,
SIMPLIZE,,,,,,,
"Số 5 ngõ 316 Lê Trọng Tấn, Phường Khương Mai, Quận Thanh Xuân, TP.Hà Nội
",,,,,,,
Website: simplize.vn,,,,,,,
Email: info@simplize.vn,,,,,,,
Tel: (+84) 38 840 8668,,,,,,,
