Tên công ty,Tổng công ty Cảng hàng không Việt Nam - CTCP,,,,,,
Tên báo cáo,Lịch sử giá,,,,,,
Ngày tải,24/03/2026,,,,,,
,,,,,,,
NGÀY,GIÁ MỞ CỬA,GIÁ CAO NHẤT,GIÁ THẤP NHẤT,GIÁ ĐÓNG CỬA,THAY ĐỔI GIÁ,% THAY ĐỔI,KHỐI LƯỢNG
24/03/2026,"43,400.00","44,900.00","43,400.00","43,900.00",700.00,0.02,"610,200.00"
23/03/2026,"44,800.00","44,900.00","42,800.00","42,900.00","-2,000.00",-0.04,"1,670,100.00"
20/03/2026,"46,200.00","46,800.00","44,400.00","44,500.00","-1,700.00",-0.04,"1,812,700.00"
19/03/2026,"48,200.00","48,200.00","45,600.00","46,900.00",-800.00,-0.02,"1,689,500.00"
18/03/2026,"48,700.00","48,800.00","47,000.00","48,200.00",-400.00,-0.01,"1,156,600.00"
17/03/2026,"48,600.00","49,200.00","48,100.00","48,700.00",100.00,0.00,"724,400.00"
16/03/2026,"49,000.00","49,300.00","48,100.00","48,500.00",-500.00,-0.01,"560,300.00"
13/03/2026,"49,200.00","49,900.00","48,200.00","49,000.00",-300.00,-0.01,"815,500.00"
12/03/2026,"50,000.00","51,000.00","48,700.00","49,300.00",100.00,0.00,"816,500.00"
11/03/2026,"48,300.00","50,000.00","48,000.00","49,900.00","2,100.00",0.04,"1,312,800.00"
10/03/2026,"45,000.00","49,800.00","44,600.00","48,200.00","2,400.00",0.05,"1,640,900.00"
09/03/2026,"50,000.00","50,000.00","44,200.00","44,800.00","-5,900.00",-0.12,"4,117,000.00"
06/03/2026,"51,400.00","51,900.00","50,200.00","51,200.00",-200.00,0.00,"1,506,600.00"
05/03/2026,"49,100.00","52,100.00","49,100.00","51,600.00","1,600.00",0.03,"1,141,800.00"
04/03/2026,"51,100.00","51,200.00","49,000.00","50,800.00",-400.00,-0.01,"2,739,900.00"
03/03/2026,"51,200.00","52,000.00","50,700.00","51,100.00",-400.00,-0.01,"2,246,700.00"
02/03/2026,"53,000.00","53,000.00","50,000.00","51,200.00","-1,800.00",-0.03,"3,842,500.00"
27/02/2026,"53,800.00","54,500.00","52,600.00","53,300.00",-500.00,-0.01,"1,810,600.00"
26/02/2026,"55,600.00","55,900.00","52,900.00","53,600.00","-2,200.00",-0.04,"3,300,400.00"
25/02/2026,"54,900.00","56,900.00","54,900.00","55,600.00",700.00,0.01,"1,916,300.00"
24/02/2026,"55,300.00","55,400.00","54,500.00","54,600.00",-300.00,-0.01,"1,668,900.00"
23/02/2026,"54,000.00","56,300.00","53,900.00","55,300.00","1,600.00",0.03,"2,567,700.00"
13/02/2026,"53,900.00","54,100.00","53,400.00","53,900.00",0.00,0.00,"1,001,900.00"
12/02/2026,"54,300.00","54,600.00","53,500.00","53,800.00",-300.00,-0.01,"747,300.00"
11/02/2026,"54,000.00","54,600.00","53,500.00","54,300.00",500.00,0.01,"1,494,400.00"
10/02/2026,"55,500.00","56,500.00","53,200.00","53,700.00",100.00,0.00,"1,611,900.00"
09/02/2026,"53,500.00","54,500.00","53,100.00","54,000.00","1,100.00",0.02,"1,015,400.00"
06/02/2026,"54,200.00","54,800.00","51,800.00","52,800.00","-2,200.00",-0.04,"2,813,200.00"
05/02/2026,"55,700.00","56,800.00","54,200.00","54,200.00","-1,500.00",-0.03,"2,043,500.00"
04/02/2026,"56,100.00","57,000.00","55,000.00","55,700.00",-100.00,0.00,"2,203,500.00"
03/02/2026,"54,400.00","56,800.00","54,100.00","56,100.00","2,100.00",0.04,"3,413,500.00"
02/02/2026,"54,900.00","55,700.00","52,800.00","54,300.00",-200.00,0.00,"2,751,200.00"
30/01/2026,"52,600.00","55,900.00","52,400.00","54,800.00","2,500.00",0.05,"3,663,100.00"
29/01/2026,"53,600.00","53,800.00","51,900.00","52,600.00",-200.00,0.00,"2,841,900.00"
28/01/2026,"51,200.00","54,500.00","51,000.00","52,900.00","1,600.00",0.03,"4,428,300.00"
27/01/2026,"53,500.00","53,700.00","50,400.00","51,200.00","-3,600.00",-0.07,"7,449,600.00"
26/01/2026,"59,400.00","59,600.00","52,000.00","53,400.00","-5,200.00",-0.09,"7,978,300.00"
23/01/2026,"60,500.00","60,900.00","56,800.00","59,400.00","-1,800.00",-0.03,"3,739,800.00"
22/01/2026,"60,000.00","62,400.00","59,800.00","60,400.00",900.00,0.02,"2,726,200.00"
21/01/2026,"61,300.00","61,400.00","58,500.00","59,800.00","-1,800.00",-0.03,"3,462,800.00"
20/01/2026,"59,500.00","63,500.00","58,500.00","61,400.00","1,400.00",0.02,"3,340,000.00"
19/01/2026,"61,900.00","61,900.00","59,200.00","59,600.00","-2,300.00",-0.04,"3,625,500.00"
16/01/2026,"63,200.00","64,800.00","60,500.00","60,800.00","-2,400.00",-0.04,"5,327,700.00"
15/01/2026,"61,700.00","64,800.00","61,200.00","62,100.00","2,600.00",0.04,"5,608,500.00"
14/01/2026,"55,200.00","62,000.00","55,200.00","61,100.00","5,500.00",0.10,"10,445,500.00"
13/01/2026,"58,000.00","58,000.00","54,300.00","55,200.00","-2,500.00",-0.04,"4,888,100.00"
12/01/2026,"55,600.00","59,300.00","55,400.00","57,200.00","2,200.00",0.04,"4,303,600.00"
09/01/2026,"52,900.00","56,200.00","52,800.00","55,400.00","1,800.00",0.03,"4,409,100.00"
08/01/2026,"51,200.00","55,200.00","51,200.00","52,900.00","2,700.00",0.05,"4,227,100.00"
07/01/2026,"49,000.00","52,000.00","49,000.00","51,200.00","2,100.00",0.04,"3,401,000.00"
06/01/2026,"49,900.00","49,900.00","48,900.00","49,000.00",-900.00,-0.02,"1,331,300.00"
05/01/2026,"48,900.00","50,700.00","48,900.00","49,600.00",500.00,0.01,"914,600.00"
31/12/2025,"49,400.00","49,400.00","48,900.00","48,900.00",-400.00,-0.01,"479,900.00"
30/12/2025,"49,200.00","49,600.00","49,000.00","49,300.00",100.00,0.00,"603,400.00"
29/12/2025,"50,000.00","50,000.00","48,800.00","49,000.00","-1,000.00",-0.02,"1,731,600.00"
26/12/2025,"50,800.00","50,900.00","49,500.00","49,700.00","-1,200.00",-0.02,"1,503,400.00"
25/12/2025,"50,800.00","51,500.00","50,600.00","50,900.00",100.00,0.00,"547,300.00"
24/12/2025,"51,600.00","52,000.00","50,400.00","50,600.00","-1,000.00",-0.02,"1,672,400.00"
23/12/2025,"51,900.00","52,400.00","50,900.00","51,600.00",-300.00,-0.01,"1,078,600.00"
22/12/2025,"51,800.00","52,600.00","51,600.00","51,900.00",200.00,0.00,"694,700.00"
19/12/2025,"52,500.00","52,600.00","51,100.00","51,500.00",-700.00,-0.01,"1,139,500.00"
18/12/2025,"53,400.00","53,400.00","52,000.00","52,500.00",-200.00,0.00,"504,100.00"
17/12/2025,"52,600.00","53,500.00","52,400.00","52,600.00",0.00,0.00,"558,900.00"
16/12/2025,"52,000.00","53,500.00","51,900.00","52,500.00",100.00,0.00,"745,800.00"
15/12/2025,"52,800.00","53,300.00","51,500.00","52,300.00","-1,000.00",-0.02,"1,018,200.00"
12/12/2025,"55,000.00","55,000.00","52,500.00","52,800.00","-2,700.00",-0.05,"996,200.00"
11/12/2025,"53,300.00","61,000.00","53,300.00","53,900.00",700.00,0.01,"3,160,200.00"
10/12/2025,"53,000.00","53,800.00","52,900.00","53,300.00",200.00,0.00,"594,500.00"
09/12/2025,"53,400.00","53,700.00","52,600.00","53,100.00",-800.00,-0.01,"730,500.00"
08/12/2025,"54,000.00","54,900.00","53,300.00","53,400.00",-700.00,-0.01,"1,012,600.00"
05/12/2025,"54,900.00","55,000.00","53,700.00","53,900.00",-800.00,-0.01,"1,104,100.00"
04/12/2025,"54,900.00","55,500.00","54,400.00","54,900.00",-400.00,-0.01,"816,700.00"
03/12/2025,"53,600.00","56,600.00","53,600.00","54,900.00","1,300.00",0.02,"2,837,500.00"
02/12/2025,"53,000.00","54,300.00","53,000.00","54,000.00","1,100.00",0.02,"738,400.00"
01/12/2025,"52,800.00","53,400.00","52,700.00","53,300.00",500.00,0.01,"433,000.00"
28/11/2025,"51,500.00","53,400.00","51,500.00","52,700.00",-400.00,-0.01,"313,800.00"
27/11/2025,"52,600.00","53,400.00","52,600.00","53,000.00",400.00,0.01,"324,800.00"
26/11/2025,"52,900.00","53,200.00","52,100.00","53,000.00",100.00,0.00,"659,200.00"
25/11/2025,"53,300.00","53,600.00","52,400.00","52,500.00","-1,100.00",-0.02,"1,037,400.00"
24/11/2025,"54,100.00","54,100.00","53,300.00","53,600.00",-400.00,-0.01,"805,500.00"
21/11/2025,"54,200.00","54,300.00","53,700.00","54,100.00",-200.00,0.00,"602,900.00"
20/11/2025,"55,000.00","55,000.00","54,000.00","54,300.00",-700.00,-0.01,"807,200.00"
19/11/2025,"54,400.00","55,500.00","54,200.00","54,900.00",600.00,0.01,"1,281,300.00"
18/11/2025,"54,800.00","55,400.00","53,900.00","54,200.00",-700.00,-0.01,"1,620,900.00"
17/11/2025,"55,400.00","55,700.00","54,500.00","54,800.00",-600.00,-0.01,"1,115,300.00"
14/11/2025,"55,300.00","55,700.00","54,800.00","55,400.00",400.00,0.01,"685,100.00"
13/11/2025,"54,300.00","55,700.00","54,300.00","54,800.00",600.00,0.01,"1,461,300.00"
12/11/2025,"54,100.00","54,700.00","53,800.00","54,400.00",700.00,0.01,"551,600.00"
11/11/2025,"54,100.00","54,200.00","53,300.00","54,100.00",0.00,0.00,"406,600.00"
10/11/2025,"55,600.00","55,600.00","53,500.00","53,600.00","-2,000.00",-0.04,"864,900.00"
07/11/2025,"56,600.00","56,600.00","54,500.00","54,900.00","-1,700.00",-0.03,"1,003,500.00"
06/11/2025,"55,000.00","57,800.00","54,900.00","56,400.00","1,400.00",0.03,"2,616,200.00"
05/11/2025,"54,800.00","55,900.00","54,500.00","54,900.00",700.00,0.01,"1,006,100.00"
04/11/2025,"56,000.00","56,000.00","53,300.00","54,700.00","-1,200.00",-0.02,"866,200.00"
03/11/2025,"55,500.00","56,700.00","55,200.00","55,200.00",-100.00,0.00,"1,538,400.00"
31/10/2025,"55,000.00","56,100.00","54,700.00","55,400.00",800.00,0.01,"1,379,700.00"
30/10/2025,"55,300.00","55,300.00","54,400.00","54,900.00",-400.00,-0.01,"370,000.00"
29/10/2025,"54,900.00","56,200.00","54,700.00","54,900.00",200.00,0.00,"875,100.00"
28/10/2025,"53,400.00","55,300.00","53,400.00","54,900.00","1,500.00",0.03,"995,600.00"
27/10/2025,"54,000.00","54,000.00","52,700.00","53,400.00",300.00,0.01,"318,391.00"
24/10/2025,"53,900.00","53,900.00","52,600.00","53,200.00",-700.00,-0.01,"397,800.00"
23/10/2025,"53,900.00","54,500.00","53,100.00","53,500.00",0.00,0.00,"342,000.00"
22/10/2025,"52,000.00","55,900.00","51,600.00","53,500.00","2,400.00",0.05,"778,500.00"
21/10/2025,"51,900.00","51,900.00","50,500.00","51,500.00",-400.00,-0.01,"934,200.00"
20/10/2025,"52,900.00","53,500.00","50,400.00","50,700.00","-2,200.00",-0.04,"1,049,800.00"
17/10/2025,"53,100.00","53,300.00","52,600.00","52,700.00",-500.00,-0.01,"677,500.00"
16/10/2025,"53,200.00","53,500.00","52,800.00","53,100.00",-300.00,-0.01,"523,100.00"
15/10/2025,"54,000.00","54,000.00","53,000.00","53,100.00",-900.00,-0.02,"900,600.00"
14/10/2025,"54,700.00","54,800.00","53,300.00","53,800.00",-700.00,-0.01,"1,129,500.00"
13/10/2025,"55,400.00","55,400.00","54,200.00","54,600.00",-800.00,-0.01,"613,400.00"
10/10/2025,"55,500.00","56,300.00","55,100.00","55,400.00",-100.00,0.00,"660,600.00"
09/10/2025,"56,200.00","56,500.00","55,100.00","55,500.00",-700.00,-0.01,"564,391.00"
08/10/2025,"56,300.00","57,000.00","55,800.00","56,200.00",-100.00,0.00,"384,900.00"
07/10/2025,"56,000.00","57,200.00","55,900.00","56,000.00",400.00,0.01,"457,691.00"
06/10/2025,"55,000.00","56,000.00","55,000.00","55,900.00",800.00,0.01,"519,900.00"
03/10/2025,"55,300.00","55,500.00","54,800.00","55,000.00",-500.00,-0.01,"437,800.00"
02/10/2025,"55,600.00","55,900.00","55,100.00","55,300.00",-400.00,-0.01,"408,100.00"
01/10/2025,"55,900.00","56,000.00","55,400.00","55,600.00",-600.00,-0.01,"1,045,800.00"
30/09/2025,"57,600.00","57,600.00","55,700.00","55,900.00","-1,700.00",-0.03,"1,261,300.00"
29/09/2025,"57,900.00","58,400.00","57,100.00","57,500.00","-1,100.00",-0.02,"843,800.00"
26/09/2025,"58,000.00","59,700.00","57,900.00","57,900.00",-100.00,0.00,"545,900.00"
25/09/2025,"57,900.00","58,200.00","57,800.00","58,000.00",300.00,0.01,"313,100.00"
24/09/2025,"57,800.00","58,100.00","57,000.00","57,900.00",200.00,0.00,"240,900.00"
23/09/2025,"57,600.00","58,300.00","57,200.00","57,800.00",-100.00,0.00,"290,100.00"
22/09/2025,"58,600.00","59,200.00","57,500.00","57,600.00","-1,000.00",-0.02,"715,500.00"
19/09/2025,"58,500.00","59,500.00","58,300.00","58,500.00",-500.00,-0.01,"555,900.00"
18/09/2025,"59,900.00","60,000.00","58,300.00","58,800.00","-1,200.00",-0.02,"698,900.00"
17/09/2025,"59,900.00","61,000.00","59,400.00","59,700.00",-200.00,0.00,"703,500.00"
16/09/2025,"59,800.00","60,500.00","59,500.00","59,700.00",0.00,0.00,"662,500.00"
15/09/2025,"58,200.00","60,800.00","58,200.00","59,800.00","1,700.00",0.03,"1,169,400.00"
12/09/2025,"58,400.00","58,700.00","57,900.00","58,100.00",100.00,0.00,"746,000.00"
11/09/2025,"58,900.00","59,500.00","57,500.00","58,400.00",-500.00,-0.01,"585,800.00"
10/09/2025,"59,400.00","59,800.00","58,600.00","58,900.00",0.00,0.00,"376,300.00"
09/09/2025,"59,300.00","59,700.00","58,500.00","59,000.00",-300.00,-0.01,"409,700.00"
08/09/2025,"61,000.00","61,000.00","58,900.00","59,000.00","-1,400.00",-0.02,"923,100.00"
05/09/2025,"60,900.00","61,000.00","60,000.00","60,200.00",-700.00,-0.01,"1,086,900.00"
04/09/2025,"61,100.00","61,900.00","60,600.00","60,700.00",-300.00,0.00,"572,300.00"
03/09/2025,"61,100.00","62,000.00","60,600.00","61,100.00",0.00,0.00,"219,700.00"
29/08/2025,"62,400.00","62,400.00","60,500.00","61,100.00","-1,000.00",-0.02,"553,500.00"
28/08/2025,"61,000.00","63,300.00","61,000.00","61,800.00","1,900.00",0.03,"2,162,700.00"
27/08/2025,"59,300.00","62,000.00","58,900.00","61,000.00","1,800.00",0.03,"1,004,600.00"
26/08/2025,"59,900.00","60,000.00","58,900.00","59,000.00","-1,400.00",-0.02,"998,600.00"
25/08/2025,"61,000.00","61,700.00","59,100.00","59,900.00",-800.00,-0.01,"662,500.00"
22/08/2025,"62,500.00","62,500.00","59,700.00","61,000.00","-1,500.00",-0.02,"996,300.00"
21/08/2025,"63,100.00","63,100.00","61,900.00","62,500.00",-600.00,-0.01,"981,300.00"
20/08/2025,"63,700.00","64,100.00","62,500.00","62,900.00",-800.00,-0.01,"870,800.00"
19/08/2025,"63,900.00","64,500.00","63,400.00","63,700.00",-200.00,0.00,"647,100.00"
18/08/2025,"64,400.00","64,400.00","63,500.00","63,600.00",-800.00,-0.01,"756,000.00"
15/08/2025,"63,900.00","65,700.00","63,900.00","64,000.00",100.00,0.00,"1,066,900.00"
14/08/2025,"64,800.00","65,000.00","63,500.00","63,900.00",-800.00,-0.01,"1,240,900.00"
13/08/2025,"65,200.00","66,100.00","64,000.00","64,500.00",-900.00,-0.01,"1,409,800.00"
12/08/2025,"66,700.00","66,700.00","65,100.00","65,200.00","-1,400.00",-0.02,"996,700.00"
11/08/2025,"66,700.00","68,000.00","66,100.00","66,200.00",-600.00,-0.01,"1,028,600.00"
08/08/2025,"67,100.00","68,300.00","66,200.00","66,700.00","-1,200.00",-0.02,"1,012,200.00"
07/08/2025,"65,000.00","72,000.00","65,000.00","67,100.00","3,800.00",0.06,"2,155,000.00"
06/08/2025,"61,963.53","64,332.73","60,748.56","63,846.74","3,000.00",0.03,"1,558,800.00"
05/08/2025,"61,963.53","62,388.77","58,318.62","61,781.29",0.00,0.00,"1,119,100.00"
04/08/2025,"61,356.05","62,328.02","61,173.80","61,842.03","1,100.00",0.01,"931,800.00"
01/08/2025,"60,930.81","61,842.03","60,809.31","61,113.05","1,200.00",0.01,"606,300.00"
31/07/2025,"59,472.84","61,356.05","59,229.85","60,930.81","3,200.00",0.03,"812,900.00"
30/07/2025,"60,141.07","60,141.07","58,318.62","59,472.84","-1,400.00",-0.01,"559,500.00"
29/07/2025,"60,323.32","62,206.53","57,771.88","58,622.36","-2,100.00",-0.02,"1,555,400.00"
28/07/2025,"59,169.10","60,323.32","59,169.10","60,080.33","1,200.00",0.01,"1,097,000.00"
25/07/2025,"59,290.60","59,958.83","58,926.10","59,169.10",700.00,0.01,"888,500.00"
24/07/2025,"58,683.11","59,290.60","58,197.12","58,561.61","1,100.00",0.01,"809,500.00"
23/07/2025,"57,225.14","58,683.11","57,103.65","58,683.11","2,500.00",0.03,"1,268,800.00"
22/07/2025,"57,103.65","57,650.38","57,042.90","57,103.65",-900.00,-0.01,"610,000.00"
21/07/2025,"57,771.88","58,683.11","57,042.90","57,103.65",-800.00,-0.01,"1,363,400.00"
18/07/2025,"57,103.65","58,075.62","56,799.90","57,893.38","1,400.00",0.01,"732,200.00"
17/07/2025,"57,164.40","57,589.64","56,799.90","56,921.40",-200.00,0.00,"454,400.00"
16/07/2025,"57,164.40","57,285.89","56,860.65","57,042.90",100.00,0.00,"230,800.00"
15/07/2025,"56,556.91","57,346.64","56,556.91","56,982.15",700.00,0.01,"418,700.00"
14/07/2025,"57,042.90","57,407.39","56,374.66","56,496.16",-700.00,-0.01,"776,000.00"
11/07/2025,"57,285.89","57,528.89","56,678.41","56,982.15",-500.00,-0.01,"869,200.00"
10/07/2025,"57,711.13","57,954.13","56,982.15","57,103.65",-900.00,-0.01,"876,900.00"
09/07/2025,"57,711.13","58,197.12","57,528.89","57,711.13",100.00,0.00,"892,800.00"
08/07/2025,"58,257.87","58,257.87","57,468.14","57,589.64",-700.00,-0.01,"481,000.00"
07/07/2025,"58,804.61","58,804.61","57,711.13","58,318.62",-900.00,-0.01,"510,700.00"
04/07/2025,"58,865.36","59,229.85","58,440.12","58,804.61",200.00,0.00,"279,700.00"
03/07/2025,"58,136.37","59,229.85","58,014.88","58,986.85","1,400.00",0.01,"655,100.00"
02/07/2025,"58,014.88","58,683.11","57,528.89","58,136.37",-100.00,0.00,"375,900.00"
01/07/2025,"59,655.09","59,655.09","57,711.13","57,954.13","-2,600.00",-0.03,"725,800.00"
30/06/2025,"58,926.10","59,898.08","58,926.10","59,837.33","1,600.00",0.02,"564,500.00"
27/06/2025,"58,136.37","59,351.34","58,075.62","59,047.60","1,800.00",0.02,"550,000.00"
26/06/2025,"57,103.65","58,257.87","56,982.15","58,197.12","3,000.00",0.03,"569,400.00"
25/06/2025,"56,982.15","57,225.14","54,126.97","56,982.15",700.00,0.01,"868,600.00"
24/06/2025,"55,524.18","57,164.40","55,402.69","56,921.40","2,500.00",0.03,"419,500.00"
23/06/2025,"55,949.42","55,949.42","55,159.69","55,463.44",-700.00,-0.01,"297,200.00"
20/06/2025,"56,010.17","56,192.42","55,706.43","55,949.42",0.00,0.00,"219,700.00"
19/06/2025,"56,496.16","56,496.16","55,645.68","55,949.42",-800.00,-0.01,"212,500.00"
18/06/2025,"56,678.41","57,103.65","56,010.17","56,253.17",-700.00,-0.01,"426,900.00"
17/06/2025,"56,253.17","56,982.15","56,253.17","56,678.41","1,200.00",0.01,"458,000.00"
16/06/2025,"56,131.67","56,496.16","55,584.93","56,435.41",600.00,0.01,"507,400.00"
13/06/2025,"56,435.41","56,435.41","55,463.44","56,131.67",200.00,0.00,"438,200.00"
12/06/2025,"55,159.69","56,435.41","54,977.45","56,313.92","2,700.00",0.03,"1,100,200.00"
11/06/2025,"55,463.44","55,949.42","54,430.71","54,491.46","-1,600.00",-0.02,"1,706,000.00"
10/06/2025,"55,888.68","56,253.17","55,038.20","55,220.44","-1,700.00",-0.02,"742,600.00"
09/06/2025,"56,799.90","57,711.13","55,584.93","55,827.93","-1,200.00",-0.01,"557,700.00"
06/06/2025,"57,285.89","57,711.13","56,070.92","56,799.90","-1,100.00",-0.01,"652,100.00"
05/06/2025,"58,197.12","58,318.62","57,164.40","57,285.89","-1,400.00",-0.01,"610,700.00"
04/06/2025,"58,743.86","58,926.10","57,832.63","58,014.88","-1,100.00",-0.01,"776,100.00"
03/06/2025,"58,926.10","59,533.59","58,318.62","58,683.11",-100.00,0.00,"278,200.00"
02/06/2025,"59,412.09","59,412.09","58,500.86","58,804.61",200.00,0.00,"158,600.00"
30/05/2025,"59,533.59","59,715.83","58,197.12","59,412.09",-500.00,-0.01,"830,300.00"
29/05/2025,"61,173.80","61,173.80","59,108.35","59,229.85","-3,200.00",-0.03,"788,600.00"
28/05/2025,"61,902.78","62,206.53","60,566.31","60,687.81","-2,000.00",-0.02,"412,900.00"
27/05/2025,"61,781.29","62,874.76","61,538.29","61,781.29",100.00,0.00,"359,800.00"
26/05/2025,"62,206.53","63,057.01","60,141.07","61,963.53",-300.00,0.00,"609,400.00"
23/05/2025,"60,080.33","62,996.26","60,019.58","62,206.53","3,300.00",0.03,"698,300.00"
22/05/2025,"60,141.07","61,234.55","59,715.83","60,019.58",-200.00,0.00,"369,300.00"
21/05/2025,"59,533.59","61,356.05","59,229.85","60,809.31","2,600.00",0.03,"580,200.00"
20/05/2025,"58,318.62","59,533.59","58,318.62","59,533.59","2,000.00",0.02,"335,500.00"
19/05/2025,"59,047.60","59,047.60","58,136.37","58,318.62","-1,000.00",-0.01,"408,000.00"
16/05/2025,"59,047.60","59,472.84","58,683.11","59,047.60",100.00,0.00,"579,900.00"
15/05/2025,"59,533.59","59,533.59","58,683.11","58,926.10","-1,000.00",-0.01,"600,500.00"
14/05/2025,"59,472.84","60,262.57","59,290.60","59,351.34",-200.00,0.00,"400,900.00"
13/05/2025,"59,655.09","59,837.33","59,229.85","59,351.34",0.00,0.00,"655,500.00"
12/05/2025,"58,622.36","60,141.07","58,318.62","59,047.60","1,700.00",0.02,"795,400.00"
09/05/2025,"58,014.88","58,622.36","57,225.14","57,711.13",-500.00,-0.01,"398,300.00"
08/05/2025,"56,435.41","59,229.85","56,435.41","58,014.88","2,800.00",0.03,"449,000.00"
07/05/2025,"56,678.41","56,921.40","55,888.68","56,617.66",-100.00,0.00,"767,100.00"
06/05/2025,"56,799.90","57,407.39","56,374.66","56,678.41",-500.00,-0.01,"749,200.00"
05/05/2025,"57,164.40","58,318.62","54,977.45","56,799.90","-1,000.00",-0.01,"479,000.00"
29/04/2025,"57,528.89","58,075.62","57,103.65","57,164.40",-600.00,-0.01,"601,400.00"
28/04/2025,"55,220.44","59,412.09","54,673.70","57,468.14","4,000.00",0.04,"545,800.00"
25/04/2025,"55,888.68","56,010.17","54,612.96","55,220.44","1,000.00",0.01,"263,000.00"
24/04/2025,"54,916.70","55,038.20","54,187.72","54,855.95",-200.00,0.00,"194,100.00"
23/04/2025,"56,435.41","57,589.64","54,430.71","54,795.20","1,900.00",0.02,"239,200.00"
22/04/2025,"53,337.24","54,977.45","51,636.28","54,855.95","2,500.00",0.03,"1,060,800.00"
21/04/2025,"54,369.96","54,491.46","52,912.00","53,337.24","-1,500.00",-0.02,"353,100.00"
18/04/2025,"54,795.20","55,281.19","53,458.73","54,309.21",-300.00,0.00,"628,200.00"
17/04/2025,"54,977.45","55,220.44","53,762.48","54,673.70","-1,300.00",-0.01,"529,100.00"
16/04/2025,"56,496.16","56,496.16","54,066.22","55,220.44",0.00,0.00,"385,800.00"
15/04/2025,"56,799.90","56,799.90","54,187.72","56,678.41",-200.00,0.00,"629,600.00"
14/04/2025,"57,711.13","58,318.62","56,313.92","56,678.41","-1,400.00",-0.01,"788,200.00"
11/04/2025,"60,141.07","60,748.56","55,281.19","57,407.39","-1,900.00",-0.02,"1,060,000.00"
10/04/2025,"55,281.19","58,683.11","55,281.19","58,683.11","12,600.00",0.15,"478,100.00"
09/04/2025,"49,874.57","55,706.43","47,444.63","52,547.50","3,900.00",0.05,"960,000.00"
08/04/2025,"52,547.50","52,608.25","48,659.60","49,084.84","-1,700.00",-0.02,"625,700.00"
04/04/2025,"51,514.78","53,033.49","45,257.68","52,547.50","-1,000.00",-0.01,"643,000.00"
03/04/2025,"57,711.13","58,926.10","51,211.04","51,514.78","-13,200.00",-0.13,"1,118,900.00"
02/04/2025,"60,141.07","60,201.82","59,290.60","59,351.34","-1,000.00",-0.01,"176,900.00"
01/04/2025,"60,141.07","60,687.81","59,351.34","60,201.82",300.00,0.00,"322,900.00"
31/03/2025,"61,295.30","61,295.30","59,472.84","60,141.07","-1,900.00",-0.02,"270,400.00"
28/03/2025,"61,963.53","62,328.02","60,748.56","60,809.31",-100.00,0.00,"169,600.00"
27/03/2025,"61,234.55","61,963.53","60,323.32","61,963.53",300.00,0.00,"141,200.00"
26/03/2025,"62,206.53","62,996.26","60,809.31","61,234.55","-1,700.00",-0.02,"288,300.00"
25/03/2025,"61,052.30","62,814.01","61,052.30","62,206.53","3,200.00",0.03,"398,000.00"
24/03/2025,"58,804.61","61,295.30","58,683.11","61,052.30","3,700.00",0.04,"371,400.00"
21/03/2025,"59,412.09","59,533.59","58,379.37","58,926.10",-400.00,0.00,"195,200.00"
20/03/2025,"60,262.57","60,262.57","58,622.36","59,412.09","-1,400.00",-0.01,"356,100.00"
19/03/2025,"61,477.54","61,538.29","59,594.34","59,898.08","-2,700.00",-0.03,"579,800.00"
18/03/2025,"63,482.25","63,482.25","61,356.05","61,356.05",-400.00,0.00,"211,200.00"
17/03/2025,"61,416.79","62,145.78","61,052.30","61,599.04",300.00,0.00,"223,500.00"
14/03/2025,"62,571.02","63,239.25","60,566.31","61,234.55","-2,800.00",-0.03,"826,600.00"
13/03/2025,"63,117.75","63,785.99","62,085.03","62,571.02",200.00,0.00,"276,500.00"
12/03/2025,"63,664.49","63,664.49","61,963.53","63,178.50",400.00,0.00,"558,300.00"
11/03/2025,"63,725.24","63,725.24","62,388.77","63,664.49",-100.00,0.00,"300,000.00"
10/03/2025,"64,332.73","64,393.47","63,300.00","63,664.49",300.00,0.00,"276,600.00"
07/03/2025,"63,785.99","64,697.22","63,178.50","64,271.98",800.00,0.01,"532,000.00"
06/03/2025,"64,514.97","64,940.21","63,482.25","63,482.25","-1,700.00",-0.02,"672,500.00"
05/03/2025,"65,608.45","65,669.19","64,271.98","64,393.47","-1,400.00",-0.01,"348,400.00"
04/03/2025,"64,332.73","65,912.19","64,211.23","65,547.70","2,100.00",0.02,"234,700.00"
03/03/2025,"64,514.97","64,697.22","64,089.73","64,332.73",-600.00,-0.01,"309,000.00"
28/02/2025,"64,940.21","65,426.20","64,454.22","64,514.97","-1,300.00",-0.01,"353,900.00"
27/02/2025,"65,729.94","66,155.18","65,122.46","65,426.20",-500.00,0.00,"124,600.00"
26/02/2025,"65,243.95","65,912.19","65,243.95","65,608.45",500.00,0.00,"150,200.00"
25/02/2025,"66,215.93","66,215.93","65,061.71","65,243.95",300.00,0.00,"142,400.00"
24/02/2025,"66,701.92","66,884.17","64,150.48","66,337.43","-1,400.00",-0.01,"530,100.00"
21/02/2025,"67,613.15","68,038.39","66,701.92","66,701.92","-1,000.00",-0.01,"257,000.00"
20/02/2025,"66,215.93","67,673.90","66,215.93","67,673.90","2,900.00",0.03,"475,800.00"
19/02/2025,"64,089.73","66,580.42","64,089.73","66,155.18","3,400.00",0.03,"470,000.00"
18/02/2025,"65,486.95","65,486.95","63,482.25","63,785.99","-2,800.00",-0.03,"479,000.00"
17/02/2025,"68,220.63","68,220.63","64,393.47","64,879.46","-5,600.00",-0.05,"892,900.00"
14/02/2025,"70,468.33","70,468.33","66,701.92","68,220.63","-3,300.00",-0.03,"1,226,600.00"
13/02/2025,"69,860.84","71,136.56","69,860.84","70,468.33",300.00,0.00,"506,710.00"
12/02/2025,"70,589.83","70,954.32","69,860.84","70,589.83","-1,400.00",-0.01,"571,300.00"
11/02/2025,"72,655.28","73,019.77","70,529.08","70,589.83","-4,400.00",-0.04,"847,300.00"
10/02/2025,"74,842.23","75,145.97","72,351.54","72,898.27","-3,200.00",-0.03,"682,200.00"
07/02/2025,"75,753.45","75,753.45","74,477.74","75,753.45",0.00,0.00,"354,200.00"
06/02/2025,"75,206.72","76,786.18","75,206.72","75,814.20","1,000.00",0.01,"302,200.00"
05/02/2025,"75,024.47","75,814.20","74,720.73","74,842.23",500.00,0.00,"544,400.00"
04/02/2025,"74,538.48","75,024.47","73,931.00","74,599.23",100.00,0.00,"450,800.00"
03/02/2025,"74,720.73","75,631.96","74,113.24","74,356.24",200.00,0.00,"390,700.00"
24/01/2025,"73,748.75","75,145.97","73,748.75","73,809.50",100.00,0.00,"272,700.00"
23/01/2025,"73,505.76","74,113.24","73,384.26","74,113.24","1,200.00",0.01,"281,700.00"
22/01/2025,"74,113.24","74,113.24","73,019.77","73,080.52","-1,700.00",-0.01,"374,500.00"
21/01/2025,"75,328.21","75,510.46","73,566.51","74,113.24","-2,200.00",-0.02,"420,700.00"
20/01/2025,"74,842.23","76,239.44","74,781.48","74,902.98","1,900.00",0.02,"579,900.00"
17/01/2025,"72,655.28","74,720.73","72,351.54","74,416.99","3,200.00",0.03,"980,600.00"
16/01/2025,"72,837.52","72,898.27","72,169.29","72,594.53",200.00,0.00,"218,300.00"
15/01/2025,"72,898.27","73,505.76","72,230.04","72,290.79",-700.00,-0.01,"238,400.00"
14/01/2025,"73,748.75","73,748.75","72,412.28","72,898.27",500.00,0.00,"126,800.00"
13/01/2025,"72,898.27","73,748.75","72,047.79","73,748.75",-100.00,0.00,"187,100.00"
10/01/2025,"75,024.47","75,206.72","72,594.53","72,898.27","-3,200.00",-0.03,"568,000.00"
09/01/2025,"75,206.72","75,571.21","74,538.48","74,902.98",-200.00,0.00,"106,700.00"
08/01/2025,"75,328.21","75,874.95","74,477.74","75,145.97",600.00,0.00,"127,400.00"
07/01/2025,"74,720.73","75,328.21","74,113.24","75,328.21","1,200.00",0.01,"213,100.00"
06/01/2025,"75,571.21","75,692.71","73,505.76","74,659.98","-1,700.00",-0.01,"379,700.00"
03/01/2025,"77,272.17","77,697.41","74,842.23","75,024.47","-3,600.00",-0.03,"563,100.00"
02/01/2025,"76,239.44","78,304.89","76,117.95","76,907.68","1,900.00",0.02,"632,100.00"
31/12/2024,"75,935.70","76,543.19","75,267.47","76,482.44","1,300.00",0.01,"527,500.00"
30/12/2024,"75,935.70","76,846.93","75,145.97","76,421.69","2,100.00",0.02,"374,300.00"
27/12/2024,"75,328.21","77,150.67","74,538.48","75,631.96",600.00,0.00,"1,231,400.00"
26/12/2024,"75,935.70","75,935.70","74,842.23","75,874.95",-100.00,0.00,"399,300.00"
25/12/2024,"76,117.95","77,272.17","75,206.72","75,631.96",-800.00,-0.01,"413,700.00"
24/12/2024,"76,543.19","76,846.93","75,692.71","76,543.19",400.00,0.00,"1,073,200.00"
23/12/2024,"75,267.47","77,454.41","75,267.47","76,543.19","4,600.00",0.04,"566,800.00"
20/12/2024,"72,169.29","75,510.46","72,169.29","75,267.47","5,200.00",0.04,"1,235,200.00"
19/12/2024,"72,594.53","72,716.03","71,865.55","72,108.54",-300.00,0.00,"187,800.00"
18/12/2024,"72,655.28","72,898.27","71,926.30","72,837.52",0.00,0.00,"176,600.00"
17/12/2024,"72,959.02","73,384.26","72,533.78","72,898.27",100.00,0.00,"588,400.00"
16/12/2024,"72,837.52","73,202.02","72,290.79","72,898.27","1,500.00",0.01,"354,500.00"
13/12/2024,"72,594.53","73,141.27","71,561.80","72,898.27",400.00,0.00,"1,059,500.00"
12/12/2024,"73,627.26","74,234.74","71,683.30","72,473.03","-1,900.00",-0.02,"460,000.00"
11/12/2024,"73,809.50","74,416.99","73,080.52","73,202.02","-1,300.00",-0.01,"1,063,000.00"
10/12/2024,"74,416.99","74,963.72","73,627.26","73,809.50",-600.00,0.00,"199,900.00"
09/12/2024,"73,809.50","75,024.47","73,505.76","74,113.24",0.00,0.00,"253,000.00"
06/12/2024,"75,267.47","75,267.47","73,748.75","73,809.50",-600.00,0.00,"238,100.00"
05/12/2024,"75,267.47","75,267.47","73,870.25","74,416.99",0.00,0.00,"406,500.00"
04/12/2024,"74,113.24","76,360.94","73,445.01","74,113.24",-500.00,0.00,"1,154,200.00"
03/12/2024,"75,206.72","75,753.45","73,809.50","74,113.24","-2,600.00",-0.02,"492,600.00"
02/12/2024,"76,360.94","77,636.66","74,599.23","74,720.73","-3,300.00",-0.03,"1,137,500.00"
29/11/2024,"75,510.46","77,454.41","75,510.46","76,360.94","1,600.00",0.01,"311,900.00"
28/11/2024,"73,688.00","76,178.69","73,688.00","75,510.46","3,000.00",0.02,"412,700.00"
27/11/2024,"72,898.27","74,538.48","72,351.54","74,113.24","2,300.00",0.02,"423,400.00"
26/11/2024,"72,290.79","73,688.00","72,047.79","72,837.52",0.00,0.00,"225,800.00"
25/11/2024,"73,202.02","74,720.73","71,987.04","72,108.54","-1,300.00",-0.01,"177,900.00"
22/11/2024,"72,594.53","73,445.01","72,533.78","72,716.03",200.00,0.00,"134,600.00"
21/11/2024,"72,412.28","73,384.26","71,804.80","72,898.27","1,200.00",0.01,"139,400.00"
20/11/2024,"72,898.27","73,202.02","70,468.33","72,837.52","-1,300.00",-0.01,"169,500.00"
19/11/2024,"72,898.27","75,328.21","72,047.79","72,898.27","1,000.00",0.01,"252,400.00"
18/11/2024,"71,561.80","73,019.77","71,075.82","72,898.27","3,700.00",0.03,"177,600.00"
15/11/2024,"71,987.04","71,987.04","69,739.35","71,561.80","-1,200.00",-0.01,"251,300.00"
14/11/2024,"73,019.77","73,019.77","71,683.30","71,683.30","-1,700.00",-0.01,"115,100.00"
13/11/2024,"70,468.33","74,416.99","70,468.33","73,809.50","1,300.00",0.01,"108,500.00"
12/11/2024,"74,113.24","74,720.73","72,290.79","74,113.24",-900.00,-0.01,"209,700.00"
11/11/2024,"72,898.27","75,631.96","72,898.27","73,688.00","1,400.00",0.01,"304,800.00"
08/11/2024,"71,865.55","73,445.01","71,865.55","72,898.27","1,700.00",0.01,"613,100.00"
07/11/2024,"70,043.09","73,019.77","69,253.36","71,865.55","4,200.00",0.04,"321,100.00"
06/11/2024,"69,557.10","69,860.84","68,706.62","69,860.84","1,400.00",0.01,"65,600.00"
05/11/2024,"69,192.61","69,557.10","68,645.87","69,557.10",700.00,0.01,"39,800.00"
04/11/2024,"67,430.90","69,860.84","67,430.90","69,192.61","-1,400.00",-0.01,"62,000.00"
01/11/2024,"71,379.56","71,379.56","69,557.10","70,468.33","1,100.00",0.01,"57,700.00"
31/10/2024,"71,622.55","71,683.30","67,430.90","71,683.30",100.00,0.00,"346,100.00"
30/10/2024,"71,683.30","71,987.04","71,379.56","71,440.31",-200.00,0.00,"70,600.00"
29/10/2024,"70,286.08","72,169.29","70,286.08","71,683.30","2,300.00",0.02,"295,500.00"
28/10/2024,"71,136.56","71,379.56","69,253.36","70,103.84","-1,600.00",-0.01,"92,600.00"
25/10/2024,"71,501.06","71,501.06","70,589.83","71,501.06",0.00,0.00,"100,900.00"
24/10/2024,"69,314.11","72,169.29","69,314.11","71,075.82","3,600.00",0.03,"350,500.00"
23/10/2024,"68,949.62","69,800.10","67,734.64","69,435.60",800.00,0.01,"123,000.00"
22/10/2024,"70,164.59","70,164.59","67,430.90","69,253.36",-700.00,-0.01,"177,800.00"
21/10/2024,"70,286.08","70,286.08","69,010.36","70,164.59",-100.00,0.00,"110,400.00"
18/10/2024,"69,921.59","70,529.08","69,314.11","70,286.08","1,200.00",0.01,"160,300.00"
17/10/2024,"70,164.59","70,286.08","68,767.37","69,921.59",300.00,0.00,"126,900.00"
16/10/2024,"69,617.85","70,164.59","67,916.89","70,164.59","1,500.00",0.01,"325,500.00"
15/10/2024,"68,645.87","70,164.59","68,038.39","69,131.86","1,700.00",0.02,"342,400.00"
14/10/2024,"69,010.36","69,253.36","67,309.40","68,645.87","1,700.00",0.02,"192,000.00"
11/10/2024,"65,486.95","69,071.11","65,304.70","68,888.87","4,500.00",0.04,"505,100.00"
10/10/2024,"66,215.93","67,248.66","64,454.22","65,608.45",800.00,0.01,"147,200.00"
09/10/2024,"62,996.26","67,066.41","62,996.26","66,215.93","6,700.00",0.07,"896,400.00"
08/10/2024,"62,085.03","62,996.26","61,781.29","62,996.26","1,500.00",0.01,"176,700.00"
07/10/2024,"62,085.03","62,571.02","61,902.78","61,963.53",-100.00,0.00,"47,600.00"
04/10/2024,"63,057.01","63,057.01","61,842.03","61,963.53","-1,100.00",-0.01,"96,100.00"
03/10/2024,"62,449.52","63,178.50","62,449.52","62,510.27",0.00,0.00,"79,600.00"
02/10/2024,"63,057.01","63,178.50","62,388.77","62,388.77","-1,300.00",-0.01,"127,100.00"
01/10/2024,"63,178.50","63,300.00","62,874.76","63,057.01",-100.00,0.00,"113,900.00"
30/09/2024,"63,846.74","63,846.74","62,874.76","63,057.01","-1,600.00",-0.02,"134,500.00"
27/09/2024,"64,393.47","64,879.46","63,846.74","63,846.74",-700.00,-0.01,"118,800.00"
26/09/2024,"64,393.47","64,697.22","63,968.23","64,211.23",-600.00,-0.01,"149,100.00"
25/09/2024,"64,514.97","65,304.70","64,271.98","64,393.47",-200.00,0.00,"152,200.00"
24/09/2024,"64,697.22","65,000.96","64,211.23","64,454.22",-900.00,-0.01,"131,900.00"
23/09/2024,"65,608.45","65,669.19","64,636.47","64,757.97","-1,300.00",-0.01,"51,600.00"
20/09/2024,"64,454.22","65,912.19","64,454.22","65,608.45","1,900.00",0.02,"229,300.00"
19/09/2024,"65,061.71","65,426.20","64,150.48","64,454.22","-1,000.00",-0.01,"163,100.00"
18/09/2024,"64,697.22","65,669.19","64,393.47","64,575.72",100.00,0.00,"154,500.00"
17/09/2024,"64,757.97","64,757.97","64,332.73","64,454.22",-500.00,0.00,"68,500.00"
16/09/2024,"64,879.46","65,000.96","64,393.47","64,940.21",-100.00,0.00,"89,800.00"
13/09/2024,"65,486.95","65,547.70","64,757.97","64,940.21",-400.00,0.00,"110,900.00"
12/09/2024,"65,243.95","65,851.44","64,393.47","65,000.96",0.00,0.00,"44,300.00"
11/09/2024,"64,697.22","65,912.19","64,393.47","65,365.45","1,300.00",0.01,"95,300.00"
10/09/2024,"64,393.47","64,757.97","64,393.47","64,697.22",400.00,0.00,"185,400.00"
09/09/2024,"65,000.96","65,000.96","64,271.98","64,393.47",-600.00,-0.01,"50,700.00"
06/09/2024,"65,608.45","65,608.45","64,332.73","65,000.96","-1,300.00",-0.01,"136,100.00"
05/09/2024,"66,519.67","66,519.67","65,426.20","65,608.45","-1,000.00",-0.01,"121,600.00"
04/09/2024,"66,823.42","66,823.42","65,790.69","66,458.93",-400.00,0.00,"141,400.00"
30/08/2024,"66,701.92","67,309.40","66,337.43","66,823.42",900.00,0.01,"128,500.00"
29/08/2024,"66,762.67","66,762.67","65,790.69","66,701.92",400.00,0.00,"86,000.00"
28/08/2024,"66,823.42","66,823.42","66,215.93","66,762.67","1,200.00",0.01,"83,800.00"
27/08/2024,"66,762.67","66,823.42","65,365.45","66,823.42",-200.00,0.00,"175,200.00"
26/08/2024,"68,038.39","68,099.14","66,215.93","66,762.67","-1,700.00",-0.02,"229,100.00"
23/08/2024,"68,524.38","68,524.38","67,370.15","68,038.39","-1,200.00",-0.01,"254,700.00"
22/08/2024,"69,192.61","69,192.61","68,585.12","69,071.11",500.00,0.00,"126,300.00"
21/08/2024,"69,010.36","69,253.36","68,220.63","69,192.61",900.00,0.01,"157,600.00"
20/08/2024,"68,402.88","69,253.36","68,038.39","69,192.61","2,100.00",0.02,"188,500.00"
19/08/2024,"66,580.42","68,402.88","66,580.42","68,342.13","3,500.00",0.03,"327,600.00"
16/08/2024,"66,215.93","67,005.66","65,000.96","66,519.67","2,400.00",0.02,"302,100.00"
15/08/2024,"65,912.19","65,912.19","64,757.97","65,000.96",-600.00,-0.01,"142,200.00"
14/08/2024,"66,762.67","66,762.67","65,000.96","66,215.93",600.00,0.01,"169,700.00"
13/08/2024,"66,701.92","66,884.17","65,000.96","66,033.69",500.00,0.00,"279,800.00"
12/08/2024,"66,762.67","66,884.17","65,061.71","66,580.42","2,800.00",0.03,"145,300.00"
09/08/2024,"62,753.26","66,823.42","62,753.26","66,762.67","7,000.00",0.07,"413,300.00"
08/08/2024,"62,631.77","63,360.75","61,781.29","62,874.76",400.00,0.00,"210,200.00"
07/08/2024,"62,692.51","64,211.23","61,781.29","61,781.29","-1,500.00",-0.01,"231,800.00"
06/08/2024,"64,332.73","66,033.69","61,659.79","61,963.53","-6,500.00",-0.06,"831,800.00"
05/08/2024,"65,608.45","68,038.39","65,000.96","65,000.96","-5,000.00",-0.04,"246,700.00"
02/08/2024,"65,729.94","69,557.10","65,729.94","69,496.35","2,500.00",0.02,"235,900.00"
01/08/2024,"70,225.34","70,711.32","66,823.42","68,645.87","-1,700.00",-0.01,"358,500.00"
31/07/2024,"71,440.31","71,440.31","68,888.87","70,407.58","-1,700.00",-0.01,"461,400.00"
30/07/2024,"71,379.56","72,594.53","69,557.10","71,683.30",500.00,0.00,"277,000.00"
29/07/2024,"71,683.30","71,987.04","70,468.33","71,379.56","2,800.00",0.02,"417,900.00"
26/07/2024,"67,916.89","70,346.83","67,613.15","69,921.59","4,700.00",0.04,"387,000.00"
25/07/2024,"65,000.96","67,916.89","64,089.73","67,916.89","5,500.00",0.05,"419,100.00"
24/07/2024,"64,636.47","65,608.45","62,571.02","65,608.45","1,600.00",0.02,"294,000.00"
23/07/2024,"64,271.98","65,608.45","63,178.50","65,183.21","1,700.00",0.02,"298,200.00"
22/07/2024,"65,912.19","65,912.19","62,874.76","65,608.45",-500.00,0.00,"316,600.00"
19/07/2024,"67,370.15","67,370.15","64,940.21","66,155.18",100.00,0.00,"198,400.00"
18/07/2024,"68,402.88","68,402.88","64,211.23","67,370.15","-1,700.00",-0.02,"2,495,400.00"
17/07/2024,"70,772.07","71,075.82","67,430.90","69,071.11","-3,100.00",-0.03,"997,500.00"
16/07/2024,"72,230.04","72,898.27","69,921.59","70,468.33","-2,500.00",-0.02,"556,700.00"
15/07/2024,"73,202.02","73,384.26","71,501.06","71,987.04","-2,400.00",-0.02,"2,145,900.00"
12/07/2024,"73,505.76","75,328.21","72,898.27","73,384.26",800.00,0.01,"365,500.00"
11/07/2024,"72,898.27","73,991.75","72,047.79","73,505.76",0.00,0.00,"2,231,900.00"
10/07/2024,"74,720.73","74,781.48","72,898.27","72,898.27","-2,700.00",-0.02,"510,700.00"
09/07/2024,"75,996.45","75,996.45","73,688.00","74,720.73","-2,100.00",-0.02,"392,400.00"
08/07/2024,"75,631.96","77,150.67","75,085.22","75,935.70","1,400.00",0.01,"2,034,300.00"
05/07/2024,"73,262.76","76,421.69","73,262.76","75,631.96","4,400.00",0.04,"340,700.00"
04/07/2024,"71,318.81","75,145.97","71,015.07","73,566.51","3,500.00",0.03,"291,500.00"
03/07/2024,"72,716.03","73,141.27","70,832.82","71,075.82","-2,700.00",-0.02,"458,400.00"
02/07/2024,"71,987.04","73,505.76","71,865.55","72,837.52","2,700.00",0.02,"171,700.00"
01/07/2024,"74,113.24","74,113.24","69,860.84","72,108.54","-4,300.00",-0.03,"565,300.00"
28/06/2024,"76,846.93","78,973.13","72,898.27","74,113.24","-2,900.00",-0.02,"331,300.00"
27/06/2024,"77,454.41","77,575.91","74,720.73","76,239.44","-1,500.00",-0.01,"407,100.00"
26/06/2024,"76,421.69","78,973.13","75,388.96","77,758.16","3,000.00",0.02,"303,400.00"
25/06/2024,"74,720.73","77,758.16","74,720.73","76,543.19","-2,000.00",-0.02,"329,700.00"
24/06/2024,"82,618.04","82,618.04","74,842.23","77,515.16","-8,300.00",-0.06,"1,167,700.00"
21/06/2024,"82,010.56","83,711.52","81,706.81","82,192.80","1,400.00",0.01,"498,600.00"
20/06/2024,"80,127.35","82,921.79","79,580.61","81,646.07","4,800.00",0.04,"449,500.00"
19/06/2024,"80,005.85","80,188.10","77,454.41","80,127.35",300.00,0.00,"441,600.00"
18/06/2024,"79,216.12","81,949.81","79,216.12","79,702.11",800.00,0.01,"410,000.00"
17/06/2024,"80,188.10","80,795.59","77,150.67","79,945.11","-1,300.00",-0.01,"583,300.00"
14/06/2024,"83,225.53","83,833.01","78,365.64","78,547.89",0.00,0.00,"1,022,600.00"
13/06/2024,"74,234.74","82,496.55","74,234.74","82,375.05","13,300.00",0.11,"659,500.00"
12/06/2024,"73,688.00","75,328.21","73,202.02","75,024.47","2,300.00",0.02,"458,000.00"
11/06/2024,"74,052.50","75,510.46","72,898.27","73,627.26","1,900.00",0.02,"563,800.00"
10/06/2024,"70,468.33","74,052.50","70,468.33","74,052.50","6,500.00",0.06,"625,100.00"
07/06/2024,"68,828.12","71,683.30","68,828.12","70,468.33","2,700.00",0.02,"424,200.00"
06/06/2024,"69,253.36","69,860.84","68,038.39","69,435.60",200.00,0.00,"336,800.00"
05/06/2024,"69,860.84","71,136.56","68,463.63","68,645.87","-1,100.00",-0.01,"663,500.00"
04/06/2024,"67,977.64","71,075.82","67,977.64","70,468.33","6,000.00",0.05,"502,400.00"
03/06/2024,"62,874.76","68,949.62","62,874.76","67,977.64","7,300.00",0.07,"496,400.00"
31/05/2024,"61,477.54","65,669.19","60,444.82","62,874.76","4,100.00",0.04,"605,300.00"
30/05/2024,"62,328.02","62,328.02","59,472.84","61,052.30","-2,100.00",-0.02,"548,600.00"
29/05/2024,"61,842.03","63,725.24","61,173.80","62,571.02","1,500.00",0.01,"526,400.00"
28/05/2024,"59,837.33","63,725.24","59,776.58","61,842.03","4,800.00",0.05,"814,000.00"
27/05/2024,"59,533.59","59,837.33","58,257.87","59,837.33",-900.00,-0.01,"456,300.00"
24/05/2024,"60,262.57","61,659.79","59,047.60","59,533.59",-200.00,0.00,"610,700.00"
23/05/2024,"59,533.59","60,748.56","58,804.61","60,748.56","1,900.00",0.02,"388,500.00"
22/05/2024,"59,655.09","60,262.57","58,986.85","59,594.34",-200.00,0.00,"405,100.00"
21/05/2024,"60,444.82","61,356.05","59,169.10","59,229.85","-3,800.00",-0.04,"409,800.00"
20/05/2024,"60,687.81","63,178.50","60,019.58","60,505.57",0.00,0.00,"473,000.00"
17/05/2024,"59,472.84","61,659.79","59,047.60","60,141.07","1,000.00",0.01,"1,081,000.00"
16/05/2024,"60,019.58","60,444.82","58,986.85","59,472.84",-900.00,-0.01,"535,300.00"
15/05/2024,"59,351.34","61,356.05","59,351.34","59,472.84",200.00,0.00,"716,000.00"
14/05/2024,"58,318.62","60,141.07","58,318.62","59,837.33","1,800.00",0.02,"590,000.00"
13/05/2024,"60,444.82","60,444.82","58,197.12","58,379.37","-2,800.00",-0.03,"700,800.00"
10/05/2024,"61,295.30","62,267.27","59,412.09","60,687.81","-1,000.00",-0.01,"374,100.00"
09/05/2024,"60,019.58","62,571.02","59,533.59","60,627.06","2,800.00",0.03,"552,200.00"
08/05/2024,"59,472.84","60,080.33","58,561.61","60,019.58",900.00,0.01,"591,300.00"
07/05/2024,"59,533.59","60,201.82","58,500.86","59,472.84",200.00,0.00,"483,600.00"
06/05/2024,"57,225.14","61,356.05","57,225.14","59,655.09","4,900.00",0.05,"607,000.00"
03/05/2024,"54,977.45","57,407.39","54,977.45","57,346.64","6,100.00",0.07,"686,400.00"
02/05/2024,"51,332.53","55,098.94","51,332.53","54,673.70","7,300.00",0.09,"1,064,800.00"
26/04/2024,"49,510.08","51,332.53","48,598.85","50,664.30","2,300.00",0.03,"218,000.00"
25/04/2024,"50,542.80","50,542.80","48,781.09","49,692.32","-1,400.00",-0.02,"369,000.00"
24/04/2024,"50,968.04","51,636.28","50,117.56","50,360.56","-1,000.00",-0.01,"331,500.00"
23/04/2024,"51,211.04","52,183.01","50,421.31","50,968.04",100.00,0.00,"251,400.00"
22/04/2024,"51,575.53","51,636.28","50,664.30","51,211.04",600.00,0.01,"193,600.00"
19/04/2024,"51,636.28","51,636.28","50,603.55","51,271.79",-600.00,-0.01,"374,100.00"
17/04/2024,"52,243.76","52,851.25","50,907.29","51,940.02","1,000.00",0.01,"587,100.00"
16/04/2024,"52,000.77","52,669.00","50,846.55","52,547.50",100.00,0.00,"309,200.00"
15/04/2024,"51,575.53","53,458.73","51,028.79","51,636.28",0.00,0.00,"1,203,900.00"
12/04/2024,"51,514.78","51,940.02","51,211.04","51,575.53",900.00,0.01,"228,000.00"
11/04/2024,"51,757.77","52,000.77","50,725.05","51,211.04","-1,100.00",-0.01,"240,300.00"
10/04/2024,"51,332.53","52,486.76","51,332.53","51,818.52","1,100.00",0.01,"297,000.00"
09/04/2024,"50,907.29","51,332.53","50,725.05","51,271.79",600.00,0.01,"190,100.00"
08/04/2024,"51,575.53","51,575.53","50,664.30","51,271.79",-100.00,0.00,"155,700.00"
05/04/2024,"50,421.31","52,243.76","50,421.31","51,575.53","1,400.00",0.02,"294,500.00"
04/04/2024,"50,846.55","51,028.79","50,542.80","50,907.29",0.00,0.00,"159,600.00"
03/04/2024,"51,028.79","51,454.03","50,725.05","51,089.54",100.00,0.00,"476,800.00"
02/04/2024,"50,421.31","51,636.28","50,421.31","51,028.79",-300.00,0.00,"107,000.00"
01/04/2024,"51,454.03","51,697.02","50,785.80","51,454.03",0.00,0.00,"143,100.00"
29/03/2024,"51,514.78","52,122.26","51,089.54","51,514.78",100.00,0.00,"124,900.00"
28/03/2024,"51,575.53","52,183.01","51,089.54","51,514.78",500.00,0.01,"190,600.00"
27/03/2024,"51,332.53","52,243.76","50,785.80","51,211.04",200.00,0.00,"330,900.00"
26/03/2024,"51,271.79","51,636.28","50,603.55","51,332.53",-100.00,0.00,"160,400.00"
25/03/2024,"52,972.74","52,972.74","50,907.29","50,968.04","-1,600.00",-0.02,"339,100.00"
22/03/2024,"52,851.25","53,094.24","51,636.28","52,000.77",-400.00,0.00,"306,800.00"
21/03/2024,"53,154.99","53,397.98","51,757.77","52,547.50","1,400.00",0.02,"228,200.00"
20/03/2024,"51,636.28","53,337.24","51,393.28","53,154.99","1,600.00",0.02,"407,200.00"
19/03/2024,"53,458.73","54,612.96","51,514.78","51,636.28","-3,000.00",-0.03,"396,600.00"
18/03/2024,"54,309.21","56,496.16","51,636.28","52,608.25","-2,600.00",-0.03,"461,400.00"
15/03/2024,"53,458.73","55,888.68","53,458.73","54,309.21",400.00,0.00,"413,100.00"
14/03/2024,"54,673.70","54,673.70","53,580.23","54,369.96",900.00,0.01,"192,200.00"
13/03/2024,"52,547.50","54,673.70","52,547.50","54,673.70","4,200.00",0.05,"650,300.00"
12/03/2024,"50,421.31","53,154.99","50,239.06","52,547.50","2,600.00",0.03,"834,200.00"
11/03/2024,"51,332.53","51,575.53","50,421.31","51,089.54",600.00,0.01,"225,300.00"
08/03/2024,"51,879.27","52,426.01","50,299.81","51,150.29",0.00,0.00,"281,400.00"
07/03/2024,"51,332.53","51,940.02","50,725.05","51,271.79",0.00,0.00,"341,200.00"
06/03/2024,"52,243.76","52,243.76","50,725.05","51,575.53","-1,300.00",-0.02,"278,900.00"
05/03/2024,"52,547.50","53,458.73","51,757.77","51,940.02",0.00,0.00,"160,400.00"
04/03/2024,"50,725.05","52,547.50","50,542.80","52,243.76","2,800.00",0.03,"861,900.00"
01/03/2024,"50,117.56","50,907.29","49,753.07","50,907.29","1,200.00",0.01,"203,900.00"
29/02/2024,"50,178.31","51,028.79","49,692.32","50,542.80",600.00,0.01,"218,500.00"
28/02/2024,"49,996.07","51,028.79","49,510.08","50,785.80","1,300.00",0.02,"261,900.00"
27/02/2024,"49,206.33","51,028.79","49,206.33","50,117.56","1,700.00",0.02,"485,000.00"
26/02/2024,"49,510.08","49,813.82","48,538.10","49,267.08",-600.00,-0.01,"180,600.00"
23/02/2024,"50,421.31","51,028.79","49,206.33","49,510.08","-1,300.00",-0.02,"290,200.00"
22/02/2024,"50,421.31","51,514.78","49,753.07","50,421.31",400.00,0.00,"208,100.00"
21/02/2024,"49,692.32","50,725.05","49,084.84","50,725.05","2,400.00",0.03,"461,000.00"
20/02/2024,"49,813.82","50,299.81","48,720.35","49,813.82",0.00,0.00,"261,200.00"
19/02/2024,"50,056.81","50,725.05","49,206.33","49,570.83",900.00,0.01,"224,400.00"
16/02/2024,"48,598.85","50,421.31","48,112.86","50,117.56","2,400.00",0.03,"426,200.00"
15/02/2024,"48,598.85","51,028.79","48,173.61","48,598.85",0.00,0.00,"192,900.00"
07/02/2024,"48,659.60","49,813.82","47,991.36","48,538.10",0.00,0.00,"200,800.00"
06/02/2024,"49,145.59","49,631.57","47,991.36","48,902.59",800.00,0.01,"181,600.00"
05/02/2024,"46,776.39","49,206.33","46,776.39","49,145.59","3,900.00",0.05,"409,400.00"
02/02/2024,"47,262.38","48,598.85","46,108.16","47,262.38",0.00,0.00,"442,900.00"
01/02/2024,"46,776.39","48,173.61","46,108.16","47,626.87","2,500.00",0.03,"437,800.00"
31/01/2024,"43,678.21","48,295.11","43,678.21","47,019.39","5,500.00",0.08,"985,400.00"
30/01/2024,"43,070.73","44,771.69","42,706.24","43,860.46","1,700.00",0.02,"513,200.00"
29/01/2024,"43,738.96","43,738.96","42,281.00","42,341.75","-1,400.00",-0.02,"901,900.00"
26/01/2024,"41,612.76","43,738.96","41,612.76","43,738.96","3,800.00",0.06,"409,600.00"
25/01/2024,"40,276.30","42,281.00","39,851.06","41,977.26","3,100.00",0.05,"364,000.00"
24/01/2024,"39,790.31","40,397.79","39,608.06","40,276.30",800.00,0.01,"639,200.00"
23/01/2024,"39,911.80","40,094.05","39,668.81","40,033.30",-200.00,0.00,"112,500.00"
22/01/2024,"40,397.79","40,580.04","39,851.06","39,911.80",-400.00,-0.01,"117,400.00"
19/01/2024,"39,790.31","40,458.54","39,608.06","40,397.79","1,700.00",0.03,"238,000.00"
18/01/2024,"39,851.06","39,851.06","39,182.82","39,547.31",400.00,0.01,"1,382,100.00"
17/01/2024,"39,061.32","39,972.55","38,939.83","39,911.80","1,800.00",0.03,"472,500.00"
16/01/2024,"39,243.57","39,243.57","38,575.34","39,061.32",-100.00,0.00,"120,400.00"
15/01/2024,"39,182.82","39,486.56","39,000.58","39,000.58",-400.00,-0.01,"107,800.00"
12/01/2024,"39,547.31","39,547.31","38,939.83","39,182.82",-600.00,-0.01,"935,800.00"
11/01/2024,"39,790.31","40,094.05","39,365.07","39,486.56",-300.00,0.00,"990,400.00"
10/01/2024,"40,094.05","40,094.05","39,608.06","39,668.81",-700.00,-0.01,"84,300.00"
09/01/2024,"39,729.56","40,580.04","39,608.06","39,851.06",200.00,0.00,"520,500.00"
08/01/2024,"39,365.07","40,094.05","39,122.07","39,729.56",400.00,0.01,"124,000.00"
05/01/2024,"39,851.06","40,033.30","39,243.57","39,729.56",-200.00,0.00,"107,000.00"
04/01/2024,"39,851.06","40,215.55","39,486.56","39,608.06",-400.00,-0.01,"195,400.00"
03/01/2024,"39,122.07","40,397.79","38,879.08","39,972.55","1,300.00",0.02,"149,900.00"
02/01/2024,"38,575.34","39,851.06","38,575.34","38,818.33",500.00,0.01,"541,900.00"
29/12/2023,"38,696.83","40,094.05","37,907.10","40,094.05","2,200.00",0.03,"608,700.00"
28/12/2023,"38,939.83","39,061.32","38,575.34","38,636.08",-800.00,-0.01,"260,200.00"
27/12/2023,"39,486.56","39,486.56","38,939.83","39,061.32",-600.00,-0.01,"600,200.00"
26/12/2023,"38,879.08","39,668.81","38,879.08","39,365.07","1,200.00",0.02,"417,500.00"
25/12/2023,"37,785.60","39,182.82","37,785.60","38,879.08","2,100.00",0.03,"429,500.00"
22/12/2023,"37,360.36","38,150.10","37,178.12","37,785.60",900.00,0.01,"169,300.00"
21/12/2023,"37,664.11","37,724.86","36,995.87","37,360.36",-500.00,-0.01,"467,200.00"
20/12/2023,"38,757.58","38,757.58","37,238.87","37,846.35","-1,200.00",-0.02,"391,200.00"
19/12/2023,"39,668.81","39,668.81","38,271.59","38,757.58",-800.00,-0.01,"144,100.00"
18/12/2023,"39,061.32","39,790.31","38,939.83","39,122.07",700.00,0.01,"85,600.00"
15/12/2023,"38,939.83","39,182.82","38,393.09","39,182.82",500.00,0.01,"597,200.00"
14/12/2023,"39,486.56","39,486.56","38,696.83","39,182.82",-600.00,-0.01,"815,200.00"
13/12/2023,"40,094.05","40,154.80","39,000.58","39,365.07",-600.00,-0.01,"110,100.00"
12/12/2023,"40,701.54","40,701.54","39,243.57","39,972.55",-600.00,-0.01,"261,700.00"
11/12/2023,"40,458.54","40,458.54","40,276.30","40,458.54",0.00,0.00,"18,800.00"
08/12/2023,"40,701.54","40,701.54","40,094.05","40,276.30",-900.00,-0.01,"100,200.00"
07/12/2023,"41,126.78","41,126.78","40,397.79","40,519.29",-500.00,-0.01,"56,800.00"
06/12/2023,"40,701.54","41,187.52","40,640.79","41,126.78",300.00,0.00,"69,000.00"
05/12/2023,"40,883.78","41,309.02","40,762.28","40,762.28",200.00,0.00,"32,100.00"
04/12/2023,"42,098.75","42,159.50","38,271.59","40,823.03",-600.00,-0.01,"88,000.00"
01/12/2023,"41,369.77","41,369.77","40,944.53","41,126.78",-400.00,-0.01,"35,200.00"
30/11/2023,"41,369.77","42,098.75","41,248.27","41,248.27",-300.00,0.00,"56,200.00"
29/11/2023,"44,164.20","44,164.20","41,309.02","41,673.51",200.00,0.00,"149,600.00"
28/11/2023,"41,734.26","41,916.51","41,430.52","41,916.51",100.00,0.00,"43,900.00"
27/11/2023,"41,916.51","42,038.00","41,734.26","41,734.26",-500.00,-0.01,"42,100.00"
24/11/2023,"42,463.24","42,463.24","41,795.01","41,916.51","-1,000.00",-0.01,"99,700.00"
23/11/2023,"43,556.72","43,556.72","42,341.75","42,341.75","-1,400.00",-0.02,"215,500.00"
22/11/2023,"43,799.71","43,799.71","43,009.98","43,556.72",-100.00,0.00,"108,600.00"
21/11/2023,"43,556.72","43,921.21","43,556.72","43,617.47",-100.00,0.00,"20,800.00"
20/11/2023,"44,346.45","44,346.45","43,495.97","43,556.72",-900.00,-0.01,"30,600.00"
17/11/2023,"44,042.71","44,589.44","43,495.97","44,346.45",700.00,0.01,"20,900.00"
16/11/2023,"43,192.23","44,103.45","43,192.23","44,042.71","1,400.00",0.02,"84,600.00"
15/11/2023,"42,888.48","43,435.22","42,827.74","43,192.23",500.00,0.01,"64,300.00"
14/11/2023,"42,888.48","43,070.73","42,766.99","42,888.48",400.00,0.01,"88,100.00"
13/11/2023,"42,645.49","43,070.73","42,463.24","42,523.99",-100.00,0.00,"16,800.00"
10/11/2023,"42,766.99","42,766.99","42,463.24","42,523.99",-800.00,-0.01,"30,300.00"
09/11/2023,"43,435.22","43,678.21","42,523.99","42,766.99","-1,000.00",-0.01,"95,600.00"
08/11/2023,"43,435.22","43,981.96","42,949.23","43,678.21",900.00,0.01,"65,900.00"
07/11/2023,"42,706.24","43,981.96","42,584.74","43,981.96","2,300.00",0.03,"104,100.00"
06/11/2023,"42,523.99","42,645.49","42,402.50","42,402.50",-400.00,-0.01,"47,100.00"
03/11/2023,"42,706.24","43,374.47","42,523.99","42,523.99",-200.00,0.00,"23,400.00"
02/11/2023,"42,341.75","42,949.23","42,341.75","42,645.49",300.00,0.00,"25,800.00"
01/11/2023,"41,977.26","42,706.24","41,977.26","42,463.24",-200.00,0.00,"60,300.00"
31/10/2023,"43,192.23","43,192.23","42,281.00","42,402.50",-700.00,-0.01,"43,600.00"
30/10/2023,"42,949.23","43,131.48","42,706.24","42,949.23",0.00,0.00,"130,600.00"
27/10/2023,"43,131.48","43,495.97","42,523.99","42,766.99","-1,300.00",-0.02,"75,000.00"
26/10/2023,"45,257.68","45,257.68","43,131.48","43,192.23","-1,900.00",-0.03,"45,400.00"
25/10/2023,"44,224.95","44,467.95","44,103.45","44,224.95",-400.00,-0.01,"76,200.00"
24/10/2023,"44,953.93","44,953.93","44,346.45","44,467.95",-600.00,-0.01,"36,200.00"
23/10/2023,"45,075.43","45,075.43","44,650.19","44,771.69",-300.00,0.00,"2,800.00"
20/10/2023,"44,650.19","45,257.68","44,528.69","45,075.43","1,000.00",0.01,"87,000.00"
19/10/2023,"44,832.44","44,832.44","44,407.20","44,528.69",-600.00,-0.01,"60,900.00"
18/10/2023,"45,014.68","45,014.68","44,589.44","44,771.69",-400.00,-0.01,"31,500.00"
17/10/2023,"45,014.68","45,136.18","44,953.93","45,136.18",200.00,0.00,"152,800.00"
16/10/2023,"44,893.19","45,196.93","44,650.19","44,953.93",-100.00,0.00,"20,900.00"
13/10/2023,"44,953.93","45,014.68","44,953.93","45,014.68",0.00,0.00,"19,000.00"
12/10/2023,"45,196.93","45,196.93","44,893.19","44,953.93",-200.00,0.00,"58,100.00"
11/10/2023,"45,379.17","45,379.17","44,953.93","45,196.93",0.00,0.00,"54,200.00"
10/10/2023,"45,257.68","45,257.68","45,136.18","45,196.93",-100.00,0.00,"20,100.00"
09/10/2023,"44,953.93","45,318.43","44,953.93","45,196.93",-200.00,0.00,"50,300.00"
06/10/2023,"45,075.43","45,500.67","45,075.43","45,136.18",-300.00,0.00,"21,600.00"
05/10/2023,"45,379.17","45,561.42","45,196.93","45,318.43",200.00,0.00,"21,500.00"
04/10/2023,"45,318.43","45,318.43","45,075.43","45,257.68",-100.00,0.00,"27,500.00"
03/10/2023,"45,561.42","45,682.92","45,136.18","45,682.92",100.00,0.00,"40,700.00"
02/10/2023,"45,500.67","45,925.91","45,500.67","45,682.92",300.00,0.00,"19,100.00"
29/09/2023,"45,622.17","45,622.17","45,439.92","45,500.67",-200.00,0.00,"431,500.00"
28/09/2023,"45,865.16","45,865.16","45,379.17","45,622.17",0.00,0.00,"53,400.00"
27/09/2023,"46,229.65","46,229.65","45,379.17","45,865.16",-600.00,-0.01,"27,800.00"
26/09/2023,"46,837.14","46,837.14","45,743.67","45,865.16","-1,600.00",-0.02,"98,300.00"
25/09/2023,"46,837.14","46,958.64","46,715.64","46,897.89",200.00,0.00,"73,400.00"
22/09/2023,"47,019.39","47,019.39","46,594.15","46,776.39",-800.00,-0.01,"110,500.00"
21/09/2023,"47,080.13","47,383.88","47,080.13","47,323.13",100.00,0.00,"42,600.00"
20/09/2023,"46,594.15","47,566.12","46,594.15","47,383.88","1,400.00",0.02,"96,200.00"
19/09/2023,"46,168.91","46,594.15","46,168.91","46,594.15","1,000.00",0.01,"88,400.00"
18/09/2023,"45,682.92","46,229.65","45,622.17","46,168.91",800.00,0.01,"87,700.00"
15/09/2023,"45,743.67","45,804.41","45,561.42","45,743.67",0.00,0.00,"66,700.00"
14/09/2023,"45,865.16","45,986.66","45,500.67","45,622.17",-400.00,-0.01,"88,700.00"
13/09/2023,"45,865.16","46,047.41","45,622.17","45,622.17",-100.00,0.00,"64,300.00"
12/09/2023,"45,561.42","46,047.41","45,439.92","46,047.41",800.00,0.01,"47,100.00"
11/09/2023,"45,865.16","46,168.91","45,318.43","45,439.92",-300.00,0.00,"127,800.00"
08/09/2023,"45,925.91","45,925.91","45,318.43","45,622.17",-700.00,-0.01,"129,800.00"
07/09/2023,"46,351.15","46,351.15","45,804.41","45,925.91",-100.00,0.00,"109,800.00"
06/09/2023,"45,986.66","46,229.65","45,622.17","46,168.91",300.00,0.00,"172,500.00"
05/09/2023,"46,229.65","46,229.65","45,561.42","45,561.42",0.00,0.00,"50,800.00"
31/08/2023,"46,047.41","46,351.15","44,953.93","45,561.42",300.00,0.00,"155,700.00"
30/08/2023,"45,865.16","46,168.91","44,893.19","46,047.41",400.00,0.01,"252,400.00"
29/08/2023,"45,925.91","46,168.91","45,561.42","45,743.67",-200.00,0.00,"74,200.00"
28/08/2023,"46,837.14","46,837.14","45,500.67","45,865.16","-1,300.00",-0.02,"113,900.00"
25/08/2023,"46,290.40","47,140.88","46,290.40","47,080.13","1,300.00",0.02,"16,700.00"
24/08/2023,"47,505.37","47,505.37","45,865.16","46,472.65","-1,700.00",-0.02,"160,400.00"
23/08/2023,"47,383.88","47,687.62","47,262.38","47,566.12",300.00,0.00,"84,600.00"
22/08/2023,"47,201.63","47,687.62","47,201.63","47,383.88",0.00,0.00,"11,800.00"
21/08/2023,"47,262.38","47,626.87","47,201.63","47,505.37",-400.00,-0.01,"13,300.00"
18/08/2023,"48,052.11","48,052.11","47,140.88","47,262.38","-1,500.00",-0.02,"50,000.00"
17/08/2023,"48,173.61","48,295.11","48,052.11","48,173.61",200.00,0.00,"16,200.00"
16/08/2023,"47,687.62","48,234.36","47,687.62","48,112.86","1,200.00",0.02,"48,200.00"
15/08/2023,"48,477.35","48,477.35","46,958.64","47,201.63",-800.00,-0.01,"80,900.00"
14/08/2023,"48,538.10","48,538.10","47,444.63","47,687.62","-1,000.00",-0.01,"41,000.00"
11/08/2023,"49,024.09","49,024.09","47,991.36","48,538.10",-800.00,-0.01,"48,400.00"
10/08/2023,"49,510.08","49,692.32","48,963.34","48,963.34",-900.00,-0.01,"17,300.00"
09/08/2023,"49,692.32","49,813.82","49,206.33","49,267.08",-300.00,0.00,"6,600.00"
08/08/2023,"49,813.82","49,813.82","49,206.33","49,267.08",-600.00,-0.01,"17,400.00"
07/08/2023,"49,631.57","49,753.07","49,449.33","49,631.57",300.00,0.00,"17,800.00"
04/08/2023,"49,267.08","49,692.32","49,267.08","49,327.83",-600.00,-0.01,"1,200.00"
03/08/2023,"49,570.83","49,813.82","48,659.60","49,813.82",400.00,0.00,"41,500.00"
02/08/2023,"49,206.33","49,692.32","49,206.33","49,631.57",300.00,0.00,"82,700.00"
01/08/2023,"48,902.59","49,813.82","48,902.59","48,902.59",500.00,0.01,"26,700.00"
31/07/2023,"48,355.85","48,841.84","48,355.85","48,841.84",600.00,0.01,"55,500.00"
28/07/2023,"48,538.10","48,598.85","48,295.11","48,355.85",-200.00,0.00,"15,200.00"
27/07/2023,"48,659.60","48,720.35","48,355.85","48,598.85",-100.00,0.00,"26,500.00"
26/07/2023,"48,659.60","48,720.35","48,416.60","48,598.85",-100.00,0.00,"23,600.00"
25/07/2023,"48,598.85","48,902.59","48,295.11","48,295.11",-900.00,-0.01,"67,100.00"
24/07/2023,"49,267.08","49,267.08","48,720.35","48,781.09",400.00,0.01,"27,300.00"
21/07/2023,"48,416.60","49,084.84","48,416.60","49,084.84","1,200.00",0.02,"48,200.00"
20/07/2023,"48,295.11","48,538.10","48,234.36","48,416.60",100.00,0.00,"61,400.00"
19/07/2023,"49,084.84","49,084.84","48,173.61","48,234.36","-1,500.00",-0.02,"40,900.00"
18/07/2023,"47,991.36","49,813.82","47,687.62","47,991.36","-2,400.00",-0.03,"46,700.00"
17/07/2023,"50,178.31","50,725.05","47,687.62","47,687.62","-4,100.00",-0.05,"90,500.00"
14/07/2023,"49,935.32","50,725.05","49,935.32","50,178.31",500.00,0.01,"79,600.00"
13/07/2023,"49,813.82","50,421.31","49,206.33","50,360.56","2,000.00",0.02,"66,500.00"
12/07/2023,"48,234.36","50,117.56","47,930.61","50,117.56","3,700.00",0.05,"104,600.00"
11/07/2023,"47,262.38","48,052.11","47,262.38","47,991.36","1,300.00",0.02,"56,100.00"
10/07/2023,"46,897.89","47,323.13","46,897.89","47,201.63","1,000.00",0.01,"97,200.00"
07/07/2023,"46,715.64","47,140.88","46,168.91","46,411.90",0.00,0.00,"39,700.00"
06/07/2023,"46,472.65","46,472.65","46,168.91","46,411.90",500.00,0.01,"48,000.00"
05/07/2023,"45,925.91","46,229.65","45,804.41","46,168.91",100.00,0.00,"117,200.00"
04/07/2023,"46,168.91","46,290.40","45,561.42","46,290.40",600.00,0.01,"111,300.00"
03/07/2023,"44,953.93","46,168.91","44,953.93","45,865.16","1,800.00",0.02,"118,000.00"
30/06/2023,"46,776.39","46,776.39","44,407.20","44,650.19","-2,100.00",-0.03,"246,300.00"
29/06/2023,"46,290.40","47,080.13","45,561.42","46,776.39",200.00,0.00,"93,600.00"
28/06/2023,"47,080.13","47,201.63","45,622.17","45,622.17","-2,500.00",-0.03,"86,900.00"
27/06/2023,"46,958.64","47,201.63","46,958.64","47,080.13",0.00,0.00,"5,400.00"
26/06/2023,"47,201.63","47,201.63","46,776.39","47,201.63",0.00,0.00,"2,700.00"
23/06/2023,"47,140.88","47,201.63","47,140.88","47,140.88",0.00,0.00,"5,400.00"
22/06/2023,"46,837.14","47,323.13","46,837.14","47,262.38",200.00,0.00,"3,200.00"
21/06/2023,"47,140.88","47,383.88","46,654.89","47,323.13",400.00,0.01,"9,000.00"
20/06/2023,"47,140.88","47,140.88","46,897.89","47,140.88",0.00,0.00,"15,700.00"
19/06/2023,"47,383.88","47,383.88","47,080.13","47,080.13",-300.00,0.00,"6,900.00"
16/06/2023,"47,140.88","47,383.88","47,080.13","47,383.88",500.00,0.01,"11,000.00"
15/06/2023,"47,383.88","47,383.88","46,168.91","46,168.91","-2,100.00",-0.03,"12,300.00"
14/06/2023,"47,444.63","47,505.37","47,383.88","47,383.88",0.00,0.00,"4,700.00"
13/06/2023,"47,262.38","47,566.12","47,201.63","47,383.88",300.00,0.00,"29,100.00"
12/06/2023,"47,323.13","47,383.88","47,080.13","47,323.13",-100.00,0.00,"5,600.00"
09/06/2023,"47,140.88","47,991.36","47,140.88","47,991.36","1,400.00",0.02,"17,700.00"
08/06/2023,"47,140.88","47,323.13","47,080.13","47,140.88",0.00,0.00,"14,300.00"
07/06/2023,"47,080.13","47,383.88","47,080.13","47,383.88",200.00,0.00,"18,500.00"
06/06/2023,"48,598.85","48,598.85","47,080.13","47,080.13",-400.00,-0.01,"19,000.00"
05/06/2023,"47,383.88","48,477.35","47,201.63","48,234.36","1,600.00",0.02,"14,300.00"
02/06/2023,"47,140.88","47,383.88","47,140.88","47,140.88",0.00,0.00,"7,400.00"
01/06/2023,"47,201.63","47,201.63","47,080.13","47,080.13",-200.00,0.00,"6,500.00"
31/05/2023,"47,383.88","47,383.88","47,140.88","47,323.13",300.00,0.00,"6,500.00"
30/05/2023,"47,140.88","47,201.63","47,080.13","47,080.13",-200.00,0.00,"16,300.00"
29/05/2023,"47,566.12","47,626.87","47,080.13","47,262.38",100.00,0.00,"7,300.00"
26/05/2023,"47,140.88","47,201.63","47,140.88","47,140.88",0.00,0.00,"5,300.00"
25/05/2023,"47,262.38","47,383.88","47,080.13","47,201.63",-600.00,-0.01,"11,200.00"
24/05/2023,"47,566.12","47,566.12","47,262.38","47,383.88",-300.00,0.00,"13,200.00"
23/05/2023,"47,444.63","47,930.61","47,383.88","47,444.63",-800.00,-0.01,"6,100.00"
22/05/2023,"47,930.61","47,991.36","47,869.87","47,930.61",0.00,0.00,"2,300.00"
19/05/2023,"47,869.87","47,991.36","47,869.87","47,869.87",0.00,0.00,"2,000.00"
18/05/2023,"47,930.61","47,991.36","47,809.12","47,869.87",0.00,0.00,"1,700.00"
17/05/2023,"47,748.37","47,991.36","47,687.62","47,991.36",-100.00,0.00,"18,000.00"
16/05/2023,"48,295.11","48,295.11","47,809.12","47,809.12",-800.00,-0.01,"3,000.00"
15/05/2023,"48,598.85","48,598.85","48,173.61","48,173.61",-900.00,-0.01,"4,200.00"
12/05/2023,"48,963.34","49,145.59","48,052.11","49,024.09",100.00,0.00,"15,500.00"
11/05/2023,"49,084.84","49,206.33","48,477.35","49,024.09","2,400.00",0.03,"32,100.00"
10/05/2023,"47,080.13","49,692.32","46,958.64","49,692.32","4,300.00",0.06,"58,800.00"
09/05/2023,"47,080.13","47,323.13","46,837.14","46,958.64",300.00,0.00,"19,500.00"
08/05/2023,"46,351.15","47,323.13","46,351.15","46,715.64",600.00,0.01,"11,500.00"
05/05/2023,"46,168.91","46,837.14","46,168.91","46,776.39",200.00,0.00,"35,900.00"
04/05/2023,"47,383.88","47,383.88","46,411.90","46,411.90","-1,600.00",-0.02,"20,400.00"
28/04/2023,"47,383.88","47,687.62","46,958.64","47,383.88","1,100.00",0.01,"74,300.00"
27/04/2023,"46,776.39","46,776.39","46,351.15","46,776.39",-300.00,0.00,"5,800.00"
26/04/2023,"47,201.63","47,201.63","46,351.15","46,776.39",100.00,0.00,800.00
25/04/2023,"47,383.88","47,383.88","46,290.40","46,290.40","-1,300.00",-0.02,"53,900.00"
24/04/2023,"47,080.13","47,383.88","46,958.64","47,383.88",-500.00,-0.01,"12,300.00"
21/04/2023,"47,748.37","47,748.37","47,080.13","47,080.13","-1,100.00",-0.01,"1,700.00"
20/04/2023,"46,837.14","47,991.36","46,837.14","47,869.87","1,700.00",0.02,"22,800.00"
19/04/2023,"46,837.14","47,566.12","46,776.39","46,837.14",0.00,0.00,"41,300.00"
18/04/2023,"47,444.63","47,444.63","46,715.64","46,776.39","-1,100.00",-0.01,"23,500.00"
17/04/2023,"47,566.12","47,566.12","47,323.13","47,383.88",-300.00,0.00,"5,900.00"
14/04/2023,"47,930.61","47,930.61","47,080.13","47,383.88",-400.00,-0.01,"8,900.00"
13/04/2023,"47,930.61","47,930.61","47,444.63","47,444.63",0.00,0.00,"27,400.00"
12/04/2023,"47,262.38","48,659.60","47,262.38","47,626.87",600.00,0.01,"45,800.00"
11/04/2023,"47,080.13","47,383.88","47,080.13","47,262.38","-1,300.00",-0.02,"31,300.00"
10/04/2023,"48,659.60","48,659.60","47,080.13","47,080.13","-2,500.00",-0.03,"35,900.00"
07/04/2023,"48,902.59","48,902.59","48,477.35","48,598.85",-500.00,-0.01,"22,100.00"
06/04/2023,"48,902.59","48,963.34","48,781.09","48,902.59",-100.00,0.00,"9,900.00"
05/04/2023,"49,267.08","49,267.08","48,781.09","48,902.59",-800.00,-0.01,"23,400.00"
04/04/2023,"49,510.08","49,753.07","49,145.59","49,267.08",-300.00,0.00,"18,400.00"
03/04/2023,"42,523.99","49,874.57","42,523.99","49,388.58",-700.00,-0.01,"13,900.00"
31/03/2023,"49,813.82","49,874.57","49,570.83","49,813.82",-400.00,0.00,"10,800.00"
30/03/2023,"50,056.81","50,299.81","49,874.57","49,874.57",-100.00,0.00,"3,300.00"
29/03/2023,"50,603.55","50,725.05","49,510.08","49,570.83","-1,400.00",-0.02,"110,700.00"
28/03/2023,"50,725.05","50,725.05","50,360.56","50,421.31",-100.00,0.00,"34,600.00"
27/03/2023,"50,603.55","50,664.30","50,421.31","50,421.31",-300.00,0.00,"10,500.00"
24/03/2023,"51,028.79","51,028.79","50,421.31","50,542.80","-1,400.00",-0.02,"5,300.00"
23/03/2023,"51,454.03","51,636.28","51,089.54","51,089.54",-700.00,-0.01,900.00
22/03/2023,"51,514.78","51,575.53","51,454.03","51,575.53",500.00,0.01,900.00
21/03/2023,"51,028.79","51,575.53","51,028.79","51,332.53",100.00,0.00,"15,500.00"
20/03/2023,"50,299.81","51,332.53","50,299.81","51,028.79",-100.00,0.00,"2,300.00"
17/03/2023,"50,725.05","51,454.03","49,813.82","51,089.54",-100.00,0.00,"16,300.00"
16/03/2023,"51,393.28","51,393.28","51,028.79","51,028.79",-800.00,-0.01,"10,600.00"
15/03/2023,"51,028.79","51,636.28","51,028.79","51,636.28","1,300.00",0.02,"213,000.00"
14/03/2023,"51,089.54","51,089.54","50,482.05","51,028.79",600.00,0.01,"12,100.00"
13/03/2023,"51,089.54","51,089.54","50,421.31","50,664.30","-1,800.00",-0.02,"28,200.00"
10/03/2023,"50,907.29","52,243.76","50,907.29","51,454.03",-100.00,0.00,"312,900.00"
09/03/2023,"51,332.53","51,636.28","51,332.53","51,636.28","1,400.00",0.02,"19,800.00"
08/03/2023,"51,028.79","51,089.54","50,725.05","51,028.79",-100.00,0.00,"36,400.00"
07/03/2023,"51,514.78","51,514.78","50,907.29","51,028.79",-800.00,-0.01,"1,600.00"
06/03/2023,"50,664.30","51,636.28","50,664.30","51,575.53","1,500.00",0.02,"37,900.00"
03/03/2023,"50,725.05","51,393.28","50,421.31","50,968.04",0.00,0.00,"24,100.00"
02/03/2023,"50,664.30","51,393.28","50,664.30","50,907.29",500.00,0.01,"10,900.00"
01/03/2023,"50,603.55","51,150.29","50,542.80","51,028.79",800.00,0.01,"1,500.00"
28/02/2023,"48,598.85","51,940.02","48,598.85","51,150.29",200.00,0.00,"54,300.00"
27/02/2023,"51,028.79","51,089.54","50,725.05","51,028.79",-200.00,0.00,"54,000.00"
24/02/2023,"51,271.79","51,575.53","51,028.79","51,332.53",0.00,0.00,"6,000.00"
23/02/2023,"51,150.29","51,393.28","51,150.29","51,393.28",100.00,0.00,"40,800.00"
22/02/2023,"51,332.53","51,393.28","51,332.53","51,393.28",0.00,0.00,"3,100.00"
21/02/2023,"51,636.28","51,636.28","51,332.53","51,332.53",-400.00,0.00,"13,900.00"
20/02/2023,"51,636.28","51,636.28","51,089.54","51,636.28",0.00,0.00,"58,800.00"
17/02/2023,"51,697.02","51,697.02","51,393.28","51,636.28",-100.00,0.00,"61,500.00"
16/02/2023,"51,271.79","52,304.51","51,271.79","51,636.28",600.00,0.01,"70,100.00"
15/02/2023,"51,028.79","51,393.28","51,028.79","51,332.53",100.00,0.00,"11,800.00"
14/02/2023,"51,393.28","51,393.28","51,089.54","51,271.79",-100.00,0.00,"30,100.00"
13/02/2023,"51,332.53","51,332.53","51,211.04","51,332.53",0.00,0.00,"57,900.00"
10/02/2023,"51,332.53","51,393.28","51,028.79","51,393.28",100.00,0.00,"9,400.00"
09/02/2023,"51,332.53","51,393.28","51,211.04","51,332.53",0.00,0.00,"7,900.00"
08/02/2023,"51,332.53","51,697.02","51,028.79","51,332.53",0.00,0.00,"92,300.00"
07/02/2023,"51,332.53","51,514.78","51,150.29","51,514.78",100.00,0.00,"18,100.00"
06/02/2023,"51,332.53","51,575.53","51,332.53","51,332.53",-100.00,0.00,"7,600.00"
03/02/2023,"51,393.28","51,454.03","51,332.53","51,332.53",-400.00,0.00,"21,300.00"
02/02/2023,"51,697.02","51,697.02","51,332.53","51,575.53",-200.00,0.00,"14,100.00"
01/02/2023,"51,940.02","51,940.02","51,575.53","51,636.28",-200.00,0.00,"99,800.00"
31/01/2023,"52,851.25","52,851.25","51,575.53","51,636.28",-600.00,-0.01,"35,100.00"
30/01/2023,"52,243.76","52,547.50","51,818.52","51,940.02",300.00,0.00,"117,600.00"
27/01/2023,"51,636.28","52,304.51","51,636.28","52,243.76","1,000.00",0.01,"80,200.00"
19/01/2023,"52,122.26","52,183.01","51,575.53","51,636.28",100.00,0.00,"88,500.00"
18/01/2023,"51,636.28","51,636.28","51,332.53","51,636.28",0.00,0.00,"83,400.00"
17/01/2023,"51,028.79","51,697.02","51,028.79","51,575.53",200.00,0.00,"86,100.00"
16/01/2023,"51,089.54","51,514.78","51,089.54","51,454.03",0.00,0.00,"15,800.00"
13/01/2023,"51,514.78","51,575.53","51,089.54","51,332.53",400.00,0.00,"14,000.00"
12/01/2023,"51,393.28","51,393.28","51,028.79","51,393.28",100.00,0.00,"9,100.00"
11/01/2023,"51,393.28","51,575.53","51,271.79","51,393.28",0.00,0.00,"15,000.00"
10/01/2023,"51,575.53","51,575.53","51,150.29","51,393.28",-300.00,0.00,"19,500.00"
09/01/2023,"51,454.03","51,636.28","51,393.28","51,636.28",100.00,0.00,"17,800.00"
06/01/2023,"51,211.04","51,636.28","51,028.79","51,575.53","1,100.00",0.01,"76,300.00"
05/01/2023,"50,907.29","51,271.79","50,785.80","51,271.79",400.00,0.00,"25,100.00"
04/01/2023,"51,636.28","51,636.28","50,785.80","51,150.29",0.00,0.00,"19,100.00"
03/01/2023,"51,271.79","51,332.53","50,785.80","51,332.53",-500.00,-0.01,"34,500.00"
30/12/2022,"51,697.02","51,757.77","51,393.28","51,393.28",-400.00,0.00,"111,600.00"
29/12/2022,"51,879.27","51,940.02","51,514.78","51,636.28",,,"18,900.00"
28/12/2022,"51,940.02","52,000.77","51,514.78","51,636.28",,,"128,400.00"
27/12/2022,"51,636.28","51,818.52","51,454.03","51,818.52",,,"760,500.00"
26/12/2022,"51,636.28","51,697.02","51,393.28","51,636.28",,,"69,900.00"
23/12/2022,"51,514.78","51,636.28","51,514.78","51,636.28",,,"721,700.00"
22/12/2022,"51,636.28","52,243.76","51,028.79","51,028.79",,,"41,300.00"
21/12/2022,"51,150.29","51,636.28","50,725.05","50,785.80",,,"53,400.00"
20/12/2022,"51,332.53","51,636.28","51,028.79","51,575.53",,,"36,300.00"
19/12/2022,"51,575.53","51,636.28","51,089.54","51,575.53",,,"35,100.00"
16/12/2022,"51,636.28","51,636.28","51,028.79","51,636.28",,,"99,100.00"
15/12/2022,"51,575.53","51,697.02","51,028.79","51,636.28",,,"88,800.00"
14/12/2022,"51,636.28","51,636.28","51,575.53","51,636.28",,,"26,500.00"
13/12/2022,"51,636.28","51,636.28","51,028.79","51,636.28",,,"61,500.00"
12/12/2022,"51,940.02","51,940.02","51,028.79","51,028.79",,,"17,300.00"
09/12/2022,"51,393.28","51,636.28","51,393.28","51,636.28",,,"250,900.00"
08/12/2022,"48,659.60","51,636.28","48,598.85","51,514.78",,,"8,900.00"
07/12/2022,"51,636.28","51,636.28","51,332.53","51,636.28",,,"52,800.00"
06/12/2022,"51,636.28","51,636.28","51,028.79","51,636.28",,,"18,500.00"
05/12/2022,"51,636.28","51,818.52","51,332.53","51,332.53",,,"69,300.00"
02/12/2022,"52,243.76","52,851.25","51,089.54","51,636.28",,,"28,800.00"
01/12/2022,"50,907.29","52,547.50","50,907.29","52,243.76",,,"872,000.00"
30/11/2022,"50,117.56","51,332.53","50,117.56","51,332.53",,,"30,800.00"
29/11/2022,"49,692.32","50,664.30","49,692.32","50,664.30",,,"26,000.00"
28/11/2022,"50,421.31","51,636.28","47,566.12","49,570.83",,,"6,300.00"
25/11/2022,"49,206.33","50,421.31","49,206.33","49,813.82",,,"17,400.00"
24/11/2022,"47,991.36","50,421.31","47,991.36","50,421.31",,,"81,700.00"
23/11/2022,"47,262.38","48,173.61","47,262.38","48,173.61",,,"24,300.00"
22/11/2022,"46,776.39","47,383.88","46,776.39","47,383.88",,,"22,400.00"
21/11/2022,"46,837.14","47,383.88","46,837.14","47,201.63",,,"15,400.00"
18/11/2022,"46,168.91","47,019.39","46,168.91","46,958.64",,,"563,300.00"
17/11/2022,"47,201.63","47,383.88","46,168.91","46,715.64",,,"20,500.00"
16/11/2022,"44,042.71","47,991.36","43,738.96","47,383.88",,,"560,300.00"
15/11/2022,"46,290.40","46,776.39","44,407.20","44,467.95",,,"92,100.00"
14/11/2022,"47,869.87","47,991.36","45,925.91","46,168.91",,,"579,800.00"
11/11/2022,"44,589.44","46,776.39","44,589.44","46,168.91",,,"93,600.00"
10/11/2022,"44,346.45","44,953.93","44,042.71","44,953.93",,,"571,400.00"
09/11/2022,"44,953.93","45,257.68","44,407.20","44,589.44",,,"548,500.00"
08/11/2022,"44,771.69","44,953.93","44,346.45","44,893.19",,,"31,000.00"
07/11/2022,"44,346.45","45,318.43","44,224.95","44,528.69",,,"514,500.00"
04/11/2022,"44,953.93","44,953.93","43,860.46","44,953.93",,,"66,900.00"
03/11/2022,"45,196.93","45,196.93","44,893.19","44,953.93",,,"27,000.00"
02/11/2022,"44,953.93","44,953.93","44,103.45","44,893.19",,,"29,600.00"
01/11/2022,"44,953.93","45,014.68","44,589.44","45,014.68",,,"57,000.00"
31/10/2022,"45,257.68","45,561.42","41,309.02","45,257.68",,,"42,300.00"
28/10/2022,"44,650.19","45,500.67","44,346.45","45,257.68",,,"1,060,100.00"
27/10/2022,"43,738.96","44,953.93","43,738.96","44,528.69",,,"14,100.00"
26/10/2022,"44,771.69","44,771.69","44,103.45","44,164.20",,,"12,700.00"
25/10/2022,"44,346.45","44,953.93","43,921.21","44,893.19",,,"54,000.00"
24/10/2022,"44,953.93","44,953.93","44,467.95","44,710.94",,,"16,700.00"
21/10/2022,"45,743.67","46,533.40","44,346.45","46,533.40",,,"67,500.00"
20/10/2022,"47,748.37","47,809.12","46,472.65","46,472.65",,,"8,700.00"
19/10/2022,"47,323.13","47,323.13","46,654.89","46,776.39",,,"94,000.00"
18/10/2022,"45,318.43","46,533.40","45,257.68","46,533.40",,,"49,100.00"
17/10/2022,"46,168.91","46,168.91","44,953.93","45,014.68",,,"25,600.00"
14/10/2022,"45,318.43","47,383.88","45,196.93","46,168.91",,,"35,800.00"
13/10/2022,"46,168.91","46,168.91","44,650.19","45,075.43",,,"31,400.00"
12/10/2022,"46,108.16","46,108.16","45,743.67","45,743.67",,,"1,060,900.00"
11/10/2022,"47,383.88","47,383.88","45,561.42","46,168.91",,,"79,000.00"
10/10/2022,"47,444.63","47,991.36","47,444.63","47,991.36",,,"115,400.00"
07/10/2022,"47,383.88","47,991.36","46,472.65","47,869.87",,,"29,200.00"
06/10/2022,"49,206.33","49,206.33","47,201.63","48,902.59",,,"43,300.00"
05/10/2022,"49,206.33","49,206.33","48,598.85","48,841.84",,,"11,500.00"
04/10/2022,"48,295.11","48,841.84","46,533.40","48,598.85",,,"145,400.00"
03/10/2022,"46,654.89","48,112.86","46,472.65","47,809.12",,,"112,700.00"
30/09/2022,"49,145.59","49,145.59","45,561.42","45,561.42",,,"159,500.00"
29/09/2022,"50,239.06","50,239.06","47,991.36","49,813.82",,,"99,300.00"
28/09/2022,"50,421.31","50,421.31","49,206.33","49,206.33",,,"17,700.00"
27/09/2022,"50,360.56","50,664.30","50,178.31","50,299.81",,,"2,600.00"
26/09/2022,"51,636.28","51,636.28","49,813.82","50,117.56",,,"120,900.00"
23/09/2022,"51,636.28","52,122.26","51,332.53","51,636.28",,,"5,200.00"
22/09/2022,"51,150.29","51,575.53","50,968.04","51,575.53",,,"10,000.00"
21/09/2022,"50,968.04","51,271.79","50,785.80","51,089.54",,,"10,200.00"
20/09/2022,"51,271.79","51,454.03","51,271.79","51,454.03",,,"78,600.00"
19/09/2022,"51,636.28","52,061.52","50,785.80","50,968.04",,,"9,300.00"
16/09/2022,"52,365.26","52,365.26","51,332.53","51,332.53",,,"32,200.00"
15/09/2022,"52,790.50","52,851.25","51,454.03","51,514.78",,,"82,000.00"
14/09/2022,"51,940.02","52,851.25","51,575.53","52,851.25",,,"262,600.00"
13/09/2022,"52,547.50","52,851.25","52,122.26","52,851.25",,,"33,600.00"
12/09/2022,"54,126.97","54,126.97","51,636.28","52,669.00",,,"27,200.00"
09/09/2022,"52,243.76","53,337.24","52,243.76","53,033.49",,,"13,800.00"
08/09/2022,"52,304.51","52,851.25","51,940.02","51,940.02",,,"17,100.00"
07/09/2022,"52,851.25","53,154.99","51,940.02","51,940.02",,,"30,600.00"
06/09/2022,"53,397.98","53,397.98","52,851.25","53,154.99",,,"11,300.00"
05/09/2022,"52,790.50","53,458.73","52,304.51","53,154.99",,,"9,400.00"
31/08/2022,"52,547.50","54,977.45","52,243.76","52,243.76",,,"68,300.00"
30/08/2022,"52,912.00","55,220.44","52,912.00","54,673.70",,,"13,000.00"
29/08/2022,"54,552.21","55,281.19","52,912.00","55,281.19",,,"26,100.00"
26/08/2022,"54,248.46","54,977.45","54,248.46","54,977.45",,,"29,600.00"
25/08/2022,"53,458.73","54,916.70","52,851.25","53,883.97",,,"24,100.00"
24/08/2022,"54,734.45","55,281.19","52,547.50","54,612.96",,,"61,000.00"
23/08/2022,"54,612.96","54,734.45","53,337.24","54,734.45",,,"47,600.00"
22/08/2022,"53,762.48","54,005.47","53,154.99","53,397.98",,,"18,500.00"
19/08/2022,"53,519.48","54,066.22","53,458.73","53,458.73",,,"24,000.00"
18/08/2022,"53,458.73","54,005.47","53,337.24","54,005.47",,,"25,800.00"
17/08/2022,"54,066.22","54,066.22","53,762.48","53,883.97",,,"54,400.00"
16/08/2022,"53,154.99","54,066.22","53,154.99","53,883.97",,,"49,400.00"
15/08/2022,"52,608.25","53,337.24","52,547.50","53,337.24",,,"28,600.00"
12/08/2022,"52,912.00","52,912.00","51,514.78","52,790.50",,,"39,000.00"
11/08/2022,"52,547.50","53,033.49","52,426.01","53,033.49",,,"59,000.00"
10/08/2022,"52,426.01","52,426.01","52,243.76","52,426.01",,,"30,400.00"
09/08/2022,"52,851.25","52,851.25","52,486.76","52,486.76",,,"32,000.00"
08/08/2022,"51,940.02","53,154.99","51,940.02","52,669.00",,,"12,900.00"
05/08/2022,"51,636.28","52,183.01","51,454.03","52,122.26",,,"28,400.00"
04/08/2022,"52,304.51","53,215.74","51,940.02","52,122.26",,,"43,400.00"
03/08/2022,"52,851.25","53,397.98","52,304.51","53,397.98",,,"695,000.00"
02/08/2022,"53,762.48","53,762.48","52,851.25","52,851.25",,,"16,100.00"
01/08/2022,"53,154.99","54,673.70","53,154.99","53,580.23",,,"54,100.00"
29/07/2022,"52,851.25","52,851.25","51,636.28","52,851.25",,,"697,600.00"
28/07/2022,"53,154.99","53,458.73","51,636.28","52,851.25",,,"20,200.00"
27/07/2022,"51,636.28","53,337.24","51,211.04","53,337.24",,,"24,900.00"
26/07/2022,"51,879.27","52,183.01","51,454.03","52,183.01",,,"13,900.00"
25/07/2022,"51,332.53","51,697.02","50,482.05","51,697.02",,,"16,500.00"
22/07/2022,"50,907.29","51,636.28","50,421.31","51,636.28",,,"28,500.00"
21/07/2022,"51,028.79","51,028.79","50,178.31","50,421.31",,,"10,600.00"
20/07/2022,"49,510.08","51,028.79","49,510.08","50,968.04",,,"26,000.00"
19/07/2022,"49,145.59","49,388.58","48,477.35","49,267.08",,,"26,900.00"
18/07/2022,"50,360.56","50,360.56","48,781.09","49,206.33",,,"24,600.00"
15/07/2022,"47,626.87","48,781.09","47,323.13","48,781.09",,,"63,400.00"
14/07/2022,"47,080.13","47,626.87","47,080.13","47,626.87",,,"36,300.00"
13/07/2022,"47,201.63","47,383.88","47,080.13","47,080.13",,,"113,600.00"
12/07/2022,"47,444.63","47,444.63","47,019.39","47,080.13",,,"17,100.00"
11/07/2022,"47,019.39","48,598.85","46,958.64","47,019.39",,,"23,900.00"
08/07/2022,"46,897.89","47,140.88","46,897.89","47,019.39",,,"22,900.00"
07/07/2022,"47,140.88","47,262.38","47,019.39","47,080.13",,,"33,400.00"
06/07/2022,"47,323.13","47,323.13","46,897.89","47,019.39",,,"5,300.00"
05/07/2022,"47,748.37","47,991.36","47,444.63","47,505.37",,,"5,300.00"
04/07/2022,"47,626.87","47,930.61","47,626.87","47,930.61",,,"2,800.00"
01/07/2022,"48,477.35","48,477.35","47,383.88","47,991.36",,,"21,000.00"
30/06/2022,"48,598.85","48,598.85","47,991.36","47,991.36",,,"26,200.00"
29/06/2022,"48,598.85","48,902.59","48,173.61","48,598.85",,,"66,600.00"
28/06/2022,"48,538.10","49,145.59","45,865.16","48,598.85",,,"134,500.00"
27/06/2022,"48,477.35","48,781.09","47,383.88","48,598.85",,,"143,100.00"
24/06/2022,"46,472.65","49,206.33","46,472.65","48,598.85",,,"68,900.00"
23/06/2022,"46,290.40","46,776.39","46,168.91","46,594.15",,,"225,100.00"
22/06/2022,"46,290.40","46,594.15","46,047.41","46,290.40",,,"223,100.00"
21/06/2022,"46,047.41","47,140.88","46,047.41","46,168.91",,,"26,800.00"
20/06/2022,"47,080.13","47,505.37","46,472.65","46,472.65",,,"69,100.00"
17/06/2022,"48,841.84","48,841.84","46,108.16","47,991.36",,,"59,100.00"
16/06/2022,"48,963.34","49,084.84","48,841.84","48,841.84",,,"337,100.00"
15/06/2022,"48,963.34","49,631.57","48,598.85","49,084.84",,,"9,500.00"
14/06/2022,"51,028.79","51,028.79","48,902.59","48,902.59",,,"169,500.00"
13/06/2022,"50,725.05","51,393.28","50,421.31","51,393.28",,,"25,500.00"
10/06/2022,"51,636.28","51,636.28","51,028.79","51,089.54",,,"53,200.00"
09/06/2022,"51,514.78","51,636.28","51,514.78","51,514.78",,,"471,000.00"
08/06/2022,"52,183.01","52,183.01","51,454.03","51,514.78",,,"30,100.00"
07/06/2022,"51,636.28","51,818.52","51,393.28","51,393.28",,,"22,000.00"
06/06/2022,"52,243.76","52,243.76","51,454.03","51,636.28",,,"30,500.00"
03/06/2022,"52,790.50","52,790.50","51,636.28","51,757.77",,,"69,100.00"
02/06/2022,"52,608.25","53,458.73","52,547.50","52,608.25",,,"25,100.00"
01/06/2022,"52,851.25","52,851.25","52,608.25","52,790.50",,,"26,100.00"
31/05/2022,"52,790.50","52,790.50","52,547.50","52,790.50",,,"516,700.00"
30/05/2022,"52,851.25","53,154.99","52,669.00","52,790.50",,,"39,300.00"
27/05/2022,"52,790.50","52,851.25","52,486.76","52,729.75",,,"49,600.00"
26/05/2022,"52,851.25","52,851.25","52,486.76","52,608.25",,,"10,900.00"
25/05/2022,"52,972.74","53,154.99","52,790.50","52,851.25",,,"98,900.00"
24/05/2022,"52,000.77","52,486.76","52,000.77","52,486.76",,,"312,900.00"
23/05/2022,"52,365.26","52,851.25","52,000.77","52,000.77",,,"21,000.00"
20/05/2022,"52,000.77","52,851.25","51,636.28","51,940.02",,,"34,000.00"
19/05/2022,"51,757.77","52,243.76","50,482.05","52,243.76",,,"28,200.00"
18/05/2022,"51,940.02","52,243.76","51,150.29","51,940.02",,,"71,400.00"
17/05/2022,"49,510.08","52,122.26","49,510.08","52,122.26",,,"78,300.00"
16/05/2022,"52,243.76","53,094.24","49,996.07","50,421.31",,,"34,400.00"
13/05/2022,"53,458.73","53,458.73","50,421.31","52,243.76",,,"98,800.00"
12/05/2022,"54,673.70","55,281.19","53,580.23","53,883.97",,,"121,700.00"
11/05/2022,"54,126.97","55,281.19","54,126.97","54,673.70",,,"41,500.00"
10/05/2022,"51,757.77","56,860.65","51,028.79","54,126.97",,,"68,200.00"
09/05/2022,"52,608.25","52,851.25","51,089.54","51,757.77",,,"43,900.00"
06/05/2022,"52,426.01","53,276.49","52,304.51","52,669.00",,,"14,100.00"
05/05/2022,"53,458.73","54,066.22","53,397.98","54,005.47",,,"36,800.00"
04/05/2022,"53,094.24","53,458.73","52,000.77","52,365.26",,,"4,800.00"
29/04/2022,"51,271.79","53,944.72","50,421.31","53,458.73",,,"17,700.00"
28/04/2022,"52,851.25","53,762.48","51,636.28","53,458.73",,,"22,800.00"
27/04/2022,"52,243.76","53,458.73","52,243.76","53,397.98",,,"21,900.00"
26/04/2022,"52,243.76","53,458.73","49,813.82","52,851.25",,,"41,400.00"
25/04/2022,"54,066.22","54,066.22","50,117.56","50,421.31",,,"100,700.00"
22/04/2022,"55,767.18","55,827.93","54,066.22","54,187.72",,,"28,900.00"
21/04/2022,"55,281.19","55,888.68","53,458.73","55,888.68",,,"53,600.00"
20/04/2022,"55,281.19","56,496.16","55,281.19","55,281.19",,,"66,600.00"
19/04/2022,"55,281.19","57,468.14","54,977.45","55,584.93",,,"82,500.00"
18/04/2022,"55,281.19","55,827.93","54,916.70","55,584.93",,,"28,100.00"
15/04/2022,"54,795.20","55,463.44","54,673.70","55,038.20",,,"10,400.00"
14/04/2022,"55,524.18","56,131.67","54,673.70","54,673.70",,,"28,100.00"
13/04/2022,"55,524.18","55,888.68","55,281.19","55,402.69",,,"9,500.00"
12/04/2022,"55,888.68","56,192.42","55,341.94","55,524.18",,,"22,900.00"
08/04/2022,"56,496.16","56,496.16","55,888.68","55,888.68",,,"19,700.00"
07/04/2022,"57,407.39","57,407.39","56,192.42","56,192.42",,,"26,600.00"
06/04/2022,"57,711.13","57,711.13","56,982.15","56,982.15",,,"16,500.00"
05/04/2022,"57,589.64","58,075.62","56,496.16","57,711.13",,,"49,900.00"
04/04/2022,"56,496.16","57,103.65","56,253.17","57,042.90",,,"48,500.00"
01/04/2022,"55,584.93","56,496.16","54,369.96","56,374.66",,,"31,500.00"
31/03/2022,"56,739.16","56,739.16","56,192.42","56,313.92",,,"44,400.00"
30/03/2022,"54,673.70","55,888.68","54,673.70","55,888.68",,,"112,600.00"
29/03/2022,"54,066.22","55,281.19","54,066.22","55,159.69",,,"85,600.00"
28/03/2022,"54,552.21","54,612.96","54,369.96","54,430.71",,,"48,800.00"
25/03/2022,"54,612.96","54,977.45","54,491.46","54,491.46",,,"85,200.00"
24/03/2022,"54,491.46","54,552.21","54,248.46","54,491.46",,,"25,000.00"
23/03/2022,"54,430.71","54,673.70","54,430.71","54,430.71",,,"81,500.00"
22/03/2022,"54,612.96","54,612.96","54,126.97","54,369.96",,,"74,700.00"
21/03/2022,"54,066.22","54,612.96","54,066.22","54,552.21",,,"93,400.00"
,,,,,,,
,,,,,,,
SIMPLIZE,,,,,,,
"Số 5 ngõ 316 Lê Trọng Tấn, Phường Khương Mai, Quận Thanh Xuân, TP.Hà Nội
",,,,,,,
Website: simplize.vn,,,,,,,
Email: info@simplize.vn,,,,,,,
Tel: (+84) 38 840 8668,,,,,,,
