Tên công ty,Công ty Cổ phần Lọc hóa dầu Bình Sơn,,,,,,
Tên báo cáo,Lịch sử giá,,,,,,
Ngày tải,24/03/2026,,,,,,
,,,,,,,
NGÀY,GIÁ MỞ CỬA,GIÁ CAO NHẤT,GIÁ THẤP NHẤT,GIÁ ĐÓNG CỬA,THAY ĐỔI GIÁ,% THAY ĐỔI,KHỐI LƯỢNG
24/03/2026,"26,750.00","27,450.00","25,150.00","25,500.00",-600.00,-0.02,"11,383,000.00"
23/03/2026,"27,100.00","29,000.00","26,100.00","26,100.00","-1,950.00",-0.07,"25,169,500.00"
20/03/2026,"29,000.00","29,950.00","27,250.00","28,050.00","-1,250.00",-0.04,"34,027,800.00"
19/03/2026,"31,900.00","32,000.00","29,300.00","29,300.00","-1,350.00",-0.04,"16,049,500.00"
18/03/2026,"28,450.00","32,600.00","28,450.00","30,650.00",150.00,0.00,"37,080,100.00"
17/03/2026,"31,900.00","32,750.00","30,500.00","30,500.00","-2,250.00",-0.07,"16,522,700.00"
16/03/2026,"35,050.00","35,050.00","32,750.00","32,750.00","-2,450.00",-0.07,"18,025,800.00"
13/03/2026,"38,250.00","39,500.00","35,200.00","35,200.00","-2,600.00",-0.07,"35,612,800.00"
12/03/2026,"37,300.00","38,000.00","36,500.00","37,800.00","1,650.00",0.05,"17,242,000.00"
11/03/2026,"33,500.00","36,150.00","32,950.00","36,150.00","2,350.00",0.07,"19,019,300.00"
10/03/2026,"35,450.00","37,900.00","33,700.00","33,800.00","-2,300.00",-0.06,"31,752,600.00"
09/03/2026,"39,600.00","39,600.00","36,100.00","36,100.00",-950.00,-0.03,"35,545,500.00"
06/03/2026,"35,800.00","37,800.00","35,700.00","37,050.00","1,450.00",0.04,"21,561,100.00"
05/03/2026,"37,850.00","38,450.00","35,600.00","35,600.00","-2,250.00",-0.06,"27,388,400.00"
04/03/2026,"36,100.00","37,950.00","34,100.00","37,850.00","2,200.00",0.06,"27,427,500.00"
03/03/2026,"35,650.00","35,650.00","32,050.00","35,650.00","2,300.00",0.07,"49,024,000.00"
02/03/2026,"33,350.00","33,350.00","33,350.00","33,350.00","2,150.00",0.07,"4,097,400.00"
27/02/2026,"30,550.00","32,000.00","30,200.00","31,200.00","1,200.00",0.04,"18,188,800.00"
26/02/2026,"29,300.00","30,000.00","28,350.00","30,000.00",650.00,0.02,"23,273,900.00"
25/02/2026,"28,700.00","29,950.00","27,500.00","29,350.00","1,350.00",0.05,"26,335,100.00"
24/02/2026,"26,850.00","28,000.00","26,800.00","28,000.00","1,800.00",0.07,"31,801,100.00"
23/02/2026,"25,300.00","26,200.00","25,100.00","26,200.00","1,700.00",0.07,"14,417,700.00"
13/02/2026,"23,950.00","24,800.00","23,700.00","24,500.00",600.00,0.03,"13,364,500.00"
12/02/2026,"23,800.00","24,400.00","23,800.00","23,900.00",450.00,0.02,"10,936,300.00"
11/02/2026,"23,100.00","23,700.00","22,400.00","23,450.00",350.00,0.02,"13,784,700.00"
10/02/2026,"24,600.00","25,150.00","22,950.00","23,100.00","-1,550.00",-0.06,"37,264,600.00"
09/02/2026,"25,000.00","25,100.00","24,400.00","24,650.00",100.00,0.00,"10,409,100.00"
06/02/2026,"23,800.00","25,450.00","23,200.00","24,550.00",150.00,0.01,"31,341,200.00"
05/02/2026,"24,550.00","25,150.00","24,150.00","24,400.00",350.00,0.01,"24,530,700.00"
04/02/2026,"23,800.00","24,500.00","23,400.00","24,050.00",150.00,0.01,"18,172,400.00"
03/02/2026,"24,300.00","24,800.00","23,900.00","23,900.00",0.00,0.00,"23,657,600.00"
02/02/2026,"22,700.00","23,900.00","22,400.00","23,900.00","1,500.00",0.07,"32,535,700.00"
30/01/2026,"22,500.00","22,900.00","22,050.00","22,400.00",550.00,0.03,"22,201,400.00"
29/01/2026,"22,000.00","22,050.00","21,100.00","21,850.00",-50.00,0.00,"16,709,600.00"
28/01/2026,"22,000.00","23,000.00","21,500.00","21,900.00",400.00,0.02,"41,660,200.00"
27/01/2026,"20,900.00","22,000.00","20,650.00","21,500.00",650.00,0.03,"22,591,500.00"
26/01/2026,"20,900.00","21,550.00","20,550.00","20,850.00",200.00,0.01,"24,331,600.00"
23/01/2026,"22,250.00","22,350.00","20,650.00","20,650.00","-1,550.00",-0.07,"40,730,800.00"
22/01/2026,"23,150.00","23,200.00","22,000.00","22,200.00",0.00,0.00,"31,658,700.00"
21/01/2026,"20,450.00","22,200.00","20,300.00","22,200.00","1,450.00",0.07,"40,775,000.00"
20/01/2026,"21,000.00","21,250.00","20,700.00","20,750.00",-50.00,0.00,"23,609,200.00"
19/01/2026,"20,250.00","21,100.00","20,050.00","20,800.00",650.00,0.03,"22,521,200.00"
16/01/2026,"20,850.00","21,650.00","20,000.00","20,150.00",-550.00,-0.03,"32,240,900.00"
15/01/2026,"21,000.00","21,600.00","20,500.00","20,700.00",-700.00,-0.03,"29,699,000.00"
14/01/2026,"21,600.00","21,900.00","20,400.00","21,400.00",450.00,0.02,"38,293,200.00"
13/01/2026,"19,650.00","20,950.00","19,500.00","20,950.00","1,350.00",0.07,"46,664,000.00"
12/01/2026,"20,100.00","20,850.00","19,050.00","19,600.00",-100.00,-0.01,"34,088,000.00"
09/01/2026,"18,700.00","19,900.00","18,700.00","19,700.00","1,100.00",0.06,"38,812,900.00"
08/01/2026,"18,850.00","19,200.00","18,250.00","18,600.00",650.00,0.04,"44,567,300.00"
07/01/2026,"16,900.00","17,950.00","16,750.00","17,950.00","1,150.00",0.07,"31,374,900.00"
06/01/2026,"16,200.00","17,100.00","16,200.00","16,800.00",550.00,0.03,"20,485,800.00"
05/01/2026,"16,600.00","16,950.00","16,150.00","16,250.00",150.00,0.01,"16,538,300.00"
31/12/2025,"16,300.00","16,350.00","16,100.00","16,100.00",-100.00,-0.01,"5,363,600.00"
30/12/2025,"16,900.00","16,900.00","16,200.00","16,200.00",-500.00,-0.03,"7,348,700.00"
29/12/2025,"16,400.00","17,150.00","16,250.00","16,700.00",450.00,0.03,"17,508,200.00"
26/12/2025,"15,900.00","16,300.00","15,700.00","16,250.00",350.00,0.02,"11,687,700.00"
25/12/2025,"16,150.00","16,250.00","15,850.00","15,900.00",-250.00,-0.02,"5,374,500.00"
24/12/2025,"16,250.00","16,500.00","16,000.00","16,150.00",-50.00,0.00,"6,624,400.00"
23/12/2025,"16,400.00","16,650.00","16,050.00","16,200.00",-250.00,-0.02,"9,958,300.00"
22/12/2025,"15,850.00","16,450.00","15,600.00","16,450.00",500.00,0.03,"13,332,800.00"
19/12/2025,"15,150.00","15,950.00","14,800.00","15,950.00","1,000.00",0.07,"24,803,500.00"
18/12/2025,"15,300.00","15,600.00","14,700.00","14,950.00",-300.00,-0.02,"7,420,600.00"
17/12/2025,"15,550.00","15,800.00","15,100.00","15,250.00",-150.00,-0.01,"7,112,600.00"
16/12/2025,"14,600.00","15,400.00","14,500.00","15,400.00","1,000.00",0.07,"16,692,700.00"
15/12/2025,"13,500.00","14,400.00","13,500.00","14,400.00",900.00,0.07,"11,539,300.00"
12/12/2025,"14,250.00","14,350.00","13,500.00","13,500.00",-750.00,-0.05,"6,877,100.00"
11/12/2025,"14,500.00","14,600.00","14,200.00","14,250.00",-150.00,-0.01,"2,840,200.00"
10/12/2025,"14,450.00","14,550.00","14,300.00","14,400.00",-50.00,0.00,"3,511,200.00"
09/12/2025,"14,900.00","14,900.00","14,300.00","14,450.00",-450.00,-0.03,"8,990,900.00"
08/12/2025,"15,100.00","15,200.00","14,850.00","14,900.00",-300.00,-0.02,"8,535,400.00"
05/12/2025,"15,500.00","15,500.00","15,200.00","15,200.00",-250.00,-0.02,"2,148,500.00"
04/12/2025,"15,350.00","15,500.00","15,300.00","15,450.00",150.00,0.01,"2,918,800.00"
03/12/2025,"15,300.00","15,400.00","15,100.00","15,300.00",50.00,0.00,"2,747,400.00"
02/12/2025,"15,400.00","15,450.00","14,900.00","15,250.00",-150.00,-0.01,"5,151,400.00"
01/12/2025,"15,550.00","15,650.00","15,400.00","15,400.00",-100.00,-0.01,"2,213,600.00"
28/11/2025,"15,600.00","15,800.00","15,500.00","15,500.00",0.00,0.00,"2,413,700.00"
27/11/2025,"15,850.00","15,900.00","15,500.00","15,500.00",-200.00,-0.01,"3,201,600.00"
26/11/2025,"15,550.00","15,950.00","15,500.00","15,700.00",300.00,0.02,"3,227,000.00"
25/11/2025,"15,750.00","15,850.00","15,400.00","15,400.00",-150.00,-0.01,"3,931,800.00"
24/11/2025,"15,800.00","15,950.00","15,550.00","15,550.00",-250.00,-0.02,"3,110,400.00"
21/11/2025,"16,000.00","16,000.00","15,700.00","15,800.00",-250.00,-0.02,"2,920,700.00"
20/11/2025,"16,300.00","16,300.00","15,900.00","16,050.00",-150.00,-0.01,"2,149,100.00"
19/11/2025,"16,300.00","16,500.00","16,000.00","16,200.00",-100.00,-0.01,"3,353,400.00"
18/11/2025,"16,550.00","16,550.00","16,200.00","16,300.00",-150.00,-0.01,"3,166,100.00"
17/11/2025,"16,200.00","16,450.00","16,000.00","16,450.00",450.00,0.03,"4,617,400.00"
14/11/2025,"16,000.00","16,200.00","16,000.00","16,000.00",-50.00,0.00,"3,081,200.00"
13/11/2025,"15,800.00","16,550.00","15,700.00","16,050.00",250.00,0.02,"5,694,400.00"
12/11/2025,"15,650.00","15,950.00","15,650.00","15,800.00",200.00,0.01,"3,270,600.00"
11/11/2025,"15,700.00","15,800.00","15,400.00","15,600.00",50.00,0.00,"2,802,900.00"
10/11/2025,"15,950.00","16,150.00","15,450.00","15,550.00",-400.00,-0.03,"3,593,400.00"
07/11/2025,"16,500.00","16,650.00","15,850.00","15,950.00",-550.00,-0.03,"4,675,600.00"
06/11/2025,"16,950.00","16,950.00","16,400.00","16,500.00",-300.00,-0.02,"3,847,000.00"
05/11/2025,"16,350.00","17,150.00","16,150.00","16,800.00",500.00,0.03,"10,745,900.00"
04/11/2025,"15,950.00","16,450.00","15,100.00","16,300.00",300.00,0.02,"9,461,700.00"
03/11/2025,"16,800.00","16,800.00","16,000.00","16,000.00",-650.00,-0.04,"4,999,200.00"
31/10/2025,"16,600.00","17,150.00","16,550.00","16,650.00",50.00,0.00,"6,817,400.00"
30/10/2025,"17,450.00","17,450.00","16,600.00","16,600.00",-600.00,-0.03,"11,935,100.00"
29/10/2025,"17,200.00","17,200.00","17,200.00","17,200.00","1,100.00",0.07,"4,403,007.00"
28/10/2025,"16,191.95","16,377.71","15,758.51","16,099.07",-350.00,-0.01,"12,881,300.00"
27/10/2025,"17,089.78","17,151.70","16,315.79","16,315.79",-950.00,-0.03,"7,733,200.00"
24/10/2025,"17,275.54","17,585.14","16,749.23","16,904.02",-300.00,-0.01,"7,774,400.00"
23/10/2025,"17,213.62","17,368.42","17,027.86","17,089.78",300.00,0.01,"6,773,600.00"
22/10/2025,"16,532.51","16,904.02","16,346.75","16,904.02","1,000.00",0.04,"6,036,000.00"
21/10/2025,"16,037.15","16,470.59","15,572.76","16,284.83",500.00,0.02,"8,833,700.00"
20/10/2025,"17,244.58","17,492.26","15,975.23","15,975.23","-1,900.00",-0.07,"13,284,700.00"
17/10/2025,"17,399.38","17,770.90","17,151.70","17,151.70",-350.00,-0.01,"8,948,400.00"
16/10/2025,"17,739.94","17,739.94","17,306.50","17,368.42",-250.00,-0.01,"7,400,300.00"
15/10/2025,"17,368.42","17,770.90","17,368.42","17,523.22",300.00,0.01,"6,709,600.00"
14/10/2025,"17,894.74","17,894.74","17,337.46","17,337.46",-850.00,-0.03,"17,636,000.00"
13/10/2025,"17,770.90","18,297.21","17,770.90","17,863.78",-350.00,-0.01,"13,741,000.00"
10/10/2025,"18,204.33","18,513.93","17,956.66","18,080.50",750.00,0.03,"15,131,400.00"
09/10/2025,"16,718.27","17,616.10","16,718.27","17,616.10","1,850.00",0.07,"21,019,000.00"
08/10/2025,"16,439.63","16,625.39","16,160.99","16,470.59",200.00,0.01,"5,697,800.00"
07/10/2025,"16,934.98","16,934.98","16,346.75","16,346.75",-850.00,-0.03,"4,786,200.00"
06/10/2025,"16,408.67","16,904.02","16,160.99","16,873.07","1,200.00",0.05,"5,052,600.00"
03/10/2025,"16,563.47","16,563.47","16,099.07","16,130.03",-550.00,-0.02,"5,553,800.00"
02/10/2025,"16,625.39","16,842.11","16,346.75","16,470.59",50.00,0.00,"4,625,800.00"
01/10/2025,"16,253.87","16,563.47","16,253.87","16,439.63",350.00,0.01,"2,106,400.00"
30/09/2025,"16,718.27","16,718.27","16,099.07","16,222.91",-700.00,-0.03,"6,880,500.00"
29/09/2025,"17,058.82","17,244.58","16,594.43","16,656.35",-600.00,-0.02,"5,676,700.00"
26/09/2025,"17,337.46","17,832.82","17,027.86","17,027.86",-450.00,-0.02,"10,700,100.00"
25/09/2025,"16,873.07","17,523.22","16,780.19","17,306.50",950.00,0.04,"14,605,800.00"
24/09/2025,"16,594.43","16,718.27","16,377.71","16,718.27",100.00,0.00,"3,943,100.00"
23/09/2025,"16,470.59","16,656.35","16,284.83","16,656.35",100.00,0.00,"4,457,600.00"
22/09/2025,"16,222.91","16,594.43","15,820.43","16,594.43",800.00,0.03,"9,617,100.00"
19/09/2025,"16,718.27","16,718.27","16,099.07","16,099.07",-850.00,-0.03,"5,917,800.00"
18/09/2025,"16,873.07","16,904.02","16,439.63","16,625.39",-250.00,-0.01,"7,072,600.00"
17/09/2025,"16,965.94","17,275.54","16,780.19","16,780.19",-350.00,-0.01,"7,380,300.00"
16/09/2025,"17,554.18","17,554.18","16,934.98","16,996.90",-650.00,-0.02,"9,655,900.00"
15/09/2025,"17,058.82","17,523.22","16,842.11","17,399.38",900.00,0.03,"11,859,300.00"
12/09/2025,"16,873.07","17,337.46","16,811.15","16,842.11",200.00,0.01,"9,618,700.00"
11/09/2025,"16,842.11","16,965.94","16,284.83","16,718.27",-100.00,0.00,"9,568,500.00"
10/09/2025,"16,315.79","16,996.90","16,037.15","16,780.19","1,250.00",0.05,"14,417,400.00"
09/09/2025,"16,068.11","16,068.11","15,479.88","16,006.19",400.00,0.02,"7,851,200.00"
08/09/2025,"16,780.19","17,120.74","15,758.51","15,758.51","-1,800.00",-0.07,"15,247,000.00"
05/09/2025,"17,089.78","17,801.86","16,811.15","16,873.07",-100.00,0.00,"16,506,400.00"
04/09/2025,"17,244.58","17,337.46","16,811.15","16,934.98",-200.00,-0.01,"10,757,100.00"
03/09/2025,"16,656.35","17,337.46","16,470.59","17,058.82","1,050.00",0.04,"11,433,500.00"
29/08/2025,"17,027.86","17,027.86","16,408.67","16,408.67",-650.00,-0.02,"16,072,800.00"
28/08/2025,"16,594.43","16,904.02","16,346.75","16,811.15",650.00,0.02,"8,108,700.00"
27/08/2025,"17,151.70","17,151.70","16,377.71","16,408.67",-950.00,-0.03,"18,944,900.00"
26/08/2025,"15,820.43","16,996.90","15,820.43","16,996.90","1,500.00",0.06,"13,992,500.00"
25/08/2025,"17,399.38","17,399.38","16,068.11","16,068.11","-1,900.00",-0.07,"26,389,500.00"
22/08/2025,"17,832.82","18,544.89","17,244.58","17,244.58","-2,050.00",-0.07,"37,060,600.00"
21/08/2025,"19,473.68","19,473.68","18,297.21","18,513.93",200.00,0.01,"17,385,800.00"
20/08/2025,"17,708.98","18,390.09","16,594.43","18,390.09","1,900.00",0.07,"60,028,200.00"
19/08/2025,"17,213.62","17,213.62","17,213.62","17,213.62","1,800.00",0.07,"6,043,300.00"
18/08/2025,"16,099.07","16,099.07","16,006.19","16,099.07","1,700.00",0.07,"11,908,600.00"
15/08/2025,"14,272.45","15,046.44","14,241.49","15,046.44","1,550.00",0.07,"35,252,800.00"
14/08/2025,"14,086.69","14,117.65","13,746.13","14,086.69",250.00,0.01,"14,086,800.00"
13/08/2025,"14,024.77","14,334.37","13,746.13","13,931.89",-450.00,-0.02,"15,379,900.00"
12/08/2025,"13,869.97","14,210.53","13,684.21","14,210.53",800.00,0.04,"18,173,000.00"
11/08/2025,"14,117.65","14,117.65","13,653.25","13,715.17",-350.00,-0.02,"13,861,100.00"
08/08/2025,"13,591.33","14,148.61","13,467.49","13,931.89",600.00,0.03,"24,778,400.00"
07/08/2025,"13,931.89","13,931.89","13,343.65","13,560.37",100.00,0.00,"16,099,400.00"
06/08/2025,"12,786.38","13,498.45","12,538.70","13,498.45","1,400.00",0.07,"27,534,600.00"
05/08/2025,"12,817.34","12,941.18","12,321.98","12,631.58",-100.00,0.00,"28,020,100.00"
04/08/2025,"12,693.50","13,034.06","12,600.62","12,693.50",-200.00,-0.01,"14,087,500.00"
01/08/2025,"13,095.98","13,312.69","12,693.50","12,817.34",300.00,0.01,"18,694,600.00"
31/07/2025,"12,383.90","12,631.58","12,105.26","12,631.58",750.00,0.04,"15,433,200.00"
30/07/2025,"12,569.66","12,631.58","12,043.34","12,167.18",-250.00,-0.01,"12,999,600.00"
29/07/2025,"12,383.90","12,879.26","12,167.18","12,321.98",100.00,0.01,"22,081,300.00"
28/07/2025,"12,445.82","12,445.82","12,167.18","12,260.06",0.00,0.00,"15,242,600.00"
25/07/2025,"12,167.18","12,507.74","12,136.22","12,260.06",400.00,0.02,"16,043,900.00"
24/07/2025,"11,702.79","12,012.38","11,547.99","12,012.38",750.00,0.04,"13,897,700.00"
23/07/2025,"11,547.99","11,764.71","11,486.07","11,547.99",50.00,0.00,"7,295,900.00"
22/07/2025,"11,517.03","11,517.03","11,424.15","11,517.03",0.00,0.00,"3,602,900.00"
21/07/2025,"11,857.59","11,857.59","11,486.07","11,517.03",-400.00,-0.02,"4,266,400.00"
18/07/2025,"11,578.95","11,919.50","11,455.11","11,764.71",350.00,0.02,"9,333,300.00"
17/07/2025,"11,486.07","11,609.91","11,455.11","11,547.99",100.00,0.01,"5,032,200.00"
16/07/2025,"11,424.15","11,517.03","11,393.19","11,486.07",100.00,0.01,"1,486,500.00"
15/07/2025,"11,455.11","11,640.87","11,393.19","11,424.15",-50.00,0.00,"4,977,600.00"
14/07/2025,"11,517.03","11,517.03","11,269.35","11,455.11",50.00,0.00,"3,948,800.00"
11/07/2025,"11,609.91","11,640.87","11,393.19","11,424.15",-300.00,-0.02,"3,709,100.00"
10/07/2025,"11,455.11","11,702.79","11,331.27","11,609.91",500.00,0.03,"7,589,700.00"
09/07/2025,"11,393.19","11,393.19","11,269.35","11,300.31",0.00,0.00,"3,821,100.00"
08/07/2025,"11,176.47","11,331.27","11,114.55","11,300.31",300.00,0.02,"4,963,700.00"
07/07/2025,"11,114.55","11,207.43","11,083.59","11,114.55",0.00,0.00,"2,587,700.00"
04/07/2025,"11,145.51","11,269.35","11,083.59","11,114.55",100.00,0.01,"2,620,400.00"
03/07/2025,"11,052.63","11,207.43","11,021.67","11,052.63",50.00,0.00,"2,634,000.00"
02/07/2025,"11,021.67","11,021.67","10,959.75","11,021.67",0.00,0.00,"1,582,100.00"
01/07/2025,"11,083.59","11,083.59","10,959.75","11,021.67",-50.00,0.00,"2,097,300.00"
30/06/2025,"10,990.71","11,052.63","10,959.75","11,052.63",100.00,0.01,"2,506,400.00"
27/06/2025,"11,052.63","11,083.59","10,959.75","10,990.71",-50.00,0.00,"2,901,600.00"
26/06/2025,"11,021.67","11,052.63","10,928.79","11,021.67",50.00,0.00,"1,736,900.00"
25/06/2025,"11,083.59","11,145.51","10,959.75","10,990.71",-150.00,-0.01,"2,817,600.00"
24/06/2025,"11,145.51","11,331.27","11,083.59","11,083.59",-900.00,-0.05,"6,976,200.00"
23/06/2025,"12,105.26","12,105.26","11,609.91","11,640.87",400.00,0.02,"8,895,100.00"
20/06/2025,"11,702.79","11,733.75","11,331.27","11,393.19",-400.00,-0.02,"5,142,300.00"
19/06/2025,"11,888.54","11,888.54","11,486.07","11,640.87",-250.00,-0.01,"4,256,100.00"
18/06/2025,"11,981.42","12,012.38","11,702.79","11,795.67",50.00,0.00,"4,575,800.00"
17/06/2025,"12,012.38","12,012.38","11,517.03","11,764.71",-500.00,-0.03,"6,322,000.00"
16/06/2025,"11,981.42","12,105.26","11,857.59","12,074.30","1,000.00",0.05,"8,794,300.00"
13/06/2025,"11,455.11","11,455.11","11,238.39","11,455.11",950.00,0.05,"11,032,500.00"
12/06/2025,"10,990.71","10,990.71","10,804.95","10,866.87",200.00,0.01,"1,840,200.00"
11/06/2025,"10,835.91","10,866.87","10,681.11","10,743.03",-50.00,0.00,"1,905,700.00"
10/06/2025,"10,897.83","10,990.71","10,773.99","10,773.99",-200.00,-0.01,"2,283,100.00"
09/06/2025,"11,145.51","11,207.43","10,897.83","10,897.83",-350.00,-0.02,"3,023,300.00"
06/06/2025,"11,238.39","11,331.27","11,114.55","11,114.55",0.00,0.00,"4,842,300.00"
05/06/2025,"11,145.51","11,300.31","11,021.67","11,114.55",0.00,0.00,"2,957,200.00"
04/06/2025,"11,021.67","11,300.31","10,990.71","11,114.55",250.00,0.01,"4,249,400.00"
03/06/2025,"11,145.51","11,238.39","10,928.79","10,959.75",-200.00,-0.01,"2,333,800.00"
02/06/2025,"10,681.11","11,114.55","10,619.20","11,083.59",600.00,0.03,"2,988,400.00"
30/05/2025,"10,990.71","11,176.47","10,681.11","10,712.07",-500.00,-0.03,"3,287,900.00"
29/05/2025,"11,238.39","11,300.31","10,990.71","11,021.67",-350.00,-0.02,"1,826,700.00"
28/05/2025,"11,207.43","11,424.15","11,145.51","11,238.39",500.00,0.03,"5,641,800.00"
27/05/2025,"10,928.79","11,021.67","10,866.87","10,928.79",50.00,0.00,"2,104,700.00"
26/05/2025,"10,773.99","10,959.75","10,557.28","10,897.83",50.00,0.00,"2,324,800.00"
23/05/2025,"10,773.99","10,959.75","10,650.15","10,866.87",200.00,0.01,"1,408,900.00"
22/05/2025,"10,650.15","10,959.75","10,495.36","10,743.03",150.00,0.01,"2,682,300.00"
21/05/2025,"10,866.87","10,866.87","10,588.24","10,650.15",-250.00,-0.01,"1,938,600.00"
20/05/2025,"10,928.79","10,928.79","10,773.99","10,804.95",0.00,0.00,"1,203,900.00"
19/05/2025,"10,928.79","11,114.55","10,804.95","10,804.95",-300.00,-0.02,"2,202,700.00"
16/05/2025,"11,145.51","11,145.51","10,959.75","10,990.71",-250.00,-0.01,"1,973,300.00"
15/05/2025,"11,238.39","11,269.35","10,928.79","11,145.51",-150.00,-0.01,"3,842,600.00"
14/05/2025,"11,269.35","11,331.27","11,145.51","11,238.39",0.00,0.00,"2,463,000.00"
13/05/2025,"11,331.27","11,362.23","11,176.47","11,238.39",0.00,0.00,"2,752,600.00"
12/05/2025,"11,145.51","11,269.35","11,083.59","11,238.39",150.00,0.01,"2,232,400.00"
09/05/2025,"11,145.51","11,300.31","11,021.67","11,145.51",50.00,0.00,"2,778,400.00"
08/05/2025,"11,238.39","11,331.27","11,114.55","11,114.55",300.00,0.02,"4,449,700.00"
07/05/2025,"10,216.72","10,928.79","10,216.72","10,928.79","1,150.00",0.07,"6,780,000.00"
06/05/2025,"10,000.00","10,340.56","10,000.00","10,216.72",400.00,0.02,"3,387,800.00"
05/05/2025,"9,845.20","9,969.04","9,845.20","9,969.04",50.00,0.00,"1,917,500.00"
29/04/2025,"10,000.00","10,000.00","9,845.20","9,938.08",-100.00,-0.01,"1,618,400.00"
28/04/2025,"9,969.04","10,000.00","9,876.16","10,000.00",100.00,0.01,"1,454,400.00"
25/04/2025,"9,752.32","10,123.84","9,752.32","9,938.08",350.00,0.02,"4,311,000.00"
24/04/2025,"9,659.44","9,876.16","9,628.48","9,721.36",300.00,0.02,"2,114,600.00"
23/04/2025,"9,690.40","9,690.40","9,473.68","9,535.60",400.00,0.03,"2,137,200.00"
22/04/2025,"9,721.36","9,721.36","9,071.21","9,287.93",-700.00,-0.04,"4,805,800.00"
21/04/2025,"9,938.08","9,938.08","9,721.36","9,721.36",-250.00,-0.02,"1,404,800.00"
18/04/2025,"9,845.20","10,000.00","9,845.20","9,876.16",200.00,0.01,"2,226,200.00"
17/04/2025,"9,504.64","9,752.32","9,473.68","9,752.32",150.00,0.01,"1,632,900.00"
16/04/2025,"9,721.36","9,876.16","9,659.44","9,659.44",-350.00,-0.02,"3,041,800.00"
15/04/2025,"10,092.88","10,216.72","9,783.28","9,876.16",-700.00,-0.04,"3,762,300.00"
14/04/2025,"10,154.80","10,402.48","9,969.04","10,309.60",500.00,0.03,"4,016,300.00"
11/04/2025,"9,845.20","10,030.96","9,318.89","10,000.00",600.00,0.04,"7,790,100.00"
10/04/2025,"9,628.48","9,628.48","9,628.48","9,628.48","1,000.00",0.07,"774,200.00"
09/04/2025,"9,009.29","9,287.93","9,009.29","9,009.29","-1,050.00",-0.07,"9,397,200.00"
08/04/2025,"9,659.44","9,907.12","9,659.44","9,659.44","-1,150.00",-0.07,"2,455,400.00"
04/04/2025,"10,371.52","10,526.32","10,371.52","10,371.52","-1,250.00",-0.07,"9,214,800.00"
03/04/2025,"11,424.15","11,578.95","11,145.51","11,145.51","-1,350.00",-0.07,"5,260,700.00"
02/04/2025,"12,043.34","12,074.30","11,919.50","11,981.42",-100.00,-0.01,"930,900.00"
01/04/2025,"11,950.46","12,136.22","11,919.50","12,043.34",500.00,0.03,"1,355,300.00"
31/03/2025,"11,857.59","11,888.54","11,702.79","11,733.75",-250.00,-0.01,"1,939,500.00"
28/03/2025,"12,074.30","12,167.18","11,888.54","11,888.54",-350.00,-0.02,"2,373,700.00"
27/03/2025,"12,198.14","12,229.10","12,105.26","12,105.26",-100.00,-0.01,"1,064,500.00"
26/03/2025,"12,074.30","12,291.02","12,074.30","12,167.18",200.00,0.01,"2,317,500.00"
25/03/2025,"12,043.34","12,167.18","12,043.34","12,043.34",100.00,0.01,"1,209,600.00"
24/03/2025,"12,074.30","12,074.30","11,919.50","11,981.42",-150.00,-0.01,"1,620,600.00"
21/03/2025,"12,198.14","12,260.06","12,074.30","12,074.30",-100.00,-0.01,"1,742,900.00"
20/03/2025,"12,198.14","12,229.10","12,012.38","12,136.22",-100.00,-0.01,"2,607,600.00"
19/03/2025,"12,476.78","12,476.78","12,198.14","12,198.14",-200.00,-0.01,"2,793,400.00"
18/03/2025,"12,074.30","12,538.70","12,012.38","12,321.98",600.00,0.03,"6,490,300.00"
17/03/2025,"11,702.79","11,981.42","11,702.79","11,950.46",350.00,0.02,"2,542,300.00"
14/03/2025,"11,950.46","11,950.46","11,702.79","11,733.75",-350.00,-0.02,"5,312,100.00"
13/03/2025,"12,074.30","12,167.18","11,950.46","11,950.46",-300.00,-0.02,"2,867,400.00"
12/03/2025,"12,105.26","12,229.10","12,043.34","12,136.22",150.00,0.01,"3,052,600.00"
11/03/2025,"12,105.26","12,136.22","11,950.46","12,043.34",-300.00,-0.02,"3,959,000.00"
10/03/2025,"12,352.94","12,383.90","12,198.14","12,229.10",-150.00,-0.01,"2,631,500.00"
07/03/2025,"12,260.06","12,414.86","12,074.30","12,321.98",100.00,0.01,"5,028,400.00"
06/03/2025,"12,414.86","12,476.78","12,136.22","12,260.06",-250.00,-0.01,"6,588,800.00"
05/03/2025,"12,600.62","12,631.58","12,414.86","12,414.86",-300.00,-0.01,"3,299,100.00"
04/03/2025,"12,755.42","12,755.42","12,569.66","12,600.62",-250.00,-0.01,"2,516,300.00"
03/03/2025,"12,631.58","12,786.38","12,631.58","12,755.42",150.00,0.01,"2,318,800.00"
28/02/2025,"12,631.58","12,848.30","12,600.62","12,662.54",200.00,0.01,"5,278,400.00"
27/02/2025,"12,507.74","12,538.70","12,445.82","12,538.70",0.00,0.00,"2,230,100.00"
26/02/2025,"12,662.54","12,693.50","12,538.70","12,538.70",-200.00,-0.01,"1,829,900.00"
25/02/2025,"12,538.70","12,693.50","12,476.78","12,662.54",300.00,0.01,"3,729,900.00"
24/02/2025,"12,414.86","12,476.78","12,383.90","12,476.78",0.00,0.00,"2,102,000.00"
21/02/2025,"12,538.70","12,569.66","12,414.86","12,476.78",-100.00,0.00,"2,438,400.00"
20/02/2025,"12,631.58","12,693.50","12,538.70","12,538.70",-150.00,-0.01,"1,976,600.00"
19/02/2025,"12,445.82","12,693.50","12,414.86","12,631.58",350.00,0.02,"3,247,300.00"
18/02/2025,"12,538.70","12,538.70","12,383.90","12,414.86",-50.00,0.00,"2,036,800.00"
17/02/2025,"12,476.78","12,507.74","12,352.94","12,445.82",0.00,0.00,"2,239,800.00"
14/02/2025,"12,321.98","12,631.58","12,321.98","12,445.82",250.00,0.01,"3,058,400.00"
13/02/2025,"12,507.74","12,507.74","12,229.10","12,291.02",-300.00,-0.01,"3,536,100.00"
12/02/2025,"12,507.74","12,569.66","12,445.82","12,476.78",-50.00,0.00,"1,897,100.00"
11/02/2025,"12,631.58","12,662.54","12,414.86","12,507.74",-200.00,-0.01,"2,865,000.00"
10/02/2025,"12,600.62","12,755.42","12,507.74","12,631.58",50.00,0.00,"1,935,901.00"
07/02/2025,"12,693.50","12,786.38","12,569.66","12,600.62",-150.00,-0.01,"2,531,100.00"
06/02/2025,"12,848.30","12,879.26","12,631.58","12,693.50",-250.00,-0.01,"2,052,900.00"
05/02/2025,"12,972.14","12,972.14","12,817.34","12,848.30",-100.00,0.00,"1,347,900.00"
04/02/2025,"12,848.30","12,941.18","12,817.34","12,910.22",150.00,0.01,"2,203,700.00"
03/02/2025,"12,507.74","12,817.34","12,414.86","12,817.34",400.00,0.02,"2,031,700.00"
24/01/2025,"12,631.58","12,662.54","12,507.74","12,569.66",-200.00,-0.01,"3,056,400.00"
23/01/2025,"12,662.54","12,848.30","12,631.58","12,693.50",-50.00,0.00,"1,806,800.00"
22/01/2025,"12,445.82","12,786.38","12,383.90","12,724.46",300.00,0.01,"2,778,600.00"
21/01/2025,"13,003.10","13,003.10","12,538.70","12,538.70",-800.00,-0.04,"7,428,700.00"
20/01/2025,"13,374.61","13,405.57","13,003.10","13,034.06",-550.00,-0.03,"3,740,500.00"
17/01/2025,"13,931.89","13,931.89","13,374.61","13,374.61",300.00,0.01,"6,048,500.00"
06/01/2025,"13,869.97","14,117.65","13,374.61","13,560.37",-400.00,-0.02,"4,679,900.00"
03/01/2025,"13,993.81","14,055.73","13,684.21","13,684.21",-600.00,-0.03,"5,022,300.00"
02/01/2025,"14,117.65","14,241.49","13,931.89","14,055.73",-100.00,0.00,"3,330,800.00"
31/12/2024,"13,993.81","14,241.49","13,931.89","14,117.65",400.00,0.02,"5,588,800.00"
30/12/2024,"13,808.05","13,993.81","13,746.13","13,931.89",100.00,0.00,"2,542,000.00"
27/12/2024,"14,055.73","14,117.65","13,746.13","13,808.05",-400.00,-0.02,"4,178,300.00"
26/12/2024,"13,869.97","14,241.49","13,808.05","13,993.81",300.00,0.01,"5,204,000.00"
25/12/2024,"13,746.13","13,931.89","13,746.13","13,869.97",200.00,0.01,"3,002,900.00"
24/12/2024,"13,808.05","13,869.97","13,622.29","13,808.05",0.00,0.00,"3,080,900.00"
23/12/2024,"13,869.97","13,993.81","13,684.21","13,808.05",0.00,0.00,"2,962,900.00"
20/12/2024,"13,436.53","13,869.97","13,436.53","13,869.97",500.00,0.02,"3,579,700.00"
19/12/2024,"13,684.21","13,808.05","12,693.50","13,684.21",0.00,0.00,"5,528,500.00"
18/12/2024,"13,498.45","13,869.97","13,436.53","13,808.05",500.00,0.02,"3,647,300.00"
17/12/2024,"13,622.29","13,684.21","13,374.61","13,498.45",-200.00,-0.01,"3,045,800.00"
16/12/2024,"13,931.89","14,117.65","13,498.45","13,622.29",-500.00,-0.02,"4,422,400.00"
13/12/2024,"13,498.45","14,179.57","13,436.53","13,931.89","1,000.00",0.05,"11,393,300.00"
12/12/2024,"13,065.02","13,436.53","13,003.10","13,312.69",400.00,0.02,"3,306,200.00"
11/12/2024,"13,065.02","13,250.77","13,003.10","13,188.85",100.00,0.00,"3,667,500.00"
10/12/2024,"13,126.93","13,250.77","13,065.02","13,188.85",100.00,0.00,"4,508,400.00"
09/12/2024,"13,003.10","13,250.77","12,879.26","13,126.93",600.00,0.03,"6,010,900.00"
06/12/2024,"12,383.90","13,003.10","12,383.90","13,003.10","1,300.00",0.07,"9,391,600.00"
05/12/2024,"12,136.22","12,445.82","11,950.46","12,383.90",600.00,0.03,"5,621,100.00"
04/12/2024,"11,950.46","12,136.22","11,950.46","12,074.30",200.00,0.01,"2,700,600.00"
03/12/2024,"12,012.38","12,074.30","11,888.54","12,012.38",-100.00,-0.01,"1,750,900.00"
02/12/2024,"12,198.14","12,198.14","12,012.38","12,012.38",-200.00,-0.01,"1,269,300.00"
29/11/2024,"12,136.22","12,198.14","12,074.30","12,198.14",100.00,0.01,"1,415,800.00"
28/11/2024,"11,950.46","12,321.98","11,950.46","12,136.22",300.00,0.02,"3,191,000.00"
27/11/2024,"12,136.22","12,136.22","11,888.54","11,950.46",-200.00,-0.01,"1,698,500.00"
26/11/2024,"12,074.30","12,198.14","12,012.38","12,136.22",200.00,0.01,"2,364,000.00"
25/11/2024,"12,012.38","12,074.30","11,888.54","12,074.30",200.00,0.01,"2,062,400.00"
22/11/2024,"11,950.46","12,136.22","11,888.54","12,012.38",100.00,0.01,"2,554,500.00"
21/11/2024,"12,012.38","12,074.30","11,888.54","12,012.38",200.00,0.01,"1,565,100.00"
20/11/2024,"11,764.71","12,012.38","11,640.87","12,012.38",400.00,0.02,"2,916,200.00"
19/11/2024,"11,640.87","11,888.54","11,578.95","11,764.71",200.00,0.01,"1,678,900.00"
18/11/2024,"11,702.79","11,888.54","11,517.03","11,764.71",-100.00,-0.01,"3,415,800.00"
15/11/2024,"12,074.30","12,136.22","11,702.79","11,702.79",-800.00,-0.04,"5,002,600.00"
14/11/2024,"12,445.82","12,507.74","12,074.30","12,074.30",-700.00,-0.03,"5,667,000.00"
13/11/2024,"12,755.42","12,755.42","12,383.90","12,445.82",-600.00,-0.03,"5,541,700.00"
12/11/2024,"12,941.18","13,003.10","12,693.50","12,755.42",-300.00,-0.01,"3,193,400.00"
11/11/2024,"13,126.93","13,126.93","12,879.26","12,941.18",-300.00,-0.01,"3,231,400.00"
08/11/2024,"13,188.85","13,250.77","13,065.02","13,126.93",-100.00,0.00,"2,146,300.00"
07/11/2024,"13,312.69","13,312.69","13,126.93","13,188.85",200.00,0.01,"2,074,900.00"
06/11/2024,"13,003.10","13,250.77","12,941.18","13,250.77",500.00,0.02,"2,356,900.00"
05/11/2024,"12,941.18","13,003.10","12,879.26","12,941.18",100.00,0.00,"1,390,700.00"
04/11/2024,"12,941.18","13,065.02","12,817.34","12,941.18",-100.00,0.00,"2,237,200.00"
01/11/2024,"13,065.02","13,126.93","12,941.18","12,941.18",-100.00,0.00,"2,179,000.00"
31/10/2024,"13,188.85","13,188.85","12,693.50","13,126.93",-300.00,-0.01,"7,028,800.00"
30/10/2024,"13,312.69","13,436.53","13,250.77","13,312.69",100.00,0.00,"1,483,900.00"
29/10/2024,"13,188.85","13,312.69","13,126.93","13,312.69",200.00,0.01,"2,223,700.00"
28/10/2024,"13,560.37","13,560.37","13,065.02","13,250.77",0.00,0.00,"1,963,700.00"
25/10/2024,"13,374.61","13,436.53","13,188.85","13,250.77",-200.00,-0.01,"2,674,500.00"
24/10/2024,"13,374.61","13,498.45","13,312.69","13,374.61",0.00,0.00,"2,657,500.00"
23/10/2024,"13,188.85","13,498.45","13,188.85","13,312.69",-100.00,0.00,"2,258,500.00"
22/10/2024,"13,560.37","13,684.21","13,188.85","13,188.85",-800.00,-0.04,"8,774,600.00"
21/10/2024,"14,055.73","14,055.73","13,498.45","13,560.37",-500.00,-0.02,"4,486,400.00"
18/10/2024,"14,055.73","14,117.65","13,808.05","13,931.89",100.00,0.00,"3,171,000.00"
17/10/2024,"13,993.81","14,117.65","13,746.13","14,055.73",0.00,0.00,"5,610,700.00"
16/10/2024,"14,117.65","14,241.49","13,931.89","14,055.73",-300.00,-0.01,"3,775,700.00"
15/10/2024,"14,551.08","14,551.08","14,055.73","14,117.65",-800.00,-0.03,"10,711,300.00"
14/10/2024,"14,984.52","14,984.52","14,489.16","14,613.00",-100.00,0.00,"3,508,700.00"
11/10/2024,"14,614.78","14,855.35","14,554.64","14,674.92",200.00,0.01,"6,883,800.00"
10/10/2024,"14,554.64","14,674.92","14,494.49","14,614.78",100.00,0.00,"5,690,400.00"
09/10/2024,"14,614.78","14,674.92","14,434.35","14,614.78",-100.00,0.00,"5,393,000.00"
08/10/2024,"14,614.78","14,855.35","14,554.64","14,674.92",300.00,0.01,"6,341,700.00"
07/10/2024,"14,434.35","14,614.78","14,374.21","14,614.78",200.00,0.01,"3,205,200.00"
04/10/2024,"14,494.49","14,674.92","14,314.06","14,434.35",-100.00,0.00,"4,952,400.00"
03/10/2024,"14,614.78","14,674.92","14,314.06","14,374.21",-400.00,-0.02,"7,257,900.00"
02/10/2024,"14,374.21","14,795.21","13,832.92","14,614.78",100.00,0.00,"7,430,100.00"
01/10/2024,"14,494.49","14,674.92","14,374.21","14,434.35",-200.00,-0.01,"7,453,400.00"
30/09/2024,"14,795.21","14,795.21","14,434.35","14,494.49",-500.00,-0.02,"8,012,300.00"
27/09/2024,"14,915.50","14,975.64","14,614.78","14,735.07",-300.00,-0.01,"5,808,500.00"
26/09/2024,"14,554.64","15,216.21","14,494.49","14,915.50",800.00,0.03,"16,338,900.00"
25/09/2024,"14,434.35","14,614.78","14,374.21","14,494.49",200.00,0.01,"5,813,300.00"
24/09/2024,"14,374.21","14,494.49","14,253.92","14,434.35",100.00,0.00,"14,233,100.00"
23/09/2024,"14,374.21","14,554.64","14,314.06","14,374.21",100.00,0.00,"3,369,900.00"
20/09/2024,"14,133.63","14,554.64","14,073.49","14,374.21",500.00,0.02,"10,965,900.00"
19/09/2024,"14,193.78","14,253.92","14,013.35","14,133.63",-100.00,0.00,"3,578,200.00"
18/09/2024,"14,374.21","14,374.21","14,073.49","14,193.78",200.00,0.01,"3,775,700.00"
17/09/2024,"13,953.21","14,314.06","13,893.06","14,253.92",500.00,0.02,"5,422,500.00"
16/09/2024,"13,893.06","14,013.35","13,893.06","13,953.21",0.00,0.00,"3,620,300.00"
13/09/2024,"14,073.49","14,133.63","13,832.92","13,953.21",-100.00,0.00,"5,162,300.00"
12/09/2024,"14,013.35","14,073.49","13,953.21","14,073.49",300.00,0.01,"3,588,900.00"
11/09/2024,"13,953.21","14,013.35","13,772.78","14,013.35",0.00,0.00,"4,869,400.00"
10/09/2024,"14,133.63","14,193.78","13,832.92","14,013.35",0.00,0.00,"5,456,300.00"
09/09/2024,"13,893.06","14,133.63","13,772.78","14,073.49",500.00,0.02,"6,411,900.00"
06/09/2024,"13,893.06","14,013.35","13,652.49","13,893.06",-100.00,0.00,"5,169,500.00"
05/09/2024,"14,073.49","14,193.78","13,712.63","13,893.06",-300.00,-0.01,"7,487,700.00"
04/09/2024,"14,253.92","14,374.21","14,013.35","14,013.35",-600.00,-0.03,"8,203,000.00"
30/08/2024,"14,374.21","14,494.49","14,314.06","14,374.21",-100.00,0.00,"4,230,300.00"
29/08/2024,"14,494.49","14,554.64","14,314.06","14,374.21",-300.00,-0.01,"3,463,900.00"
28/08/2024,"14,614.78","14,735.07","14,434.35","14,494.49",100.00,0.00,"5,794,100.00"
27/08/2024,"14,434.35","14,614.78","14,314.06","14,614.78",300.00,0.01,"7,652,300.00"
26/08/2024,"14,434.35","14,674.92","14,314.06","14,374.21",0.00,0.00,"8,229,600.00"
23/08/2024,"14,554.64","14,614.78","14,314.06","14,434.35",-200.00,-0.01,"7,061,900.00"
22/08/2024,"14,614.78","14,795.21","14,434.35","14,614.78",0.00,0.00,"5,826,400.00"
21/08/2024,"14,614.78","14,915.50","14,434.35","14,614.78",300.00,0.01,"14,964,100.00"
20/08/2024,"14,494.49","14,614.78","14,314.06","14,494.49",-200.00,-0.01,"12,169,400.00"
19/08/2024,"14,434.35","14,915.50","14,434.35","14,494.49",300.00,0.01,"9,761,900.00"
16/08/2024,"13,772.78","14,614.78","13,772.78","14,494.49","1,200.00",0.05,"19,049,900.00"
15/08/2024,"13,832.92","13,953.21","13,712.63","13,772.78",-300.00,-0.01,"5,419,800.00"
14/08/2024,"14,193.78","14,193.78","13,772.78","13,893.06",-500.00,-0.02,"9,088,700.00"
13/08/2024,"14,193.78","14,494.49","13,953.21","14,133.63",100.00,0.00,"13,729,300.00"
12/08/2024,"13,953.21","14,314.06","13,893.06","13,953.21",300.00,0.01,"7,646,800.00"
09/08/2024,"13,772.78","13,953.21","13,592.35","13,953.21",300.00,0.01,"7,841,400.00"
08/08/2024,"13,652.49","14,013.35","13,532.20","13,772.78",400.00,0.02,"12,462,800.00"
07/08/2024,"13,351.77","13,772.78","13,231.49","13,652.49",700.00,0.03,"10,932,401.00"
06/08/2024,"13,051.06","13,411.92","13,051.06","13,351.77",200.00,0.01,"5,424,000.00"
05/08/2024,"13,231.49","13,712.63","12,930.77","13,051.06",-400.00,-0.02,"11,915,300.00"
02/08/2024,"13,472.06","13,532.20","13,051.06","13,472.06",-200.00,-0.01,"9,195,400.00"
01/08/2024,"13,832.92","14,013.35","13,291.63","13,472.06",-300.00,-0.01,"8,709,200.00"
31/07/2024,"13,171.34","13,953.21","12,930.77","13,712.63","1,100.00",0.05,"16,415,000.00"
30/07/2024,"12,870.63","13,231.49","12,329.34","12,990.92",-400.00,-0.02,"5,909,500.00"
29/07/2024,"13,351.77","13,411.92","13,111.20","13,231.49",200.00,0.01,"3,351,600.00"
26/07/2024,"12,930.77","13,291.63","12,930.77","13,231.49",300.00,0.01,"4,204,000.00"
25/07/2024,"12,810.49","13,291.63","12,750.34","13,051.06",400.00,0.02,"5,353,300.00"
24/07/2024,"12,630.06","13,051.06","12,509.77","12,930.77",-300.00,-0.01,"7,430,500.00"
23/07/2024,"13,411.92","13,472.06","12,750.34","12,810.49","-1,100.00",-0.05,"12,586,800.00"
22/07/2024,"13,652.49","13,772.78","13,231.49","13,351.77",-700.00,-0.03,"8,673,300.00"
19/07/2024,"13,893.06","14,013.35","13,532.20","13,652.49",-100.00,0.00,"6,815,300.00"
18/07/2024,"13,772.78","13,953.21","13,472.06","13,832.92",100.00,0.00,"8,286,900.00"
17/07/2024,"14,193.78","14,253.92","13,111.20","13,592.35","-1,200.00",-0.05,"17,207,600.00"
16/07/2024,"14,554.64","14,614.78","14,133.63","14,193.78",-500.00,-0.02,"8,646,100.00"
15/07/2024,"14,374.21","14,674.92","14,314.06","14,554.64",600.00,0.03,"10,294,100.00"
12/07/2024,"14,073.49","14,434.35","14,013.35","14,374.21",400.00,0.02,"10,655,600.00"
11/07/2024,"14,193.78","14,374.21","13,953.21","14,073.49",-400.00,-0.02,"7,681,900.00"
10/07/2024,"14,314.06","14,614.78","14,073.49","14,193.78",0.00,0.00,"9,971,700.00"
09/07/2024,"14,013.35","14,434.35","13,893.06","14,374.21",900.00,0.04,"15,110,000.00"
08/07/2024,"13,832.92","14,013.35","13,592.35","13,953.21",600.00,0.03,"9,556,900.00"
05/07/2024,"13,712.63","13,772.78","13,532.20","13,712.63",100.00,0.00,"4,597,900.00"
04/07/2024,"13,291.63","13,832.92","13,291.63","13,712.63",700.00,0.03,"10,844,100.00"
03/07/2024,"13,351.77","13,472.06","13,171.34","13,291.63",0.00,0.00,"5,597,700.00"
02/07/2024,"13,351.77","13,712.63","13,171.34","13,351.77",400.00,0.02,"5,525,200.00"
01/07/2024,"13,171.34","13,291.63","12,930.77","13,291.63",100.00,0.00,"7,793,300.00"
28/06/2024,"13,291.63","13,652.49","12,329.34","13,051.06",-900.00,-0.04,"12,862,400.00"
27/06/2024,"13,893.06","13,893.06","13,472.06","13,592.35",-300.00,-0.01,"7,537,300.00"
26/06/2024,"13,712.63","14,013.35","13,592.35","13,893.06",500.00,0.02,"6,393,200.00"
25/06/2024,"13,832.92","13,893.06","13,411.92","13,712.63",-400.00,-0.02,"11,492,300.00"
24/06/2024,"14,434.35","14,434.35","13,652.49","13,832.92","-1,100.00",-0.05,"17,713,500.00"
21/06/2024,"14,735.07","14,915.50","14,253.92","14,494.49",-400.00,-0.02,"13,331,000.00"
20/06/2024,"14,674.92","14,975.64","14,494.49","14,735.07",400.00,0.02,"11,154,700.00"
19/06/2024,"14,614.78","14,795.21","14,314.06","14,674.92",300.00,0.01,"10,816,200.00"
18/06/2024,"14,013.35","14,735.07","13,953.21","14,614.78","1,200.00",0.05,"21,649,900.00"
17/06/2024,"13,712.63","14,013.35","13,652.49","14,013.35",200.00,0.01,"8,476,600.00"
14/06/2024,"13,893.06","14,253.92","13,652.49","13,712.63",-400.00,-0.02,"13,483,200.00"
13/06/2024,"14,073.49","14,374.21","13,832.92","13,953.21",200.00,0.01,"6,044,900.00"
12/06/2024,"13,832.92","14,013.35","13,712.63","13,953.21",0.00,0.00,"8,540,500.00"
11/06/2024,"14,193.78","14,253.92","13,772.78","13,953.21",-400.00,-0.02,"10,518,200.00"
10/06/2024,"14,314.06","14,434.35","14,013.35","14,073.49",-200.00,-0.01,"5,941,600.00"
07/06/2024,"14,253.92","14,494.49","14,073.49","14,253.92",-100.00,0.00,"6,484,900.00"
06/06/2024,"14,013.35","14,614.78","13,953.21","14,253.92",500.00,0.02,"14,447,400.00"
05/06/2024,"14,013.35","14,193.78","13,772.78","14,013.35",0.00,0.00,"9,313,400.00"
04/06/2024,"13,953.21","14,314.06","13,712.63","14,013.35",200.00,0.01,"12,934,200.00"
03/06/2024,"13,712.63","14,073.49","13,712.63","13,893.06",400.00,0.02,"7,135,900.00"
31/05/2024,"13,772.78","13,832.92","13,532.20","13,712.63",0.00,0.00,"5,050,600.00"
30/05/2024,"13,893.06","14,013.35","13,411.92","13,832.92",-500.00,-0.02,"15,805,600.00"
29/05/2024,"14,073.49","14,494.49","13,832.92","13,893.06",0.00,0.00,"14,954,200.00"
28/05/2024,"13,592.35","14,073.49","13,592.35","14,013.35",800.00,0.04,"11,739,200.00"
27/05/2024,"13,592.35","13,832.92","13,291.63","13,592.35",0.00,0.00,"8,365,300.00"
24/05/2024,"13,652.49","14,073.49","13,231.49","13,592.35",200.00,0.01,"24,200,400.00"
23/05/2024,"12,990.92","13,832.92","12,930.77","13,532.20","1,400.00",0.07,"18,961,600.00"
22/05/2024,"11,968.48","13,231.49","11,968.48","12,990.92","1,800.00",0.09,"28,946,200.00"
21/05/2024,"11,968.48","12,028.63","11,788.05","12,028.63",100.00,0.01,"6,687,000.00"
20/05/2024,"11,848.20","12,148.91","11,788.05","11,968.48",300.00,0.02,"9,509,900.00"
17/05/2024,"11,727.91","11,848.20","11,727.91","11,788.05",200.00,0.01,"6,842,900.00"
16/05/2024,"11,487.34","11,848.20","11,427.19","11,727.91",500.00,0.03,"11,629,400.00"
15/05/2024,"11,427.19","11,487.34","11,367.05","11,427.19",0.00,0.00,"2,969,000.00"
14/05/2024,"11,306.91","11,547.48","11,246.76","11,427.19",100.00,0.01,"3,451,000.00"
13/05/2024,"11,427.19","11,487.34","11,246.76","11,306.91",-100.00,-0.01,"3,653,000.00"
10/05/2024,"11,487.34","11,547.48","11,246.76","11,427.19",-200.00,-0.01,"4,987,400.00"
09/05/2024,"11,607.62","11,667.77","11,427.19","11,487.34",-100.00,-0.01,"4,100,300.00"
08/05/2024,"11,427.19","11,727.91","11,246.76","11,607.62",400.00,0.02,"7,633,800.00"
07/05/2024,"11,306.91","11,487.34","11,246.76","11,367.05",300.00,0.02,"6,107,500.00"
06/05/2024,"10,946.05","11,367.05","10,946.05","11,306.91",700.00,0.04,"9,205,900.00"
03/05/2024,"10,885.91","11,006.19","10,825.76","10,946.05",200.00,0.01,"4,105,800.00"
02/05/2024,"10,825.76","10,885.91","10,705.48","10,885.91",0.00,0.00,"2,828,600.00"
26/04/2024,"10,825.76","10,946.05","10,765.62","10,885.91",0.00,0.00,"2,647,200.00"
25/04/2024,"11,066.34","11,066.34","10,765.62","10,946.05",0.00,0.00,"4,491,800.00"
24/04/2024,"10,885.91","11,066.34","10,825.76","11,006.19",200.00,0.01,"3,879,400.00"
23/04/2024,"10,946.05","11,126.48","10,765.62","10,885.91",-200.00,-0.01,"3,397,000.00"
22/04/2024,"10,885.91","11,066.34","10,825.76","10,946.05",-100.00,-0.01,"5,208,000.00"
19/04/2024,"11,186.62","11,367.05","10,825.76","10,825.76",-600.00,-0.03,"9,487,100.00"
17/04/2024,"11,427.19","11,487.34","11,066.34","11,186.62",-300.00,-0.02,"7,561,400.00"
16/04/2024,"11,306.91","11,547.48","11,126.48","11,547.48",-400.00,-0.02,"7,020,300.00"
15/04/2024,"11,848.20","12,148.91","11,367.05","11,367.05",-600.00,-0.03,"17,235,700.00"
12/04/2024,"11,908.34","11,908.34","11,667.77","11,848.20",100.00,0.01,"4,703,300.00"
11/04/2024,"11,727.91","11,848.20","11,607.62","11,848.20",100.00,0.01,"5,249,800.00"
10/04/2024,"11,968.48","11,968.48","11,667.77","11,727.91",-300.00,-0.02,"7,481,900.00"
09/04/2024,"11,908.34","12,028.63","11,848.20","11,968.48",100.00,0.01,"8,033,300.00"
08/04/2024,"11,968.48","12,028.63","11,848.20","11,908.34",-200.00,-0.01,"6,592,500.00"
05/04/2024,"11,667.77","12,269.20","11,607.62","11,968.48",400.00,0.02,"23,944,500.00"
04/04/2024,"11,848.20","11,968.48","11,667.77","11,667.77",-500.00,-0.03,"8,180,500.00"
03/04/2024,"11,848.20","12,148.91","11,788.05","11,908.34",400.00,0.02,"13,633,900.00"
02/04/2024,"11,607.62","11,848.20","11,487.34","11,848.20",400.00,0.02,"10,262,000.00"
01/04/2024,"11,667.77","11,727.91","11,487.34","11,607.62",0.00,0.00,"4,922,100.00"
29/03/2024,"11,547.48","11,727.91","11,427.19","11,607.62",100.00,0.01,"5,300,600.00"
28/03/2024,"11,667.77","11,667.77","11,487.34","11,667.77",100.00,0.01,"3,743,100.00"
27/03/2024,"11,667.77","11,788.05","11,547.48","11,667.77",100.00,0.01,"4,565,700.00"
26/03/2024,"11,547.48","11,667.77","11,487.34","11,667.77",100.00,0.01,"4,595,400.00"
25/03/2024,"11,607.62","11,788.05","11,427.19","11,547.48",0.00,0.00,"6,590,000.00"
22/03/2024,"11,607.62","11,607.62","11,427.19","11,607.62",100.00,0.01,"6,756,500.00"
21/03/2024,"11,547.48","11,607.62","11,427.19","11,547.48",200.00,0.01,"4,756,200.00"
20/03/2024,"11,487.34","11,547.48","11,306.91","11,547.48",300.00,0.02,"4,701,800.00"
19/03/2024,"11,367.05","11,427.19","11,246.76","11,427.19",200.00,0.01,"4,396,100.00"
18/03/2024,"11,667.77","11,727.91","11,066.34","11,306.91",-500.00,-0.03,"9,550,200.00"
15/03/2024,"11,727.91","11,788.05","11,487.34","11,667.77",0.00,0.00,"5,263,500.00"
14/03/2024,"11,607.62","11,788.05","11,487.34","11,667.77",400.00,0.02,"8,184,800.00"
13/03/2024,"11,427.19","11,607.62","11,367.05","11,607.62",200.00,0.01,"5,971,500.00"
12/03/2024,"11,547.48","11,607.62","11,367.05","11,367.05",-300.00,-0.02,"5,845,000.00"
11/03/2024,"11,667.77","11,727.91","11,487.34","11,547.48",-300.00,-0.02,"4,051,500.00"
08/03/2024,"11,908.34","12,028.63","11,607.62","11,667.77",-200.00,-0.01,"5,834,400.00"
07/03/2024,"11,788.05","11,908.34","11,667.77","11,908.34",300.00,0.02,"5,121,400.00"
06/03/2024,"11,848.20","11,968.48","11,607.62","11,788.05",-100.00,-0.01,"6,553,800.00"
05/03/2024,"12,028.63","12,028.63","11,788.05","11,968.48",-100.00,-0.01,"5,007,700.00"
04/03/2024,"12,028.63","12,209.05","11,908.34","11,968.48",100.00,0.01,"6,285,100.00"
01/03/2024,"12,028.63","12,028.63","11,788.05","12,028.63",100.00,0.01,"5,345,600.00"
29/02/2024,"12,148.91","12,209.05","11,788.05","11,968.48",-200.00,-0.01,"6,273,500.00"
28/02/2024,"11,848.20","12,329.34","11,848.20","12,148.91",700.00,0.04,"13,625,000.00"
27/02/2024,"11,487.34","11,968.48","11,487.34","11,848.20",600.00,0.03,"10,914,900.00"
26/02/2024,"11,607.62","11,667.77","11,367.05","11,547.48",-200.00,-0.01,"5,724,700.00"
23/02/2024,"11,848.20","11,848.20","11,427.19","11,607.62",-400.00,-0.02,"7,893,600.00"
22/02/2024,"11,788.05","12,028.63","11,727.91","11,848.20",100.00,0.01,"6,403,000.00"
21/02/2024,"11,908.34","11,908.34","11,667.77","11,788.05",-200.00,-0.01,"6,042,900.00"
20/02/2024,"12,028.63","12,088.77","11,788.05","11,848.20",100.00,0.01,"5,322,800.00"
19/02/2024,"11,367.05","12,028.63","11,367.05","12,028.63","1,100.00",0.06,"21,845,400.00"
16/02/2024,"11,367.05","11,427.19","11,246.76","11,367.05",100.00,0.01,"2,715,100.00"
15/02/2024,"11,186.62","11,427.19","11,186.62","11,306.91",300.00,0.02,"5,429,200.00"
07/02/2024,"11,186.62","11,246.76","11,066.34","11,186.62",100.00,0.01,"3,537,300.00"
06/02/2024,"11,126.48","11,186.62","11,066.34","11,186.62",100.00,0.01,"2,856,100.00"
05/02/2024,"11,186.62","11,246.76","11,006.19","11,126.48",-100.00,-0.01,"4,433,900.00"
02/02/2024,"11,246.76","11,246.76","11,126.48","11,186.62",0.00,0.00,"3,060,400.00"
01/02/2024,"11,246.76","11,306.91","11,126.48","11,186.62",-200.00,-0.01,"4,431,700.00"
31/01/2024,"11,427.19","11,547.48","11,246.76","11,246.76",-300.00,-0.02,"3,982,200.00"
30/01/2024,"11,487.34","11,487.34","11,306.91","11,487.34",0.00,0.00,"4,946,000.00"
29/01/2024,"11,427.19","11,547.48","11,367.05","11,487.34",100.00,0.01,"3,549,700.00"
26/01/2024,"11,367.05","11,487.34","11,306.91","11,427.19",200.00,0.01,"9,185,000.00"
25/01/2024,"11,367.05","11,427.19","11,186.62","11,306.91",0.00,0.00,"1,944,200.00"
24/01/2024,"11,306.91","11,427.19","11,186.62","11,367.05",200.00,0.01,"9,076,300.00"
23/01/2024,"11,186.62","11,367.05","11,186.62","11,306.91",100.00,0.01,"2,501,500.00"
22/01/2024,"11,246.76","11,306.91","11,126.48","11,306.91",100.00,0.01,"6,700,700.00"
19/01/2024,"11,126.48","11,306.91","11,126.48","11,246.76",200.00,0.01,"5,227,400.00"
18/01/2024,"11,066.34","11,246.76","11,006.19","11,186.62",200.00,0.01,"5,248,600.00"
17/01/2024,"11,066.34","11,126.48","10,946.05","11,066.34",100.00,0.01,"2,949,300.00"
16/01/2024,"11,066.34","11,066.34","10,946.05","11,066.34",0.00,0.00,"2,556,500.00"
15/01/2024,"11,066.34","11,126.48","11,006.19","11,066.34",0.00,0.00,"2,204,000.00"
12/01/2024,"11,066.34","11,186.62","10,946.05","11,066.34",0.00,0.00,"5,928,500.00"
11/01/2024,"11,066.34","11,126.48","10,946.05","11,126.48",100.00,0.01,"4,675,300.00"
10/01/2024,"11,126.48","11,186.62","10,946.05","11,066.34",-100.00,-0.01,"4,958,200.00"
09/01/2024,"11,367.05","11,367.05","11,066.34","11,066.34",-500.00,-0.03,"9,343,300.00"
08/01/2024,"11,367.05","11,487.34","11,246.76","11,306.91",-100.00,-0.01,"4,130,000.00"
05/01/2024,"11,246.76","11,487.34","11,246.76","11,367.05",100.00,0.01,"4,181,700.00"
04/01/2024,"11,246.76","11,427.19","11,186.62","11,306.91",200.00,0.01,"9,766,700.00"
03/01/2024,"11,186.62","11,246.76","11,126.48","11,246.76",0.00,0.00,"3,452,500.00"
02/01/2024,"11,186.62","11,367.05","11,126.48","11,186.62",100.00,0.01,"5,237,600.00"
29/12/2023,"11,126.48","11,186.62","11,066.34","11,186.62",100.00,0.01,"3,244,200.00"
28/12/2023,"11,186.62","11,186.62","11,066.34","11,126.48",-100.00,-0.01,"3,092,700.00"
27/12/2023,"11,126.48","11,306.91","11,126.48","11,186.62",100.00,0.01,"2,136,800.00"
26/12/2023,"11,186.62","11,246.76","11,066.34","11,186.62",100.00,0.01,"2,392,500.00"
25/12/2023,"11,066.34","11,246.76","11,066.34","11,186.62",200.00,0.01,"3,105,600.00"
22/12/2023,"11,066.34","11,186.62","11,006.19","11,006.19",-100.00,-0.01,"2,754,400.00"
21/12/2023,"11,186.62","11,186.62","11,006.19","11,126.48",0.00,0.00,"2,629,400.00"
20/12/2023,"11,066.34","11,186.62","11,066.34","11,186.62",300.00,0.02,"2,453,300.00"
19/12/2023,"11,006.19","11,066.34","10,885.91","11,066.34",100.00,0.01,"3,903,800.00"
18/12/2023,"11,126.48","11,186.62","10,885.91","10,946.05",-300.00,-0.02,"3,251,300.00"
15/12/2023,"11,066.34","11,186.62","11,066.34","11,126.48",-100.00,-0.01,"4,156,500.00"
14/12/2023,"11,306.91","11,367.05","11,006.19","11,066.34",-400.00,-0.02,"5,150,000.00"
13/12/2023,"11,487.34","11,487.34","11,186.62","11,246.76",-300.00,-0.02,"6,432,700.00"
12/12/2023,"11,306.91","11,487.34","11,306.91","11,487.34",200.00,0.01,"4,329,900.00"
11/12/2023,"11,367.05","11,487.34","11,306.91","11,427.19",100.00,0.01,"2,798,300.00"
08/12/2023,"11,367.05","11,427.19","11,306.91","11,427.19",0.00,0.00,"3,872,400.00"
07/12/2023,"11,607.62","11,667.77","11,246.76","11,367.05",-400.00,-0.02,"10,653,300.00"
06/12/2023,"11,667.77","11,727.91","11,487.34","11,667.77",-100.00,-0.01,"5,508,900.00"
05/12/2023,"11,607.62","11,848.20","11,547.48","11,607.62",100.00,0.01,"11,247,600.00"
04/12/2023,"11,367.05","11,727.91","11,367.05","11,607.62",400.00,0.02,"13,306,400.00"
01/12/2023,"11,367.05","11,427.19","11,246.76","11,427.19",100.00,0.01,"3,483,500.00"
30/11/2023,"11,427.19","11,547.48","11,306.91","11,306.91",-100.00,-0.01,"5,576,700.00"
29/11/2023,"11,246.76","11,487.34","11,246.76","11,427.19",400.00,0.02,"6,930,200.00"
28/11/2023,"11,306.91","11,427.19","11,006.19","11,186.62",-200.00,-0.01,"5,131,500.00"
27/11/2023,"11,306.91","11,427.19","11,186.62","11,246.76",0.00,0.00,"3,428,500.00"
24/11/2023,"11,427.19","11,487.34","11,066.34","11,427.19",-200.00,-0.01,"6,832,200.00"
23/11/2023,"11,487.34","11,727.91","11,246.76","11,306.91",-300.00,-0.02,"13,522,500.00"
22/11/2023,"11,607.62","11,667.77","11,367.05","11,547.48",200.00,0.01,"6,791,100.00"
21/11/2023,"11,246.76","11,547.48","11,246.76","11,547.48",600.00,0.03,"7,578,900.00"
20/11/2023,"11,126.48","11,246.76","11,006.19","11,246.76",-100.00,-0.01,"5,626,300.00"
17/11/2023,"11,547.48","11,667.77","11,126.48","11,186.62",-500.00,-0.03,"12,767,000.00"
16/11/2023,"11,607.62","11,667.77","11,367.05","11,667.77",0.00,0.00,"6,887,900.00"
15/11/2023,"11,667.77","11,788.05","11,487.34","11,607.62",100.00,0.01,"7,030,100.00"
14/11/2023,"11,427.19","11,667.77","11,367.05","11,547.48",400.00,0.02,"6,252,100.00"
13/11/2023,"11,246.76","11,487.34","11,186.62","11,427.19",200.00,0.01,"6,090,000.00"
10/11/2023,"11,427.19","11,487.34","11,246.76","11,246.76",-300.00,-0.02,"7,611,600.00"
09/11/2023,"11,607.62","11,607.62","11,367.05","11,487.34",300.00,0.02,"6,936,600.00"
08/11/2023,"11,126.48","11,607.62","11,006.19","11,547.48",400.00,0.02,"12,954,900.00"
07/11/2023,"11,186.62","11,547.48","11,066.34","11,186.62",100.00,0.01,"8,803,400.00"
06/11/2023,"11,186.62","11,246.76","11,006.19","11,186.62",0.00,0.00,"4,932,200.00"
03/11/2023,"11,367.05","11,367.05","11,066.34","11,186.62",100.00,0.01,"6,802,200.00"
02/11/2023,"10,885.91","11,306.91","10,825.76","11,246.76","1,000.00",0.06,"10,617,900.00"
01/11/2023,"10,404.76","10,885.91","10,344.62","10,825.76",300.00,0.02,"6,999,000.00"
31/10/2023,"10,705.48","11,006.19","10,344.62","10,464.90",-800.00,-0.04,"10,736,300.00"
30/10/2023,"11,126.48","11,186.62","10,705.48","10,705.48",-500.00,-0.03,"5,292,100.00"
27/10/2023,"10,885.91","11,186.62","10,765.62","11,186.62",300.00,0.02,"7,202,600.00"
26/10/2023,"11,667.77","11,788.05","10,645.33","10,885.91","-1,600.00",-0.08,"16,616,900.00"
25/10/2023,"12,028.63","12,088.77","11,607.62","11,667.77",-600.00,-0.03,"11,343,700.00"
24/10/2023,"12,209.05","12,269.20","11,848.20","12,088.77",-300.00,-0.01,"7,375,000.00"
23/10/2023,"12,329.34","12,509.77","11,968.48","12,209.05",-100.00,0.00,"5,562,200.00"
20/10/2023,"12,088.77","12,509.77","12,028.63","12,449.63",500.00,0.02,"6,582,100.00"
19/10/2023,"12,449.63","12,509.77","11,968.48","12,148.91",-400.00,-0.02,"7,201,600.00"
18/10/2023,"12,569.91","12,690.20","12,028.63","12,449.63",-400.00,-0.02,"11,902,700.00"
17/10/2023,"13,051.06","13,051.06","12,269.20","12,509.77",-900.00,-0.04,"11,428,200.00"
16/10/2023,"12,930.77","13,231.49","12,870.63","12,930.77",500.00,0.02,"12,555,900.00"
13/10/2023,"12,509.77","12,870.63","12,389.48","12,750.34",300.00,0.01,"8,172,000.00"
12/10/2023,"12,750.34","12,750.34","12,449.63","12,569.91",-300.00,-0.01,"6,984,500.00"
11/10/2023,"12,569.91","12,990.92","12,449.63","12,810.49",400.00,0.02,"10,691,400.00"
10/10/2023,"12,449.63","12,690.20","12,389.48","12,449.63",200.00,0.01,"11,108,600.00"
09/10/2023,"12,209.05","12,509.77","12,209.05","12,389.48","1,000.00",0.05,"10,607,300.00"
06/10/2023,"12,028.63","12,028.63","11,607.62","11,968.48",-100.00,-0.01,"9,839,200.00"
05/10/2023,"12,269.20","12,269.20","11,848.20","11,968.48",-600.00,-0.03,"15,260,000.00"
04/10/2023,"12,329.34","12,569.91","12,088.77","12,449.63",0.00,0.00,"8,569,800.00"
03/10/2023,"12,870.63","12,870.63","12,209.05","12,389.48","-1,100.00",-0.05,"22,998,000.00"
02/10/2023,"13,051.06","13,171.34","12,810.49","12,990.92",-200.00,-0.01,"8,264,500.00"
29/09/2023,"13,291.63","13,411.92","12,990.92","13,111.20",-200.00,-0.01,"8,895,500.00"
28/09/2023,"12,990.92","13,472.06","12,990.92","13,472.06","1,300.00",0.06,"15,845,500.00"
27/09/2023,"12,449.63","12,990.92","12,209.05","12,990.92",800.00,0.04,"13,226,000.00"
26/09/2023,"12,810.49","12,810.49","12,269.20","12,389.48",-600.00,-0.03,"9,515,600.00"
25/09/2023,"12,329.34","13,051.06","12,329.34","12,750.34",200.00,0.01,"15,504,900.00"
22/09/2023,"12,990.92","13,051.06","12,329.34","12,569.91",-900.00,-0.04,"14,943,300.00"
21/09/2023,"13,111.20","13,351.77","12,870.63","12,870.63",-300.00,-0.01,"11,002,200.00"
20/09/2023,"13,111.20","13,231.49","12,990.92","13,111.20",200.00,0.01,"8,143,400.00"
19/09/2023,"13,111.20","13,231.49","12,810.49","13,171.34",100.00,0.00,"7,289,000.00"
18/09/2023,"13,532.20","13,532.20","12,930.77","13,111.20",-500.00,-0.02,"9,615,800.00"
15/09/2023,"13,171.34","13,652.49","13,051.06","13,291.63",400.00,0.02,"11,402,400.00"
14/09/2023,"13,351.77","13,472.06","12,810.49","12,930.77",-500.00,-0.02,"13,367,300.00"
13/09/2023,"12,870.63","13,532.20","12,810.49","13,351.77","1,100.00",0.05,"20,255,700.00"
12/09/2023,"12,750.34","12,870.63","12,449.63","12,870.63",200.00,0.01,"10,103,800.00"
11/09/2023,"12,870.63","13,171.34","12,449.63","12,509.77",-200.00,-0.01,"12,967,300.00"
08/09/2023,"12,449.63","12,930.77","12,329.34","12,870.63",700.00,0.03,"12,900,200.00"
07/09/2023,"12,449.63","12,569.91","12,329.34","12,449.63",200.00,0.01,"8,675,900.00"
06/09/2023,"12,088.77","12,449.63","12,088.77","12,449.63",700.00,0.03,"14,870,200.00"
05/09/2023,"11,848.20","12,148.91","11,848.20","12,088.77",700.00,0.04,"10,250,900.00"
31/08/2023,"11,667.77","11,788.05","11,607.62","11,788.05",400.00,0.02,"6,861,700.00"
30/08/2023,"11,607.62","11,727.91","11,487.34","11,667.77",200.00,0.01,"5,926,900.00"
29/08/2023,"11,487.34","11,667.77","11,367.05","11,607.62",600.00,0.03,"8,244,200.00"
28/08/2023,"11,126.48","11,487.34","11,066.34","11,427.19",400.00,0.02,"7,399,200.00"
25/08/2023,"11,126.48","11,306.91","11,006.19","11,186.62",300.00,0.02,"6,692,100.00"
24/08/2023,"11,006.19","11,126.48","10,885.91","11,126.48",100.00,0.01,"4,932,500.00"
23/08/2023,"11,126.48","11,186.62","11,006.19","11,006.19",100.00,0.01,"5,441,700.00"
22/08/2023,"11,306.91","11,306.91","10,645.33","11,126.48",300.00,0.02,"7,578,800.00"
21/08/2023,"11,177.71","11,177.71","10,772.30","11,119.80",-100.00,-0.01,"8,259,000.00"
18/08/2023,"11,698.95","11,756.87","10,656.47","10,888.13","-1,400.00",-0.07,"18,078,900.00"
17/08/2023,"11,756.87","11,756.87","11,641.04","11,698.95",-100.00,0.00,"8,273,100.00"
16/08/2023,"11,872.70","11,930.61","11,641.04","11,698.95",-500.00,-0.02,"12,191,700.00"
15/08/2023,"12,104.36","12,162.28","11,756.87","11,930.61",-100.00,0.00,"11,719,600.00"
14/08/2023,"12,104.36","12,104.36","11,930.61","12,046.45",0.00,0.00,"7,126,400.00"
11/08/2023,"12,046.45","12,278.11","11,872.70","12,046.45",0.00,0.00,"11,066,800.00"
10/08/2023,"11,930.61","12,220.19","11,872.70","12,046.45",300.00,0.01,"13,464,900.00"
09/08/2023,"11,872.70","12,046.45","11,698.95","11,872.70",100.00,0.00,"8,032,700.00"
08/08/2023,"11,872.70","11,988.53","11,698.95","11,814.78",-100.00,0.00,"8,122,100.00"
07/08/2023,"11,872.70","12,104.36","11,756.87","11,872.70",200.00,0.01,"6,995,800.00"
04/08/2023,"11,698.95","11,872.70","11,641.04","11,814.78",200.00,0.01,"8,212,800.00"
03/08/2023,"11,641.04","11,930.61","11,467.29","11,641.04",0.00,0.00,"13,079,400.00"
02/08/2023,"11,293.54","11,988.53","11,177.71","11,756.87",600.00,0.03,"19,080,100.00"
01/08/2023,"11,177.71","11,583.12","11,177.71","11,235.63",200.00,0.01,"14,059,200.00"
31/07/2023,"10,888.13","11,409.37","10,772.30","11,351.46","1,100.00",0.06,"21,686,800.00"
28/07/2023,"10,598.56","10,830.22","10,598.56","10,772.30",300.00,0.02,"9,772,100.00"
27/07/2023,"10,656.47","10,714.39","10,482.72","10,656.47",100.00,0.01,"7,545,000.00"
26/07/2023,"10,714.39","10,714.39","10,540.64","10,598.56",-200.00,-0.01,"6,451,900.00"
25/07/2023,"10,714.39","10,888.13","10,598.56","10,656.47",100.00,0.01,"9,059,100.00"
24/07/2023,"10,482.72","10,714.39","10,482.72","10,714.39",300.00,0.02,"8,978,500.00"
21/07/2023,"10,482.72","10,540.64","10,366.89","10,540.64",200.00,0.01,"5,515,400.00"
20/07/2023,"10,366.89","10,540.64","10,308.98","10,482.72",100.00,0.01,"5,494,900.00"
19/07/2023,"10,482.72","10,656.47","10,308.98","10,366.89",-300.00,-0.02,"8,499,100.00"
18/07/2023,"10,598.56","10,656.47","10,482.72","10,540.64",0.00,0.00,"5,234,900.00"
17/07/2023,"10,540.64","10,598.56","10,424.81","10,598.56",0.00,0.00,"7,129,500.00"
14/07/2023,"10,714.39","10,772.30","10,424.81","10,540.64",-300.00,-0.02,"8,638,300.00"
13/07/2023,"10,540.64","10,830.22","10,540.64","10,656.47",300.00,0.02,"9,424,200.00"
12/07/2023,"10,424.81","10,598.56","10,366.89","10,540.64",200.00,0.01,"12,299,700.00"
11/07/2023,"10,424.81","10,540.64","10,308.98","10,424.81",100.00,0.01,"7,637,800.00"
10/07/2023,"10,135.23","10,540.64","10,135.23","10,482.72",800.00,0.05,"20,619,400.00"
07/07/2023,"10,135.23","10,135.23","9,961.48","10,135.23",100.00,0.01,"5,783,100.00"
06/07/2023,"10,251.06","10,308.98","9,961.48","10,077.31",-200.00,-0.01,"8,462,000.00"
05/07/2023,"10,251.06","10,366.89","10,135.23","10,193.15",0.00,0.00,"5,434,300.00"
04/07/2023,"10,077.31","10,308.98","10,019.40","10,251.06",400.00,0.02,"10,993,701.00"
03/07/2023,"10,019.40","10,135.23","9,961.48","10,077.31",100.00,0.01,"3,766,100.00"
30/06/2023,"10,077.31","10,135.23","9,961.48","10,019.40",-200.00,-0.01,"6,284,200.00"
29/06/2023,"10,135.23","10,308.98","10,019.40","10,077.31",-100.00,-0.01,"8,947,400.00"
28/06/2023,"10,193.15","10,193.15","10,019.40","10,135.23",-100.00,-0.01,"6,517,200.00"
27/06/2023,"10,135.23","10,308.98","10,077.31","10,135.23",100.00,0.01,"7,186,200.00"
26/06/2023,"10,019.40","10,193.15","9,961.48","10,135.23",0.00,0.00,"9,362,600.00"
23/06/2023,"10,308.98","10,308.98","10,077.31","10,135.23",-400.00,-0.02,"11,735,500.00"
22/06/2023,"10,251.06","10,540.64","10,193.15","10,366.89",400.00,0.02,"15,417,600.00"
21/06/2023,"10,077.31","10,193.15","10,019.40","10,193.15",300.00,0.02,"10,622,600.00"
20/06/2023,"9,961.48","10,135.23","9,903.57","10,135.23",300.00,0.02,"6,676,100.00"
19/06/2023,"10,019.40","10,077.31","9,903.57","9,961.48",-200.00,-0.01,"4,044,100.00"
16/06/2023,"10,135.23","10,251.06","9,961.48","10,019.40",0.00,0.00,"9,059,001.00"
15/06/2023,"9,903.57","10,193.15","9,903.57","10,135.23",200.00,0.01,"8,864,500.00"
14/06/2023,"10,019.40","10,135.23","9,903.57","9,961.48",0.00,0.00,"8,346,200.00"
13/06/2023,"9,903.57","10,019.40","9,787.74","10,019.40",200.00,0.01,"6,213,600.00"
12/06/2023,"10,077.31","10,077.31","9,787.74","9,961.48",0.00,0.00,"7,018,100.00"
09/06/2023,"10,077.31","10,135.23","9,845.65","10,077.31",-300.00,-0.02,"10,745,500.00"
08/06/2023,"10,193.15","10,482.72","10,019.40","10,019.40",-200.00,-0.01,"14,834,300.00"
07/06/2023,"10,135.23","10,251.06","10,077.31","10,193.15",200.00,0.01,"8,992,700.00"
06/06/2023,"10,193.15","10,251.06","10,019.40","10,193.15",0.00,0.00,"8,285,900.00"
05/06/2023,"10,019.40","10,366.89","10,019.40","10,193.15",500.00,0.03,"14,976,600.00"
02/06/2023,"9,845.65","10,019.40","9,787.74","9,961.48",300.00,0.02,"11,467,100.00"
01/06/2023,"9,903.57","9,903.57","9,729.82","9,845.65",-200.00,-0.01,"9,097,400.00"
31/05/2023,"10,077.31","10,077.31","9,845.65","9,845.65",-300.00,-0.02,"9,515,300.00"
30/05/2023,"10,019.40","10,135.23","9,903.57","10,077.31",300.00,0.02,"12,351,700.00"
29/05/2023,"9,961.48","10,019.40","9,845.65","9,961.48",100.00,0.01,"6,267,700.00"
26/05/2023,"9,613.99","10,077.31","9,498.16","9,961.48",700.00,0.04,"22,881,000.00"
25/05/2023,"9,556.07","9,671.91","9,440.24","9,613.99",0.00,0.00,"5,497,400.00"
24/05/2023,"9,671.91","9,729.82","9,498.16","9,556.07",-100.00,-0.01,"3,761,200.00"
23/05/2023,"9,729.82","9,787.74","9,498.16","9,671.91",100.00,0.01,"7,204,800.00"
22/05/2023,"9,671.91","9,787.74","9,556.07","9,671.91",100.00,0.01,"5,635,800.00"
19/05/2023,"9,440.24","9,729.82","9,382.33","9,613.99",400.00,0.02,"10,064,500.00"
18/05/2023,"9,498.16","9,498.16","9,324.41","9,440.24",-100.00,-0.01,"4,597,800.00"
17/05/2023,"9,671.91","9,729.82","9,324.41","9,440.24",-400.00,-0.02,"7,311,500.00"
16/05/2023,"9,613.99","9,787.74","9,613.99","9,671.91",100.00,0.01,"6,281,000.00"
15/05/2023,"9,556.07","9,729.82","9,498.16","9,613.99",100.00,0.01,"11,894,900.00"
12/05/2023,"9,556.07","9,613.99","9,440.24","9,556.07",0.00,0.00,"6,289,000.00"
11/05/2023,"9,498.16","9,671.91","9,440.24","9,556.07",200.00,0.01,"7,872,700.00"
10/05/2023,"9,556.07","9,556.07","9,382.33","9,498.16",-100.00,-0.01,"4,142,900.00"
09/05/2023,"9,440.24","9,671.91","9,440.24","9,498.16",100.00,0.01,"5,959,200.00"
08/05/2023,"9,266.50","9,498.16","9,208.58","9,498.16",600.00,0.04,"6,196,300.00"
05/05/2023,"9,150.67","9,208.58","9,092.75","9,208.58",200.00,0.01,"3,728,300.00"
04/05/2023,"9,150.67","9,208.58","9,034.83","9,208.58",-100.00,-0.01,"6,143,200.00"
28/04/2023,"9,208.58","9,324.41","9,150.67","9,324.41",200.00,0.01,"3,307,900.00"
27/04/2023,"9,324.41","9,324.41","9,150.67","9,266.50",200.00,0.01,"3,142,100.00"
26/04/2023,"9,034.83","9,324.41","9,034.83","9,324.41",300.00,0.02,"3,346,800.00"
25/04/2023,"9,150.67","9,208.58","9,034.83","9,150.67",100.00,0.01,"2,842,800.00"
24/04/2023,"9,150.67","9,208.58","8,976.92","9,092.75",-200.00,-0.01,"3,658,100.00"
21/04/2023,"9,266.50","9,266.50","9,092.75","9,092.75",-300.00,-0.02,"4,451,900.00"
20/04/2023,"9,382.33","9,382.33","9,208.58","9,266.50",-300.00,-0.02,"6,585,200.00"
19/04/2023,"9,556.07","9,556.07","9,324.41","9,382.33",-100.00,-0.01,"4,189,700.00"
18/04/2023,"9,440.24","9,556.07","9,324.41","9,556.07",200.00,0.01,"3,978,700.00"
17/04/2023,"9,556.07","9,613.99","9,382.33","9,498.16",-200.00,-0.01,"4,865,800.00"
14/04/2023,"9,845.65","10,019.40","9,440.24","9,440.24",-700.00,-0.04,"7,358,500.00"
13/04/2023,"9,613.99","10,019.40","9,613.99","9,845.65",300.00,0.02,"18,203,200.00"
12/04/2023,"9,613.99","9,787.74","9,556.07","9,613.99",100.00,0.01,"5,846,300.00"
11/04/2023,"9,266.50","9,671.91","9,266.50","9,613.99",400.00,0.02,"14,686,500.00"
10/04/2023,"9,440.24","9,498.16","9,266.50","9,382.33",100.00,0.01,"5,884,500.00"
07/04/2023,"9,324.41","9,440.24","9,208.58","9,382.33",-100.00,-0.01,"6,494,400.00"
06/04/2023,"9,440.24","9,671.91","9,324.41","9,324.41",-400.00,-0.02,"7,753,100.00"
05/04/2023,"9,556.07","9,729.82","9,382.33","9,613.99",200.00,0.01,"9,129,400.00"
04/04/2023,"9,498.16","9,613.99","9,382.33","9,440.24",200.00,0.01,"6,156,500.00"
03/04/2023,"9,034.83","9,498.16","9,034.83","9,498.16","1,000.00",0.06,"14,551,500.00"
31/03/2023,"9,034.83","9,034.83","8,803.17","8,976.92",100.00,0.01,"5,115,000.00"
30/03/2023,"9,092.75","9,092.75","8,803.17","8,861.09",-200.00,-0.01,"4,504,600.00"
29/03/2023,"9,092.75","9,092.75","8,861.09","8,976.92",-100.00,-0.01,"3,088,300.00"
28/03/2023,"8,976.92","9,150.67","8,976.92","9,034.83",200.00,0.01,"4,068,900.00"
27/03/2023,"8,861.09","8,976.92","8,861.09","8,976.92",200.00,0.01,"2,500,800.00"
24/03/2023,"8,687.34","8,976.92","8,687.34","8,803.17",100.00,0.01,"5,637,500.00"
23/03/2023,"8,745.26","8,803.17","8,629.42","8,745.26",0.00,0.00,"2,356,800.00"
22/03/2023,"8,629.42","8,803.17","8,629.42","8,745.26",300.00,0.02,"3,548,000.00"
21/03/2023,"8,745.26","8,803.17","8,397.76","8,629.42",-300.00,-0.02,"6,781,600.00"
20/03/2023,"9,092.75","9,150.67","8,571.51","8,629.42",-900.00,-0.06,"10,328,800.00"
17/03/2023,"9,092.75","9,266.50","9,034.83","9,150.67",100.00,0.01,"3,636,800.00"
16/03/2023,"9,266.50","9,266.50","8,976.92","9,034.83",-500.00,-0.03,"8,899,600.00"
15/03/2023,"9,150.67","9,440.24","9,092.75","9,382.33",400.00,0.03,"7,727,500.00"
14/03/2023,"9,324.41","9,324.41","9,034.83","9,034.83",-500.00,-0.03,"7,228,000.00"
13/03/2023,"9,440.24","9,440.24","9,266.50","9,324.41",-300.00,-0.02,"5,718,900.00"
10/03/2023,"9,671.91","9,671.91","9,440.24","9,498.16",-400.00,-0.02,"6,417,900.00"
09/03/2023,"9,613.99","9,787.74","9,613.99","9,729.82",200.00,0.01,"5,504,800.00"
08/03/2023,"9,556.07","9,729.82","9,440.24","9,671.91",100.00,0.01,"7,265,000.00"
07/03/2023,"9,556.07","9,729.82","9,498.16","9,671.91",300.00,0.02,"4,998,900.00"
06/03/2023,"9,440.24","9,613.99","9,324.41","9,556.07",100.00,0.01,"4,245,400.00"
03/03/2023,"9,324.41","9,671.91","9,324.41","9,382.33",100.00,0.01,"7,450,000.00"
02/03/2023,"9,440.24","9,440.24","9,208.58","9,324.41",100.00,0.01,"3,000,200.00"
01/03/2023,"9,092.75","9,440.24","8,976.92","9,382.33",400.00,0.03,"5,415,900.00"
28/02/2023,"9,034.83","9,266.50","9,034.83","9,092.75",-100.00,-0.01,"3,606,000.00"
27/02/2023,"9,440.24","9,440.24","8,976.92","9,034.83",-700.00,-0.04,"8,533,100.00"
24/02/2023,"9,613.99","9,729.82","9,266.50","9,382.33",-200.00,-0.01,"6,972,800.00"
23/02/2023,"9,556.07","9,729.82","9,324.41","9,671.91",-300.00,-0.02,"11,522,600.00"
22/02/2023,"9,729.82","10,251.06","9,498.16","9,613.99",-500.00,-0.03,"21,207,800.00"
21/02/2023,"9,961.48","10,019.40","9,729.82","9,787.74",100.00,0.01,"11,257,900.00"
20/02/2023,"9,440.24","9,903.57","9,382.33","9,903.57",700.00,0.04,"12,289,200.00"
17/02/2023,"9,613.99","9,613.99","9,382.33","9,498.16",100.00,0.01,"4,482,400.00"
16/02/2023,"9,150.67","9,613.99","9,034.83","9,613.99",900.00,0.06,"11,288,900.00"
15/02/2023,"9,034.83","9,208.58","8,861.09","9,150.67",200.00,0.01,"4,484,300.00"
14/02/2023,"9,092.75","9,266.50","8,861.09","9,034.83",-200.00,-0.01,"4,989,600.00"
13/02/2023,"9,440.24","9,556.07","8,861.09","9,150.67",-600.00,-0.04,"12,696,400.00"
10/02/2023,"9,671.91","9,729.82","9,382.33","9,440.24",-300.00,-0.02,"5,213,300.00"
09/02/2023,"9,324.41","9,845.65","9,266.50","9,613.99",500.00,0.03,"18,074,300.00"
08/02/2023,"9,382.33","9,440.24","9,150.67","9,324.41",-100.00,-0.01,"4,948,700.00"
07/02/2023,"9,324.41","9,556.07","9,208.58","9,266.50",100.00,0.01,"8,163,400.00"
06/02/2023,"9,324.41","9,324.41","9,034.83","9,324.41",100.00,0.01,"5,513,000.00"
03/02/2023,"9,382.33","9,382.33","9,150.67","9,324.41",100.00,0.01,"4,730,100.00"
02/02/2023,"9,382.33","9,498.16","9,092.75","9,382.33",-500.00,-0.03,"11,032,500.00"
01/02/2023,"9,845.65","10,077.31","9,266.50","9,382.33",-400.00,-0.02,"13,585,200.00"
31/01/2023,"9,729.82","9,845.65","9,498.16","9,787.74",-100.00,-0.01,"10,483,400.00"
30/01/2023,"9,961.48","10,019.40","9,613.99","9,671.91",-300.00,-0.02,"12,305,600.00"
27/01/2023,"9,440.24","10,135.23","9,382.33","9,845.65","1,100.00",0.07,"13,978,500.00"
19/01/2023,"8,976.92","9,324.41","8,919.00","9,266.50",600.00,0.04,"10,490,700.00"
18/01/2023,"8,629.42","9,150.67","8,629.42","9,092.75",900.00,0.06,"17,575,900.00"
17/01/2023,"8,513.59","8,687.34","8,513.59","8,629.42",100.00,0.01,"6,169,700.00"
16/01/2023,"8,803.17","8,803.17","8,455.68","8,513.59",-300.00,-0.02,"5,529,600.00"
13/01/2023,"8,687.34","8,861.09","8,513.59","8,687.34",200.00,0.01,"7,587,000.00"
12/01/2023,"8,397.76","8,687.34","8,397.76","8,687.34",500.00,0.03,"12,390,800.00"
11/01/2023,"8,339.85","8,513.59","8,339.85","8,397.76",100.00,0.01,"4,516,200.00"
10/01/2023,"8,455.68","8,513.59","8,166.10","8,397.76",-100.00,-0.01,"6,998,600.00"
09/01/2023,"8,513.59","8,629.42","8,339.85","8,455.68",0.00,0.00,"4,826,100.00"
06/01/2023,"8,281.93","8,629.42","8,224.02","8,455.68",400.00,0.03,"14,042,300.00"
05/01/2023,"8,281.93","8,339.85","8,108.18","8,281.93",0.00,0.00,"7,182,400.00"
04/01/2023,"8,166.10","8,455.68","8,050.27","8,281.93",400.00,0.03,"9,389,000.00"
03/01/2023,"7,702.78","8,224.02","7,702.78","8,166.10",900.00,0.07,"9,926,300.00"
30/12/2022,"7,760.69","7,818.61","7,586.94","7,702.78",-100.00,-0.01,"2,966,000.00"
29/12/2022,"7,818.61","7,818.61","7,644.86","7,702.78",,,"2,825,100.00"
28/12/2022,"7,818.61","7,934.44","7,760.69","7,818.61",,,"3,509,700.00"
27/12/2022,"7,760.69","7,934.44","7,586.94","7,934.44",,,"5,049,000.00"
26/12/2022,"7,992.35","8,224.02","7,644.86","7,760.69",,,"5,137,000.00"
23/12/2022,"7,644.86","8,166.10","7,644.86","7,992.35",,,"10,295,500.00"
22/12/2022,"7,818.61","7,992.35","7,586.94","7,818.61",,,"3,591,900.00"
21/12/2022,"8,050.27","8,050.27","7,471.11","7,702.78",,,"9,066,100.00"
20/12/2022,"8,224.02","8,339.85","7,760.69","7,934.44",,,"14,509,400.00"
19/12/2022,"8,513.59","8,745.26","8,166.10","8,224.02",,,"8,728,300.00"
16/12/2022,"8,629.42","8,629.42","8,397.76","8,571.51",,,"7,007,500.00"
15/12/2022,"8,629.42","8,919.00","8,513.59","8,629.42",,,"8,929,300.00"
14/12/2022,"8,281.93","8,687.34","8,281.93","8,571.51",,,"11,034,100.00"
13/12/2022,"8,166.10","8,339.85","8,050.27","8,281.93",,,"6,206,000.00"
12/12/2022,"8,166.10","8,455.68","8,108.18","8,166.10",,,"8,166,800.00"
09/12/2022,"8,397.76","8,397.76","8,050.27","8,166.10",,,"6,305,400.00"
08/12/2022,"8,224.02","8,629.42","8,050.27","8,339.85",,,"7,853,400.00"
07/12/2022,"8,281.93","8,397.76","8,050.27","8,224.02",,,"10,521,900.00"
06/12/2022,"9,092.75","9,092.75","8,281.93","8,339.85",,,"16,528,000.00"
05/12/2022,"9,092.75","9,382.33","8,976.92","9,150.67",,,"7,815,300.00"
02/12/2022,"8,397.76","9,208.58","8,108.18","9,092.75",,,"19,337,300.00"
01/12/2022,"8,629.42","8,976.92","8,281.93","8,339.85",,,"12,541,500.00"
30/11/2022,"8,513.59","8,571.51","8,281.93","8,571.51",,,"6,998,500.00"
29/11/2022,"8,166.10","8,513.59","7,876.52","8,397.76",,,"10,538,300.00"
28/11/2022,"7,934.44","8,224.02","7,644.86","8,224.02",,,"7,798,600.00"
25/11/2022,"7,586.94","7,876.52","7,471.11","7,818.61",,,"5,034,100.00"
24/11/2022,"7,586.94","7,760.69","7,123.62","7,586.94",,,"8,425,800.00"
23/11/2022,"8,108.18","8,224.02","7,586.94","7,586.94",,,"5,409,800.00"
22/11/2022,"7,355.28","8,513.59","7,297.37","8,050.27",,,"12,731,200.00"
21/11/2022,"7,471.11","7,586.94","7,297.37","7,413.20",,,"5,533,600.00"
18/11/2022,"7,355.28","7,644.86","6,776.13","7,471.11",,,"14,686,700.00"
17/11/2022,"7,065.70","7,297.37","6,776.13","7,297.37",,,"6,348,400.00"
16/11/2022,"5,733.64","7,413.20","5,733.64","7,065.70",,,"23,020,400.00"
15/11/2022,"7,876.52","7,876.52","6,660.29","6,660.29",,,"9,751,300.00"
14/11/2022,"8,861.09","8,919.00","7,644.86","7,644.86",,,"11,557,600.00"
11/11/2022,"8,861.09","9,498.16","8,571.51","8,687.34",,,"6,497,100.00"
10/11/2022,"9,961.48","9,961.48","8,571.51","8,861.09",,,"10,477,300.00"
09/11/2022,"9,903.57","10,019.40","9,845.65","10,019.40",,,"3,334,000.00"
08/11/2022,"9,903.57","10,019.40","9,671.91","10,019.40",,,"4,584,200.00"
07/11/2022,"10,077.31","10,193.15","9,787.74","9,787.74",,,"4,548,700.00"
04/11/2022,"10,366.89","10,366.89","9,729.82","9,961.48",,,"6,988,800.00"
03/11/2022,"10,482.72","10,482.72","10,251.06","10,308.98",,,"2,835,800.00"
02/11/2022,"10,424.81","10,598.56","10,251.06","10,482.72",,,"5,347,900.00"
01/11/2022,"10,308.98","10,424.81","10,193.15","10,308.98",,,"2,924,300.00"
31/10/2022,"10,482.72","10,540.64","9,903.57","10,251.06",,,"4,470,200.00"
28/10/2022,"10,656.47","10,830.22","10,308.98","10,366.89",,,"5,709,200.00"
27/10/2022,"10,077.31","10,598.56","10,019.40","10,598.56",,,"4,761,300.00"
26/10/2022,"10,251.06","10,482.72","9,903.57","10,077.31",,,"2,642,900.00"
25/10/2022,"10,077.31","10,714.39","9,440.24","10,251.06",,,"9,027,900.00"
24/10/2022,"11,061.88","11,293.54","9,729.82","9,903.57",,,"10,045,700.00"
21/10/2022,"11,930.61","12,104.36","10,772.30","11,003.96",,,"12,776,800.00"
20/10/2022,"11,988.53","12,162.28","11,814.78","11,930.61",,,"3,884,800.00"
19/10/2022,"11,583.12","12,278.11","11,525.20","12,046.45",,,"10,437,700.00"
18/10/2022,"11,814.78","11,988.53","11,641.04","11,641.04",,,"4,871,700.00"
17/10/2022,"11,583.12","11,872.70","11,293.54","11,756.87",,,"6,164,800.00"
14/10/2022,"11,409.37","11,814.78","11,409.37","11,641.04",,,"7,295,500.00"
13/10/2022,"11,583.12","11,583.12","11,177.71","11,409.37",,,"4,903,100.00"
12/10/2022,"11,351.46","11,814.78","11,177.71","11,525.20",,,"4,826,900.00"
11/10/2022,"11,698.95","11,988.53","11,119.80","11,177.71",,,"9,803,600.00"
10/10/2022,"11,177.71","11,814.78","11,177.71","11,814.78",,,"6,653,500.00"
07/10/2022,"11,583.12","11,698.95","10,772.30","11,177.71",,,"7,880,600.00"
06/10/2022,"11,698.95","12,104.36","11,351.46","11,583.12",,,"8,085,500.00"
05/10/2022,"11,467.29","11,756.87","11,351.46","11,641.04",,,"6,792,300.00"
04/10/2022,"11,119.80","11,641.04","11,061.88","11,177.71",,,"6,898,900.00"
03/10/2022,"11,583.12","11,814.78","10,946.05","11,003.96",,,"5,642,100.00"
30/09/2022,"11,756.87","12,162.28","11,119.80","11,641.04",,,"7,401,600.00"
29/09/2022,"12,162.28","12,393.94","11,641.04","11,756.87",,,"5,253,800.00"
28/09/2022,"12,509.77","12,567.69","11,641.04","11,814.78",,,"8,244,200.00"
27/09/2022,"12,683.52","12,799.35","12,393.94","12,509.77",,,"4,738,500.00"
26/09/2022,"13,146.84","13,146.84","12,451.85","12,683.52",,,"8,053,100.00"
23/09/2022,"13,088.93","13,726.00","12,973.09","13,204.76",,,"8,658,900.00"
22/09/2022,"12,915.18","13,031.01","12,625.60","13,031.01",,,"5,914,200.00"
21/09/2022,"13,088.93","13,146.84","12,799.35","13,146.84",,,"3,538,400.00"
20/09/2022,"13,204.76","13,204.76","12,683.52","13,088.93",,,"5,779,000.00"
19/09/2022,"13,610.17","13,668.08","12,857.26","12,915.18",,,"9,431,000.00"
16/09/2022,"13,899.74","13,899.74","13,494.34","13,610.17",,,"7,381,800.00"
15/09/2022,"13,899.74","14,073.49","13,783.91","14,015.58",,,"3,099,400.00"
14/09/2022,"13,957.66","13,957.66","13,378.50","13,899.74",,,"8,103,000.00"
13/09/2022,"14,073.49","14,189.32","13,841.83","14,073.49",,,"4,333,700.00"
12/09/2022,"14,189.32","14,420.98","14,015.58","14,073.49",,,"5,112,100.00"
09/09/2022,"13,783.91","14,247.24","13,783.91","14,189.32",,,"6,554,300.00"
08/09/2022,"14,073.49","14,073.49","13,783.91","13,841.83",,,"9,956,300.00"
07/09/2022,"14,710.56","14,710.56","13,726.00","14,015.58",,,"19,706,900.00"
06/09/2022,"14,942.23","15,115.97","14,710.56","14,768.48",,,"4,879,900.00"
05/09/2022,"14,884.31","14,942.23","14,594.73","14,942.23",,,"6,875,700.00"
31/08/2022,"15,000.14","15,000.14","14,710.56","14,884.31",,,"9,186,400.00"
30/08/2022,"15,289.72","15,463.47","14,942.23","15,115.97",,,"9,482,900.00"
29/08/2022,"14,710.56","15,173.89","14,305.15","15,115.97",,,"17,647,200.00"
26/08/2022,"15,058.06","15,058.06","14,710.56","14,826.39",,,"9,986,500.00"
25/08/2022,"15,058.06","15,347.63","14,942.23","15,058.06",,,"7,617,400.00"
24/08/2022,"14,652.65","15,115.97","14,652.65","15,058.06",,,"15,985,800.00"
23/08/2022,"14,015.58","14,652.65","14,015.58","14,652.65",,,"16,435,400.00"
22/08/2022,"14,247.24","14,363.07","13,957.66","14,015.58",,,"6,229,300.00"
19/08/2022,"14,189.32","14,594.73","14,073.49","14,305.15",,,"7,566,400.00"
18/08/2022,"14,073.49","14,305.15","13,957.66","14,073.49",,,"5,713,200.00"
17/08/2022,"14,305.15","14,420.98","13,957.66","14,015.58",,,"13,452,300.00"
16/08/2022,"14,710.56","14,768.48","14,247.24","14,420.98",,,"12,500,000.00"
15/08/2022,"14,826.39","14,942.23","14,652.65","14,768.48",,,"6,840,400.00"
12/08/2022,"14,768.48","14,884.31","14,594.73","14,826.39",,,"7,013,800.00"
11/08/2022,"14,536.82","15,000.14","14,478.90","14,652.65",,,"14,998,300.00"
10/08/2022,"14,478.90","14,710.56","14,363.07","14,478.90",,,"9,519,100.00"
09/08/2022,"14,478.90","14,768.48","14,363.07","14,420.98",,,"6,276,200.00"
08/08/2022,"14,073.49","14,594.73","14,073.49","14,478.90",,,"9,678,400.00"
05/08/2022,"14,015.58","14,536.82","13,668.08","14,189.32",,,"14,661,500.00"
04/08/2022,"14,189.32","14,363.07","14,015.58","14,073.49",,,"9,985,500.00"
03/08/2022,"14,189.32","14,420.98","13,899.74","14,305.15",,,"7,028,200.00"
02/08/2022,"13,957.66","14,305.15","13,726.00","14,247.24",,,"9,445,600.00"
01/08/2022,"14,305.15","14,363.07","13,726.00","14,131.41",,,"15,282,800.00"
29/07/2022,"14,363.07","14,478.90","14,073.49","14,189.32",,,"10,215,200.00"
28/07/2022,"14,420.98","14,652.65","14,305.15","14,363.07",,,"9,982,600.00"
27/07/2022,"14,131.41","14,189.32","13,899.74","14,189.32",,,"4,296,400.00"
26/07/2022,"13,957.66","14,710.56","13,957.66","14,073.49",,,"16,867,100.00"
25/07/2022,"14,300.15","14,300.15","13,613.74","13,785.34",,,"10,001,000.00"
22/07/2022,"14,185.75","14,700.55","14,071.35","14,300.15",,,"14,887,300.00"
21/07/2022,"14,014.15","14,357.35","13,728.14","14,185.75",,,"12,333,600.00"
20/07/2022,"14,014.15","14,242.95","13,728.14","14,128.55",,,"12,867,500.00"
19/07/2022,"13,556.54","14,128.55","13,499.34","13,785.34",,,"12,890,600.00"
18/07/2022,"13,156.14","13,613.74","13,041.74","13,499.34",,,"8,098,500.00"
15/07/2022,"13,156.14","13,327.74","12,927.33","13,041.74",,,"8,021,100.00"
14/07/2022,"12,870.13","13,384.94","12,755.73","13,213.34",,,"8,124,100.00"
13/07/2022,"13,156.14","13,156.14","12,298.13","12,927.33",,,"8,486,000.00"
12/07/2022,"12,812.93","13,556.54","12,526.93","13,442.14",,,"9,765,200.00"
11/07/2022,"13,442.14","13,442.14","12,641.33","12,870.13",,,"9,413,000.00"
08/07/2022,"12,870.13","13,728.14","12,870.13","13,442.14",,,"6,529,800.00"
07/07/2022,"12,584.13","13,156.14","12,355.33","12,870.13",,,"11,633,800.00"
06/07/2022,"14,471.75","14,586.15","13,041.74","13,098.94",,,"33,947,200.00"
05/07/2022,"15,730.16","16,244.97","14,814.95","14,872.15",,,"15,092,800.00"
04/07/2022,"15,730.16","16,187.77","15,501.36","15,615.76",,,"6,517,400.00"
01/07/2022,"16,016.17","16,073.37","14,929.36","15,730.16",,,"19,214,600.00"
30/06/2022,"16,416.57","16,759.77","16,016.17","16,302.17",,,"8,087,100.00"
29/06/2022,"17,045.78","17,160.18","16,130.57","16,416.57",,,"12,527,900.00"
28/06/2022,"16,588.17","17,388.98","16,473.77","17,045.78",,,"12,373,600.00"
27/06/2022,"16,016.17","16,874.18","16,016.17","16,416.57",,,"12,250,800.00"
24/06/2022,"16,016.17","16,359.37","15,787.36","16,016.17",,,"9,672,200.00"
23/06/2022,"14,586.15","16,359.37","14,414.55","15,958.97",,,"17,076,400.00"
22/06/2022,"16,016.17","16,302.17","14,528.95","14,643.35",,,"27,406,000.00"
21/06/2022,"17,388.98","17,789.38","15,444.16","16,016.17",,,"23,857,600.00"
20/06/2022,"17,789.38","18,075.39","16,874.18","17,331.78",,,"27,729,400.00"
17/06/2022,"18,189.79","18,819.00","17,789.38","18,704.59",,,"20,489,300.00"
16/06/2022,"17,846.59","19,162.20","17,617.78","18,418.59",,,"26,577,500.00"
15/06/2022,"18,246.99","18,304.19","17,446.18","17,903.79",,,"22,516,400.00"
14/06/2022,"16,473.77","18,304.19","16,473.77","18,246.99",,,"22,792,100.00"
13/06/2022,"17,045.78","17,560.58","16,302.17","16,588.17",,,"28,097,100.00"
10/06/2022,"18,418.59","18,590.19","17,102.98","17,331.78",,,"32,688,100.00"
09/06/2022,"18,189.79","18,704.59","17,960.99","18,418.59",,,"18,270,400.00"
08/06/2022,"18,075.39","18,590.19","17,560.58","17,846.59",,,"13,749,200.00"
07/06/2022,"17,446.18","18,246.99","16,702.57","18,132.59",,,"27,616,100.00"
06/06/2022,"15,730.16","17,960.99","15,730.16","17,388.98",,,"39,380,700.00"
03/06/2022,"15,444.16","16,130.57","15,444.16","15,844.56",,,"16,941,100.00"
02/06/2022,"15,787.36","16,359.37","15,444.16","15,501.36",,,"18,787,800.00"
01/06/2022,"15,158.16","15,901.77","14,814.95","15,787.36",,,"15,605,700.00"
31/05/2022,"14,300.15","15,558.56","14,185.75","15,215.36",,,"22,263,500.00"
30/05/2022,"13,842.54","14,586.15","13,670.94","14,185.75",,,"11,514,700.00"
27/05/2022,"13,613.74","14,014.15","13,442.14","13,670.94",,,"7,950,000.00"
26/05/2022,"14,071.35","14,300.15","13,442.14","13,613.74",,,"8,259,500.00"
25/05/2022,"13,442.14","14,300.15","13,442.14","14,242.95",,,"10,362,400.00"
24/05/2022,"13,728.14","13,785.34","12,984.54","13,670.94",,,"14,089,000.00"
23/05/2022,"13,384.94","14,071.35","13,156.14","13,785.34",,,"10,448,600.00"
20/05/2022,"13,041.74","13,728.14","12,927.33","13,384.94",,,"10,138,200.00"
19/05/2022,"12,240.93","13,327.74","11,840.52","13,041.74",,,"12,396,700.00"
18/05/2022,"12,126.53","12,641.33","12,069.33","12,412.53",,,"7,904,000.00"
17/05/2022,"11,268.52","12,240.93","11,154.12","12,126.53",,,"9,360,100.00"
16/05/2022,"10,696.51","11,611.72","10,582.11","11,039.71",,,"4,169,100.00"
13/05/2022,"10,982.51","11,325.72","10,353.31","10,582.11",,,"8,616,200.00"
12/05/2022,"11,726.12","11,954.92","10,868.11","10,982.51",,,"4,563,700.00"
11/05/2022,"11,783.32","11,954.92","11,611.72","11,726.12",,,"1,610,700.00"
10/05/2022,"10,524.91","11,840.52","10,010.10","11,783.32",,,"5,691,400.00"
09/05/2022,"12,355.33","12,355.33","11,325.72","11,554.52",,,"7,239,400.00"
06/05/2022,"12,584.13","12,584.13","12,126.53","12,298.13",,,"4,438,200.00"
05/05/2022,"12,641.33","12,984.54","12,298.13","12,526.93",,,"7,161,300.00"
04/05/2022,"12,412.53","12,641.33","12,298.13","12,526.93",,,"4,911,800.00"
29/04/2022,"12,183.73","12,469.73","12,126.53","12,412.53",,,"4,041,800.00"
28/04/2022,"12,298.13","12,526.93","12,126.53","12,298.13",,,"3,566,100.00"
27/04/2022,"12,240.93","12,355.33","11,897.72","12,298.13",,,"4,180,900.00"
26/04/2022,"11,954.92","12,870.13","10,753.71","12,183.73",,,"9,213,000.00"
25/04/2022,"12,755.73","12,870.13","11,211.32","11,325.72",,,"7,869,100.00"
22/04/2022,"12,812.93","13,270.54","11,897.72","12,755.73",,,"8,564,600.00"
21/04/2022,"13,670.94","13,728.14","12,069.33","12,641.33",,,"9,744,200.00"
20/04/2022,"14,586.15","14,586.15","13,098.94","13,384.94",,,"11,862,900.00"
19/04/2022,"14,471.75","14,814.95","14,300.15","14,528.95",,,"4,969,700.00"
18/04/2022,"14,757.75","14,986.56","14,414.55","14,471.75",,,"5,389,000.00"
15/04/2022,"14,643.35","15,043.76","14,643.35","14,757.75",,,"4,614,300.00"
14/04/2022,"14,814.95","14,929.36","14,586.15","14,757.75",,,"2,529,000.00"
13/04/2022,"14,700.55","14,757.75","14,300.15","14,700.55",,,"3,976,800.00"
12/04/2022,"15,100.96","15,215.36","14,300.15","14,414.55",,,"7,464,100.00"
08/04/2022,"15,386.96","15,444.16","15,043.76","15,100.96",,,"5,920,500.00"
07/04/2022,"15,329.76","15,615.76","15,043.76","15,444.16",,,"8,189,700.00"
06/04/2022,"15,329.76","15,329.76","15,100.96","15,329.76",,,"3,565,000.00"
05/04/2022,"15,100.96","15,501.36","15,100.96","15,329.76",,,"7,338,400.00"
04/04/2022,"14,872.15","15,215.36","14,872.15","14,986.56",,,"4,509,900.00"
01/04/2022,"14,929.36","15,043.76","14,643.35","14,872.15",,,"5,757,600.00"
31/03/2022,"15,215.36","15,272.56","14,872.15","14,929.36",,,"4,697,900.00"
30/03/2022,"15,386.96","15,501.36","15,043.76","15,215.36",,,"7,107,800.00"
29/03/2022,"15,215.36","15,558.56","15,158.16","15,444.16",,,"6,307,300.00"
28/03/2022,"15,272.56","15,444.16","15,100.96","15,444.16",,,"7,068,500.00"
25/03/2022,"15,444.16","15,444.16","15,215.36","15,272.56",,,"4,410,600.00"
24/03/2022,"15,444.16","15,672.96","15,386.96","15,444.16",,,"4,239,900.00"
23/03/2022,"15,501.36","15,558.56","15,215.36","15,329.76",,,"6,803,900.00"
22/03/2022,"15,329.76","15,672.96","15,329.76","15,444.16",,,"6,218,800.00"
21/03/2022,"15,100.96","15,329.76","14,986.56","15,329.76",,,"7,016,800.00"
18/03/2022,"14,757.75","15,215.36","14,700.55","15,100.96",,,"7,199,600.00"
17/03/2022,"14,814.95","14,872.15","14,471.75","14,700.55",,,"5,254,900.00"
16/03/2022,"14,643.35","14,814.95","14,471.75","14,814.95",,,"5,337,700.00"
15/03/2022,"14,757.75","14,814.95","14,242.95","14,700.55",,,"12,125,300.00"
14/03/2022,"15,787.36","15,901.77","14,700.55","14,757.75",,,"23,001,700.00"
11/03/2022,"16,416.57","16,874.18","15,615.76","15,787.36",,,"14,731,900.00"
10/03/2022,"16,588.17","16,588.17","15,215.36","16,302.17",,,"14,790,100.00"
09/03/2022,"16,416.57","16,931.38","16,187.77","16,645.37",,,"14,683,500.00"
,,,,,,,
,,,,,,,
SIMPLIZE,,,,,,,
"Số 5 ngõ 316 Lê Trọng Tấn, Phường Khương Mai, Quận Thanh Xuân, TP.Hà Nội
",,,,,,,
Website: simplize.vn,,,,,,,
Email: info@simplize.vn,,,,,,,
Tel: (+84) 38 840 8668,,,,,,,
