Tên công ty,Ngân hàng Thương mại Cổ phần Quân Đội,,,,,,
Tên báo cáo,Lịch sử giá,,,,,,
Ngày tải,24/03/2026,,,,,,
,,,,,,,
NGÀY,GIÁ MỞ CỬA,GIÁ CAO NHẤT,GIÁ THẤP NHẤT,GIÁ ĐÓNG CỬA,THAY ĐỔI GIÁ,% THAY ĐỔI,KHỐI LƯỢNG
24/03/2026,"25,750.00","26,000.00","25,400.00","25,600.00",600.00,0.02,"10,681,500.00"
23/03/2026,"25,600.00","25,650.00","24,850.00","25,000.00",-950.00,-0.04,"21,672,100.00"
20/03/2026,"26,300.00","26,350.00","25,950.00","25,950.00",-450.00,-0.02,"13,305,900.00"
19/03/2026,"26,050.00","26,500.00","25,900.00","26,400.00",100.00,0.00,"19,724,200.00"
18/03/2026,"26,700.00","26,900.00","25,750.00","26,300.00",-50.00,0.00,"14,929,500.00"
17/03/2026,"26,400.00","26,750.00","26,250.00","26,350.00",250.00,0.01,"9,514,500.00"
16/03/2026,"26,150.00","26,500.00","26,100.00","26,100.00",-50.00,0.00,"12,448,200.00"
13/03/2026,"26,200.00","26,500.00","25,800.00","26,150.00",-100.00,0.00,"17,314,700.00"
12/03/2026,"26,500.00","26,800.00","26,000.00","26,250.00",-550.00,-0.02,"19,075,600.00"
11/03/2026,"26,550.00","27,000.00","26,450.00","26,800.00",250.00,0.01,"22,212,600.00"
10/03/2026,"26,100.00","26,550.00","25,600.00","26,550.00","1,700.00",0.07,"37,844,500.00"
09/03/2026,"24,900.00","25,650.00","24,850.00","24,850.00","-1,850.00",-0.07,"73,057,300.00"
06/03/2026,"27,100.00","27,150.00","26,650.00","26,700.00",-350.00,-0.01,"22,166,600.00"
05/03/2026,"27,450.00","27,550.00","27,000.00","27,050.00",100.00,0.00,"17,308,700.00"
04/03/2026,"27,100.00","27,400.00","26,350.00","26,950.00",-100.00,0.00,"42,105,200.00"
03/03/2026,"27,750.00","27,850.00","27,000.00","27,050.00",-600.00,-0.02,"42,244,700.00"
02/03/2026,"28,000.00","28,200.00","27,600.00","27,650.00",-850.00,-0.03,"51,175,400.00"
27/02/2026,"28,750.00","28,850.00","28,500.00","28,500.00",-300.00,-0.01,"14,848,500.00"
26/02/2026,"28,900.00","29,100.00","28,450.00","28,800.00",50.00,0.00,"16,056,700.00"
25/02/2026,"28,500.00","29,300.00","28,300.00","28,750.00",500.00,0.02,"28,088,400.00"
24/02/2026,"28,500.00","28,500.00","28,150.00","28,250.00",-100.00,0.00,"27,187,100.00"
23/02/2026,"28,800.00","28,850.00","28,300.00","28,350.00",50.00,0.00,"19,036,000.00"
13/02/2026,"28,600.00","28,600.00","28,300.00","28,300.00",-50.00,0.00,"21,371,900.00"
12/02/2026,"29,300.00","29,300.00","28,300.00","28,350.00",-650.00,-0.02,"27,983,900.00"
11/02/2026,"28,100.00","29,500.00","28,050.00","29,000.00","1,150.00",0.04,"104,577,300.00"
10/02/2026,"27,800.00","28,500.00","27,500.00","27,850.00",250.00,0.01,"51,318,500.00"
09/02/2026,"27,800.00","28,100.00","27,400.00","27,600.00",250.00,0.01,"25,413,800.00"
06/02/2026,"27,000.00","28,100.00","26,450.00","27,350.00",300.00,0.01,"49,957,800.00"
05/02/2026,"27,850.00","27,900.00","27,050.00","27,050.00",-750.00,-0.03,"25,285,900.00"
04/02/2026,"27,850.00","28,100.00","27,550.00","27,800.00",100.00,0.00,"25,733,700.00"
03/02/2026,"27,500.00","28,100.00","27,500.00","27,700.00",400.00,0.01,"50,769,200.00"
02/02/2026,"27,200.00","27,600.00","26,950.00","27,300.00",100.00,0.00,"25,977,600.00"
30/01/2026,"26,750.00","27,200.00","26,600.00","27,200.00",500.00,0.02,"28,064,600.00"
29/01/2026,"26,900.00","26,950.00","26,300.00","26,700.00",150.00,0.01,"19,308,300.00"
28/01/2026,"26,550.00","26,750.00","26,200.00","26,550.00",50.00,0.00,"17,954,900.00"
27/01/2026,"26,150.00","26,600.00","26,100.00","26,500.00",400.00,0.02,"19,201,000.00"
26/01/2026,"26,750.00","26,850.00","26,000.00","26,100.00",-850.00,-0.03,"31,708,000.00"
23/01/2026,"26,950.00","27,100.00","26,650.00","26,950.00",0.00,0.00,"23,036,800.00"
22/01/2026,"27,150.00","27,450.00","26,900.00","26,950.00",-50.00,0.00,"17,506,700.00"
21/01/2026,"27,300.00","27,500.00","26,900.00","27,000.00",-400.00,-0.01,"27,066,700.00"
20/01/2026,"27,750.00","28,000.00","27,100.00","27,400.00",-100.00,0.00,"28,109,000.00"
19/01/2026,"27,200.00","27,600.00","27,150.00","27,500.00",450.00,0.02,"27,218,600.00"
16/01/2026,"27,400.00","27,700.00","27,050.00","27,050.00",-200.00,-0.01,"20,359,500.00"
15/01/2026,"27,050.00","27,550.00","26,800.00","27,250.00",100.00,0.00,"34,596,800.00"
14/01/2026,"27,600.00","27,950.00","26,850.00","27,150.00",-400.00,-0.01,"45,126,300.00"
13/01/2026,"28,250.00","28,300.00","27,450.00","27,550.00",-650.00,-0.02,"45,769,000.00"
12/01/2026,"27,550.00","28,200.00","27,550.00","28,200.00",900.00,0.03,"56,968,300.00"
09/01/2026,"26,750.00","27,700.00","26,700.00","27,300.00",700.00,0.03,"66,065,300.00"
08/01/2026,"26,750.00","27,150.00","26,500.00","26,600.00",-100.00,0.00,"47,534,900.00"
07/01/2026,"26,750.00","26,850.00","26,450.00","26,700.00",50.00,0.00,"33,897,900.00"
06/01/2026,"25,450.00","26,750.00","25,000.00","26,650.00","1,300.00",0.05,"72,144,100.00"
05/01/2026,"25,350.00","25,750.00","24,000.00","25,350.00",50.00,0.00,"36,858,500.00"
31/12/2025,"25,000.00","25,300.00","24,950.00","25,300.00",300.00,0.01,"23,824,800.00"
30/12/2025,"24,900.00","25,200.00","24,850.00","25,000.00",150.00,0.01,"12,056,900.00"
29/12/2025,"24,850.00","25,000.00","24,700.00","24,850.00",0.00,0.00,"11,448,200.00"
26/12/2025,"24,700.00","25,000.00","24,200.00","24,850.00",-150.00,-0.01,"24,369,500.00"
25/12/2025,"25,250.00","25,550.00","25,000.00","25,000.00",-300.00,-0.01,"17,926,700.00"
24/12/2025,"25,100.00","25,550.00","24,950.00","25,300.00",200.00,0.01,"24,794,700.00"
23/12/2025,"25,350.00","25,650.00","24,900.00","25,100.00",-150.00,-0.01,"21,996,200.00"
22/12/2025,"24,850.00","25,400.00","24,650.00","25,250.00",550.00,0.02,"26,664,100.00"
19/12/2025,"24,650.00","24,700.00","24,500.00","24,700.00",50.00,0.00,"10,343,600.00"
18/12/2025,"24,300.00","24,700.00","24,250.00","24,650.00",250.00,0.01,"12,957,300.00"
17/12/2025,"24,550.00","24,700.00","24,350.00","24,400.00",-50.00,0.00,"9,524,600.00"
16/12/2025,"23,850.00","24,750.00","23,500.00","24,450.00",700.00,0.03,"21,422,000.00"
15/12/2025,"24,000.00","24,200.00","23,650.00","23,750.00",-250.00,-0.01,"16,023,100.00"
12/12/2025,"24,900.00","24,950.00","24,000.00","24,000.00",-850.00,-0.03,"21,849,200.00"
11/12/2025,"25,250.00","25,300.00","24,700.00","24,850.00",-300.00,-0.01,"15,190,600.00"
10/12/2025,"24,700.00","25,450.00","24,600.00","25,150.00",450.00,0.02,"25,865,300.00"
09/12/2025,"25,050.00","25,200.00","24,350.00","24,700.00",-600.00,-0.02,"34,378,900.00"
08/12/2025,"25,000.00","25,550.00","24,850.00","25,300.00",150.00,0.01,"22,616,821.00"
05/12/2025,"25,800.00","25,800.00","25,100.00","25,150.00",-550.00,-0.02,"30,315,521.00"
04/12/2025,"24,800.00","26,000.00","24,800.00","25,700.00","1,150.00",0.05,"81,831,651.00"
03/12/2025,"23,550.00","24,600.00","23,550.00","24,550.00","1,000.00",0.04,"57,460,139.00"
02/12/2025,"23,200.00","23,600.00","23,000.00","23,550.00",350.00,0.02,"19,166,421.00"
01/12/2025,"23,300.00","23,400.00","23,200.00","23,200.00",-50.00,0.00,"7,796,321.00"
28/11/2025,"23,500.00","23,500.00","23,250.00","23,250.00",-250.00,-0.01,"11,759,421.00"
27/11/2025,"23,350.00","23,650.00","23,300.00","23,500.00",250.00,0.01,"22,992,321.00"
26/11/2025,"22,900.00","23,450.00","22,850.00","23,250.00",400.00,0.02,"21,635,321.00"
25/11/2025,"23,200.00","23,300.00","22,800.00","22,850.00",-300.00,-0.01,"18,937,721.00"
24/11/2025,"23,250.00","23,400.00","23,050.00","23,150.00",-50.00,0.00,"10,531,021.00"
21/11/2025,"23,250.00","23,250.00","23,000.00","23,200.00",-150.00,-0.01,"26,847,021.00"
20/11/2025,"23,700.00","23,700.00","23,300.00","23,350.00",-150.00,-0.01,"15,082,300.00"
19/11/2025,"23,750.00","23,800.00","23,400.00","23,500.00",-200.00,-0.01,"17,653,742.00"
18/11/2025,"23,800.00","23,950.00","23,700.00","23,700.00",-100.00,0.00,"19,512,932.00"
17/11/2025,"23,600.00","23,950.00","23,600.00","23,800.00",300.00,0.01,"16,993,421.00"
14/11/2025,"23,450.00","23,650.00","23,300.00","23,500.00",0.00,0.00,"16,581,943.00"
13/11/2025,"23,750.00","23,800.00","23,500.00","23,500.00",-200.00,-0.01,"19,631,321.00"
12/11/2025,"23,350.00","23,800.00","23,200.00","23,700.00",500.00,0.02,"17,631,322.00"
11/11/2025,"23,150.00","23,350.00","23,000.00","23,200.00",100.00,0.00,"15,211,123.00"
10/11/2025,"23,300.00","23,600.00","23,050.00","23,100.00",-200.00,-0.01,"17,025,222.00"
07/11/2025,"23,750.00","23,750.00","23,150.00","23,300.00",-400.00,-0.02,"21,326,721.00"
06/11/2025,"24,000.00","24,100.00","23,600.00","23,700.00",-200.00,-0.01,"10,917,922.00"
05/11/2025,"24,000.00","24,100.00","23,800.00","23,900.00",-100.00,0.00,"15,035,121.00"
04/11/2025,"23,500.00","24,350.00","23,200.00","24,000.00",900.00,0.04,"38,747,799.00"
03/11/2025,"23,700.00","24,000.00","23,100.00","23,100.00",-500.00,-0.02,"31,376,222.00"
31/10/2025,"23,800.00","24,100.00","23,600.00","23,600.00",-350.00,-0.01,"20,266,922.00"
30/10/2025,"24,400.00","24,400.00","23,850.00","23,950.00",-400.00,-0.02,"27,183,621.00"
29/10/2025,"24,200.00","24,600.00","24,050.00","24,350.00",350.00,0.01,"28,479,421.00"
28/10/2025,"23,800.00","24,000.00","23,150.00","24,000.00",200.00,0.01,"49,519,823.00"
27/10/2025,"24,550.00","24,650.00","23,800.00","23,800.00",-600.00,-0.02,"53,026,003.00"
24/10/2025,"25,150.00","25,150.00","24,350.00","24,400.00",-800.00,-0.03,"46,363,109.00"
23/10/2025,"25,500.00","25,700.00","25,200.00","25,200.00",-250.00,-0.01,"20,600,815.00"
22/10/2025,"25,600.00","25,650.00","24,800.00","25,450.00",150.00,0.01,"29,596,311.00"
21/10/2025,"25,350.00","26,000.00","24,800.00","25,300.00",50.00,0.00,"54,148,310.00"
20/10/2025,"26,950.00","27,100.00","25,250.00","25,250.00","-1,850.00",-0.07,"74,530,213.00"
17/10/2025,"27,250.00","27,800.00","27,100.00","27,100.00",-100.00,0.00,"43,552,700.00"
16/10/2025,"27,300.00","27,550.00","27,150.00","27,200.00",-50.00,0.00,"32,653,811.00"
15/10/2025,"27,150.00","27,650.00","27,100.00","27,250.00",200.00,0.01,"31,746,330.00"
14/10/2025,"27,500.00","27,700.00","27,050.00","27,050.00",-300.00,-0.01,"56,920,874.00"
13/10/2025,"27,150.00","27,400.00","27,000.00","27,350.00",-100.00,0.00,"46,609,925.00"
10/10/2025,"27,400.00","27,750.00","27,200.00","27,450.00",100.00,0.00,"57,198,849.00"
09/10/2025,"27,000.00","27,400.00","26,850.00","27,350.00",500.00,0.02,"39,930,616.00"
08/10/2025,"27,200.00","27,300.00","26,850.00","26,850.00",0.00,0.00,"32,588,015.00"
07/10/2025,"27,500.00","27,550.00","26,850.00","26,850.00",-500.00,-0.02,"23,488,310.00"
06/10/2025,"26,950.00","27,500.00","26,650.00","27,350.00",800.00,0.03,"38,982,412.00"
03/10/2025,"26,700.00","26,800.00","26,400.00","26,550.00",-250.00,-0.01,"14,609,509.00"
02/10/2025,"26,500.00","27,350.00","26,450.00","26,800.00",400.00,0.02,"47,605,033.00"
01/10/2025,"26,250.00","26,600.00","26,150.00","26,400.00",200.00,0.01,"11,644,611.00"
30/09/2025,"26,200.00","26,600.00","26,050.00","26,200.00",50.00,0.00,"20,509,801.00"
29/09/2025,"26,250.00","26,350.00","26,100.00","26,150.00",-100.00,0.00,"16,383,005.00"
26/09/2025,"26,500.00","26,700.00","26,250.00","26,250.00",-300.00,-0.01,"13,145,906.00"
25/09/2025,"27,000.00","27,000.00","26,400.00","26,550.00",-250.00,-0.01,"17,389,609.00"
24/09/2025,"26,350.00","26,800.00","25,900.00","26,800.00",450.00,0.02,"22,782,102.00"
23/09/2025,"26,450.00","26,550.00","26,150.00","26,350.00",200.00,0.01,"10,100,402.00"
22/09/2025,"26,550.00","26,600.00","26,100.00","26,150.00",-500.00,-0.02,"26,402,716.00"
19/09/2025,"26,950.00","26,950.00","26,500.00","26,650.00",-150.00,-0.01,"14,481,702.00"
18/09/2025,"26,950.00","27,100.00","26,600.00","26,800.00",-200.00,-0.01,"17,716,200.00"
17/09/2025,"27,400.00","27,550.00","27,000.00","27,000.00",-500.00,-0.02,"16,319,111.00"
16/09/2025,"27,100.00","27,850.00","27,050.00","27,500.00",650.00,0.02,"51,366,803.00"
15/09/2025,"26,750.00","26,850.00","26,550.00","26,850.00",250.00,0.01,"21,483,305.00"
12/09/2025,"26,900.00","27,000.00","26,600.00","26,600.00",-100.00,0.00,"19,231,801.00"
11/09/2025,"26,800.00","26,950.00","26,050.00","26,700.00",-250.00,-0.01,"31,166,210.00"
10/09/2025,"27,000.00","27,550.00","26,800.00","26,950.00",300.00,0.01,"28,898,300.00"
09/09/2025,"26,700.00","27,000.00","26,300.00","26,650.00",-50.00,0.00,"32,865,701.00"
08/09/2025,"27,200.00","27,250.00","26,700.00","26,700.00",-700.00,-0.03,"68,119,001.00"
05/09/2025,"28,500.00","28,650.00","27,400.00","27,400.00",-850.00,-0.03,"66,550,601.00"
04/09/2025,"28,450.00","28,600.00","28,100.00","28,250.00",-200.00,-0.01,"28,886,401.00"
03/09/2025,"27,800.00","28,800.00","27,500.00","28,450.00",700.00,0.03,"46,653,600.00"
29/08/2025,"27,450.00","28,200.00","27,200.00","27,750.00",550.00,0.02,"55,715,700.00"
28/08/2025,"27,400.00","27,550.00","26,700.00","27,200.00",-200.00,-0.01,"32,467,000.00"
27/08/2025,"28,200.00","28,250.00","27,400.00","27,400.00",-150.00,-0.01,"40,368,600.00"
26/08/2025,"26,200.00","27,600.00","26,100.00","27,550.00","1,350.00",0.05,"41,208,700.00"
25/08/2025,"27,150.00","27,300.00","25,800.00","26,200.00",-700.00,-0.03,"56,590,302.00"
22/08/2025,"27,750.00","28,000.00","26,900.00","26,900.00","-1,300.00",-0.05,"72,899,700.00"
21/08/2025,"28,050.00","28,700.00","27,750.00","28,200.00",400.00,0.01,"57,150,300.00"
20/08/2025,"28,200.00","28,300.00","26,850.00","27,800.00",-400.00,-0.01,"77,393,200.00"
19/08/2025,"28,350.00","29,400.00","27,900.00","28,200.00",400.00,0.01,"54,011,902.00"
18/08/2025,"28,550.00","28,600.00","27,650.00","27,800.00",-450.00,-0.02,"51,231,704.00"
15/08/2025,"29,500.00","29,500.00","27,700.00","28,250.00",650.00,0.02,"121,375,402.00"
14/08/2025,"27,600.00","27,600.00","27,600.00","27,600.00","1,800.00",0.07,"45,394,100.00"
13/08/2025,"25,400.00","25,800.00","24,700.00","25,800.00","1,500.00",0.06,"80,011,685.00"
12/08/2025,"24,243.13","24,318.18","23,755.26","24,318.18",600.00,0.02,"56,814,801.00"
11/08/2025,"23,117.28","24,355.71","23,042.23","23,867.85","1,250.00",0.04,"48,669,700.00"
08/08/2025,"23,229.87","23,267.40","22,779.53","22,929.64",-200.00,-0.01,"26,885,000.00"
07/08/2025,"23,192.34","23,229.87","22,779.53","23,079.76",150.00,0.00,"30,707,170.00"
06/08/2025,"22,892.12","23,229.87","22,666.95","22,967.17",900.00,0.03,"33,525,600.00"
05/08/2025,"21,691.22","22,291.67","20,753.02","22,291.67","1,900.00",0.07,"75,336,156.00"
04/08/2025,"20,340.21","20,865.60","20,302.68","20,865.60",650.00,0.02,"23,561,822.00"
01/08/2025,"20,602.90","20,753.02","20,302.68","20,377.74",-300.00,-0.01,"21,897,486.00"
31/07/2025,"20,753.02","20,865.60","20,227.62","20,602.90",50.00,0.00,"28,408,386.00"
30/07/2025,"20,415.26","20,903.13","20,152.57","20,565.38",550.00,0.02,"34,372,179.00"
29/07/2025,"21,616.16","21,653.69","20,152.57","20,152.57","-1,900.00",-0.07,"61,871,747.00"
28/07/2025,"21,353.47","21,578.63","21,278.41","21,578.63",300.00,0.01,"25,759,301.00"
25/07/2025,"21,390.99","21,653.69","21,315.94","21,353.47",50.00,0.00,"20,793,133.00"
24/07/2025,"20,677.96","21,353.47","20,677.96","21,315.94","1,000.00",0.04,"40,500,700.00"
23/07/2025,"20,415.26","20,715.49","20,340.21","20,565.38",250.00,0.01,"28,304,700.00"
22/07/2025,"20,190.10","20,377.74","20,002.46","20,377.74",200.00,0.01,"21,564,600.00"
21/07/2025,"20,490.32","20,753.02","20,190.10","20,227.62",-250.00,-0.01,"20,741,901.00"
18/07/2025,"20,115.04","20,452.79","19,964.93","20,415.26",450.00,0.02,"27,972,700.00"
17/07/2025,"20,077.51","20,190.10","19,927.40","20,077.51",50.00,0.00,"21,055,800.00"
16/07/2025,"19,889.87","20,077.51","19,852.34","20,039.98",100.00,0.00,"16,008,101.00"
15/07/2025,"20,115.04","20,340.21","19,964.93","19,964.93",-200.00,-0.01,"21,438,500.00"
14/07/2025,"20,077.51","20,190.10","19,814.81","20,115.04",100.00,0.00,"18,992,306.00"
11/07/2025,"19,889.87","20,190.10","19,852.34","20,039.98",250.00,0.01,"22,246,200.00"
10/07/2025,"20,039.98","20,039.98","19,814.81","19,852.34",-150.00,-0.01,"15,122,087.00"
09/07/2025,"19,927.40","20,115.04","19,814.81","19,964.93",200.00,0.01,"26,280,500.00"
08/07/2025,"19,889.87","20,039.98","19,777.29","19,814.81",0.00,0.00,"16,934,400.00"
07/07/2025,"19,589.65","19,889.87","19,589.65","19,814.81",400.00,0.02,"19,085,901.00"
04/07/2025,"19,514.59","19,552.12","19,402.01","19,514.59",50.00,0.00,"14,976,201.00"
03/07/2025,"19,627.17","19,777.29","19,477.06","19,477.06",-100.00,0.00,"31,567,501.00"
02/07/2025,"19,552.12","19,739.76","19,514.59","19,552.12",50.00,0.00,"14,022,700.00"
01/07/2025,"19,439.53","19,627.17","19,364.48","19,514.59",200.00,0.01,"26,496,201.00"
30/06/2025,"19,326.95","19,439.53","19,289.42","19,364.48",100.00,0.00,"12,223,801.00"
27/06/2025,"19,439.53","19,589.65","19,289.42","19,289.42",-200.00,-0.01,"16,186,701.00"
26/06/2025,"19,289.42","19,439.53","19,139.31","19,439.53",300.00,0.01,"35,078,100.00"
25/06/2025,"19,514.59","19,552.12","19,214.37","19,214.37",-300.00,-0.01,"23,040,000.00"
24/06/2025,"19,589.65","19,814.81","19,439.53","19,439.53",0.00,0.00,"27,875,000.00"
23/06/2025,"19,176.84","19,589.65","19,139.31","19,439.53",100.00,0.00,"25,418,402.00"
20/06/2025,"18,914.14","19,627.17","18,876.61","19,364.48",700.00,0.03,"52,109,475.00"
19/06/2025,"18,914.14","18,914.14","18,726.50","18,839.09",50.00,0.00,"15,684,601.00"
18/06/2025,"18,839.09","18,989.20","18,688.97","18,801.56",50.00,0.00,"26,971,001.00"
17/06/2025,"18,951.67","19,064.25","18,651.45","18,764.03",-100.00,0.00,"22,996,100.00"
16/06/2025,"18,651.45","18,914.14","18,613.92","18,839.09",250.00,0.01,"22,920,401.00"
13/06/2025,"18,351.22","18,764.03","18,313.69","18,651.45",150.00,0.01,"49,688,201.00"
12/06/2025,"18,238.64","18,538.86","18,238.64","18,538.86",450.00,0.02,"22,630,901.00"
11/06/2025,"18,163.58","18,238.64","18,126.05","18,201.11",50.00,0.00,"6,218,902.00"
10/06/2025,"18,238.64","18,426.28","18,088.52","18,163.58",-50.00,0.00,"12,988,201.00"
09/06/2025,"18,126.05","18,238.64","18,088.52","18,201.11",100.00,0.00,"13,190,400.00"
06/06/2025,"18,276.16","18,313.69","18,126.05","18,126.05",-250.00,-0.01,"18,496,100.00"
05/06/2025,"18,426.28","18,501.33","18,313.69","18,313.69",-150.00,-0.01,"10,142,269.00"
04/06/2025,"18,576.39","18,613.92","18,388.75","18,426.28",-150.00,-0.01,"14,235,220.00"
03/06/2025,"18,501.33","18,613.92","18,501.33","18,538.86",100.00,0.00,"19,293,000.00"
02/06/2025,"18,351.22","18,538.86","18,126.05","18,463.80",250.00,0.01,"19,359,770.00"
30/05/2025,"18,501.33","18,501.33","18,276.16","18,276.16",-150.00,-0.01,"17,845,800.00"
29/05/2025,"18,576.39","18,576.39","18,351.22","18,388.75",-100.00,0.00,"12,859,000.00"
28/05/2025,"18,651.45","18,651.45","18,426.28","18,463.80",-150.00,-0.01,"14,371,801.00"
27/05/2025,"18,764.03","18,764.03","18,501.33","18,576.39",-50.00,0.00,"17,960,503.00"
26/05/2025,"18,538.86","18,613.92","18,013.47","18,613.92",150.00,0.01,"20,750,000.00"
23/05/2025,"18,688.97","18,688.97","18,426.28","18,501.33",0.00,0.00,"16,995,200.00"
22/05/2025,"19,026.73","19,026.73","18,388.75","18,501.33",-400.00,-0.02,"26,320,800.00"
21/05/2025,"18,914.14","19,176.84","18,651.45","18,801.56",200.00,0.01,"32,055,600.00"
20/05/2025,"18,538.86","18,839.09","18,388.75","18,651.45",250.00,0.01,"31,806,600.00"
19/05/2025,"18,388.75","18,688.97","18,276.16","18,463.80",-50.00,0.00,"25,791,500.00"
16/05/2025,"18,876.61","18,876.61","18,501.33","18,501.33",-400.00,-0.02,"30,184,500.00"
15/05/2025,"18,463.80","19,101.78","18,463.80","18,801.56",550.00,0.02,"72,062,200.00"
14/05/2025,"18,388.75","18,538.86","18,276.16","18,388.75",0.00,0.00,"29,669,301.00"
13/05/2025,"18,051.00","18,388.75","18,013.47","18,388.75",700.00,0.03,"41,138,100.00"
12/05/2025,"17,563.13","17,938.41","17,525.60","17,863.36",300.00,0.01,"37,881,405.00"
09/05/2025,"17,788.30","17,788.30","17,563.13","17,638.19",-50.00,0.00,"15,034,800.00"
08/05/2025,"17,488.08","17,713.24","17,413.02","17,675.72",300.00,0.01,"21,016,400.00"
07/05/2025,"17,675.72","17,713.24","17,413.02","17,450.55",-300.00,-0.01,"21,921,603.00"
06/05/2025,"17,713.24","17,788.30","17,638.19","17,675.72",0.00,0.00,"22,793,600.00"
05/05/2025,"17,788.30","17,825.83","17,600.66","17,675.72",0.00,0.00,"19,572,201.00"
29/04/2025,"17,788.30","17,825.83","17,675.72","17,675.72",-150.00,-0.01,"13,327,800.00"
28/04/2025,"17,863.36","17,900.88","17,675.72","17,788.30",150.00,0.01,"23,070,501.00"
25/04/2025,"17,638.19","17,825.83","17,488.08","17,675.72",300.00,0.01,"40,909,200.00"
24/04/2025,"17,563.13","17,563.13","17,300.43","17,450.55",-150.00,-0.01,"18,099,101.00"
23/04/2025,"17,600.66","17,788.30","17,337.96","17,563.13",300.00,0.01,"33,860,600.00"
22/04/2025,"17,150.32","17,375.49","16,174.59","17,337.96",150.00,0.01,"45,405,002.00"
21/04/2025,"17,638.19","17,638.19","17,112.79","17,225.38",-300.00,-0.01,"37,143,800.00"
18/04/2025,"17,337.96","17,600.66","17,300.43","17,450.55",250.00,0.01,"32,262,900.00"
17/04/2025,"17,037.74","17,262.91","16,962.68","17,262.91",100.00,0.00,"21,593,501.00"
16/04/2025,"17,262.91","17,450.55","17,075.27","17,187.85",-100.00,0.00,"21,927,000.00"
15/04/2025,"17,262.91","17,563.13","17,187.85","17,262.91",-450.00,-0.02,"29,512,300.00"
14/04/2025,"17,638.19","17,675.72","17,375.49","17,600.66",0.00,0.00,"31,742,101.00"
11/04/2025,"16,887.63","17,638.19","16,812.57","17,600.66","1,400.00",0.06,"78,980,400.00"
10/04/2025,"16,549.87","16,549.87","16,549.87","16,549.87","1,400.00",0.07,"3,818,165.00"
09/04/2025,"14,598.41","16,062.01","14,598.41","15,499.09",-250.00,-0.01,"61,224,588.00"
08/04/2025,"15,874.37","16,437.29","15,686.73","15,686.73","-1,550.00",-0.07,"67,768,611.00"
04/04/2025,"15,836.84","16,850.10","15,836.84","16,850.10",-200.00,-0.01,"75,397,787.00"
03/04/2025,"17,713.24","17,788.30","17,000.21","17,000.21","-1,700.00",-0.07,"87,853,102.00"
02/04/2025,"18,463.80","18,501.33","18,276.16","18,276.16",-250.00,-0.01,"10,558,903.00"
01/04/2025,"18,126.05","18,463.80","18,013.47","18,463.80",500.00,0.02,"15,642,910.00"
31/03/2025,"17,900.88","18,088.52","17,863.36","18,088.52",200.00,0.01,"19,358,101.00"
28/03/2025,"18,013.47","18,088.52","17,863.36","17,938.41",0.00,0.00,"16,254,000.00"
27/03/2025,"18,013.47","18,088.52","17,938.41","17,938.41",-100.00,0.00,"13,025,800.00"
26/03/2025,"18,126.05","18,313.69","18,013.47","18,013.47",-200.00,-0.01,"18,277,300.00"
25/03/2025,"18,388.75","18,426.28","18,126.05","18,163.58",-200.00,-0.01,"16,673,902.00"
24/03/2025,"18,238.64","18,313.69","17,975.94","18,313.69",100.00,0.00,"18,367,901.00"
21/03/2025,"18,238.64","18,388.75","18,163.58","18,238.64",50.00,0.00,"18,167,509.00"
20/03/2025,"18,013.47","18,276.16","17,938.41","18,201.11",400.00,0.02,"22,462,206.00"
19/03/2025,"17,938.41","18,013.47","17,788.30","17,900.88",-50.00,0.00,"22,227,808.00"
18/03/2025,"18,313.69","18,313.69","17,938.41","17,938.41",-400.00,-0.02,"28,146,986.00"
17/03/2025,"18,313.69","18,351.22","18,088.52","18,238.64",0.00,0.00,"27,206,507.00"
14/03/2025,"18,201.11","18,351.22","18,126.05","18,238.64",0.00,0.00,"20,034,014.00"
13/03/2025,"18,501.33","18,538.86","18,163.58","18,238.64",-300.00,-0.01,"25,644,110.00"
12/03/2025,"18,688.97","18,764.03","18,463.80","18,463.80",-200.00,-0.01,"33,557,614.00"
11/03/2025,"18,163.58","18,613.92","18,126.05","18,613.92",300.00,0.01,"28,304,215.00"
10/03/2025,"18,576.39","18,688.97","18,351.22","18,388.75",0.00,0.00,"19,469,651.00"
07/03/2025,"18,201.11","18,688.97","18,088.52","18,388.75",400.00,0.02,"50,980,627.00"
06/03/2025,"17,788.30","18,088.52","17,638.19","18,088.52",550.00,0.02,"30,549,334.00"
05/03/2025,"17,563.13","18,088.52","17,488.08","17,675.72",150.00,0.01,"30,355,700.00"
04/03/2025,"17,300.43","17,713.24","17,150.32","17,563.13",300.00,0.01,"33,207,006.00"
03/03/2025,"17,262.91","17,337.96","17,225.38","17,337.96",100.00,0.00,"13,220,003.00"
28/02/2025,"17,337.96","17,375.49","17,225.38","17,262.91",-200.00,-0.01,"12,262,814.00"
27/02/2025,"17,413.02","17,450.55","17,225.38","17,413.02",0.00,0.00,"13,556,110.00"
26/02/2025,"17,638.19","17,675.72","17,413.02","17,413.02",-200.00,-0.01,"8,767,912.00"
25/02/2025,"17,300.43","17,675.72","17,300.43","17,563.13",400.00,0.02,"38,636,416.00"
24/02/2025,"17,112.79","17,300.43","17,112.79","17,262.91",100.00,0.00,"13,739,217.00"
21/02/2025,"17,187.85","17,375.49","17,112.79","17,187.85",50.00,0.00,"21,152,422.00"
20/02/2025,"17,262.91","17,262.91","17,150.32","17,150.32",0.00,0.00,"11,621,812.00"
19/02/2025,"17,112.79","17,225.38","17,037.74","17,150.32",150.00,0.01,"10,350,918.00"
18/02/2025,"17,000.21","17,225.38","16,962.68","17,037.74",50.00,0.00,"12,498,114.00"
17/02/2025,"17,187.85","17,187.85","16,962.68","17,000.21",-200.00,-0.01,"9,304,053.00"
14/02/2025,"17,262.91","17,262.91","17,112.79","17,150.32",-50.00,0.00,"8,323,592.00"
13/02/2025,"17,150.32","17,187.85","16,962.68","17,187.85",200.00,0.01,"7,558,104.00"
12/02/2025,"17,262.91","17,300.43","17,037.74","17,037.74",-300.00,-0.01,"8,361,097.00"
11/02/2025,"17,262.91","17,262.91","17,150.32","17,262.91",100.00,0.00,"7,784,308.00"
10/02/2025,"17,037.74","17,450.55","16,850.10","17,187.85",150.00,0.01,"19,859,918.00"
07/02/2025,"17,037.74","17,262.91","16,812.57","17,075.27",150.00,0.01,"14,237,917.00"
06/02/2025,"16,925.15","17,225.38","16,925.15","16,962.68",100.00,0.00,"11,107,923.00"
05/02/2025,"16,887.63","16,925.15","16,737.51","16,887.63",50.00,0.00,"26,174,506.00"
04/02/2025,"16,662.46","16,962.68","16,587.40","16,850.10",400.00,0.02,"12,433,300.00"
03/02/2025,"16,549.87","16,699.99","16,474.82","16,549.87",-350.00,-0.02,"9,831,105.00"
24/01/2025,"16,549.87","16,850.10","16,549.87","16,812.57",200.00,0.01,"9,798,321.00"
23/01/2025,"16,437.29","16,699.99","16,362.23","16,662.46",400.00,0.02,"15,239,720.00"
22/01/2025,"16,474.82","16,474.82","16,324.71","16,362.23",-50.00,0.00,"8,167,130.00"
21/01/2025,"16,474.82","16,549.87","16,324.71","16,399.76",0.00,0.00,"16,803,726.00"
20/01/2025,"16,137.07","16,474.82","16,137.07","16,399.76",350.00,0.02,"9,424,660.00"
17/01/2025,"16,137.07","16,137.07","16,024.48","16,137.07",100.00,0.00,"7,965,419.00"
16/01/2025,"16,137.07","16,212.12","16,024.48","16,062.01",50.00,0.00,"9,901,825.00"
15/01/2025,"16,099.54","16,137.07","15,986.95","16,024.48",50.00,0.00,"9,917,588.00"
14/01/2025,"16,062.01","16,137.07","15,874.37","15,986.95",-200.00,-0.01,"7,936,021.00"
13/01/2025,"15,874.37","16,137.07","15,724.26","16,137.07",350.00,0.02,"9,021,557.00"
10/01/2025,"16,099.54","16,137.07","15,874.37","15,874.37",-350.00,-0.02,"10,415,525.00"
09/01/2025,"16,212.12","16,287.18","16,099.54","16,137.07",-100.00,0.00,"7,521,334.00"
08/01/2025,"16,099.54","16,287.18","16,099.54","16,212.12",-50.00,0.00,"8,416,606.00"
07/01/2025,"16,287.18","16,287.18","15,911.90","16,249.65",450.00,0.02,"14,558,378.00"
06/01/2025,"16,120.75","16,251.28","15,924.95","15,924.95",-300.00,-0.01,"15,135,823.00"
03/01/2025,"16,447.08","16,447.08","16,120.75","16,120.75",-500.00,-0.02,"11,230,619.00"
02/01/2025,"16,414.45","16,610.24","16,349.18","16,447.08",100.00,0.00,"13,462,054.00"
31/12/2024,"16,186.01","16,381.81","16,186.01","16,381.81",300.00,0.01,"11,771,339.00"
30/12/2024,"16,414.45","16,414.45","16,186.01","16,186.01",-250.00,-0.01,"11,594,996.00"
27/12/2024,"16,349.18","16,512.35","16,316.55","16,349.18",150.00,0.01,"18,498,042.00"
26/12/2024,"15,990.22","16,251.28","15,957.58","16,251.28",450.00,0.02,"21,251,145.00"
25/12/2024,"15,631.25","16,186.01","15,631.25","15,957.58",550.00,0.02,"15,819,926.00"
24/12/2024,"15,696.52","15,696.52","15,565.99","15,598.62",-150.00,-0.01,"3,822,549.00"
23/12/2024,"15,663.89","15,761.78","15,663.89","15,696.52",50.00,0.00,"7,483,093.00"
20/12/2024,"15,565.99","15,663.89","15,533.35","15,663.89",150.00,0.01,"23,882,333.00"
19/12/2024,"15,533.35","15,696.52","15,533.35","15,565.99",-350.00,-0.01,"10,528,327.00"
18/12/2024,"15,761.78","15,794.42","15,696.52","15,794.42",50.00,0.00,"4,180,733.00"
17/12/2024,"15,696.52","15,794.42","15,696.52","15,761.78",50.00,0.00,"4,171,143.00"
16/12/2024,"15,827.05","15,892.32","15,663.89","15,729.15",-150.00,-0.01,"6,396,387.00"
13/12/2024,"15,827.05","15,892.32","15,794.42","15,827.05",-50.00,0.00,"4,698,367.00"
12/12/2024,"15,924.95","16,022.85","15,859.68","15,859.68",0.00,0.00,"5,848,566.00"
11/12/2024,"15,827.05","15,924.95","15,729.15","15,859.68",50.00,0.00,"6,926,962.00"
10/12/2024,"15,924.95","15,990.22","15,827.05","15,827.05",-150.00,-0.01,"6,867,722.00"
09/12/2024,"15,924.95","16,022.85","15,827.05","15,924.95",50.00,0.00,"6,643,635.00"
06/12/2024,"16,055.48","16,055.48","15,892.32","15,892.32",-200.00,-0.01,"15,919,125.00"
05/12/2024,"15,565.99","16,055.48","15,533.35","16,022.85",700.00,0.03,"10,684,800.00"
04/12/2024,"15,598.62","15,663.89","15,533.35","15,565.99",-100.00,0.00,"8,580,201.00"
03/12/2024,"15,761.78","15,794.42","15,631.25","15,631.25",-200.00,-0.01,"7,417,900.00"
02/12/2024,"15,794.42","15,859.68","15,696.52","15,761.78",0.00,0.00,"6,241,439.00"
29/11/2024,"15,696.52","15,761.78","15,631.25","15,761.78",150.00,0.01,"6,778,200.00"
28/11/2024,"15,794.42","15,827.05","15,663.89","15,663.89",-100.00,0.00,"8,913,100.00"
27/11/2024,"15,663.89","15,827.05","15,598.62","15,729.15",0.00,0.00,"4,404,301.00"
26/11/2024,"15,696.52","15,794.42","15,663.89","15,729.15",150.00,0.01,"5,367,301.00"
25/11/2024,"15,663.89","15,696.52","15,598.62","15,631.25",-50.00,0.00,"4,928,801.00"
22/11/2024,"15,631.25","15,794.42","15,598.62","15,663.89",0.00,0.00,"9,207,001.00"
21/11/2024,"15,402.82","15,663.89","15,272.29","15,663.89",450.00,0.02,"6,580,202.00"
20/11/2024,"15,109.12","15,468.09","15,109.12","15,370.19",400.00,0.02,"11,359,698.00"
19/11/2024,"15,337.55","15,402.82","15,109.12","15,109.12",-250.00,-0.01,"7,871,900.00"
18/11/2024,"15,337.55","15,435.45","15,076.49","15,272.29",-100.00,0.00,"16,337,001.00"
15/11/2024,"15,468.09","15,533.35","15,337.55","15,337.55",-300.00,-0.01,"20,069,302.00"
14/11/2024,"15,729.15","15,729.15","15,533.35","15,533.35",-350.00,-0.01,"21,179,000.00"
13/11/2024,"15,729.15","15,827.05","15,565.99","15,761.78",50.00,0.00,"13,908,600.00"
12/11/2024,"15,859.68","15,892.32","15,729.15","15,729.15",-200.00,-0.01,"9,116,420.00"
11/11/2024,"16,022.85","16,055.48","15,631.25","15,859.68",-250.00,-0.01,"17,322,201.00"
08/11/2024,"16,218.65","16,251.28","15,924.95","16,022.85",-250.00,-0.01,"8,354,100.00"
07/11/2024,"16,316.55","16,316.55","16,186.01","16,186.01",-50.00,0.00,"11,987,300.00"
06/11/2024,"16,088.12","16,251.28","15,990.22","16,218.65",400.00,0.02,"8,579,900.00"
05/11/2024,"16,022.85","16,055.48","15,924.95","15,957.58",0.00,0.00,"9,652,270.00"
04/11/2024,"16,120.75","16,153.38","15,924.95","15,957.58",-150.00,-0.01,"12,401,500.00"
01/11/2024,"16,283.91","16,349.18","16,055.48","16,055.48",-450.00,-0.02,"11,825,200.00"
31/10/2024,"16,316.55","16,447.08","16,186.01","16,349.18",50.00,0.00,"10,212,200.00"
30/10/2024,"16,316.55","16,414.45","16,120.75","16,316.55",0.00,0.00,"14,517,300.00"
29/10/2024,"16,251.28","16,381.81","16,218.65","16,316.55",200.00,0.01,"8,549,200.00"
28/10/2024,"16,153.38","16,218.65","16,088.12","16,186.01",150.00,0.01,"3,978,301.00"
25/10/2024,"16,186.01","16,186.01","16,022.85","16,088.12",-50.00,0.00,"10,691,300.00"
24/10/2024,"16,479.71","16,577.61","16,120.75","16,120.75",-550.00,-0.02,"19,246,700.00"
23/10/2024,"16,479.71","16,544.98","16,414.45","16,479.71",0.00,0.00,"11,699,500.00"
22/10/2024,"16,642.88","16,740.78","16,414.45","16,479.71",-300.00,-0.01,"20,327,201.00"
21/10/2024,"16,806.04","16,903.94","16,675.51","16,675.51",-200.00,-0.01,"9,410,501.00"
18/10/2024,"16,969.21","17,099.74","16,773.41","16,806.04",-150.00,-0.01,"18,478,001.00"
17/10/2024,"16,675.51","16,903.94","16,544.98","16,903.94",400.00,0.02,"11,923,500.00"
16/10/2024,"16,740.78","16,740.78","16,577.61","16,642.88",-150.00,-0.01,"10,829,401.00"
15/10/2024,"16,936.58","17,034.48","16,740.78","16,740.78",-200.00,-0.01,"15,413,400.00"
14/10/2024,"16,740.78","17,034.48","16,642.88","16,871.31",300.00,0.01,"15,572,800.00"
11/10/2024,"16,642.88","16,708.14","16,544.98","16,675.51",50.00,0.00,"7,420,501.00"
10/10/2024,"16,773.41","16,936.58","16,642.88","16,642.88",-100.00,0.00,"12,702,901.00"
09/10/2024,"16,512.35","16,740.78","16,479.71","16,708.14",400.00,0.02,"14,636,900.00"
08/10/2024,"16,447.08","16,642.88","16,381.81","16,447.08",0.00,0.00,"12,383,400.00"
07/10/2024,"16,512.35","16,577.61","16,316.55","16,447.08",100.00,0.00,"10,186,200.00"
04/10/2024,"16,642.88","16,642.88","16,381.81","16,381.81",-400.00,-0.02,"18,601,300.00"
03/10/2024,"16,740.78","17,034.48","16,577.61","16,642.88",-200.00,-0.01,"20,995,600.00"
02/10/2024,"16,675.51","16,871.31","16,642.88","16,773.41",50.00,0.00,"12,817,100.00"
01/10/2024,"16,806.04","17,067.11","16,740.78","16,740.78",-50.00,0.00,"18,768,300.00"
30/09/2024,"16,610.24","16,838.68","16,610.24","16,773.41",0.00,0.00,"14,843,502.00"
27/09/2024,"16,773.41","17,067.11","16,708.14","16,773.41",0.00,0.00,"18,506,400.00"
26/09/2024,"16,806.04","16,936.58","16,642.88","16,773.41",-50.00,0.00,"26,775,400.00"
25/09/2024,"16,577.61","16,903.94","16,544.98","16,806.04",500.00,0.02,"34,188,100.00"
24/09/2024,"16,251.28","16,512.35","16,186.01","16,479.71",450.00,0.02,"17,769,900.00"
23/09/2024,"16,186.01","16,577.61","16,186.01","16,186.01",50.00,0.00,"23,428,701.00"
20/09/2024,"16,022.85","16,316.55","16,022.85","16,153.38",350.00,0.01,"33,353,600.00"
19/09/2024,"15,957.58","16,022.85","15,892.32","15,924.95",0.00,0.00,"8,751,401.00"
18/09/2024,"15,859.68","16,055.48","15,761.78","15,924.95",150.00,0.01,"16,892,362.00"
17/09/2024,"15,663.89","15,827.05","15,533.35","15,827.05",350.00,0.01,"8,684,907.00"
16/09/2024,"15,598.62","15,827.05","15,565.99","15,598.62",0.00,0.00,"8,685,101.00"
13/09/2024,"15,696.52","15,696.52","15,565.99","15,598.62",-100.00,0.00,"5,080,300.00"
12/09/2024,"15,663.89","15,761.78","15,631.25","15,663.89",100.00,0.00,"8,393,200.00"
11/09/2024,"15,500.72","15,696.52","15,337.55","15,598.62",150.00,0.01,"10,402,000.00"
10/09/2024,"15,696.52","15,794.42","15,435.45","15,500.72",-200.00,-0.01,"14,757,801.00"
09/09/2024,"15,598.62","15,631.25","15,500.72","15,631.25",-50.00,0.00,"10,234,801.00"
06/09/2024,"15,598.62","15,696.52","15,500.72","15,663.89",50.00,0.00,"59,056,219.00"
05/09/2024,"15,924.95","16,120.75","15,598.62","15,631.25",-450.00,-0.02,"71,390,191.00"
04/09/2024,"15,957.58","16,055.48","15,892.32","15,924.95",-450.00,-0.02,"17,919,301.00"
30/08/2024,"16,218.65","16,316.55","16,186.01","16,218.65",0.00,0.00,"8,869,301.00"
29/08/2024,"16,088.12","16,447.08","16,088.12","16,218.65",200.00,0.01,"22,757,901.00"
28/08/2024,"15,957.58","16,120.75","15,892.32","16,088.12",250.00,0.01,"17,166,203.00"
27/08/2024,"15,892.32","15,990.22","15,859.68","15,924.95",-50.00,0.00,"11,398,701.00"
26/08/2024,"16,120.75","16,186.01","15,859.68","15,957.58",-100.00,0.00,"11,694,402.00"
23/08/2024,"15,924.95","16,088.12","15,859.68","16,022.85",150.00,0.01,"15,619,300.00"
22/08/2024,"16,218.65","16,251.28","15,924.95","15,924.95",-350.00,-0.01,"13,094,901.00"
21/08/2024,"15,827.05","16,186.01","15,696.52","16,153.38",500.00,0.02,"21,968,800.00"
20/08/2024,"15,729.15","15,990.22","15,696.52","15,827.05",200.00,0.01,"16,500,001.00"
19/08/2024,"15,729.15","15,827.05","15,631.25","15,696.52",0.00,0.00,"9,960,401.00"
16/08/2024,"15,272.29","15,729.15","15,239.66","15,696.52",800.00,0.03,"21,169,500.00"
15/08/2024,"15,272.29","15,370.19","15,174.39","15,174.39",-150.00,-0.01,"11,922,764.00"
14/08/2024,"15,500.72","15,500.72","15,272.29","15,272.29",-200.00,-0.01,"6,984,600.00"
13/08/2024,"15,435.45","15,500.72","15,272.29","15,402.82",-100.00,0.00,"7,586,200.00"
12/08/2024,"15,337.55","15,468.09","15,239.66","15,468.09",250.00,0.01,"10,731,700.00"
09/08/2024,"15,141.76","15,337.55","15,141.76","15,304.92",400.00,0.02,"8,565,600.00"
08/08/2024,"15,207.02","15,337.55","15,011.22","15,043.86",-300.00,-0.01,"11,496,000.00"
07/08/2024,"15,272.29","15,337.55","15,141.76","15,239.66",-50.00,0.00,"10,265,400.00"
06/08/2024,"15,141.76","15,337.55","15,011.22","15,272.29",450.00,0.02,"19,194,500.00"
05/08/2024,"15,043.86","15,370.19","14,880.69","14,978.59",-850.00,-0.04,"31,221,800.00"
02/08/2024,"15,011.22","15,533.35","15,011.22","15,533.35",400.00,0.02,"24,600,880.00"
01/08/2024,"15,924.95","16,022.85","15,174.39","15,272.29","-1,000.00",-0.04,"34,626,500.00"
31/07/2024,"15,990.22","16,251.28","15,794.42","15,924.95",-100.00,0.00,"20,471,300.00"
30/07/2024,"15,729.15","15,990.22","15,565.99","15,990.22",400.00,0.02,"19,571,700.00"
29/07/2024,"15,957.58","15,957.58","15,729.15","15,729.15",-200.00,-0.01,"10,643,000.00"
26/07/2024,"15,598.62","15,892.32","15,565.99","15,859.68",350.00,0.01,"12,160,400.00"
25/07/2024,"15,565.99","15,729.15","15,337.55","15,631.25",0.00,0.00,"23,289,800.00"
24/07/2024,"15,533.35","15,827.05","15,435.45","15,631.25",50.00,0.00,"27,332,000.00"
23/07/2024,"16,544.98","16,544.98","15,533.35","15,598.62","-1,300.00",-0.05,"50,646,200.00"
22/07/2024,"16,512.35","16,806.04","16,088.12","16,447.08",-200.00,-0.01,"39,267,300.00"
19/07/2024,"16,251.28","16,740.78","16,186.01","16,577.61",500.00,0.02,"50,007,101.00"
18/07/2024,"16,055.48","16,316.55","15,729.15","16,251.28",400.00,0.02,"40,243,000.00"
17/07/2024,"15,533.35","16,414.45","15,370.19","15,990.22",950.00,0.04,"73,085,901.00"
16/07/2024,"15,076.49","15,631.25","15,043.86","15,370.19",500.00,0.02,"26,701,400.00"
15/07/2024,"15,043.86","15,141.76","14,978.59","15,043.86",50.00,0.00,"5,131,200.00"
12/07/2024,"14,978.59","15,141.76","14,945.96","15,011.22",-100.00,0.00,"8,522,200.00"
11/07/2024,"15,304.92","15,337.55","15,076.49","15,076.49",-200.00,-0.01,"8,708,800.00"
10/07/2024,"15,109.12","15,402.82","15,109.12","15,207.02",150.00,0.01,"24,212,201.00"
09/07/2024,"14,880.69","15,109.12","14,782.79","15,109.12",450.00,0.02,"14,281,500.00"
08/07/2024,"14,880.69","14,978.59","14,750.16","14,815.42",-100.00,0.00,"10,745,500.00"
05/07/2024,"14,880.69","14,913.32","14,750.16","14,880.69",0.00,0.00,"7,930,800.00"
04/07/2024,"14,945.96","15,011.22","14,750.16","14,880.69",-100.00,0.00,"7,163,700.00"
03/07/2024,"14,880.69","14,978.59","14,750.16","14,945.96",200.00,0.01,"11,097,498.00"
02/07/2024,"14,684.89","14,913.32","14,652.26","14,815.42",250.00,0.01,"11,533,301.00"
01/07/2024,"14,521.73","14,652.26","14,456.46","14,652.26",250.00,0.01,"5,172,500.00"
28/06/2024,"14,717.53","14,717.53","14,489.09","14,489.09",-300.00,-0.01,"11,521,200.00"
27/06/2024,"14,652.26","14,750.16","14,619.63","14,684.89",0.00,0.00,"7,016,300.00"
26/06/2024,"14,750.16","14,782.79","14,586.99","14,684.89",-100.00,0.00,"14,221,500.00"
25/06/2024,"14,815.42","14,913.32","14,684.89","14,750.16",-50.00,0.00,"22,110,645.00"
24/06/2024,"15,076.49","15,141.76","14,717.53","14,782.79",-550.00,-0.02,"31,968,801.00"
21/06/2024,"15,174.39","15,239.66","15,076.49","15,141.76",-50.00,0.00,"10,663,400.00"
20/06/2024,"15,272.29","15,304.92","15,109.12","15,174.39",-50.00,0.00,"14,684,816.00"
19/06/2024,"15,272.29","15,304.92","15,043.86","15,207.02",50.00,0.00,"13,632,700.00"
18/06/2024,"15,337.55","15,370.19","15,174.39","15,174.39",0.00,0.00,"12,465,201.00"
17/06/2024,"15,272.29","15,272.29","14,978.59","15,174.39",150.00,0.01,"18,206,601.00"
14/06/2024,"15,663.89","15,663.89","15,076.49","15,076.49",-450.00,-0.02,"26,066,000.00"
13/06/2024,"15,141.76","15,468.09","15,109.12","15,370.19",450.00,0.02,"40,639,600.00"
12/06/2024,"14,717.53","15,076.49","14,619.63","15,076.49",550.00,0.02,"25,778,000.00"
11/06/2024,"14,782.79","14,815.42","14,652.26","14,717.53",-100.00,0.00,"10,633,200.00"
10/06/2024,"14,717.53","14,945.96","14,684.89","14,782.79",200.00,0.01,"14,132,001.00"
07/06/2024,"14,717.53","14,782.79","14,554.36","14,652.26",100.00,0.00,"9,139,500.00"
06/06/2024,"14,619.63","14,750.16","14,554.36","14,586.99",150.00,0.01,"10,831,500.00"
05/06/2024,"14,717.53","14,815.42","14,489.09","14,489.09",-300.00,-0.01,"13,717,100.00"
04/06/2024,"14,848.06","14,880.69","14,684.89","14,684.89",-100.00,0.00,"9,778,600.00"
03/06/2024,"14,325.93","14,880.69","14,325.93","14,750.16",850.00,0.04,"24,763,500.00"
31/05/2024,"14,260.66","14,358.56","14,195.40","14,195.40",-100.00,0.00,"15,393,500.00"
30/05/2024,"14,423.83","14,456.46","14,162.76","14,260.66",-450.00,-0.02,"28,960,000.00"
29/05/2024,"14,750.16","14,782.79","14,554.36","14,554.36",-300.00,-0.01,"20,829,400.00"
28/05/2024,"14,815.42","14,848.06","14,586.99","14,750.16",150.00,0.01,"13,407,300.00"
27/05/2024,"14,750.16","14,750.16","14,586.99","14,652.26",0.00,0.00,"7,993,800.00"
24/05/2024,"14,717.53","15,207.02","14,456.46","14,652.26",-350.00,-0.02,"36,618,800.00"
23/05/2024,"14,815.42","14,913.32","14,684.89","14,880.69",100.00,0.00,"13,080,600.00"
22/05/2024,"15,070.86","15,102.79","14,815.42","14,815.42",-400.00,-0.02,"20,852,500.00"
21/05/2024,"14,975.07","15,070.86","14,847.35","15,070.86",150.00,0.01,"16,402,300.00"
20/05/2024,"15,070.86","15,070.86","14,943.14","14,975.07",200.00,0.01,"18,675,500.00"
17/05/2024,"14,975.07","14,975.07","14,783.49","14,847.35",-150.00,-0.01,"15,665,900.00"
16/05/2024,"14,783.49","15,038.93","14,687.71","14,943.14",500.00,0.02,"33,245,701.00"
15/05/2024,"14,655.78","14,719.64","14,559.99","14,623.85",50.00,0.00,"18,700,502.00"
14/05/2024,"14,623.85","14,815.42","14,496.13","14,591.92",200.00,0.01,"19,045,750.00"
13/05/2024,"14,432.27","14,687.71","14,432.27","14,464.20",50.00,0.00,"15,061,500.00"
10/05/2024,"14,528.06","14,623.85","14,368.41","14,432.27",-50.00,0.00,"14,192,100.00"
09/05/2024,"14,432.27","14,559.99","14,272.62","14,464.20",100.00,0.00,"17,108,200.00"
08/05/2024,"14,304.55","14,496.13","14,240.69","14,400.34",-200.00,-0.01,"24,117,900.00"
07/05/2024,"14,687.71","14,719.64","14,464.20","14,528.06",-150.00,-0.01,"10,919,401.00"
06/05/2024,"14,400.34","14,655.78","14,400.34","14,623.85",500.00,0.02,"16,903,400.00"
03/05/2024,"14,432.27","14,559.99","14,240.69","14,304.55",0.00,0.00,"12,307,301.00"
02/05/2024,"14,240.69","14,400.34","14,176.83","14,304.55",150.00,0.01,"11,278,300.00"
26/04/2024,"14,049.11","14,336.48","14,049.11","14,208.76",0.00,0.00,"14,082,200.00"
25/04/2024,"14,432.27","14,432.27","14,144.90","14,208.76",-300.00,-0.01,"13,003,200.00"
24/04/2024,"14,176.83","14,464.20","14,017.18","14,400.34",550.00,0.02,"19,210,801.00"
23/04/2024,"14,432.27","14,496.13","13,889.46","14,049.11",-600.00,-0.03,"32,073,200.00"
22/04/2024,"14,559.99","14,719.64","14,400.34","14,432.27",-100.00,0.00,"26,807,800.00"
19/04/2024,"14,432.27","14,879.28","14,432.27","14,496.13",-400.00,-0.02,"31,595,274.00"
17/04/2024,"15,326.30","15,358.23","14,751.57","14,751.57",-800.00,-0.03,"31,506,215.00"
16/04/2024,"14,943.14","15,262.44","14,719.64","15,262.44",500.00,0.02,"49,372,771.00"
15/04/2024,"15,613.67","15,996.83","14,687.71","14,943.14","-1,250.00",-0.05,"59,911,817.00"
12/04/2024,"15,230.51","15,773.32","15,166.65","15,741.39",900.00,0.04,"29,691,200.00"
11/04/2024,"15,007.00","15,230.51","14,943.14","15,166.65",-50.00,0.00,"12,546,600.00"
10/04/2024,"15,517.88","15,549.81","15,198.58","15,198.58",-200.00,-0.01,"40,152,300.00"
09/04/2024,"15,007.00","15,326.30","14,943.14","15,326.30",500.00,0.02,"17,312,900.00"
08/04/2024,"14,943.14","15,198.58","14,783.49","15,007.00",150.00,0.01,"26,092,000.00"
05/04/2024,"15,038.93","15,166.65","14,879.28","14,911.21",-450.00,-0.02,"26,423,600.00"
04/04/2024,"15,454.02","15,485.95","15,198.58","15,198.58",-400.00,-0.02,"33,522,700.00"
03/04/2024,"15,837.18","15,837.18","15,454.02","15,454.02",-600.00,-0.02,"25,263,445.00"
02/04/2024,"15,709.46","15,837.18","15,454.02","15,837.18",-100.00,0.00,"34,072,800.00"
01/04/2024,"16,092.62","16,124.55","15,773.32","15,901.04",-500.00,-0.02,"29,108,248.00"
29/03/2024,"16,316.13","16,316.13","16,060.69","16,220.34",-100.00,0.00,"13,546,401.00"
28/03/2024,"16,379.98","16,411.91","16,092.62","16,284.20",200.00,0.01,"15,988,900.00"
27/03/2024,"16,124.55","16,220.34","15,964.90","16,156.48",50.00,0.00,"14,606,400.00"
26/03/2024,"15,773.32","16,124.55","15,709.46","16,124.55",550.00,0.02,"17,175,800.00"
25/03/2024,"15,996.83","16,188.41","15,709.46","15,773.32",-350.00,-0.01,"23,768,700.00"
22/03/2024,"15,964.90","16,411.91","15,869.11","15,996.83",300.00,0.01,"41,742,700.00"
21/03/2024,"15,517.88","15,805.25","15,390.16","15,805.25",600.00,0.02,"34,534,400.00"
20/03/2024,"14,815.42","15,581.74","14,751.57","15,422.09",950.00,0.04,"40,175,300.00"
19/03/2024,"14,815.42","14,911.21","14,655.78","14,815.42",0.00,0.00,"21,294,901.00"
18/03/2024,"15,166.65","15,198.58","14,304.55","14,815.42",-600.00,-0.03,"32,962,600.00"
15/03/2024,"14,975.07","15,230.51","14,783.49","15,198.58",350.00,0.01,"25,616,100.00"
14/03/2024,"15,294.37","15,294.37","14,943.14","14,975.07",-400.00,-0.02,"20,726,200.00"
13/03/2024,"14,751.57","15,230.51","14,751.57","15,230.51",750.00,0.03,"17,989,700.00"
12/03/2024,"14,623.85","14,847.35","14,528.06","14,751.57",150.00,0.01,"24,560,200.00"
11/03/2024,"15,038.93","15,070.86","14,559.99","14,655.78",-650.00,-0.03,"38,411,301.00"
08/03/2024,"15,645.60","15,645.60","15,070.86","15,070.86",-800.00,-0.03,"51,203,200.00"
07/03/2024,"15,773.32","15,837.18","15,549.81","15,581.74",-200.00,-0.01,"26,016,890.00"
06/03/2024,"15,709.46","16,060.69","15,549.81","15,709.46",0.00,0.00,"30,227,100.00"
05/03/2024,"15,454.02","15,741.39","15,390.16","15,709.46",400.00,0.02,"28,768,901.00"
04/03/2024,"15,390.16","15,613.67","15,166.65","15,454.02",200.00,0.01,"37,072,101.00"
01/03/2024,"15,390.16","15,422.09","15,198.58","15,326.30",-150.00,-0.01,"27,421,100.00"
29/02/2024,"15,645.60","15,677.53","15,294.37","15,422.09",-250.00,-0.01,"25,134,200.00"
28/02/2024,"15,549.81","15,677.53","15,422.09","15,581.74",150.00,0.01,"19,389,201.00"
27/02/2024,"15,358.23","15,613.67","15,230.51","15,485.95",250.00,0.01,"25,454,100.00"
26/02/2024,"15,262.44","15,358.23","15,102.79","15,326.30",100.00,0.00,"24,383,500.00"
23/02/2024,"15,326.30","15,773.32","15,166.65","15,262.44",-50.00,0.00,"55,396,230.00"
22/02/2024,"15,326.30","15,390.16","15,230.51","15,294.37",-50.00,0.00,"15,193,900.00"
21/02/2024,"15,230.51","15,454.02","15,134.72","15,326.30",150.00,0.01,"26,284,200.00"
20/02/2024,"15,230.51","15,390.16","15,102.79","15,230.51",-100.00,0.00,"22,873,791.00"
19/02/2024,"15,326.30","15,390.16","15,070.86","15,294.37",-50.00,0.00,"21,127,300.00"
16/02/2024,"15,390.16","15,390.16","15,134.72","15,326.30",-150.00,-0.01,"16,435,200.00"
15/02/2024,"15,134.72","15,454.02","15,038.93","15,422.09",650.00,0.03,"25,072,500.00"
07/02/2024,"14,751.57","15,134.72","14,751.57","15,007.00",450.00,0.02,"21,909,300.00"
06/02/2024,"14,687.71","14,783.49","14,655.78","14,719.64",100.00,0.00,"11,769,300.00"
05/02/2024,"13,889.46","14,783.49","13,889.46","14,655.78","1,200.00",0.06,"37,434,400.00"
02/02/2024,"13,985.25","14,049.11","13,889.46","13,889.46",-150.00,-0.01,"19,251,900.00"
01/02/2024,"13,857.53","14,017.18","13,793.67","13,985.25",150.00,0.01,"13,513,200.00"
31/01/2024,"14,208.76","14,208.76","13,825.60","13,889.46",-350.00,-0.02,"27,870,100.00"
30/01/2024,"14,144.90","14,208.76","13,953.32","14,112.97",-50.00,0.00,"14,585,100.00"
29/01/2024,"14,049.11","14,336.48","14,049.11","14,144.90",150.00,0.01,"15,687,001.00"
26/01/2024,"13,985.25","14,144.90","13,985.25","14,049.11",100.00,0.00,"9,527,200.00"
25/01/2024,"14,017.18","14,017.18","13,857.53","13,985.25",0.00,0.00,"14,809,100.00"
24/01/2024,"13,953.32","14,144.90","13,921.39","13,985.25",-50.00,0.00,"20,189,700.00"
23/01/2024,"14,112.97","14,272.62","13,985.25","14,017.18",-150.00,-0.01,"23,790,700.00"
22/01/2024,"14,240.69","14,400.34","14,049.11","14,112.97",50.00,0.00,"37,451,431.00"
19/01/2024,"13,921.39","14,144.90","13,857.53","14,081.04",350.00,0.02,"22,083,300.00"
18/01/2024,"13,665.95","13,889.46","13,602.09","13,857.53",200.00,0.01,"23,706,300.00"
17/01/2024,"13,793.67","13,921.39","13,602.09","13,729.81",0.00,0.00,"21,482,080.00"
16/01/2024,"13,697.88","13,729.81","13,506.30","13,729.81",50.00,0.00,"17,991,400.00"
15/01/2024,"13,729.81","13,985.25","13,665.95","13,697.88",100.00,0.00,"25,636,300.00"
12/01/2024,"13,091.22","13,761.74","13,027.36","13,634.02",700.00,0.03,"46,166,500.00"
11/01/2024,"13,346.65","13,474.37","13,091.22","13,187.01",-250.00,-0.01,"31,479,550.00"
10/01/2024,"13,314.72","13,506.30","13,187.01","13,346.65",50.00,0.00,"25,684,700.00"
09/01/2024,"13,250.86","13,346.65","13,091.22","13,314.72",150.00,0.01,"27,100,300.00"
08/01/2024,"13,155.08","13,314.72","13,027.36","13,218.94",200.00,0.01,"20,147,300.00"
05/01/2024,"12,835.78","13,091.22","12,835.78","13,091.22",400.00,0.02,"25,861,500.00"
04/01/2024,"12,229.11","13,059.29","12,229.11","12,835.78",950.00,0.05,"49,714,900.00"
03/01/2024,"11,973.67","12,261.04","11,941.74","12,229.11",300.00,0.02,"13,854,700.00"
02/01/2024,"11,941.74","12,133.32","11,909.81","12,037.53",200.00,0.01,"15,115,400.00"
29/12/2023,"11,877.88","12,037.53","11,845.95","11,909.81",100.00,0.01,"14,549,210.00"
28/12/2023,"11,750.16","11,877.88","11,718.23","11,845.95",150.00,0.01,"11,742,100.00"
27/12/2023,"11,814.02","11,814.02","11,718.23","11,750.16",-50.00,0.00,"5,784,500.00"
26/12/2023,"11,750.16","11,814.02","11,686.30","11,782.09",50.00,0.00,"6,838,400.00"
25/12/2023,"11,718.23","11,845.95","11,686.30","11,750.16",100.00,0.01,"6,803,700.00"
22/12/2023,"11,590.52","11,782.09","11,558.59","11,686.30",150.00,0.01,"9,838,300.00"
21/12/2023,"11,558.59","11,590.52","11,494.73","11,590.52",0.00,0.00,"4,459,300.00"
20/12/2023,"11,590.52","11,622.45","11,526.66","11,590.52",0.00,0.00,"12,533,300.00"
19/12/2023,"11,494.73","11,622.45","11,462.80","11,590.52",150.00,0.01,"7,998,430.00"
18/12/2023,"11,526.66","11,590.52","11,462.80","11,494.73",-50.00,0.00,"29,389,800.00"
15/12/2023,"11,526.66","11,622.45","11,494.73","11,526.66",0.00,0.00,"12,636,240.00"
14/12/2023,"11,590.52","11,622.45","11,494.73","11,526.66",0.00,0.00,"10,535,101.00"
13/12/2023,"11,654.38","11,718.23","11,526.66","11,526.66",-200.00,-0.01,"10,143,100.00"
12/12/2023,"11,590.52","11,654.38","11,558.59","11,654.38",100.00,0.01,"7,055,200.00"
11/12/2023,"11,622.45","11,654.38","11,526.66","11,590.52",-50.00,0.00,"18,670,934.00"
08/12/2023,"11,654.38","11,718.23","11,590.52","11,622.45",-50.00,0.00,"8,519,400.00"
07/12/2023,"11,590.52","11,718.23","11,526.66","11,654.38",150.00,0.01,"18,594,800.00"
06/12/2023,"11,526.66","11,590.52","11,494.73","11,558.59",50.00,0.00,"7,202,248.00"
05/12/2023,"11,526.66","11,558.59","11,462.80","11,526.66",0.00,0.00,"8,216,600.00"
04/12/2023,"11,367.01","11,558.59","11,367.01","11,526.66",250.00,0.01,"17,484,900.00"
01/12/2023,"11,398.94","11,398.94","11,303.15","11,367.01",0.00,0.00,"4,410,300.00"
30/11/2023,"11,398.94","11,462.80","11,335.08","11,367.01",-50.00,0.00,"5,666,600.00"
29/11/2023,"11,367.01","11,430.87","11,303.15","11,398.94",0.00,0.00,"5,485,800.00"
28/11/2023,"11,239.29","11,430.87","11,143.50","11,398.94",250.00,0.01,"6,799,000.00"
27/11/2023,"11,398.94","11,462.80","11,207.36","11,239.29",-250.00,-0.01,"7,129,701.00"
24/11/2023,"11,430.87","11,494.73","11,239.29","11,398.94",-50.00,0.00,"8,903,700.00"
23/11/2023,"11,558.59","11,590.52","11,430.87","11,430.87",-150.00,-0.01,"7,027,300.00"
22/11/2023,"11,590.52","11,590.52","11,462.80","11,526.66",-50.00,0.00,"8,445,300.00"
21/11/2023,"11,622.45","11,654.38","11,462.80","11,558.59",100.00,0.01,"6,109,900.00"
20/11/2023,"11,335.08","11,654.38","11,335.08","11,494.73",-200.00,-0.01,"13,277,000.00"
17/11/2023,"11,877.88","11,877.88","11,430.87","11,622.45",-300.00,-0.02,"18,317,900.00"
16/11/2023,"11,782.09","11,845.95","11,718.23","11,814.02",-50.00,0.00,"7,071,800.00"
15/11/2023,"11,941.74","11,973.67","11,782.09","11,845.95",100.00,0.01,"14,810,300.00"
14/11/2023,"11,590.52","11,909.81","11,590.52","11,782.09",350.00,0.02,"13,834,401.00"
13/11/2023,"11,494.73","11,590.52","11,398.94","11,558.59",100.00,0.01,"7,601,529.00"
10/11/2023,"11,622.45","11,750.16","11,462.80","11,494.73",-350.00,-0.02,"33,033,057.00"
09/11/2023,"11,750.16","11,814.02","11,654.38","11,718.23",0.00,0.00,"10,843,500.00"
08/11/2023,"11,367.01","11,750.16","11,303.15","11,718.23",550.00,0.03,"11,329,200.00"
07/11/2023,"11,462.80","11,494.73","11,303.15","11,367.01",-150.00,-0.01,"5,251,900.00"
06/11/2023,"11,239.29","11,494.73","11,207.36","11,462.80",550.00,0.03,"8,669,400.00"
03/11/2023,"11,367.01","11,398.94","11,111.57","11,111.57",-300.00,-0.02,"13,201,200.00"
02/11/2023,"11,079.64","11,335.08","11,047.71","11,303.15",500.00,0.03,"6,927,200.00"
01/11/2023,"10,983.85","11,047.71","10,919.99","10,983.85",100.00,0.01,"6,099,801.00"
31/10/2023,"10,983.85","11,047.71","10,824.20","10,919.99",100.00,0.01,"6,590,100.00"
30/10/2023,"11,015.78","11,143.50","10,856.13","10,856.13",-450.00,-0.03,"4,512,400.00"
27/10/2023,"11,015.78","11,175.43","10,951.92","11,143.50",250.00,0.01,"10,448,900.00"
26/10/2023,"11,271.22","11,271.22","10,888.06","10,983.85",-600.00,-0.03,"16,319,420.00"
25/10/2023,"11,462.80","11,526.66","11,367.01","11,367.01",-100.00,-0.01,"5,387,500.00"
24/10/2023,"11,367.01","11,494.73","11,335.08","11,430.87",100.00,0.01,"5,168,101.00"
23/10/2023,"11,462.80","11,494.73","11,303.15","11,367.01",-150.00,-0.01,"3,908,726.00"
20/10/2023,"11,271.22","11,494.73","11,175.43","11,462.80",300.00,0.02,"7,377,345.00"
19/10/2023,"11,335.08","11,430.87","11,239.29","11,271.22",-100.00,-0.01,"6,301,530.00"
18/10/2023,"11,558.59","11,622.45","11,239.29","11,335.08",-350.00,-0.02,"11,950,927.00"
17/10/2023,"11,686.30","11,782.09","11,558.59","11,558.59",-100.00,-0.01,"6,109,345.00"
16/10/2023,"11,782.09","11,782.09","11,622.45","11,622.45",-250.00,-0.01,"6,493,810.00"
13/10/2023,"11,686.30","11,814.02","11,654.38","11,782.09",100.00,0.01,"6,499,223.00"
12/10/2023,"11,814.02","11,845.95","11,718.23","11,718.23",-150.00,-0.01,"5,794,420.00"
11/10/2023,"11,750.16","11,814.02","11,686.30","11,814.02",50.00,0.00,"7,393,804.00"
10/10/2023,"11,750.16","11,845.95","11,718.23","11,782.09",150.00,0.01,"8,369,731.00"
09/10/2023,"11,590.52","11,686.30","11,494.73","11,686.30",150.00,0.01,"11,847,231.00"
06/10/2023,"11,526.66","11,622.45","11,462.80","11,590.52",100.00,0.01,"4,916,317.00"
05/10/2023,"11,622.45","11,686.30","11,494.73","11,526.66",-100.00,-0.01,"8,043,175.00"
04/10/2023,"11,526.66","11,654.38","11,462.80","11,590.52",100.00,0.01,"7,412,475.00"
03/10/2023,"11,750.16","11,814.02","11,494.73","11,526.66",-550.00,-0.03,"15,914,609.00"
02/10/2023,"11,845.95","11,941.74","11,750.16","11,877.88",100.00,0.01,"4,565,049.00"
29/09/2023,"11,814.02","11,909.81","11,814.02","11,814.02",0.00,0.00,"4,717,030.00"
28/09/2023,"11,718.23","11,845.95","11,622.45","11,814.02",0.00,0.00,"11,535,923.00"
27/09/2023,"11,590.52","11,814.02","11,590.52","11,814.02",250.00,0.01,"8,883,820.00"
26/09/2023,"11,590.52","11,782.09","11,558.59","11,654.38",150.00,0.01,"11,230,106.00"
25/09/2023,"11,941.74","11,973.67","11,558.59","11,558.59",-600.00,-0.03,"13,904,211.00"
22/09/2023,"11,973.67","12,005.60","11,686.30","11,941.74",-250.00,-0.01,"26,585,554.00"
21/09/2023,"12,261.04","12,356.83","12,037.53","12,101.39",-250.00,-0.01,"12,867,223.00"
20/09/2023,"12,165.25","12,261.04","12,101.39","12,261.04",200.00,0.01,"11,253,809.00"
19/09/2023,"12,229.11","12,261.04","12,069.46","12,133.32",-150.00,-0.01,"11,543,444.00"
18/09/2023,"12,388.76","12,388.76","12,133.32","12,229.11",-250.00,-0.01,"15,785,583.00"
15/09/2023,"12,261.04","12,580.34","12,197.18","12,388.76",250.00,0.01,"27,331,998.00"
14/09/2023,"12,197.18","12,356.83","12,133.32","12,229.11",100.00,0.01,"17,117,229.00"
13/09/2023,"12,324.90","12,356.83","12,069.46","12,165.25",-200.00,-0.01,"15,686,062.00"
12/09/2023,"12,037.53","12,292.97","11,973.67","12,292.97",500.00,0.03,"11,118,090.00"
11/09/2023,"12,356.83","12,356.83","11,973.67","11,973.67",-350.00,-0.02,"15,393,500.00"
08/09/2023,"12,324.90","12,356.83","12,197.18","12,197.18",-200.00,-0.01,"11,315,735.00"
07/09/2023,"12,292.97","12,516.48","12,229.11","12,324.90",50.00,0.00,"22,864,955.00"
06/09/2023,"12,261.04","12,292.97","12,069.46","12,292.97",100.00,0.01,"14,254,747.00"
05/09/2023,"11,877.88","12,292.97","11,845.95","12,229.11",650.00,0.04,"22,277,175.00"
31/08/2023,"11,750.16","11,845.95","11,750.16","11,814.02",100.00,0.01,"7,467,245.00"
30/08/2023,"11,686.30","11,814.02","11,654.38","11,750.16",150.00,0.01,"7,403,541.00"
29/08/2023,"11,654.38","11,718.23","11,590.52","11,654.38",50.00,0.00,"9,605,322.00"
28/08/2023,"11,654.38","11,686.30","11,526.66","11,622.45",100.00,0.01,"7,696,816.00"
25/08/2023,"11,622.45","11,622.45","11,558.59","11,558.59",-150.00,-0.01,"4,949,826.00"
24/08/2023,"11,558.59","11,718.23","11,494.73","11,654.38",250.00,0.01,"6,694,724.00"
23/08/2023,"11,686.30","11,686.30","11,494.73","11,494.73",-200.00,-0.01,"6,371,422.00"
22/08/2023,"11,686.30","11,686.30","11,335.08","11,622.45",50.00,0.00,"9,055,788.00"
21/08/2023,"11,494.73","11,718.23","11,398.94","11,590.52",50.00,0.00,"9,792,378.00"
18/08/2023,"12,005.60","12,005.60","11,430.87","11,558.59",-750.00,-0.04,"23,076,010.00"
17/08/2023,"12,133.32","12,133.32","12,037.53","12,037.53",-150.00,-0.01,"7,913,075.00"
16/08/2023,"12,069.46","12,261.04","12,005.60","12,133.32",50.00,0.00,"9,812,484.00"
15/08/2023,"12,101.39","12,133.32","12,005.60","12,101.39",0.00,0.00,"5,725,608.00"
14/08/2023,"12,101.39","12,197.18","11,973.67","12,101.39",50.00,0.00,"8,091,114.00"
11/08/2023,"12,133.32","12,165.25","11,909.81","12,069.46",0.00,0.00,"8,673,979.00"
10/08/2023,"12,261.04","12,261.04","12,069.46","12,069.46",-250.00,-0.01,"9,320,095.00"
09/08/2023,"12,261.04","12,292.97","12,133.32","12,229.11",-50.00,0.00,"10,704,310.00"
08/08/2023,"12,452.62","12,452.62","12,229.11","12,261.04",-150.00,-0.01,"9,292,995.00"
07/08/2023,"12,229.11","12,388.76","12,165.25","12,356.83",350.00,0.02,"15,613,789.00"
04/08/2023,"12,037.53","12,229.11","12,005.60","12,133.32",150.00,0.01,"14,888,457.00"
03/08/2023,"12,101.39","12,197.18","12,005.60","12,037.53",-50.00,0.00,"12,530,565.00"
02/08/2023,"12,037.53","12,101.39","11,973.67","12,069.46",50.00,0.00,"6,157,392.00"
01/08/2023,"12,069.46","12,356.83","12,037.53","12,037.53",0.00,0.00,"18,022,775.00"
31/07/2023,"12,037.53","12,069.46","11,941.74","12,037.53",150.00,0.01,"9,975,901.00"
28/07/2023,"11,845.95","11,941.74","11,845.95","11,941.74",100.00,0.01,"7,023,364.00"
27/07/2023,"11,973.67","12,005.60","11,814.02","11,877.88",-150.00,-0.01,"9,462,254.00"
26/07/2023,"12,005.60","12,037.53","11,909.81","11,973.67",-50.00,0.00,"5,932,052.00"
25/07/2023,"11,973.67","12,197.18","11,941.74","12,005.60",50.00,0.00,"10,122,438.00"
24/07/2023,"11,909.81","11,973.67","11,845.95","11,973.67",0.00,0.00,"8,951,394.00"
21/07/2023,"11,845.95","11,909.81","11,750.16","11,909.81",200.00,0.01,"8,585,758.00"
20/07/2023,"11,750.16","11,814.02","11,686.30","11,782.09",50.00,0.00,"6,450,615.00"
19/07/2023,"11,877.88","11,941.74","11,750.16","11,750.16",-200.00,-0.01,"11,946,400.00"
18/07/2023,"11,877.88","11,909.81","11,782.09","11,877.88",0.00,0.00,"7,722,800.00"
17/07/2023,"11,973.67","12,037.53","11,814.02","11,877.88",-50.00,0.00,"11,006,301.00"
14/07/2023,"11,909.81","11,973.67","11,750.16","11,909.81",300.00,0.02,"18,525,700.00"
13/07/2023,"11,689.08","11,800.14","11,605.79","11,716.85",100.00,0.00,"17,942,000.00"
12/07/2023,"11,772.38","11,827.91","11,605.79","11,661.32",-200.00,-0.01,"13,135,300.00"
11/07/2023,"11,522.49","11,772.38","11,522.49","11,772.38",450.00,0.02,"17,390,600.00"
10/07/2023,"11,439.20","11,578.02","11,411.43","11,522.49",300.00,0.01,"16,827,801.00"
07/07/2023,"11,217.08","11,355.90","11,161.55","11,355.90",250.00,0.01,"11,916,900.00"
06/07/2023,"11,355.90","11,411.43","11,189.31","11,217.08",-200.00,-0.01,"16,187,700.00"
05/07/2023,"11,383.67","11,466.96","11,272.61","11,328.14",50.00,0.00,"13,153,200.00"
04/07/2023,"11,217.08","11,300.37","11,161.55","11,300.37",150.00,0.01,"7,677,800.00"
03/07/2023,"11,272.61","11,300.37","11,161.55","11,217.08",0.00,0.00,"11,070,600.00"
30/06/2023,"11,272.61","11,328.14","11,189.31","11,217.08",-100.00,0.00,"6,684,900.00"
29/06/2023,"11,494.73","11,494.73","11,272.61","11,272.61",-400.00,-0.02,"15,209,725.00"
28/06/2023,"11,217.08","11,550.26","11,161.55","11,494.73",600.00,0.03,"22,470,400.00"
27/06/2023,"11,244.84","11,272.61","11,106.02","11,161.55",-100.00,0.00,"14,140,400.00"
26/06/2023,"11,217.08","11,411.43","11,078.25","11,217.08",0.00,0.00,"14,883,301.00"
23/06/2023,"11,189.31","11,272.61","11,133.78","11,217.08",300.00,0.02,"12,309,000.00"
22/06/2023,"11,161.55","11,300.37","11,050.49","11,050.49",50.00,0.00,"14,809,200.00"
21/06/2023,"10,939.43","11,022.72","10,911.66","11,022.72",200.00,0.01,"7,195,400.00"
20/06/2023,"10,883.90","10,911.66","10,800.60","10,911.66",100.00,0.01,"6,536,901.00"
19/06/2023,"10,939.43","10,994.96","10,856.13","10,856.13",-150.00,-0.01,"7,035,800.00"
16/06/2023,"11,022.72","11,217.08","10,939.43","10,939.43",0.00,0.00,"13,940,800.00"
15/06/2023,"10,967.19","11,022.72","10,911.66","10,939.43",-50.00,0.00,"9,499,700.00"
14/06/2023,"11,161.55","11,217.08","10,967.19","10,967.19",-50.00,0.00,"11,140,301.00"
13/06/2023,"11,049.12","11,049.12","10,913.71","10,994.96",-50.00,0.00,"12,044,200.00"
12/06/2023,"10,994.96","11,049.12","10,832.47","11,022.04",100.00,0.00,"9,203,801.00"
09/06/2023,"10,886.63","10,967.87","10,832.47","10,967.87",250.00,0.01,"11,339,900.00"
08/06/2023,"11,022.04","11,076.20","10,832.47","10,832.47",-350.00,-0.02,"15,719,000.00"
07/06/2023,"11,076.20","11,130.36","10,967.87","11,022.04",-100.00,0.00,"14,154,400.00"
06/06/2023,"10,778.31","11,076.20","10,724.14","11,076.20",650.00,0.03,"23,028,300.00"
05/06/2023,"10,778.31","10,886.63","10,697.06","10,724.14",100.00,0.01,"20,459,500.00"
02/06/2023,"10,345.01","10,751.22","10,317.93","10,669.98",900.00,0.05,"35,290,200.00"
01/06/2023,"10,074.20","10,182.52","10,047.11","10,182.52",200.00,0.01,"8,836,200.00"
31/05/2023,"10,182.52","10,209.60","10,074.20","10,074.20",-150.00,-0.01,"6,943,600.00"
30/05/2023,"10,182.52","10,209.60","10,101.28","10,155.44",0.00,0.00,"6,666,200.00"
29/05/2023,"10,074.20","10,155.44","10,020.03","10,155.44",300.00,0.02,"7,150,700.00"
26/05/2023,"10,020.03","10,020.03","9,965.87","9,992.95",0.00,0.00,"3,984,600.00"
25/05/2023,"10,074.20","10,074.20","9,992.95","9,992.95",-150.00,-0.01,"5,104,646.00"
24/05/2023,"10,182.52","10,209.60","10,047.11","10,074.20",-150.00,-0.01,"5,545,301.00"
23/05/2023,"10,236.68","10,290.84","10,128.36","10,155.44",-100.00,-0.01,"7,433,100.00"
22/05/2023,"10,128.36","10,236.68","10,101.28","10,209.60",200.00,0.01,"8,257,101.00"
19/05/2023,"10,074.20","10,128.36","10,047.11","10,101.28",50.00,0.00,"4,033,700.00"
18/05/2023,"10,047.11","10,101.28","9,992.95","10,074.20",150.00,0.01,"6,659,500.00"
17/05/2023,"10,155.44","10,182.52","9,992.95","9,992.95",-350.00,-0.02,"9,396,300.00"
16/05/2023,"10,209.60","10,263.76","10,128.36","10,182.52",-50.00,0.00,"9,973,100.00"
15/05/2023,"10,155.44","10,345.01","10,128.36","10,209.60",200.00,0.01,"17,871,400.00"
12/05/2023,"10,047.11","10,101.28","9,965.87","10,101.28",150.00,0.01,"7,380,900.00"
11/05/2023,"10,074.20","10,101.28","9,992.95","10,020.03",0.00,0.00,"7,649,700.00"
10/05/2023,"9,911.71","10,020.03","9,884.63","10,020.03",200.00,0.01,"6,878,501.00"
09/05/2023,"9,911.71","9,938.79","9,857.55","9,911.71",50.00,0.00,"6,005,600.00"
08/05/2023,"9,857.55","9,911.71","9,830.47","9,884.63",150.00,0.01,"6,848,072.00"
05/05/2023,"9,857.55","9,884.63","9,803.38","9,803.38",-100.00,-0.01,"11,368,514.00"
04/05/2023,"9,938.79","9,992.95","9,830.47","9,857.55",-250.00,-0.01,"7,433,344.00"
28/04/2023,"10,020.03","10,047.11","9,938.79","9,992.95",50.00,0.00,"7,025,800.00"
27/04/2023,"9,965.87","9,992.95","9,911.71","9,965.87",50.00,0.00,"3,784,300.00"
26/04/2023,"9,884.63","9,938.79","9,803.38","9,938.79",100.00,0.01,"8,983,800.00"
25/04/2023,"9,965.87","9,965.87","9,830.47","9,884.63",0.00,0.00,"6,939,900.00"
24/04/2023,"9,776.30","9,911.71","9,749.22","9,884.63",200.00,0.01,"5,704,600.00"
21/04/2023,"9,830.47","9,884.63","9,776.30","9,776.30",-100.00,-0.01,"6,895,800.00"
20/04/2023,"9,803.38","9,857.55","9,776.30","9,830.47",50.00,0.00,"4,112,400.00"
19/04/2023,"9,884.63","9,911.71","9,803.38","9,803.38",-50.00,0.00,"4,157,200.00"
18/04/2023,"9,938.79","9,965.87","9,776.30","9,830.47",-100.00,-0.01,"6,258,860.00"
17/04/2023,"9,857.55","9,938.79","9,830.47","9,884.63",-50.00,0.00,"6,097,900.00"
14/04/2023,"10,074.20","10,128.36","9,911.71","9,911.71",-250.00,-0.01,"9,155,600.00"
13/04/2023,"10,128.36","10,155.44","10,020.03","10,047.11",-150.00,-0.01,"6,852,000.00"
12/04/2023,"10,182.52","10,182.52","10,047.11","10,128.36",-50.00,0.00,"8,305,100.00"
11/04/2023,"10,074.20","10,182.52","9,992.95","10,155.44",150.00,0.01,"6,636,900.00"
10/04/2023,"10,128.36","10,290.84","10,074.20","10,074.20",0.00,0.00,"13,676,100.00"
07/04/2023,"10,020.03","10,074.20","9,938.79","10,074.20",100.00,0.01,"8,543,700.00"
06/04/2023,"10,209.60","10,236.68","10,020.03","10,020.03",-300.00,-0.02,"12,504,800.00"
05/04/2023,"10,155.44","10,209.60","10,074.20","10,182.52",50.00,0.00,"9,890,300.00"
04/04/2023,"10,155.44","10,182.52","10,074.20","10,155.44",50.00,0.00,"11,713,000.00"
03/04/2023,"10,020.03","10,128.36","9,965.87","10,128.36",450.00,0.02,"20,536,800.00"
31/03/2023,"9,911.71","9,965.87","9,830.47","9,884.63",0.00,0.00,"13,143,500.00"
30/03/2023,"9,965.87","10,020.03","9,884.63","9,884.63",-50.00,0.00,"8,978,500.00"
29/03/2023,"9,830.47","9,965.87","9,803.38","9,911.71",300.00,0.02,"12,187,300.00"
28/03/2023,"9,776.30","9,911.71","9,749.22","9,749.22",50.00,0.00,"12,618,900.00"
27/03/2023,"9,640.90","9,749.22","9,586.73","9,722.14",200.00,0.01,"8,138,500.00"
24/03/2023,"9,586.73","9,722.14","9,532.57","9,613.82",350.00,0.02,"20,607,800.00"
23/03/2023,"9,370.09","9,451.33","9,370.09","9,424.25",0.00,0.00,"6,596,600.00"
22/03/2023,"9,478.41","9,505.49","9,397.17","9,424.25",50.00,0.00,"7,749,300.00"
21/03/2023,"9,451.33","9,478.41","9,315.92","9,397.17",50.00,0.00,"8,062,400.00"
20/03/2023,"9,532.57","9,532.57","9,370.09","9,370.09",-150.00,-0.01,"6,402,300.00"
17/03/2023,"9,586.73","9,586.73","9,451.33","9,451.33",0.00,0.00,"5,195,600.00"
16/03/2023,"9,586.73","9,586.73","9,424.25","9,451.33",-350.00,-0.02,"7,899,580.00"
15/03/2023,"9,532.57","9,667.98","9,478.41","9,640.90",600.00,0.03,"12,145,760.00"
14/03/2023,"9,478.41","9,505.49","9,315.92","9,315.92",-300.00,-0.02,"13,618,000.00"
13/03/2023,"9,397.17","9,532.57","9,397.17","9,478.41",-250.00,-0.01,"11,808,600.00"
10/03/2023,"9,640.90","9,640.90","9,532.57","9,613.82",-50.00,0.00,"6,744,600.00"
09/03/2023,"9,559.65","9,722.14","9,532.57","9,640.90",200.00,0.01,"10,878,160.00"
08/03/2023,"9,370.09","9,532.57","9,315.92","9,532.57",200.00,0.01,"7,810,500.00"
07/03/2023,"9,424.25","9,532.57","9,397.17","9,424.25",100.00,0.01,"9,328,452.00"
06/03/2023,"9,424.25","9,586.73","9,370.09","9,370.09",150.00,0.01,"7,388,488.00"
03/03/2023,"9,478.41","9,478.41","9,288.84","9,288.84",-250.00,-0.01,"6,661,200.00"
02/03/2023,"9,559.65","9,586.73","9,397.17","9,424.25",-250.00,-0.01,"3,906,100.00"
01/03/2023,"9,288.84","9,559.65","9,207.60","9,559.65",400.00,0.02,"6,728,400.00"
28/02/2023,"9,397.17","9,559.65","9,288.84","9,343.00",0.00,0.00,"8,918,100.00"
27/02/2023,"9,451.33","9,478.41","9,343.00","9,343.00",-450.00,-0.03,"10,261,900.00"
24/02/2023,"9,830.47","9,884.63","9,586.73","9,586.73",-450.00,-0.02,"11,242,300.00"
23/02/2023,"9,749.22","9,857.55","9,586.73","9,830.47",-100.00,-0.01,"16,859,000.00"
22/02/2023,"9,965.87","10,020.03","9,884.63","9,884.63",-350.00,-0.02,"11,375,600.00"
21/02/2023,"10,290.84","10,345.01","10,074.20","10,074.20",-300.00,-0.02,"8,861,800.00"
20/02/2023,"9,803.38","10,236.68","9,803.38","10,236.68",800.00,0.04,"10,391,743.00"
17/02/2023,"9,884.63","9,965.87","9,803.38","9,803.38",-150.00,-0.01,"12,413,099.00"
16/02/2023,"9,803.38","9,938.79","9,776.30","9,884.63",250.00,0.01,"12,029,900.00"
15/02/2023,"9,613.82","9,884.63","9,613.82","9,749.22",150.00,0.01,"23,361,400.00"
14/02/2023,"9,749.22","9,830.47","9,640.90","9,667.98",-150.00,-0.01,"8,256,300.00"
13/02/2023,"9,857.55","9,857.55","9,613.82","9,749.22",-300.00,-0.02,"11,569,700.00"
10/02/2023,"10,047.11","10,074.20","9,911.71","9,911.71",-150.00,-0.01,"7,499,000.00"
09/02/2023,"9,965.87","10,128.36","9,938.79","9,992.95",50.00,0.00,"6,409,800.00"
08/02/2023,"10,020.03","10,128.36","9,884.63","9,965.87",50.00,0.00,"7,110,400.00"
07/02/2023,"10,209.60","10,209.60","9,938.79","9,938.79",-350.00,-0.02,"10,268,774.00"
06/02/2023,"10,074.20","10,236.68","10,020.03","10,128.36",100.00,0.01,"7,156,800.00"
03/02/2023,"10,263.76","10,345.01","10,074.20","10,074.20",-350.00,-0.02,"12,206,800.00"
02/02/2023,"10,345.01","10,345.01","10,047.11","10,263.76",50.00,0.00,"12,372,880.00"
01/02/2023,"10,669.98","10,805.39","10,236.68","10,236.68",-650.00,-0.03,"15,860,700.00"
31/01/2023,"10,399.17","10,588.74","10,155.44","10,588.74",300.00,0.02,"15,094,500.00"
30/01/2023,"10,724.14","10,724.14","10,426.25","10,426.25",-450.00,-0.02,"12,867,700.00"
27/01/2023,"10,778.31","10,886.63","10,642.90","10,669.98",100.00,0.01,"9,774,400.00"
19/01/2023,"10,561.66","10,697.06","10,507.49","10,615.82",50.00,0.00,"11,168,200.00"
18/01/2023,"10,561.66","10,588.74","10,399.17","10,588.74",150.00,0.01,"10,050,300.00"
17/01/2023,"10,128.36","10,507.49","10,074.20","10,507.49",900.00,0.05,"19,051,600.00"
16/01/2023,"9,911.71","10,047.11","9,857.55","10,020.03",250.00,0.01,"7,883,500.00"
13/01/2023,"9,965.87","10,047.11","9,884.63","9,884.63",0.00,0.00,"7,999,500.00"
12/01/2023,"9,911.71","9,965.87","9,830.47","9,884.63",0.00,0.00,"7,990,100.00"
11/01/2023,"9,884.63","9,992.95","9,857.55","9,884.63",50.00,0.00,"6,466,400.00"
10/01/2023,"9,857.55","9,938.79","9,803.38","9,857.55",-50.00,0.00,"6,400,600.00"
09/01/2023,"10,020.03","10,020.03","9,857.55","9,884.63",0.00,0.00,"5,950,900.00"
06/01/2023,"9,776.30","10,155.44","9,749.22","9,884.63",50.00,0.00,"11,215,500.00"
05/01/2023,"9,749.22","9,884.63","9,640.90","9,857.55",250.00,0.01,"7,746,900.00"
04/01/2023,"9,803.38","9,884.63","9,722.14","9,722.14",-50.00,0.00,"7,780,200.00"
03/01/2023,"9,315.92","9,749.22","9,315.92","9,749.22",900.00,0.05,"7,538,000.00"
30/12/2022,"9,505.49","9,505.49","9,261.76","9,261.76",-300.00,-0.02,"4,178,900.00"
29/12/2022,"9,370.09","9,532.57","9,370.09","9,424.25",,,"4,482,700.00"
28/12/2022,"9,370.09","9,532.57","9,234.68","9,451.33",,,"5,035,400.00"
27/12/2022,"9,126.35","9,370.09","9,072.19","9,343.00",,,"6,706,400.00"
26/12/2022,"9,586.73","9,613.82","9,099.27","9,099.27",,,"13,216,000.00"
23/12/2022,"9,722.14","9,722.14","9,532.57","9,613.82",,,"5,533,100.00"
22/12/2022,"9,695.06","9,911.71","9,586.73","9,749.22",,,"8,302,800.00"
21/12/2022,"9,667.98","9,695.06","9,261.76","9,586.73",,,"10,102,401.00"
20/12/2022,"9,911.71","9,992.95","9,424.25","9,532.57",,,"18,352,900.00"
19/12/2022,"10,182.52","10,426.25","9,938.79","9,938.79",,,"14,563,300.00"
16/12/2022,"10,128.36","10,345.01","10,128.36","10,182.52",,,"11,865,800.00"
15/12/2022,"9,749.22","10,399.17","9,749.22","10,263.76",,,"24,293,100.00"
14/12/2022,"9,938.79","9,965.87","9,749.22","9,830.47",,,"16,229,800.00"
13/12/2022,"9,613.82","9,749.22","9,478.41","9,749.22",,,"8,502,700.00"
12/12/2022,"9,857.55","9,965.87","9,559.65","9,586.73",,,"15,410,800.00"
09/12/2022,"9,857.55","9,911.71","9,613.82","9,857.55",,,"10,088,100.00"
08/12/2022,"9,586.73","10,020.03","9,505.49","9,803.38",,,"14,247,500.00"
07/12/2022,"9,559.65","9,695.06","9,343.00","9,370.09",,,"12,640,000.00"
06/12/2022,"10,290.84","10,317.93","9,586.73","9,586.73",,,"22,139,300.00"
05/12/2022,"10,290.84","10,453.33","10,155.44","10,290.84",,,"19,932,400.00"
02/12/2022,"9,640.90","10,182.52","9,505.49","10,182.52",,,"16,329,100.00"
01/12/2022,"9,586.73","9,965.87","9,451.33","9,640.90",,,"27,781,100.00"
30/11/2022,"9,370.09","9,505.49","9,180.52","9,424.25",,,"13,769,000.00"
29/11/2022,"9,315.92","9,451.33","9,099.27","9,315.92",,,"16,620,000.00"
28/11/2022,"8,909.71","9,315.92","8,882.62","9,315.92",,,"15,504,800.00"
25/11/2022,"8,557.65","8,774.30","8,530.57","8,774.30",,,"10,235,300.00"
24/11/2022,"8,476.41","8,584.73","8,341.00","8,503.49",,,"9,392,200.00"
23/11/2022,"8,557.65","8,720.14","8,503.49","8,503.49",,,"7,831,600.00"
22/11/2022,"8,503.49","8,909.71","8,449.33","8,557.65",,,"20,674,200.00"
21/11/2022,"8,611.81","8,720.14","8,449.33","8,503.49",,,"14,103,500.00"
18/11/2022,"8,395.16","8,774.30","8,124.35","8,503.49",,,"14,111,100.00"
17/11/2022,"8,313.92","8,611.81","8,178.51","8,503.49",,,"15,692,700.00"
16/11/2022,"7,284.83","8,178.51","7,149.43","8,178.51",,,"26,519,000.00"
15/11/2022,"8,124.35","8,232.68","7,663.97","7,663.97",,,"26,979,739.00"
14/11/2022,"8,638.89","8,638.89","8,178.51","8,232.68",,,"13,805,400.00"
11/11/2022,"8,801.38","9,045.11","8,638.89","8,665.97",,,"15,932,600.00"
10/11/2022,"9,126.35","9,153.44","8,557.65","8,557.65",,,"20,136,100.00"
09/11/2022,"9,370.09","9,505.49","9,153.44","9,180.52",,,"9,628,660.00"
08/11/2022,"9,072.19","9,451.33","8,990.95","9,315.92",,,"15,833,300.00"
07/11/2022,"9,532.57","9,613.82","9,180.52","9,180.52",,,"21,275,800.00"
04/11/2022,"9,397.17","9,695.06","8,936.79","9,695.06",,,"27,900,600.00"
03/11/2022,"9,559.65","9,749.22","9,532.57","9,559.65",,,"10,779,800.00"
02/11/2022,"9,749.22","9,857.55","9,640.90","9,695.06",,,"10,492,800.00"
01/11/2022,"9,749.22","9,965.87","9,667.98","9,749.22",,,"21,038,200.00"
31/10/2022,"9,586.73","9,695.06","9,207.60","9,586.73",,,"16,347,865.00"
28/10/2022,"9,640.90","9,830.47","9,424.25","9,559.65",,,"20,121,300.00"
27/10/2022,"8,936.79","9,478.41","8,936.79","9,478.41",,,"19,344,160.00"
26/10/2022,"8,882.62","9,099.27","8,801.38","8,882.62",,,"7,294,900.00"
25/10/2022,"8,530.57","9,018.03","8,395.16","8,882.62",,,"17,036,100.00"
24/10/2022,"8,828.46","8,909.71","8,368.08","8,449.33",,,"20,323,900.00"
21/10/2022,"9,343.00","9,343.00","8,720.14","8,720.14",,,"22,206,400.00"
20/10/2022,"9,451.33","9,478.41","9,288.84","9,288.84",,,"7,715,000.00"
19/10/2022,"9,586.73","9,640.90","9,343.00","9,478.41",,,"5,589,900.00"
18/10/2022,"9,722.14","9,857.55","9,451.33","9,505.49",,,"12,959,300.00"
17/10/2022,"9,586.73","9,640.90","9,261.76","9,478.41",,,"10,653,460.00"
14/10/2022,"9,695.06","9,911.71","9,532.57","9,640.90",,,"17,197,600.00"
13/10/2022,"9,288.84","9,505.49","9,207.60","9,424.25",,,"16,568,200.00"
12/10/2022,"8,747.22","9,288.84","8,747.22","9,288.84",,,"17,211,112.00"
11/10/2022,"9,370.09","9,370.09","8,693.06","8,693.06",,,"24,427,515.00"
10/10/2022,"9,180.52","9,424.25","8,963.87","9,343.00",,,"16,899,200.00"
07/10/2022,"9,505.49","9,640.90","9,126.35","9,180.52",,,"49,913,300.00"
06/10/2022,"10,372.09","10,372.09","9,776.30","9,803.38",,,"10,662,400.00"
05/10/2022,"10,345.01","10,534.58","10,317.93","10,399.17",,,"6,009,102.00"
04/10/2022,"10,399.17","10,399.17","10,020.03","10,182.52",,,"19,266,300.00"
03/10/2022,"10,778.31","10,778.31","10,074.20","10,128.36",,,"12,480,600.00"
30/09/2022,"10,669.98","10,832.47","10,453.33","10,832.47",,,"9,327,300.00"
29/09/2022,"10,940.79","10,967.87","10,724.14","10,724.14",,,"4,792,100.00"
28/09/2022,"10,832.47","10,967.87","10,805.39","10,805.39",,,"3,502,300.00"
27/09/2022,"11,022.04","11,022.04","10,832.47","10,940.79",,,"4,627,700.00"
26/09/2022,"11,157.44","11,319.93","10,778.31","10,886.63",,,"12,166,800.00"
23/09/2022,"11,482.42","11,563.66","11,374.09","11,374.09",,,"5,918,800.00"
22/09/2022,"11,374.09","11,509.50","11,292.85","11,509.50",,,"10,475,000.00"
21/09/2022,"11,482.42","11,482.42","11,347.01","11,482.42",,,"5,322,800.00"
20/09/2022,"11,563.66","11,563.66","11,347.01","11,563.66",,,"11,245,100.00"
19/09/2022,"11,753.23","11,807.39","11,374.09","11,374.09",,,"9,465,000.00"
16/09/2022,"12,051.12","12,105.28","11,780.31","11,807.39",,,"7,455,700.00"
15/09/2022,"12,159.45","12,213.61","11,942.80","11,996.96",,,"5,553,800.00"
14/09/2022,"11,942.80","12,159.45","11,915.72","12,132.36",,,"7,134,660.00"
13/09/2022,"12,267.77","12,321.93","12,186.53","12,213.61",,,"5,229,702.00"
12/09/2022,"12,457.34","12,457.34","12,240.69","12,240.69",,,"3,253,100.00"
09/09/2022,"12,430.26","12,430.26","12,051.12","12,294.85",,,"8,649,500.00"
08/09/2022,"12,511.50","12,592.74","12,321.93","12,349.01",,,"8,001,700.00"
07/09/2022,"12,836.48","12,890.64","12,457.34","12,457.34",,,"22,828,600.00"
06/09/2022,"12,782.31","12,944.80","12,755.23","12,809.39",,,"6,889,300.00"
05/09/2022,"12,836.48","12,944.80","12,755.23","12,782.31",,,"6,720,300.00"
31/08/2022,"12,809.39","12,971.88","12,755.23","12,863.56",,,"7,198,100.00"
30/08/2022,"12,755.23","12,944.80","12,701.07","12,809.39",,,"15,484,300.00"
29/08/2022,"12,484.42","12,728.15","12,403.18","12,673.99",,,"13,400,600.00"
26/08/2022,"12,863.56","12,944.80","12,782.31","12,782.31",,,"14,873,100.00"
25/08/2022,"12,673.99","12,809.39","12,592.74","12,809.39",,,"11,701,700.00"
24/08/2022,"12,592.74","12,673.99","12,538.58","12,619.83",,,"7,315,600.00"
23/08/2022,"12,349.01","12,592.74","12,349.01","12,565.66",,,"6,729,900.00"
22/08/2022,"12,619.83","12,701.07","12,457.34","12,511.50",,,"10,940,300.00"
19/08/2022,"12,502.47","12,502.47","12,412.20","12,457.34",,,"9,175,300.00"
18/08/2022,"12,502.47","12,570.18","12,434.77","12,479.91",,,"9,715,514.00"
17/08/2022,"12,321.93","12,570.18","12,321.93","12,525.04",,,"15,804,600.00"
16/08/2022,"12,321.93","12,367.07","12,254.23","12,299.37",,,"7,737,900.00"
15/08/2022,"12,321.93","12,457.34","12,299.37","12,344.50",,,"8,729,700.00"
12/08/2022,"12,096.26","12,231.66","12,051.12","12,209.09",,,"7,135,000.00"
11/08/2022,"12,389.64","12,412.20","12,073.69","12,096.26",,,"12,298,200.00"
10/08/2022,"12,367.07","12,389.64","12,231.66","12,276.80",,,"6,486,700.00"
09/08/2022,"12,367.07","12,457.34","12,276.80","12,344.50",,,"11,481,300.00"
08/08/2022,"12,186.53","12,276.80","12,096.26","12,231.66",,,"10,046,500.00"
05/08/2022,"12,141.39","12,163.96","11,983.42","12,163.96",,,"7,492,000.00"
04/08/2022,"12,163.96","12,276.80","12,096.26","12,163.96",,,"12,912,800.00"
03/08/2022,"12,005.99","12,141.39","11,825.44","12,141.39",,,"10,531,300.00"
02/08/2022,"11,938.28","12,118.82","11,870.58","12,051.12",,,"10,911,500.00"
01/08/2022,"11,599.77","11,960.85","11,577.20","11,960.85",,,"12,265,800.00"
29/07/2022,"11,599.77","11,622.34","11,509.50","11,577.20",,,"10,398,500.00"
28/07/2022,"11,396.66","11,622.34","11,328.96","11,532.07",,,"9,473,500.00"
27/07/2022,"11,283.82","11,328.96","11,170.98","11,238.69",,,"6,506,100.00"
26/07/2022,"11,396.66","11,486.93","11,328.96","11,351.52",,,"3,728,300.00"
25/07/2022,"11,486.93","11,532.07","11,374.09","11,396.66",,,"3,774,800.00"
22/07/2022,"11,554.63","11,690.04","11,532.07","11,532.07",,,"7,750,100.00"
21/07/2022,"11,509.50","11,622.34","11,509.50","11,554.63",,,"6,680,900.00"
20/07/2022,"11,509.50","11,577.20","11,464.36","11,532.07",,,"7,281,800.00"
19/07/2022,"11,441.79","11,464.36","11,283.82","11,374.09",,,"5,149,500.00"
18/07/2022,"11,509.50","11,599.77","11,464.36","11,464.36",,,"7,144,600.00"
15/07/2022,"11,509.50","11,599.77","11,464.36","11,486.93",,,"18,305,100.00"
14/07/2022,"11,351.52","11,532.07","11,351.52","11,509.50",,,"8,647,200.00"
13/07/2022,"11,419.23","11,622.34","11,328.96","11,419.23",,,"10,684,300.00"
12/07/2022,"11,058.14","11,374.09","10,990.44","11,306.39",,,"6,215,800.00"
11/07/2022,"11,238.69","11,306.39","10,967.87","11,013.01",,,"10,845,700.00"
08/07/2022,"11,419.23","11,419.23","11,261.25","11,306.39",,,"5,992,300.00"
07/07/2022,"11,238.69","11,441.79","11,058.14","11,328.96",,,"6,572,600.00"
06/07/2022,"11,283.82","11,532.07","11,216.12","11,238.69",,,"13,220,300.00"
05/07/2022,"11,125.85","11,644.90","11,058.14","11,486.93",,,"23,747,500.00"
04/07/2022,"10,990.44","11,125.85","10,877.60","11,103.28",,,"6,680,300.00"
01/07/2022,"10,719.63","11,013.01","10,584.22","10,922.74",,,"8,241,900.00"
30/06/2022,"11,170.98","11,238.69","10,922.74","10,922.74",,,"8,752,100.00"
29/06/2022,"11,080.71","11,328.96","10,990.44","11,148.42",,,"9,959,600.00"
28/06/2022,"10,697.06","11,374.09","10,674.49","11,148.42",,,"14,803,600.00"
27/06/2022,"10,742.20","10,922.74","10,651.93","10,877.60",,,"7,151,500.00"
24/06/2022,"10,922.74","10,922.74","10,697.06","10,697.06",,,"3,852,800.00"
23/06/2022,"10,493.95","10,855.04","10,493.95","10,855.04",,,"5,799,300.00"
22/06/2022,"10,223.14","10,787.33","10,223.14","10,584.22",,,"11,852,900.00"
21/06/2022,"10,155.44","10,335.98","9,952.33","10,132.87",,,"16,200,400.00"
20/06/2022,"10,516.52","10,674.49","9,862.06","10,155.44",,,"9,798,800.00"
17/06/2022,"10,674.49","10,877.60","10,471.39","10,516.52",,,"30,982,800.00"
16/06/2022,"11,283.82","11,464.36","11,238.69","11,238.69",,,"7,952,300.00"
15/06/2022,"11,396.66","11,509.50","10,922.74","11,238.69",,,"18,315,400.00"
14/06/2022,"11,283.82","11,690.04","11,283.82","11,509.50",,,"8,944,900.00"
13/06/2022,"12,096.26","12,096.26","11,554.63","11,577.20",,,"18,245,300.00"
10/06/2022,"12,412.20","12,637.88","12,389.64","12,412.20",,,"6,314,900.00"
09/06/2022,"12,705.58","12,705.58","12,412.20","12,547.61",,,"5,540,200.00"
08/06/2022,"12,276.80","12,683.02","12,163.96","12,615.31",,,"12,131,100.00"
07/06/2022,"12,321.93","12,321.93","11,915.72","12,163.96",,,"6,239,200.00"
06/06/2022,"12,367.07","12,434.77","12,141.39","12,299.37",,,"6,941,900.00"
03/06/2022,"12,299.37","12,367.07","12,028.55","12,367.07",,,"5,169,400.00"
02/06/2022,"12,434.77","12,570.18","12,276.80","12,276.80",,,"6,998,000.00"
01/06/2022,"12,457.34","12,637.88","12,434.77","12,457.34",,,"4,563,800.00"
31/05/2022,"12,637.88","12,637.88","12,412.20","12,525.04",,,"5,342,900.00"
30/05/2022,"12,750.72","12,750.72","12,592.74","12,683.02",,,"8,318,900.00"
27/05/2022,"12,502.47","12,705.58","12,434.77","12,637.88",,,"8,514,100.00"
26/05/2022,"12,773.29","12,773.29","12,479.91","12,479.91",,,"7,690,832.00"
25/05/2022,"12,186.53","12,750.72","12,186.53","12,660.45",,,"11,108,300.00"
24/05/2022,"11,960.85","12,118.82","11,802.88","12,118.82",,,"7,826,733.00"
23/05/2022,"12,186.53","12,231.66","11,780.31","11,870.58",,,"9,820,000.00"
20/05/2022,"12,096.26","12,299.37","12,005.99","12,186.53",,,"5,801,800.00"
19/05/2022,"11,825.44","12,209.09","11,735.17","12,073.69",,,"6,315,300.00"
18/05/2022,"12,096.26","12,412.20","11,915.72","12,028.55",,,"8,797,000.00"
17/05/2022,"11,125.85","11,870.58","11,080.71","11,870.58",,,"12,257,400.00"
16/05/2022,"11,374.09","11,441.79","11,058.14","11,103.28",,,"7,532,400.00"
13/05/2022,"11,735.17","11,825.44","10,877.60","10,877.60",,,"20,952,100.00"
12/05/2022,"12,186.53","12,321.93","11,577.20","11,577.20",,,"14,225,800.00"
11/05/2022,"12,209.09","12,412.20","12,051.12","12,412.20",,,"6,684,300.00"
10/05/2022,"11,644.90","12,209.09","11,328.96","12,209.09",,,"10,941,700.00"
09/05/2022,"12,457.34","12,547.61","11,802.88","11,825.44",,,"17,976,400.00"
06/05/2022,"12,863.56","12,998.96","12,637.88","12,637.88",,,"8,851,900.00"
05/05/2022,"13,224.64","13,224.64","12,750.72","13,089.23",,,"6,934,400.00"
04/05/2022,"13,450.31","13,472.88","13,044.10","13,044.10",,,"7,874,800.00"
29/04/2022,"13,247.21","13,495.45","13,224.64","13,450.31",,,"8,536,800.00"
28/04/2022,"13,450.31","13,495.45","13,269.77","13,292.34",,,"6,733,100.00"
27/04/2022,"13,202.07","13,427.75","13,021.53","13,405.18",,,"7,371,506.00"
26/04/2022,"12,637.88","13,292.34","12,186.53","13,247.21",,,"14,781,200.00"
25/04/2022,"13,630.86","13,766.26","12,592.74","12,683.02",,,"18,971,230.00"
22/04/2022,"13,675.99","13,901.67","13,450.31","13,540.59",,,"11,453,500.00"
21/04/2022,"13,314.91","13,788.83","13,134.37","13,540.59",,,"12,604,800.00"
20/04/2022,"13,269.77","13,563.15","13,156.94","13,314.91",,,"13,037,400.00"
19/04/2022,"13,766.26","13,924.24","13,224.64","13,224.64",,,"13,151,000.00"
18/04/2022,"14,127.34","14,127.34","13,608.29","13,675.99",,,"18,692,400.00"
15/04/2022,"14,578.70","14,601.26","14,127.34","14,172.48",,,"17,430,600.00"
14/04/2022,"14,759.24","14,849.51","14,578.70","14,578.70",,,"7,906,600.00"
13/04/2022,"14,556.13","14,804.37","14,533.56","14,714.10",,,"13,761,000.00"
12/04/2022,"14,984.91","15,007.48","14,533.56","14,556.13",,,"15,826,650.00"
08/04/2022,"15,233.16","15,346.00","14,939.78","14,984.91",,,"11,429,800.00"
07/04/2022,"15,142.89","15,526.54","15,120.32","15,210.59",,,"24,107,500.00"
06/04/2022,"14,736.67","15,120.32","14,668.97","15,052.62",,,"16,787,300.00"
05/04/2022,"14,872.08","14,984.91","14,736.67","14,736.67",,,"9,989,300.00"
04/04/2022,"15,233.16","15,233.16","14,894.64","14,894.64",,,"12,220,200.00"
01/04/2022,"14,894.64","15,120.32","14,804.37","15,030.05",,,"16,261,600.00"
31/03/2022,"14,736.67","14,939.78","14,736.67","14,872.08",,,"19,204,300.00"
30/03/2022,"14,398.16","15,075.19","14,353.02","14,736.67",,,"32,305,400.00"
29/03/2022,"14,285.32","14,443.29","14,217.61","14,443.29",,,"8,875,214.00"
28/03/2022,"14,353.02","14,420.72","14,037.07","14,217.61",,,"15,941,700.00"
25/03/2022,"14,465.86","14,533.56","14,353.02","14,353.02",,,"9,385,930.00"
24/03/2022,"14,465.86","14,601.26","14,443.29","14,465.86",,,"10,045,000.00"
23/03/2022,"14,668.97","14,759.24","14,510.99","14,510.99",,,"11,169,900.00"
22/03/2022,"14,533.56","14,759.24","14,533.56","14,646.40",,,"11,492,800.00"
21/03/2022,"14,578.70","14,578.70","14,353.02","14,533.56",,,"11,892,900.00"
,,,,,,,
,,,,,,,
SIMPLIZE,,,,,,,
"Số 5 ngõ 316 Lê Trọng Tấn, Phường Khương Mai, Quận Thanh Xuân, TP.Hà Nội
",,,,,,,
Website: simplize.vn,,,,,,,
Email: info@simplize.vn,,,,,,,
Tel: (+84) 38 840 8668,,,,,,,
