Tên công ty,Ngân hàng Thương mại Cổ phần Sài Gòn – Hà Nội,,,,,,
Tên báo cáo,Lịch sử giá,,,,,,
Ngày tải,24/03/2026,,,,,,
,,,,,,,
NGÀY,GIÁ MỞ CỬA,GIÁ CAO NHẤT,GIÁ THẤP NHẤT,GIÁ ĐÓNG CỬA,THAY ĐỔI GIÁ,% THAY ĐỔI,KHỐI LƯỢNG
24/03/2026,"14,700.00","14,750.00","14,450.00","14,500.00",100.00,0.01,"24,158,800.00"
23/03/2026,"14,750.00","14,800.00","14,300.00","14,400.00",-500.00,-0.03,"85,660,000.00"
20/03/2026,"14,900.00","15,100.00","14,800.00","14,900.00",-100.00,-0.01,"35,688,500.00"
19/03/2026,"14,950.00","15,150.00","14,750.00","15,000.00",-100.00,-0.01,"65,431,900.00"
18/03/2026,"15,050.00","15,200.00","14,900.00","15,100.00",50.00,0.00,"46,241,800.00"
17/03/2026,"15,250.00","15,300.00","15,050.00","15,050.00",-150.00,-0.01,"48,614,400.00"
16/03/2026,"14,850.00","15,300.00","14,700.00","15,200.00",250.00,0.02,"84,195,400.00"
13/03/2026,"14,650.00","14,950.00","14,600.00","14,950.00",0.00,0.00,"57,514,000.00"
12/03/2026,"14,600.00","15,100.00","14,450.00","14,950.00",200.00,0.01,"83,295,200.00"
11/03/2026,"14,550.00","14,850.00","14,400.00","14,750.00",250.00,0.02,"52,147,100.00"
10/03/2026,"14,550.00","14,750.00","14,150.00","14,500.00",150.00,0.01,"79,944,700.00"
09/03/2026,"14,550.00","14,900.00","14,350.00","14,350.00","-1,050.00",-0.07,"123,396,700.00"
06/03/2026,"15,200.00","15,600.00","14,950.00","15,400.00",150.00,0.01,"73,881,300.00"
05/03/2026,"15,650.00","15,700.00","15,150.00","15,250.00",-250.00,-0.02,"67,258,100.00"
04/03/2026,"15,450.00","15,550.00","15,000.00","15,500.00",0.00,0.00,"87,559,100.00"
03/03/2026,"15,650.00","15,700.00","15,350.00","15,500.00",-150.00,-0.01,"53,183,400.00"
02/03/2026,"15,300.00","15,850.00","15,200.00","15,650.00",-300.00,-0.02,"88,122,000.00"
27/02/2026,"16,150.00","16,150.00","15,850.00","15,950.00",-200.00,-0.01,"38,821,900.00"
26/02/2026,"16,300.00","16,300.00","16,000.00","16,150.00",-50.00,0.00,"45,204,400.00"
25/02/2026,"15,600.00","16,200.00","15,500.00","16,200.00",650.00,0.04,"106,131,300.00"
24/02/2026,"15,750.00","15,850.00","15,550.00","15,550.00",-250.00,-0.02,"49,627,800.00"
23/02/2026,"15,550.00","15,800.00","15,400.00","15,800.00",350.00,0.02,"54,597,400.00"
13/02/2026,"15,350.00","15,450.00","15,250.00","15,450.00",100.00,0.01,"37,753,700.00"
12/02/2026,"15,500.00","15,650.00","15,250.00","15,350.00",-150.00,-0.01,"37,459,600.00"
11/02/2026,"15,250.00","15,700.00","15,150.00","15,500.00",250.00,0.02,"59,290,200.00"
10/02/2026,"15,200.00","15,400.00","14,950.00","15,250.00",0.00,0.00,"45,414,500.00"
09/02/2026,"15,450.00","15,450.00","15,050.00","15,250.00",-100.00,-0.01,"53,793,600.00"
06/02/2026,"15,550.00","15,850.00","15,350.00","15,350.00",-300.00,-0.02,"62,805,800.00"
05/02/2026,"15,800.00","15,850.00","15,650.00","15,650.00",-150.00,-0.01,"46,304,700.00"
04/02/2026,"15,800.00","15,900.00","15,650.00","15,800.00",0.00,0.00,"47,046,700.00"
03/02/2026,"15,900.00","15,950.00","15,700.00","15,800.00",50.00,0.00,"53,252,800.00"
02/02/2026,"16,000.00","16,050.00","15,700.00","15,750.00",-250.00,-0.02,"49,881,000.00"
30/01/2026,"15,900.00","16,200.00","15,800.00","16,000.00",50.00,0.00,"53,345,400.00"
29/01/2026,"15,900.00","16,000.00","15,800.00","15,950.00",-50.00,0.00,"41,935,000.00"
28/01/2026,"15,950.00","16,050.00","15,800.00","16,000.00",-50.00,0.00,"42,882,400.00"
27/01/2026,"15,800.00","16,050.00","15,650.00","16,050.00",300.00,0.02,"51,904,700.00"
26/01/2026,"16,250.00","16,350.00","15,650.00","15,750.00",-550.00,-0.03,"75,374,500.00"
23/01/2026,"16,350.00","16,400.00","16,250.00","16,300.00",0.00,0.00,"49,017,900.00"
22/01/2026,"16,450.00","16,550.00","16,300.00","16,300.00",-150.00,-0.01,"58,903,900.00"
21/01/2026,"16,400.00","16,500.00","16,250.00","16,450.00",-100.00,-0.01,"65,842,200.00"
20/01/2026,"16,550.00","16,700.00","16,350.00","16,550.00",50.00,0.00,"54,106,900.00"
19/01/2026,"16,400.00","16,650.00","16,300.00","16,500.00",150.00,0.01,"59,592,800.00"
16/01/2026,"16,600.00","16,800.00","16,350.00","16,350.00",-150.00,-0.01,"58,807,900.00"
15/01/2026,"16,650.00","16,700.00","16,250.00","16,500.00",-200.00,-0.01,"83,216,100.00"
14/01/2026,"16,700.00","16,850.00","16,550.00","16,700.00",0.00,0.00,"81,592,100.00"
13/01/2026,"17,200.00","17,200.00","16,650.00","16,700.00",-300.00,-0.02,"88,823,200.00"
12/01/2026,"16,450.00","17,200.00","16,400.00","17,000.00",500.00,0.03,"107,621,400.00"
09/01/2026,"16,700.00","16,800.00","16,500.00","16,500.00",-100.00,-0.01,"68,480,400.00"
08/01/2026,"16,550.00","17,050.00","16,400.00","16,600.00",100.00,0.01,"135,955,100.00"
07/01/2026,"16,250.00","16,550.00","16,200.00","16,500.00",300.00,0.02,"81,138,200.00"
06/01/2026,"16,000.00","16,200.00","15,800.00","16,200.00",100.00,0.01,"77,500,200.00"
05/01/2026,"16,300.00","16,400.00","15,900.00","16,100.00",-250.00,-0.02,"64,342,300.00"
31/12/2025,"16,350.00","16,400.00","16,200.00","16,350.00",0.00,0.00,"52,638,000.00"
30/12/2025,"16,150.00","16,400.00","16,150.00","16,350.00",150.00,0.01,"65,877,000.00"
29/12/2025,"16,350.00","16,350.00","16,200.00","16,200.00",-150.00,-0.01,"44,770,600.00"
26/12/2025,"16,350.00","16,500.00","15,900.00","16,350.00",-150.00,-0.01,"108,127,100.00"
25/12/2025,"16,900.00","17,000.00","16,500.00","16,500.00",-400.00,-0.02,"56,912,300.00"
24/12/2025,"16,300.00","17,150.00","16,300.00","16,900.00",600.00,0.04,"112,666,600.00"
23/12/2025,"16,350.00","16,450.00","16,150.00","16,300.00",0.00,0.00,"59,829,000.00"
22/12/2025,"16,200.00","16,500.00","16,100.00","16,300.00",150.00,0.01,"66,430,700.00"
19/12/2025,"16,200.00","16,200.00","15,900.00","16,150.00",50.00,0.00,"47,537,900.00"
18/12/2025,"15,850.00","16,250.00","15,650.00","16,100.00",400.00,0.03,"72,289,300.00"
17/12/2025,"15,950.00","16,000.00","15,700.00","15,700.00",-200.00,-0.01,"48,835,400.00"
16/12/2025,"15,800.00","16,350.00","15,650.00","15,900.00",0.00,0.00,"56,757,200.00"
15/12/2025,"16,000.00","16,100.00","15,650.00","15,900.00",-100.00,-0.01,"49,057,500.00"
12/12/2025,"16,250.00","16,300.00","16,000.00","16,000.00",-350.00,-0.02,"65,585,600.00"
11/12/2025,"16,400.00","16,450.00","16,100.00","16,350.00",-100.00,-0.01,"55,345,200.00"
10/12/2025,"16,500.00","16,500.00","16,250.00","16,450.00",-50.00,0.00,"38,890,500.00"
09/12/2025,"16,550.00","16,600.00","16,100.00","16,500.00",-100.00,-0.01,"88,519,600.00"
08/12/2025,"16,750.00","16,850.00","16,550.00","16,600.00",-150.00,-0.01,"55,435,100.00"
05/12/2025,"17,250.00","17,350.00","16,750.00","16,750.00",-550.00,-0.03,"58,168,300.00"
04/12/2025,"17,300.00","17,400.00","17,200.00","17,300.00",-50.00,0.00,"48,195,600.00"
03/12/2025,"16,900.00","17,350.00","16,900.00","17,350.00",350.00,0.02,"81,797,500.00"
02/12/2025,"16,900.00","17,000.00","16,800.00","17,000.00",0.00,0.00,"63,698,600.00"
01/12/2025,"16,750.00","17,050.00","16,700.00","17,000.00",200.00,0.01,"57,719,700.00"
28/11/2025,"16,700.00","16,800.00","16,600.00","16,800.00",50.00,0.00,"56,614,300.00"
27/11/2025,"16,650.00","16,900.00","16,600.00","16,750.00",50.00,0.00,"49,403,500.00"
26/11/2025,"16,350.00","16,750.00","16,350.00","16,700.00",300.00,0.02,"87,211,400.00"
25/11/2025,"16,550.00","16,700.00","16,350.00","16,400.00",-150.00,-0.01,"77,663,400.00"
24/11/2025,"16,550.00","16,700.00","16,450.00","16,550.00",-100.00,-0.01,"50,474,000.00"
21/11/2025,"16,500.00","16,650.00","16,350.00","16,650.00",0.00,0.00,"58,408,100.00"
20/11/2025,"16,400.00","16,650.00","16,250.00","16,650.00",200.00,0.01,"83,370,900.00"
19/11/2025,"16,450.00","16,600.00","16,350.00","16,450.00",-50.00,0.00,"59,460,500.00"
18/11/2025,"16,500.00","16,600.00","16,300.00","16,500.00",-100.00,-0.01,"44,005,400.00"
17/11/2025,"16,250.00","16,600.00","16,100.00","16,600.00",250.00,0.02,"65,266,800.00"
14/11/2025,"16,200.00","16,350.00","16,100.00","16,350.00",0.00,0.00,"62,828,700.00"
13/11/2025,"16,300.00","16,350.00","16,050.00","16,350.00",50.00,0.00,"56,710,100.00"
12/11/2025,"15,800.00","16,300.00","15,550.00","16,300.00",500.00,0.03,"83,505,400.00"
11/11/2025,"15,400.00","15,800.00","15,150.00","15,800.00",500.00,0.03,"67,711,900.00"
10/11/2025,"15,250.00","15,600.00","15,100.00","15,300.00",0.00,0.00,"48,856,900.00"
07/11/2025,"15,750.00","15,850.00","15,200.00","15,300.00",-550.00,-0.03,"84,767,600.00"
06/11/2025,"16,050.00","16,250.00","15,850.00","15,850.00",-350.00,-0.02,"54,472,700.00"
05/11/2025,"16,300.00","16,350.00","16,100.00","16,200.00",-100.00,-0.01,"39,403,600.00"
04/11/2025,"15,900.00","16,400.00","15,350.00","16,300.00",350.00,0.02,"96,499,600.00"
03/11/2025,"16,350.00","16,400.00","15,950.00","15,950.00",-500.00,-0.03,"71,719,600.00"
31/10/2025,"16,850.00","16,850.00","16,450.00","16,450.00",-450.00,-0.03,"47,405,000.00"
30/10/2025,"16,800.00","16,950.00","16,550.00","16,900.00",100.00,0.01,"71,843,700.00"
29/10/2025,"16,300.00","17,050.00","16,250.00","16,800.00",450.00,0.03,"117,844,300.00"
28/10/2025,"16,200.00","16,350.00","15,900.00","16,350.00",200.00,0.01,"67,544,000.00"
27/10/2025,"16,400.00","16,450.00","16,000.00","16,150.00",-150.00,-0.01,"95,564,800.00"
24/10/2025,"16,700.00","16,700.00","16,100.00","16,300.00",-400.00,-0.02,"83,830,400.00"
23/10/2025,"16,650.00","17,000.00","16,600.00","16,700.00",50.00,0.00,"80,037,000.00"
22/10/2025,"17,000.00","17,000.00","16,400.00","16,650.00",-350.00,-0.02,"81,491,700.00"
21/10/2025,"16,850.00","17,250.00","16,100.00","17,000.00",150.00,0.01,"144,384,000.00"
20/10/2025,"17,900.00","18,000.00","16,850.00","16,850.00","-1,250.00",-0.07,"157,036,500.00"
17/10/2025,"18,150.00","18,250.00","17,750.00","18,100.00",-50.00,0.00,"115,962,400.00"
16/10/2025,"18,350.00","18,400.00","17,950.00","18,150.00",-50.00,0.00,"89,585,600.00"
15/10/2025,"17,950.00","18,450.00","17,900.00","18,200.00",200.00,0.01,"135,329,400.00"
14/10/2025,"18,100.00","18,250.00","17,700.00","18,000.00",-100.00,-0.01,"124,387,300.00"
13/10/2025,"17,700.00","18,200.00","17,650.00","18,100.00",100.00,0.01,"118,930,300.00"
10/10/2025,"17,950.00","18,150.00","17,750.00","18,000.00",100.00,0.01,"77,920,000.00"
09/10/2025,"17,350.00","18,450.00","17,300.00","17,900.00",600.00,0.03,"189,712,900.00"
08/10/2025,"17,450.00","17,550.00","17,100.00","17,300.00",50.00,0.00,"92,523,300.00"
07/10/2025,"17,450.00","17,450.00","17,050.00","17,250.00",-150.00,-0.01,"85,643,500.00"
06/10/2025,"16,750.00","17,500.00","16,700.00","17,400.00",700.00,0.04,"114,772,800.00"
03/10/2025,"16,900.00","17,050.00","16,700.00","16,700.00",-300.00,-0.02,"64,643,400.00"
02/10/2025,"17,000.00","17,150.00","16,700.00","17,000.00",50.00,0.00,"63,664,700.00"
01/10/2025,"16,900.00","17,100.00","16,750.00","16,950.00",50.00,0.00,"47,501,700.00"
30/09/2025,"16,850.00","17,000.00","16,400.00","16,900.00",100.00,0.01,"102,650,400.00"
29/09/2025,"17,050.00","17,500.00","16,800.00","16,800.00",-400.00,-0.02,"78,599,700.00"
26/09/2025,"17,300.00","17,350.00","16,900.00","17,200.00",-150.00,-0.01,"66,856,500.00"
25/09/2025,"17,350.00","17,450.00","16,900.00","17,350.00",0.00,0.00,"61,984,100.00"
24/09/2025,"17,100.00","17,500.00","16,350.00","17,350.00",350.00,0.02,"191,797,400.00"
23/09/2025,"17,300.00","17,550.00","16,950.00","17,000.00",-400.00,-0.02,"142,502,100.00"
22/09/2025,"17,750.00","17,750.00","17,150.00","17,400.00",-350.00,-0.02,"78,597,200.00"
19/09/2025,"17,850.00","17,950.00","17,600.00","17,750.00",-100.00,-0.01,"82,717,900.00"
18/09/2025,"18,000.00","18,200.00","17,650.00","17,850.00",-200.00,-0.01,"59,508,100.00"
17/09/2025,"18,000.00","18,150.00","17,850.00","18,050.00",-150.00,-0.01,"64,713,500.00"
16/09/2025,"17,800.00","18,250.00","17,750.00","18,200.00",400.00,0.02,"87,193,100.00"
15/09/2025,"17,550.00","17,950.00","17,300.00","17,800.00",250.00,0.01,"93,174,400.00"
12/09/2025,"17,850.00","17,850.00","17,450.00","17,550.00",-250.00,-0.01,"51,664,500.00"
11/09/2025,"17,600.00","17,800.00","17,150.00","17,800.00",0.00,0.00,"88,707,100.00"
10/09/2025,"17,700.00","17,800.00","17,350.00","17,800.00",200.00,0.01,"52,450,900.00"
09/09/2025,"17,300.00","17,700.00","17,200.00","17,600.00",350.00,0.02,"70,080,800.00"
08/09/2025,"17,800.00","17,950.00","17,200.00","17,250.00",-750.00,-0.04,"124,526,200.00"
05/09/2025,"19,050.00","19,100.00","17,900.00","18,000.00",-850.00,-0.05,"131,953,500.00"
04/09/2025,"19,100.00","19,200.00","18,800.00","18,850.00",-200.00,-0.01,"89,129,600.00"
03/09/2025,"18,950.00","19,100.00","18,500.00","19,050.00",250.00,0.01,"95,659,800.00"
29/08/2025,"18,650.00","18,800.00","18,050.00","18,800.00",400.00,0.02,"124,638,900.00"
28/08/2025,"17,700.00","18,550.00","17,450.00","18,400.00",750.00,0.04,"152,824,000.00"
27/08/2025,"17,800.00","18,100.00","17,550.00","17,650.00",250.00,0.01,"103,800,500.00"
26/08/2025,"16,200.00","17,400.00","16,200.00","17,400.00","1,100.00",0.07,"86,340,400.00"
25/08/2025,"17,450.00","17,500.00","16,250.00","16,300.00",-950.00,-0.06,"113,188,300.00"
22/08/2025,"18,300.00","18,500.00","17,250.00","17,250.00","-1,250.00",-0.07,"166,243,400.00"
21/08/2025,"18,400.00","18,850.00","18,300.00","18,500.00",200.00,0.01,"85,261,700.00"
20/08/2025,"18,400.00","18,500.00","17,500.00","18,300.00",-200.00,-0.01,"162,557,300.00"
19/08/2025,"18,500.00","19,100.00","18,400.00","18,500.00",-350.00,-0.02,"134,077,200.00"
18/08/2025,"19,300.00","19,450.00","18,800.00","18,850.00",400.00,0.02,"103,905,200.00"
15/08/2025,"18,495.58","19,026.55","17,876.11","18,451.33",450.00,0.02,"121,180,101.00"
14/08/2025,"17,300.88","18,274.34","17,256.64","18,053.10","1,050.00",0.05,"121,028,100.00"
13/08/2025,"16,858.41","17,345.13","16,725.66","17,123.89",450.00,0.02,"125,923,600.00"
12/08/2025,"17,079.65","17,079.65","16,637.17","16,725.66",-200.00,-0.01,"70,086,100.00"
11/08/2025,"16,637.17","17,168.14","16,460.18","16,902.65",450.00,0.02,"120,805,100.00"
08/08/2025,"16,814.16","17,123.89","16,371.68","16,504.42",-200.00,-0.01,"100,153,800.00"
07/08/2025,"16,814.16","17,168.14","16,327.43","16,681.42",100.00,0.01,"99,514,700.00"
06/08/2025,"16,460.18","16,902.65","16,238.94","16,592.92",400.00,0.02,"92,287,300.00"
05/08/2025,"17,345.13","17,433.63","15,486.73","16,238.94",-250.00,-0.01,"179,355,000.00"
04/08/2025,"15,398.23","16,460.18","15,398.23","16,460.18","1,200.00",0.07,"96,830,133.00"
01/08/2025,"15,486.73","15,619.47","15,088.50","15,398.23",200.00,0.01,"124,426,600.00"
31/07/2025,"15,176.99","15,221.24","14,690.27","15,221.24","1,100.00",0.07,"181,312,600.00"
30/07/2025,"14,026.55","14,247.79","13,628.32","14,247.79","1,050.00",0.07,"142,533,300.00"
29/07/2025,"14,601.77","14,734.51","13,318.58","13,318.58","-1,050.00",-0.07,"157,273,400.00"
28/07/2025,"13,407.08","14,247.79","13,407.08","14,247.79","1,050.00",0.07,"138,533,676.00"
25/07/2025,"13,451.33","13,495.58","13,274.34","13,318.58",0.00,0.00,"59,211,800.00"
24/07/2025,"12,964.60","13,672.57","12,920.35","13,318.58",400.00,0.03,"93,426,700.00"
23/07/2025,"13,008.85","13,185.84","12,831.86","12,964.60",50.00,0.00,"80,136,000.00"
22/07/2025,"12,920.35","12,964.60","12,743.36","12,920.35",0.00,0.00,"63,416,800.00"
21/07/2025,"12,654.87","13,053.10","12,610.62","12,920.35",400.00,0.03,"102,054,803.00"
18/07/2025,"12,699.12","12,831.86","12,477.88","12,566.37",-100.00,-0.01,"78,343,406.00"
17/07/2025,"12,654.87","12,787.61","12,522.12","12,654.87",50.00,0.00,"67,084,107.00"
16/07/2025,"12,477.88","12,699.12","12,433.63","12,610.62",150.00,0.01,"39,150,507.00"
15/07/2025,"12,522.12","12,831.86","12,477.88","12,477.88",-50.00,0.00,"82,347,308.00"
14/07/2025,"12,610.62","12,654.87","12,345.13","12,522.12",-50.00,0.00,"48,654,613.00"
11/07/2025,"12,743.36","12,743.36","12,477.88","12,566.37",-150.00,-0.01,"72,613,306.00"
10/07/2025,"12,433.63","12,743.36","12,345.13","12,699.12",350.00,0.02,"81,062,201.00"
09/07/2025,"12,566.37","12,743.36","12,345.13","12,389.38",-150.00,-0.01,"123,787,310.00"
08/07/2025,"12,477.88","12,654.87","12,345.13","12,522.12",250.00,0.02,"62,936,007.00"
07/07/2025,"11,504.42","12,300.88","11,504.42","12,300.88",900.00,0.07,"255,608,106.00"
04/07/2025,"11,460.18","11,548.67","11,415.93","11,504.42",0.00,0.00,"28,814,706.00"
03/07/2025,"11,460.18","11,592.92","11,371.68","11,504.42",50.00,0.00,"52,328,604.00"
02/07/2025,"11,371.68","11,504.42","11,327.43","11,460.18",100.00,0.01,"38,988,501.00"
01/07/2025,"11,415.93","11,460.18","11,283.19","11,371.68",-50.00,0.00,"58,533,403.00"
30/06/2025,"11,460.18","11,504.42","11,415.93","11,415.93",-50.00,0.00,"38,295,902.00"
27/06/2025,"11,592.92","11,769.91","11,415.93","11,460.18",-150.00,-0.01,"88,859,209.00"
26/06/2025,"11,548.67","11,592.92","11,415.93","11,592.92",50.00,0.00,"43,989,104.00"
25/06/2025,"11,504.42","11,548.67","11,371.68","11,548.67",50.00,0.00,"74,474,204.00"
24/06/2025,"11,548.67","11,592.92","11,460.18","11,504.42",0.00,0.00,"38,105,404.00"
23/06/2025,"11,504.42","11,548.67","11,415.93","11,504.42",-100.00,-0.01,"45,930,713.00"
20/06/2025,"11,504.42","11,592.92","11,460.18","11,592.92",100.00,0.01,"60,042,709.00"
19/06/2025,"11,592.92","11,814.16","11,504.42","11,504.42",-150.00,-0.01,"51,916,201.00"
18/06/2025,"11,637.17","11,681.42","11,548.67","11,637.17",-50.00,0.00,"50,197,705.00"
17/06/2025,"11,592.92","11,681.42","11,548.67","11,681.42",100.00,0.01,"42,786,507.00"
16/06/2025,"11,415.93","11,592.92","11,371.68","11,592.92",200.00,0.02,"36,540,407.00"
13/06/2025,"11,637.17","11,637.17","11,327.43","11,415.93",-400.00,-0.03,"66,942,104.00"
12/06/2025,"11,725.66","12,079.65","11,637.17","11,769.91",0.00,0.00,"127,543,709.00"
11/06/2025,"11,637.17","11,814.16","11,504.42","11,769.91",150.00,0.01,"55,238,109.00"
10/06/2025,"11,504.42","11,681.42","11,460.18","11,637.17",100.00,0.01,"56,013,305.00"
09/06/2025,"11,681.42","11,725.66","11,415.93","11,548.67",-150.00,-0.01,"69,415,102.00"
06/06/2025,"11,681.42","11,766.68","11,553.52","11,681.42",0.00,0.00,"54,663,359.00"
05/06/2025,"11,724.05","11,766.68","11,638.78","11,681.42",-100.00,-0.01,"34,642,907.00"
04/06/2025,"11,851.95","12,022.48","11,766.68","11,766.68",-100.00,-0.01,"53,945,805.00"
03/06/2025,"11,681.42","11,979.85","11,596.15","11,851.95",200.00,0.01,"96,448,909.00"
02/06/2025,"11,425.62","11,681.42","11,382.99","11,681.42",150.00,0.01,"56,189,907.00"
30/05/2025,"11,596.15","11,681.42","11,340.35","11,553.52",-50.00,0.00,"87,820,815.00"
29/05/2025,"11,681.42","12,065.11","11,596.15","11,596.15",-200.00,-0.01,"76,820,609.00"
28/05/2025,"11,766.68","11,766.68","11,553.52","11,766.68",0.00,0.00,"53,142,011.00"
27/05/2025,"11,596.15","11,979.85","11,425.62","11,766.68",200.00,0.01,"104,817,105.00"
26/05/2025,"11,510.88","11,809.31","11,340.35","11,596.15",100.00,0.01,"91,609,209.00"
23/05/2025,"11,510.88","11,510.88","11,340.35","11,510.88",50.00,0.00,"45,265,906.00"
22/05/2025,"11,510.88","11,596.15","11,297.72","11,468.25",-50.00,0.00,"76,307,608.00"
21/05/2025,"11,425.62","11,596.15","11,255.09","11,510.88",150.00,0.01,"78,362,709.00"
20/05/2025,"11,425.62","11,596.15","11,297.72","11,382.99",0.00,0.00,"92,386,206.00"
19/05/2025,"11,382.99","11,468.25","11,255.09","11,382.99",-100.00,-0.01,"60,035,713.00"
16/05/2025,"11,510.88","11,638.78","11,382.99","11,468.25",-250.00,-0.02,"47,485,105.00"
15/05/2025,"11,041.92","11,851.95","10,956.66","11,681.42",700.00,0.05,"174,292,511.00"
14/05/2025,"11,084.56","11,169.82","10,999.29","11,084.56",-100.00,-0.01,"76,601,232.00"
13/05/2025,"11,255.09","11,382.99","11,084.56","11,169.82",-50.00,0.00,"92,518,703.00"
12/05/2025,"10,999.29","11,212.45","10,871.39","11,212.45",250.00,0.02,"95,540,802.00"
09/05/2025,"10,828.76","11,084.56","10,786.12","10,999.29",0.00,0.00,"72,847,000.00"
08/05/2025,"10,828.76","11,169.82","10,658.23","10,999.29",300.00,0.02,"89,234,405.00"
07/05/2025,"10,615.59","10,743.49","10,530.33","10,743.49",100.00,0.01,"69,981,000.00"
06/05/2025,"10,828.76","10,956.66","10,658.23","10,658.23",-200.00,-0.02,"54,219,300.00"
05/05/2025,"10,871.39","10,871.39","10,530.33","10,828.76",100.00,0.01,"59,726,001.00"
29/04/2025,"10,828.76","11,041.92","10,615.59","10,743.49",-100.00,-0.01,"54,099,118.00"
28/04/2025,"10,914.02","10,914.02","10,572.96","10,828.76",-100.00,-0.01,"57,481,169.00"
25/04/2025,"10,999.29","11,041.92","10,700.86","10,914.02",-100.00,-0.01,"71,863,115.00"
24/04/2025,"10,999.29","11,084.56","10,700.86","10,999.29",-100.00,-0.01,"87,987,673.00"
23/04/2025,"11,425.62","11,425.62","10,914.02","11,084.56",-200.00,-0.02,"101,854,715.00"
22/04/2025,"11,127.19","11,382.99","10,487.69","11,255.09",0.00,0.00,"226,396,811.00"
21/04/2025,"11,169.82","11,297.72","10,956.66","11,255.09",350.00,0.03,"82,480,805.00"
18/04/2025,"10,359.80","10,956.66","10,359.80","10,956.66",800.00,0.07,"156,499,700.00"
17/04/2025,"10,104.00","10,359.80","10,061.37","10,274.53",50.00,0.00,"45,595,600.00"
16/04/2025,"10,146.63","10,317.16","10,018.73","10,231.90",100.00,0.01,"44,580,900.00"
15/04/2025,"10,274.53","10,317.16","9,976.10","10,146.63",-250.00,-0.02,"58,398,700.00"
14/04/2025,"10,359.80","10,402.43","10,189.26","10,359.80",0.00,0.00,"47,312,300.00"
11/04/2025,"10,146.63","10,359.80","9,805.57","10,359.80",450.00,0.04,"103,440,900.00"
10/04/2025,"9,976.10","9,976.10","9,976.10","9,976.10",750.00,0.07,"32,088,707.00"
09/04/2025,"9,038.18","9,762.94","9,038.18","9,336.61",-300.00,-0.03,"68,551,200.00"
08/04/2025,"10,018.73","10,018.73","9,592.40","9,592.40",-800.00,-0.07,"77,768,708.00"
04/04/2025,"9,336.61","10,274.53","9,293.97","10,274.53",350.00,0.03,"138,084,305.00"
03/04/2025,"10,231.90","10,402.43","9,976.10","9,976.10",-850.00,-0.07,"74,320,402.00"
02/04/2025,"10,658.23","10,828.76","10,572.96","10,700.86",100.00,0.01,"74,440,278.00"
01/04/2025,"10,615.59","10,658.23","10,359.80","10,615.59",0.00,0.00,"37,912,504.00"
31/03/2025,"10,743.49","10,743.49","10,402.43","10,615.59",-250.00,-0.02,"57,582,800.00"
28/03/2025,"10,914.02","10,914.02","10,658.23","10,828.76",0.00,0.00,"32,450,109.00"
27/03/2025,"10,445.06","10,871.39","10,445.06","10,828.76",450.00,0.04,"70,113,600.00"
26/03/2025,"10,572.96","10,615.59","10,359.80","10,445.06",-150.00,-0.01,"45,649,800.00"
25/03/2025,"10,658.23","10,743.49","10,274.53","10,572.96",0.00,0.00,"78,756,700.00"
24/03/2025,"10,018.73","10,658.23","9,890.83","10,572.96",650.00,0.06,"84,692,300.00"
21/03/2025,"10,104.00","10,274.53","9,933.47","10,018.73",0.00,0.00,"87,181,603.00"
20/03/2025,"9,933.47","10,146.63","9,805.57","10,018.73",100.00,0.01,"80,202,201.00"
19/03/2025,"9,805.57","10,061.37","9,720.30","9,933.47",50.00,0.00,"73,831,701.00"
18/03/2025,"9,592.40","9,976.10","9,464.50","9,890.83",350.00,0.03,"72,012,942.00"
17/03/2025,"9,336.61","9,720.30","9,293.97","9,592.40",550.00,0.05,"130,614,506.00"
14/03/2025,"8,569.21","9,123.44","8,569.21","9,123.44",700.00,0.07,"141,429,504.00"
13/03/2025,"8,526.58","8,526.58","8,475.42","8,526.58",20.00,0.00,"35,531,905.00"
12/03/2025,"8,518.05","8,569.21","8,509.53","8,509.53",-10.00,0.00,"27,991,701.00"
11/03/2025,"8,475.42","8,526.58","8,458.37","8,518.05",-10.00,0.00,"20,696,804.00"
10/03/2025,"8,569.21","8,611.85","8,518.05","8,526.58",0.00,0.00,"94,575,161.00"
07/03/2025,"8,526.58","8,611.85","8,509.53","8,526.58",0.00,0.00,"18,782,802.00"
06/03/2025,"8,569.21","8,569.21","8,501.00","8,526.58",10.00,0.00,"15,899,301.00"
05/03/2025,"8,518.05","8,611.85","8,509.53","8,518.05",20.00,0.00,"16,619,800.00"
04/03/2025,"8,458.37","8,526.58","8,407.21","8,501.00",50.00,0.01,"20,526,502.00"
03/03/2025,"8,569.21","8,569.21","8,458.37","8,458.37",-80.00,-0.01,"23,460,202.00"
28/02/2025,"8,569.21","8,569.21","8,509.53","8,526.58",-50.00,0.00,"16,586,208.00"
27/02/2025,"8,611.85","8,654.48","8,518.05","8,569.21",-50.00,0.00,"23,443,102.00"
26/02/2025,"8,654.48","8,739.75","8,569.21","8,611.85",50.00,0.00,"28,383,602.00"
25/02/2025,"8,603.40","8,603.40","8,449.76","8,564.99",0.00,0.00,"30,132,308.00"
24/02/2025,"8,449.76","8,603.40","8,449.76","8,564.99",150.00,0.01,"28,113,505.00"
21/02/2025,"8,449.76","8,526.58","8,411.36","8,449.76",50.00,0.00,"26,021,309.00"
20/02/2025,"8,449.76","8,526.58","8,411.36","8,411.36",-50.00,0.00,"16,505,807.00"
19/02/2025,"8,411.36","8,488.17","8,372.95","8,449.76",50.00,0.00,"12,732,306.00"
18/02/2025,"8,449.76","8,488.17","8,411.36","8,411.36",-50.00,0.00,"14,757,406.00"
17/02/2025,"8,334.54","8,526.58","8,296.13","8,449.76",200.00,0.02,"41,400,995.00"
14/02/2025,"8,334.54","8,411.36","8,296.13","8,296.13",50.00,0.00,"29,861,504.00"
13/02/2025,"8,180.91","8,257.72","8,142.50","8,257.72",100.00,0.01,"16,999,101.00"
12/02/2025,"8,296.13","8,296.13","8,180.91","8,180.91",-100.00,-0.01,"14,892,408.00"
11/02/2025,"8,104.09","8,372.95","8,104.09","8,257.72",200.00,0.02,"46,242,404.00"
10/02/2025,"8,104.09","8,142.50","8,065.68","8,104.09",0.00,0.00,"39,607,419.00"
07/02/2025,"8,104.09","8,180.91","8,065.68","8,104.09",50.00,0.00,"13,523,811.00"
06/02/2025,"8,065.68","8,142.50","8,027.28","8,065.68",50.00,0.00,"11,598,212.00"
05/02/2025,"8,142.50","8,180.91","8,027.28","8,027.28",-100.00,-0.01,"11,056,600.00"
04/02/2025,"8,104.09","8,142.50","8,027.28","8,104.09",100.00,0.01,"13,520,900.00"
03/02/2025,"7,988.87","8,104.09","7,950.46","8,027.28",150.00,0.01,"18,128,100.00"
24/01/2025,"7,912.05","7,950.46","7,873.64","7,912.05",50.00,0.00,"8,913,100.00"
23/01/2025,"7,835.24","7,950.46","7,796.83","7,873.64",100.00,0.01,"10,046,100.00"
22/01/2025,"7,873.64","7,873.64","7,796.83","7,796.83",-50.00,0.00,"9,153,100.00"
21/01/2025,"7,873.64","7,912.05","7,835.24","7,835.24",0.00,0.00,"10,594,712.00"
20/01/2025,"7,835.24","7,873.64","7,796.83","7,835.24",0.00,0.00,"5,948,300.00"
17/01/2025,"7,796.83","7,873.64","7,796.83","7,835.24",50.00,0.00,"8,364,153.00"
16/01/2025,"7,835.24","7,912.05","7,758.42","7,796.83",0.00,0.00,"6,942,000.00"
15/01/2025,"7,796.83","7,835.24","7,758.42","7,796.83",50.00,0.00,"6,421,294.00"
14/01/2025,"7,796.83","7,835.24","7,758.42","7,758.42",-50.00,0.00,"16,508,801.00"
13/01/2025,"7,796.83","7,835.24","7,720.01","7,796.83",0.00,0.00,"15,898,212.00"
10/01/2025,"7,873.64","7,912.05","7,796.83","7,796.83",-100.00,-0.01,"17,415,807.00"
09/01/2025,"7,912.05","7,950.46","7,835.24","7,873.64",-50.00,0.00,"21,824,507.00"
08/01/2025,"7,873.64","7,912.05","7,835.24","7,912.05",50.00,0.00,"3,780,907.00"
07/01/2025,"7,912.05","7,950.46","7,873.64","7,873.64",-50.00,0.00,"7,884,908.00"
06/01/2025,"7,912.05","8,027.28","7,873.64","7,912.05",50.00,0.00,"9,761,208.00"
03/01/2025,"7,873.64","7,912.05","7,835.24","7,873.64",0.00,0.00,"11,358,707.00"
02/01/2025,"7,912.05","7,950.46","7,873.64","7,873.64",0.00,0.00,"6,732,307.00"
31/12/2024,"7,873.64","7,912.05","7,835.24","7,873.64",0.00,0.00,"7,209,310.00"
30/12/2024,"7,912.05","7,950.46","7,873.64","7,873.64",-50.00,0.00,"26,046,508.00"
27/12/2024,"7,912.05","7,988.87","7,912.05","7,912.05",0.00,0.00,"9,304,807.00"
26/12/2024,"7,950.46","7,988.87","7,873.64","7,912.05",0.00,0.00,"8,874,203.00"
25/12/2024,"7,873.64","8,027.28","7,835.24","7,912.05",50.00,0.00,"12,707,700.00"
24/12/2024,"7,835.24","7,912.05","7,796.83","7,873.64",0.00,0.00,"7,305,100.00"
23/12/2024,"7,796.83","7,912.05","7,796.83","7,873.64",100.00,0.01,"7,962,400.00"
20/12/2024,"7,835.24","7,873.64","7,796.83","7,796.83",-50.00,0.00,"14,280,400.00"
19/12/2024,"7,912.05","7,950.46","7,796.83","7,835.24",-150.00,-0.01,"23,041,001.00"
18/12/2024,"7,950.46","7,988.87","7,912.05","7,950.46",0.00,0.00,"4,511,801.00"
17/12/2024,"7,950.46","7,988.87","7,912.05","7,950.46",-50.00,0.00,"9,625,102.00"
16/12/2024,"7,988.87","8,027.28","7,912.05","7,988.87",0.00,0.00,"7,395,605.00"
13/12/2024,"8,027.28","8,104.09","7,988.87","7,988.87",-100.00,-0.01,"19,007,101.00"
12/12/2024,"8,180.91","8,219.32","8,065.68","8,065.68",-100.00,-0.01,"25,483,300.00"
11/12/2024,"7,988.87","8,257.72","7,988.87","8,142.50",250.00,0.02,"44,086,000.00"
10/12/2024,"7,950.46","8,027.28","7,950.46","7,950.46",0.00,0.00,"12,016,000.00"
09/12/2024,"7,950.46","7,988.87","7,912.05","7,950.46",0.00,0.00,"12,531,001.00"
06/12/2024,"8,065.68","8,065.68","7,912.05","7,950.46",-150.00,-0.01,"11,128,800.00"
05/12/2024,"7,835.24","8,065.68","7,796.83","8,065.68",300.00,0.03,"15,491,413.00"
04/12/2024,"7,873.64","7,912.05","7,835.24","7,835.24",-100.00,-0.01,"6,399,900.00"
03/12/2024,"7,912.05","7,950.46","7,835.24","7,912.05",0.00,0.00,"21,890,176.00"
02/12/2024,"7,950.46","7,950.46","7,873.64","7,912.05",0.00,0.00,"6,815,100.00"
29/11/2024,"7,912.05","7,912.05","7,873.64","7,912.05",50.00,0.00,"20,650,703.00"
28/11/2024,"7,950.46","7,950.46","7,873.64","7,873.64",-50.00,0.00,"8,584,400.00"
27/11/2024,"7,950.46","7,988.87","7,912.05","7,912.05",-50.00,0.00,"13,027,500.00"
26/11/2024,"7,912.05","7,988.87","7,912.05","7,950.46",50.00,0.00,"14,588,776.00"
25/11/2024,"7,912.05","7,912.05","7,873.64","7,912.05",50.00,0.00,"11,316,601.00"
22/11/2024,"7,873.64","7,912.05","7,835.24","7,873.64",0.00,0.00,"10,739,554.00"
21/11/2024,"7,873.64","7,873.64","7,796.83","7,873.64",50.00,0.00,"7,646,300.00"
20/11/2024,"7,758.42","7,912.05","7,758.42","7,835.24",100.00,0.01,"18,742,600.00"
19/11/2024,"7,835.24","7,873.64","7,758.42","7,758.42",-100.00,-0.01,"24,893,824.00"
18/11/2024,"7,835.24","7,912.05","7,758.42","7,835.24",0.00,0.00,"35,184,361.00"
15/11/2024,"7,912.05","7,950.46","7,835.24","7,835.24",-150.00,-0.01,"18,229,404.00"
14/11/2024,"8,027.28","8,065.68","7,912.05","7,950.46",-100.00,-0.01,"21,708,307.00"
13/11/2024,"8,027.28","8,065.68","7,988.87","8,027.28",0.00,0.00,"26,776,471.00"
12/11/2024,"8,065.68","8,142.50","8,027.28","8,027.28",-50.00,0.00,"21,531,440.00"
11/11/2024,"8,104.09","8,104.09","7,988.87","8,065.68",-50.00,0.00,"17,978,513.00"
08/11/2024,"8,180.91","8,180.91","8,065.68","8,104.09",-50.00,0.00,"8,692,556.00"
07/11/2024,"8,219.32","8,257.72","8,104.09","8,142.50",-50.00,0.00,"12,304,071.00"
06/11/2024,"8,142.50","8,180.91","8,104.09","8,180.91",100.00,0.01,"11,220,651.00"
05/11/2024,"8,027.28","8,104.09","7,988.87","8,104.09",100.00,0.01,"17,053,704.00"
04/11/2024,"8,104.09","8,104.09","7,988.87","8,027.28",-100.00,-0.01,"34,555,190.00"
01/11/2024,"8,142.50","8,180.91","8,065.68","8,104.09",-50.00,0.00,"13,306,474.00"
31/10/2024,"8,065.68","8,219.32","8,027.28","8,142.50",100.00,0.01,"26,288,289.00"
30/10/2024,"8,065.68","8,104.09","8,027.28","8,065.68",0.00,0.00,"9,872,243.00"
29/10/2024,"8,104.09","8,104.09","8,027.28","8,065.68",50.00,0.00,"18,863,133.00"
28/10/2024,"8,027.28","8,065.68","7,988.87","8,027.28",50.00,0.00,"16,942,852.00"
25/10/2024,"8,104.09","8,142.50","7,988.87","7,988.87",-150.00,-0.01,"12,971,146.00"
24/10/2024,"8,180.91","8,257.72","8,104.09","8,104.09",-100.00,-0.01,"19,541,441.00"
23/10/2024,"8,219.32","8,257.72","8,142.50","8,180.91",-50.00,0.00,"12,982,439.00"
22/10/2024,"8,257.72","8,296.13","8,180.91","8,219.32",-100.00,-0.01,"23,330,261.00"
21/10/2024,"8,372.95","8,372.95","8,257.72","8,296.13",-50.00,0.00,"11,402,386.00"
18/10/2024,"8,372.95","8,411.36","8,334.54","8,334.54",50.00,0.00,"19,545,586.00"
17/10/2024,"8,296.13","8,334.54","8,219.32","8,296.13",50.00,0.00,"16,441,109.00"
16/10/2024,"8,296.13","8,334.54","8,219.32","8,257.72",-50.00,0.00,"9,057,201.00"
15/10/2024,"8,334.54","8,411.36","8,257.72","8,296.13",0.00,0.00,"18,604,800.00"
14/10/2024,"8,334.54","8,372.95","8,257.72","8,296.13",0.00,0.00,"16,139,401.00"
11/10/2024,"8,296.13","8,334.54","8,219.32","8,296.13",50.00,0.00,"9,670,201.00"
10/10/2024,"8,372.95","8,411.36","8,257.72","8,257.72",-50.00,0.00,"12,852,800.00"
09/10/2024,"8,257.72","8,334.54","8,257.72","8,296.13",50.00,0.00,"11,119,025.00"
08/10/2024,"8,296.13","8,372.95","8,219.32","8,257.72",-100.00,-0.01,"20,413,103.00"
07/10/2024,"8,372.95","8,449.76","8,257.72","8,334.54",0.00,0.00,"15,377,900.00"
04/10/2024,"8,411.36","8,449.76","8,334.54","8,334.54",-100.00,-0.01,"16,306,500.00"
03/10/2024,"8,372.95","8,680.21","8,334.54","8,411.36",50.00,0.00,"46,181,500.00"
02/10/2024,"8,449.76","8,449.76","8,334.54","8,372.95",-150.00,-0.01,"21,227,700.00"
01/10/2024,"8,488.17","8,603.40","8,449.76","8,488.17",50.00,0.00,"30,158,606.00"
30/09/2024,"8,449.76","8,526.58","8,372.95","8,449.76",0.00,0.00,"24,494,700.00"
27/09/2024,"8,334.54","8,641.81","8,334.54","8,449.76",250.00,0.02,"50,734,100.00"
26/09/2024,"8,104.09","8,372.95","8,104.09","8,257.72",200.00,0.02,"42,217,600.00"
25/09/2024,"8,065.68","8,142.50","8,027.28","8,104.09",100.00,0.01,"24,776,900.00"
24/09/2024,"7,950.46","8,027.28","7,950.46","8,027.28",100.00,0.01,"13,736,200.00"
23/09/2024,"8,027.28","8,065.68","7,950.46","7,950.46",-100.00,-0.01,"11,811,201.00"
20/09/2024,"7,988.87","8,065.68","7,950.46","8,027.28",100.00,0.01,"17,998,400.00"
19/09/2024,"7,988.87","7,988.87","7,912.05","7,950.46",0.00,0.00,"8,393,601.00"
18/09/2024,"7,988.87","7,988.87","7,912.05","7,950.46",-50.00,0.00,"44,697,800.00"
17/09/2024,"7,873.64","7,988.87","7,835.24","7,988.87",150.00,0.01,"13,834,336.00"
16/09/2024,"7,912.05","7,950.46","7,873.64","7,873.64",-50.00,0.00,"31,181,800.00"
13/09/2024,"7,950.46","7,988.87","7,912.05","7,912.05",-50.00,0.00,"5,940,500.00"
12/09/2024,"7,950.46","7,988.87","7,912.05","7,950.46",50.00,0.00,"10,512,101.00"
11/09/2024,"7,912.05","7,950.46","7,873.64","7,912.05",0.00,0.00,"11,414,303.00"
10/09/2024,"7,988.87","8,027.28","7,873.64","7,912.05",-50.00,0.00,"60,123,951.00"
09/09/2024,"7,950.46","7,988.87","7,912.05","7,950.46",0.00,0.00,"11,311,110.00"
06/09/2024,"7,988.87","8,027.28","7,912.05","7,950.46",-50.00,0.00,"14,541,407.00"
05/09/2024,"8,027.28","8,065.68","7,950.46","7,988.87",0.00,0.00,"13,759,402.00"
04/09/2024,"8,104.09","8,104.09","7,950.46","7,988.87",-150.00,-0.01,"21,060,000.00"
30/08/2024,"8,104.09","8,142.50","8,104.09","8,104.09",0.00,0.00,"9,679,105.00"
29/08/2024,"8,142.50","8,219.32","8,104.09","8,104.09",-50.00,0.00,"14,114,002.00"
28/08/2024,"8,142.50","8,180.91","8,104.09","8,142.50",0.00,0.00,"18,536,359.00"
27/08/2024,"8,180.91","8,180.91","8,104.09","8,142.50",0.00,0.00,"32,276,220.00"
26/08/2024,"8,257.72","8,296.13","8,142.50","8,142.50",-50.00,0.00,"31,586,909.00"
23/08/2024,"8,180.91","8,219.32","8,142.50","8,180.91",0.00,0.00,"9,030,009.00"
22/08/2024,"8,257.72","8,296.13","8,180.91","8,180.91",-50.00,0.00,"18,638,242.00"
21/08/2024,"8,180.91","8,257.72","8,142.50","8,219.32",50.00,0.00,"37,077,915.00"
20/08/2024,"8,142.50","8,219.32","8,142.50","8,180.91",50.00,0.00,"16,537,502.00"
19/08/2024,"8,142.50","8,219.32","8,104.09","8,142.50",0.00,0.00,"28,429,702.00"
16/08/2024,"8,027.28","8,180.91","7,988.87","8,142.50",200.00,0.02,"15,104,002.00"
15/08/2024,"8,027.28","8,065.68","7,912.05","7,988.87",-50.00,0.00,"11,527,402.00"
14/08/2024,"8,065.68","8,104.09","8,027.28","8,027.28",-50.00,0.00,"9,489,506.00"
13/08/2024,"8,065.68","8,104.09","8,027.28","8,065.68",0.00,0.00,"9,189,422.00"
12/08/2024,"8,065.68","8,104.09","7,988.87","8,065.68",0.00,0.00,"7,976,316.00"
09/08/2024,"8,027.28","8,104.09","7,988.87","8,065.68",100.00,0.01,"9,878,013.00"
08/08/2024,"8,065.68","8,104.09","7,950.46","7,988.87",-100.00,-0.01,"21,344,016.00"
07/08/2024,"8,104.09","8,142.50","8,027.28","8,065.68",0.00,0.00,"31,148,586.00"
06/08/2024,"7,988.87","8,104.09","7,912.05","8,065.68",200.00,0.02,"19,237,904.00"
05/08/2024,"8,257.72","8,257.72","7,873.64","7,912.05",-550.00,-0.05,"36,291,703.00"
02/08/2024,"8,372.95","8,372.95","8,180.91","8,334.54",-50.00,0.00,"24,468,508.00"
01/08/2024,"8,564.99","8,603.40","8,334.54","8,372.95",-250.00,-0.02,"30,293,013.00"
31/07/2024,"8,564.99","8,603.40","8,488.17","8,564.99",50.00,0.00,"11,149,127.00"
30/07/2024,"8,449.76","8,641.81","8,449.76","8,526.58",50.00,0.00,"19,092,411.00"
29/07/2024,"8,526.58","8,564.99","8,449.76","8,488.17",-50.00,0.00,"7,447,008.00"
26/07/2024,"8,488.17","8,526.58","8,449.76","8,526.58",50.00,0.00,"8,538,213.00"
25/07/2024,"8,526.58","8,526.58","8,449.76","8,488.17",-50.00,0.00,"8,500,333.00"
24/07/2024,"8,488.17","8,526.58","8,411.36","8,526.58",100.00,0.01,"22,102,205.00"
23/07/2024,"8,603.40","8,641.81","8,449.76","8,449.76",-200.00,-0.02,"23,141,208.00"
22/07/2024,"8,680.21","8,718.62","8,526.58","8,603.40",-100.00,-0.01,"24,889,313.00"
19/07/2024,"8,757.03","8,833.85","8,603.40","8,680.21",-150.00,-0.01,"31,448,428.00"
18/07/2024,"8,833.85","8,833.85","8,680.21","8,795.44",100.00,0.01,"22,804,366.00"
17/07/2024,"8,755.41","8,939.35","8,681.83","8,718.62",-50.00,0.00,"59,085,414.00"
16/07/2024,"8,828.98","8,865.77","8,718.62","8,755.41",-50.00,0.00,"37,646,849.00"
15/07/2024,"8,755.41","8,828.98","8,718.62","8,792.20",100.00,0.01,"27,075,734.00"
12/07/2024,"8,681.83","8,792.20","8,681.83","8,718.62",0.00,0.00,"14,695,153.00"
11/07/2024,"8,755.41","8,792.20","8,681.83","8,718.62",0.00,0.00,"16,095,400.00"
10/07/2024,"8,681.83","8,792.20","8,681.83","8,718.62",50.00,0.00,"20,788,901.00"
09/07/2024,"8,608.26","8,755.41","8,608.26","8,681.83",100.00,0.01,"21,601,200.00"
08/07/2024,"8,681.83","8,681.83","8,571.47","8,608.26",-50.00,0.00,"14,757,401.00"
05/07/2024,"8,608.26","8,681.83","8,571.47","8,645.05",50.00,0.00,"13,613,000.00"
04/07/2024,"8,645.05","8,681.83","8,571.47","8,608.26",-50.00,0.00,"10,471,104.00"
03/07/2024,"8,718.62","8,718.62","8,608.26","8,645.05",0.00,0.00,"14,125,706.00"
02/07/2024,"8,608.26","8,755.41","8,608.26","8,645.05",150.00,0.01,"28,958,508.00"
01/07/2024,"8,387.53","8,571.47","8,387.53","8,534.68",200.00,0.02,"20,149,904.00"
28/06/2024,"8,387.53","8,534.68","8,313.96","8,387.53",100.00,0.01,"19,711,010.00"
27/06/2024,"8,350.75","8,424.32","8,313.96","8,313.96",-50.00,0.00,"11,461,202.00"
26/06/2024,"8,387.53","8,424.32","8,313.96","8,350.75",-50.00,0.00,"85,292,501.00"
25/06/2024,"8,387.53","8,424.32","8,350.75","8,387.53",100.00,0.01,"15,557,500.00"
24/06/2024,"8,534.68","8,534.68","8,313.96","8,313.96",-250.00,-0.02,"39,470,004.00"
21/06/2024,"8,534.68","8,608.26","8,497.90","8,497.90",-50.00,0.00,"11,762,605.00"
20/06/2024,"8,571.47","8,608.26","8,461.11","8,534.68",0.00,0.00,"15,674,901.00"
19/06/2024,"8,571.47","8,608.26","8,461.11","8,534.68",0.00,0.00,"22,567,800.00"
18/06/2024,"8,608.26","8,645.05","8,534.68","8,534.68",-50.00,0.00,"14,941,600.00"
17/06/2024,"8,608.26","8,645.05","8,497.90","8,571.47",-50.00,0.00,"26,067,100.00"
14/06/2024,"8,902.56","8,902.56","8,608.26","8,608.26",-300.00,-0.03,"27,755,502.00"
13/06/2024,"8,755.41","8,902.56","8,645.05","8,828.98",200.00,0.02,"48,447,200.00"
12/06/2024,"8,571.47","8,718.62","8,534.68","8,681.83",150.00,0.01,"29,010,100.00"
11/06/2024,"8,645.05","8,681.83","8,534.68","8,571.47",-100.00,-0.01,"25,815,600.00"
10/06/2024,"8,755.41","8,792.20","8,571.47","8,645.05",-50.00,0.00,"37,492,500.00"
07/06/2024,"8,755.41","8,828.98","8,645.05","8,681.83",-50.00,0.00,"17,165,701.00"
06/06/2024,"8,534.68","8,902.56","8,461.11","8,718.62",300.00,0.03,"69,364,500.00"
05/06/2024,"8,534.68","8,571.47","8,461.11","8,497.90",0.00,0.00,"21,915,000.00"
04/06/2024,"8,608.26","8,608.26","8,497.90","8,497.90",-100.00,-0.01,"19,424,000.00"
03/06/2024,"8,461.11","8,645.05","8,424.32","8,571.47",250.00,0.02,"24,032,705.00"
31/05/2024,"8,424.32","8,461.11","8,387.53","8,387.53",0.00,0.00,"14,564,200.00"
30/05/2024,"8,461.11","8,497.90","8,350.75","8,387.53",-150.00,-0.01,"27,798,100.00"
29/05/2024,"8,608.26","8,645.05","8,461.11","8,497.90",-150.00,-0.01,"25,358,500.00"
28/05/2024,"8,534.68","8,608.26","8,497.90","8,608.26",100.00,0.01,"17,896,200.00"
27/05/2024,"8,534.68","8,571.47","8,461.11","8,534.68",50.00,0.00,"16,216,200.00"
24/05/2024,"8,571.47","8,681.83","8,461.11","8,497.90",-200.00,-0.02,"39,512,500.00"
23/05/2024,"8,571.47","8,645.05","8,497.90","8,645.05",100.00,0.01,"30,264,200.00"
22/05/2024,"8,755.41","8,755.41","8,571.47","8,571.47",-200.00,-0.02,"56,932,600.00"
21/05/2024,"8,718.62","8,755.41","8,608.26","8,718.62",0.00,0.00,"40,828,000.00"
20/05/2024,"8,939.35","8,976.13","8,681.83","8,718.62",-150.00,-0.01,"73,910,900.00"
17/05/2024,"8,755.41","9,049.71","8,718.62","8,828.98",150.00,0.01,"78,900,200.00"
16/05/2024,"8,608.26","8,718.62","8,571.47","8,718.62",250.00,0.02,"36,799,200.00"
15/05/2024,"8,571.47","8,608.26","8,497.90","8,534.68",0.00,0.00,"23,545,100.00"
14/05/2024,"8,608.26","8,681.83","8,497.90","8,534.68",-50.00,0.00,"20,388,200.00"
13/05/2024,"8,571.47","8,645.05","8,534.68","8,571.47",50.00,0.00,"34,250,800.00"
10/05/2024,"8,681.83","8,718.62","8,534.68","8,534.68",-150.00,-0.01,"18,443,900.00"
09/05/2024,"8,792.20","8,902.56","8,645.05","8,645.05",-150.00,-0.01,"37,596,394.00"
08/05/2024,"8,534.68","8,902.56","8,461.11","8,755.41",250.00,0.02,"74,596,500.00"
07/05/2024,"8,681.83","8,681.83","8,534.68","8,571.47",-100.00,-0.01,"22,685,100.00"
06/05/2024,"8,571.47","8,645.05","8,534.68","8,645.05",150.00,0.01,"41,203,100.00"
03/05/2024,"8,681.83","8,718.62","8,497.90","8,534.68",-100.00,-0.01,"22,166,100.00"
02/05/2024,"8,461.11","8,681.83","8,424.32","8,608.26",250.00,0.02,"31,406,100.00"
26/04/2024,"8,203.60","8,534.68","8,203.60","8,424.32",350.00,0.03,"33,098,200.00"
25/04/2024,"8,240.38","8,277.17","8,166.81","8,166.81",-100.00,-0.01,"13,148,000.00"
24/04/2024,"8,130.02","8,313.96","8,130.02","8,240.38",250.00,0.02,"25,751,500.00"
23/04/2024,"8,277.17","8,313.96","7,982.87","8,056.45",-300.00,-0.03,"39,471,100.00"
22/04/2024,"8,313.96","8,387.53","8,203.60","8,277.17",100.00,0.01,"29,777,474.00"
19/04/2024,"8,240.38","8,350.75","8,166.81","8,203.60",50.00,0.00,"38,197,000.00"
17/04/2024,"8,571.47","8,571.47","8,166.81","8,166.81",-400.00,-0.03,"32,443,000.00"
16/04/2024,"8,461.11","8,571.47","8,277.17","8,461.11",150.00,0.01,"37,915,700.00"
15/04/2024,"8,424.32","8,865.77","8,277.17","8,350.75",50.00,0.00,"104,663,600.00"
12/04/2024,"8,240.38","8,313.96","8,166.81","8,313.96",200.00,0.02,"28,014,700.00"
11/04/2024,"8,203.60","8,277.17","8,166.81","8,166.81",-100.00,-0.01,"12,480,200.00"
10/04/2024,"8,277.17","8,350.75","8,240.38","8,240.38",0.00,0.00,"20,749,700.00"
09/04/2024,"8,203.60","8,277.17","8,130.02","8,240.38",100.00,0.01,"12,063,700.00"
08/04/2024,"8,203.60","8,240.38","8,130.02","8,166.81",-50.00,0.00,"14,630,600.00"
05/04/2024,"8,203.60","8,240.38","8,166.81","8,203.60",-50.00,0.00,"13,720,200.00"
04/04/2024,"8,313.96","8,313.96","8,240.38","8,240.38",-50.00,0.00,"14,842,200.00"
03/04/2024,"8,387.53","8,387.53","8,240.38","8,277.17",-150.00,-0.01,"21,717,300.00"
02/04/2024,"8,387.53","8,387.53","8,277.17","8,387.53",-50.00,0.00,"23,421,600.00"
01/04/2024,"8,424.32","8,461.11","8,350.75","8,424.32",50.00,0.00,"13,432,900.00"
29/03/2024,"8,534.68","8,534.68","8,387.53","8,387.53",-200.00,-0.02,"18,186,600.00"
28/03/2024,"8,497.90","8,571.47","8,461.11","8,534.68",100.00,0.01,"14,036,400.00"
27/03/2024,"8,461.11","8,534.68","8,424.32","8,461.11",0.00,0.00,"13,149,000.00"
26/03/2024,"8,424.32","8,497.90","8,387.53","8,461.11",50.00,0.00,"21,716,300.00"
25/03/2024,"8,497.90","8,534.68","8,424.32","8,424.32",-100.00,-0.01,"23,961,700.00"
22/03/2024,"8,497.90","8,608.26","8,424.32","8,497.90",100.00,0.01,"26,978,400.00"
21/03/2024,"8,424.32","8,497.90","8,350.75","8,424.32",100.00,0.01,"56,736,900.00"
20/03/2024,"8,240.38","8,424.32","8,166.81","8,350.75",150.00,0.01,"25,619,300.00"
19/03/2024,"8,240.38","8,313.96","8,203.60","8,240.38",50.00,0.00,"56,265,848.00"
18/03/2024,"8,387.53","8,461.11","8,093.23","8,203.60",-250.00,-0.02,"45,702,900.00"
15/03/2024,"8,424.32","8,461.11","8,350.75","8,387.53",-50.00,0.00,"17,962,000.00"
14/03/2024,"8,534.68","8,534.68","8,387.53","8,424.32",-100.00,-0.01,"17,755,100.00"
13/03/2024,"8,313.96","8,534.68","8,313.96","8,497.90",250.00,0.02,"18,031,100.00"
12/03/2024,"8,350.75","8,424.32","8,277.17","8,313.96",-100.00,-0.01,"27,009,840.00"
11/03/2024,"8,608.26","8,608.26","8,350.75","8,387.53",-300.00,-0.03,"40,610,500.00"
08/03/2024,"8,792.20","8,828.98","8,608.26","8,608.26",-200.00,-0.02,"26,237,800.00"
07/03/2024,"8,718.62","8,792.20","8,645.05","8,755.41",100.00,0.01,"20,374,600.00"
06/03/2024,"8,681.83","8,865.77","8,645.05","8,681.83",-50.00,0.00,"37,339,838.00"
05/03/2024,"8,718.62","8,755.41","8,608.26","8,718.62",0.00,0.00,"27,682,100.00"
04/03/2024,"8,792.20","8,828.98","8,681.83","8,718.62",-50.00,0.00,"32,338,138.00"
01/03/2024,"8,718.62","8,755.41","8,645.05","8,755.41",100.00,0.01,"29,226,500.00"
29/02/2024,"8,828.98","8,865.77","8,645.05","8,681.83",-100.00,-0.01,"30,596,500.00"
28/02/2024,"8,792.20","8,792.20","8,681.83","8,755.41",0.00,0.00,"24,129,600.00"
27/02/2024,"8,681.83","8,755.41","8,608.26","8,755.41",150.00,0.01,"29,482,000.00"
26/02/2024,"8,718.62","8,755.41","8,608.26","8,645.05",-100.00,-0.01,"34,905,300.00"
23/02/2024,"8,902.56","9,049.71","8,718.62","8,718.62",-250.00,-0.02,"50,831,100.00"
22/02/2024,"8,828.98","9,086.50","8,792.20","8,902.56",200.00,0.02,"45,132,900.00"
21/02/2024,"8,755.41","8,828.98","8,681.83","8,755.41",50.00,0.00,"51,480,800.00"
20/02/2024,"8,828.98","8,902.56","8,681.83","8,718.62",-150.00,-0.01,"42,615,900.00"
19/02/2024,"8,828.98","8,902.56","8,718.62","8,828.98",100.00,0.01,"27,719,700.00"
16/02/2024,"8,828.98","8,902.56","8,718.62","8,755.41",0.00,0.00,"24,259,400.00"
15/02/2024,"8,645.05","8,939.35","8,608.26","8,755.41",250.00,0.02,"48,133,100.00"
07/02/2024,"8,534.68","8,645.05","8,497.90","8,571.47",100.00,0.01,"23,906,017.00"
06/02/2024,"8,718.62","8,718.62","8,497.90","8,497.90",-200.00,-0.02,"18,686,400.00"
05/02/2024,"8,387.53","8,718.62","8,387.53","8,645.05",300.00,0.03,"50,146,900.00"
02/02/2024,"8,571.47","8,608.26","8,350.75","8,424.32",-150.00,-0.01,"39,989,500.00"
01/02/2024,"8,534.68","8,645.05","8,461.11","8,534.68",0.00,0.00,"33,599,374.00"
31/01/2024,"8,976.13","9,012.92","8,461.11","8,534.68",-700.00,-0.06,"129,843,200.00"
30/01/2024,"9,049.71","9,086.50","8,976.13","9,049.71",0.00,0.00,"22,356,200.00"
29/01/2024,"9,123.28","9,196.86","9,049.71","9,049.71",-50.00,0.00,"21,319,800.00"
26/01/2024,"9,049.71","9,086.50","9,012.92","9,086.50",100.00,0.01,"21,786,100.00"
25/01/2024,"9,012.92","9,086.50","8,976.13","9,012.92",50.00,0.00,"27,645,300.00"
24/01/2024,"8,902.56","9,123.28","8,865.77","8,976.13",100.00,0.01,"55,741,100.00"
23/01/2024,"8,939.35","9,012.92","8,865.77","8,902.56",-50.00,0.00,"33,000,200.00"
22/01/2024,"9,049.71","9,049.71","8,902.56","8,939.35",0.00,0.00,"35,749,400.00"
19/01/2024,"8,939.35","8,976.13","8,865.77","8,939.35",100.00,0.01,"23,865,300.00"
18/01/2024,"8,828.98","8,902.56","8,792.20","8,865.77",50.00,0.00,"26,279,200.00"
17/01/2024,"8,976.13","9,086.50","8,828.98","8,828.98",-200.00,-0.02,"53,998,290.00"
16/01/2024,"8,865.77","8,976.13","8,792.20","8,976.13",50.00,0.00,"38,727,500.00"
15/01/2024,"9,123.28","9,196.86","8,939.35","8,939.35",-150.00,-0.01,"43,806,600.00"
12/01/2024,"8,755.41","9,160.07","8,718.62","9,049.71",200.00,0.02,"64,697,000.00"
11/01/2024,"8,902.56","9,123.28","8,828.98","8,902.56",100.00,0.01,"46,231,100.00"
10/01/2024,"8,608.26","8,976.13","8,534.68","8,828.98",300.00,0.03,"96,499,700.00"
09/01/2024,"8,608.26","8,645.05","8,497.90","8,608.26",0.00,0.00,"31,624,900.00"
08/01/2024,"8,571.47","8,645.05","8,497.90","8,608.26",150.00,0.01,"40,595,000.00"
05/01/2024,"8,461.11","8,534.68","8,350.75","8,497.90",100.00,0.01,"39,860,300.00"
04/01/2024,"8,313.96","8,645.05","8,277.17","8,424.32",200.00,0.02,"68,045,800.00"
03/01/2024,"8,056.45","8,277.17","8,056.45","8,277.17",300.00,0.03,"33,358,300.00"
02/01/2024,"8,019.66","8,166.81","7,982.87","8,056.45",150.00,0.01,"43,187,900.00"
29/12/2023,"7,982.87","8,056.45","7,946.09","7,946.09",0.00,0.00,"12,346,100.00"
28/12/2023,"7,946.09","7,982.87","7,872.51","7,946.09",50.00,0.00,"10,707,700.00"
27/12/2023,"7,909.30","7,946.09","7,872.51","7,909.30",50.00,0.00,"8,025,600.00"
26/12/2023,"7,946.09","7,982.87","7,872.51","7,872.51",-50.00,0.00,"18,659,900.00"
25/12/2023,"7,872.51","7,982.87","7,872.51","7,909.30",50.00,0.00,"21,198,700.00"
22/12/2023,"7,872.51","7,946.09","7,835.72","7,872.51",50.00,0.00,"10,060,700.00"
21/12/2023,"7,835.72","7,909.30","7,835.72","7,835.72",-50.00,0.00,"9,717,900.00"
20/12/2023,"7,909.30","7,946.09","7,835.72","7,872.51",0.00,0.00,"8,591,400.00"
19/12/2023,"7,835.72","7,909.30","7,798.94","7,872.51",0.00,0.00,"14,569,500.00"
18/12/2023,"7,982.87","7,982.87","7,835.72","7,872.51",-100.00,-0.01,"15,816,500.00"
15/12/2023,"7,982.87","8,056.45","7,909.30","7,946.09",0.00,0.00,"19,722,500.00"
14/12/2023,"8,056.45","8,093.23","7,946.09","7,946.09",-100.00,-0.01,"22,359,300.00"
13/12/2023,"8,203.60","8,240.38","8,019.66","8,019.66",-200.00,-0.02,"23,293,000.00"
12/12/2023,"8,203.60","8,277.17","8,166.81","8,166.81",-50.00,0.00,"30,693,000.00"
11/12/2023,"8,130.02","8,240.38","8,093.23","8,203.60",150.00,0.01,"25,108,500.00"
08/12/2023,"8,130.02","8,240.38","8,056.45","8,093.23",-50.00,0.00,"25,354,900.00"
07/12/2023,"8,130.02","8,313.96","8,056.45","8,130.02",50.00,0.00,"36,564,300.00"
06/12/2023,"8,093.23","8,130.02","8,056.45","8,093.23",50.00,0.00,"17,420,300.00"
05/12/2023,"8,203.60","8,240.38","8,056.45","8,056.45",-150.00,-0.01,"16,901,800.00"
04/12/2023,"8,019.66","8,240.38","7,982.87","8,166.81",250.00,0.02,"36,128,300.00"
01/12/2023,"7,982.87","8,019.66","7,872.51","7,982.87",50.00,0.00,"8,201,500.00"
30/11/2023,"8,019.66","8,093.23","7,946.09","7,946.09",-50.00,0.00,"11,310,600.00"
29/11/2023,"8,019.66","8,056.45","7,946.09","7,982.87",0.00,0.00,"10,093,300.00"
28/11/2023,"7,946.09","8,019.66","7,798.94","7,982.87",100.00,0.01,"13,113,900.00"
27/11/2023,"8,056.45","8,093.23","7,872.51","7,909.30",-200.00,-0.02,"21,115,400.00"
24/11/2023,"8,130.02","8,130.02","7,835.72","8,056.45",0.00,0.00,"28,194,500.00"
23/11/2023,"8,313.96","8,387.53","8,056.45","8,056.45",-350.00,-0.03,"15,369,400.00"
22/11/2023,"8,240.38","8,313.96","8,203.60","8,313.96",50.00,0.00,"26,326,300.00"
21/11/2023,"8,313.96","8,350.75","8,203.60","8,277.17",50.00,0.00,"29,373,800.00"
20/11/2023,"8,019.66","8,350.75","8,019.66","8,240.38",0.00,0.00,"25,557,900.00"
17/11/2023,"8,534.68","8,608.26","8,166.81","8,240.38",-400.00,-0.03,"29,322,600.00"
16/11/2023,"8,461.11","8,534.68","8,387.53","8,534.68",50.00,0.00,"12,960,500.00"
15/11/2023,"8,571.47","8,718.62","8,424.32","8,497.90",100.00,0.01,"34,864,700.00"
14/11/2023,"8,240.38","8,645.05","8,166.81","8,424.32",400.00,0.04,"35,776,100.00"
13/11/2023,"8,203.60","8,313.96","8,056.45","8,130.02",-100.00,-0.01,"17,847,700.00"
10/11/2023,"8,240.38","8,313.96","8,130.02","8,203.60",-100.00,-0.01,"19,878,000.00"
09/11/2023,"8,387.53","8,461.11","8,240.38","8,277.17",-100.00,-0.01,"22,688,400.00"
08/11/2023,"8,019.66","8,350.75","7,909.30","8,350.75",500.00,0.05,"26,158,400.00"
07/11/2023,"8,093.23","8,130.02","7,982.87","7,982.87",-150.00,-0.01,"15,479,700.00"
06/11/2023,"7,946.09","8,130.02","7,872.51","8,093.23",300.00,0.03,"21,140,100.00"
03/11/2023,"8,056.45","8,056.45","7,872.51","7,872.51",-200.00,-0.02,"15,974,100.00"
02/11/2023,"7,688.57","8,019.66","7,615.00","8,019.66",550.00,0.05,"21,560,100.00"
01/11/2023,"7,504.64","7,651.79","7,431.06","7,615.00",250.00,0.02,"17,399,300.00"
31/10/2023,"7,504.64","7,578.21","7,431.06","7,431.06",-50.00,0.00,"11,478,520.00"
30/10/2023,"7,541.42","7,578.21","7,467.85","7,467.85",-150.00,-0.01,"9,296,800.00"
27/10/2023,"7,467.85","7,578.21","7,394.27","7,578.21",250.00,0.02,"11,621,700.00"
26/10/2023,"7,651.79","7,688.57","7,350.13","7,394.27",-500.00,-0.05,"29,068,200.00"
25/10/2023,"7,835.72","7,872.51","7,725.36","7,762.15",-50.00,0.00,"8,098,400.00"
24/10/2023,"7,615.00","7,872.51","7,615.00","7,798.94",300.00,0.03,"16,934,300.00"
23/10/2023,"7,688.57","7,725.36","7,541.42","7,578.21",-150.00,-0.01,"10,820,700.00"
20/10/2023,"7,578.21","7,725.36","7,467.85","7,688.57",150.00,0.01,"12,147,300.00"
19/10/2023,"7,651.79","7,798.94","7,541.42","7,578.21",-100.00,-0.01,"12,093,800.00"
18/10/2023,"7,798.94","7,835.72","7,541.42","7,651.79",-200.00,-0.02,"32,907,300.00"
17/10/2023,"7,835.72","7,909.30","7,798.94","7,798.94",0.00,0.00,"6,451,600.00"
16/10/2023,"7,909.30","7,982.87","7,798.94","7,798.94",-200.00,-0.02,"30,347,700.00"
13/10/2023,"7,982.87","7,982.87","7,872.51","7,946.09",-50.00,0.00,"11,770,600.00"
12/10/2023,"8,019.66","8,130.02","7,982.87","7,982.87",-50.00,0.00,"10,558,800.00"
11/10/2023,"8,019.66","8,056.45","7,946.09","8,019.66",50.00,0.00,"6,746,200.00"
10/10/2023,"7,946.09","8,093.23","7,946.09","7,982.87",100.00,0.01,"10,776,600.00"
09/10/2023,"7,872.51","7,946.09","7,835.72","7,909.30",50.00,0.00,"9,475,900.00"
06/10/2023,"7,725.36","7,946.09","7,725.36","7,872.51",200.00,0.02,"10,540,400.00"
05/10/2023,"7,872.51","7,946.09","7,725.36","7,725.36",-150.00,-0.01,"9,199,400.00"
04/10/2023,"7,688.57","7,909.30","7,651.79","7,835.72",100.00,0.01,"10,565,201.00"
03/10/2023,"8,093.23","8,093.23","7,651.79","7,762.15",-500.00,-0.05,"22,388,900.00"
02/10/2023,"8,166.81","8,240.38","8,093.23","8,130.02",-50.00,0.00,"9,452,771.00"
29/09/2023,"8,130.02","8,313.96","8,093.23","8,166.81",150.00,0.01,"9,491,824.00"
28/09/2023,"8,166.81","8,203.60","7,982.87","8,056.45",-150.00,-0.01,"13,798,066.00"
27/09/2023,"7,982.87","8,166.81","7,798.94","8,166.81",300.00,0.03,"19,975,758.00"
26/09/2023,"8,093.23","8,313.96","7,946.09","7,946.09",-200.00,-0.02,"67,868,367.00"
25/09/2023,"8,681.83","8,718.62","8,093.23","8,093.23",-800.00,-0.07,"63,511,723.00"
22/09/2023,"8,755.41","8,792.20","8,461.11","8,681.83",-250.00,-0.02,"35,086,035.00"
21/09/2023,"8,976.13","9,012.92","8,828.98","8,865.77",-150.00,-0.01,"17,851,124.00"
20/09/2023,"8,865.77","9,012.92","8,865.77","8,976.13",150.00,0.01,"17,124,435.00"
19/09/2023,"8,902.56","8,939.35","8,792.20","8,865.77",-50.00,0.00,"26,901,586.00"
18/09/2023,"9,012.92","9,086.50","8,865.77","8,902.56",-100.00,-0.01,"18,750,512.00"
15/09/2023,"9,123.28","9,196.86","8,976.13","8,976.13",-100.00,-0.01,"25,022,900.00"
14/09/2023,"9,123.28","9,307.22","9,049.71","9,049.71",-50.00,0.00,"29,077,200.00"
13/09/2023,"9,270.43","9,307.22","9,049.71","9,086.50",-200.00,-0.02,"23,450,400.00"
12/09/2023,"9,123.28","9,233.65","8,976.13","9,233.65",250.00,0.02,"25,781,001.00"
11/09/2023,"9,417.58","9,417.58","9,049.71","9,049.71",-400.00,-0.03,"37,721,000.00"
08/09/2023,"9,417.58","9,454.37","9,344.01","9,344.01",-50.00,0.00,"22,388,795.00"
07/09/2023,"9,344.01","9,527.94","9,344.01","9,380.79",100.00,0.01,"37,159,426.00"
06/09/2023,"9,307.22","9,417.58","9,270.43","9,307.22",0.00,0.00,"25,003,788.00"
05/09/2023,"9,196.86","9,491.16","9,196.86","9,307.22",200.00,0.02,"45,002,748.00"
31/08/2023,"9,086.50","9,160.07","9,012.92","9,160.07",200.00,0.02,"20,117,372.00"
30/08/2023,"9,012.92","9,086.50","8,976.13","9,012.92",0.00,0.00,"17,506,266.00"
29/08/2023,"8,939.35","9,123.28","8,902.56","9,012.92",150.00,0.01,"43,012,355.00"
28/08/2023,"8,828.98","8,939.35","8,792.20","8,902.56",150.00,0.01,"25,748,623.00"
25/08/2023,"8,902.56","8,902.56","8,792.20","8,792.20",-150.00,-0.01,"14,010,679.00"
24/08/2023,"8,828.98","8,902.56","8,755.41","8,902.56",100.00,0.01,"15,319,400.00"
23/08/2023,"8,976.13","9,012.92","8,755.41","8,828.98",-100.00,-0.01,"19,668,600.00"
22/08/2023,"8,976.13","9,012.92","8,645.05","8,902.56",-50.00,0.00,"21,654,900.00"
21/08/2023,"8,755.41","9,049.71","8,645.05","8,939.35",150.00,0.01,"30,327,600.00"
18/08/2023,"9,454.37","9,454.37","8,828.98","8,828.98",-850.00,-0.07,"41,735,200.00"
17/08/2023,"9,527.94","9,564.73","9,454.37","9,454.37",-50.00,0.00,"18,716,400.00"
16/08/2023,"9,527.94","9,638.31","9,454.37","9,491.16",-50.00,0.00,"21,292,100.00"
15/08/2023,"9,527.94","9,638.31","9,491.16","9,527.94",0.00,0.00,"18,105,000.00"
14/08/2023,"9,564.73","9,601.52","9,454.37","9,527.94",0.00,0.00,"23,763,200.00"
11/08/2023,"9,527.94","9,638.31","9,344.01","9,527.94",0.00,0.00,"20,739,600.00"
10/08/2023,"9,675.09","9,748.67","9,491.16","9,527.94",-200.00,-0.02,"24,666,400.00"
09/08/2023,"9,711.88","9,859.03","9,638.31","9,675.09",-100.00,-0.01,"21,842,400.00"
08/08/2023,"9,969.39","9,969.39","9,748.67","9,748.67",-200.00,-0.01,"31,347,500.00"
07/08/2023,"9,785.46","10,006.18","9,785.46","9,895.82",150.00,0.01,"32,182,800.00"
04/08/2023,"9,344.01","9,785.46","9,307.22","9,785.46",650.00,0.05,"42,082,400.00"
03/08/2023,"9,344.01","9,344.01","9,233.65","9,307.22",0.00,0.00,"18,335,300.00"
02/08/2023,"9,233.65","9,307.22","9,196.86","9,307.22",100.00,0.01,"24,500,700.00"
01/08/2023,"9,270.43","9,380.79","9,233.65","9,233.65",-50.00,0.00,"32,229,400.00"
31/07/2023,"9,270.43","9,344.01","9,196.86","9,270.43",0.00,0.00,"19,314,300.00"
28/07/2023,"9,160.07","9,307.22","9,086.50","9,270.43",100.00,0.01,"17,589,900.00"
27/07/2023,"9,270.43","9,270.43","9,086.50","9,196.86",-100.00,-0.01,"21,167,700.00"
26/07/2023,"9,307.22","9,307.22","9,196.86","9,270.43",0.00,0.00,"17,230,100.00"
25/07/2023,"9,344.01","9,491.16","9,233.65","9,270.43",0.00,0.00,"25,647,700.00"
24/07/2023,"9,270.43","9,344.01","9,196.86","9,270.43",350.00,0.03,"23,586,300.00"
21/07/2023,"8,947.45","9,103.33","8,947.45","8,978.63",50.00,0.00,"47,885,300.00"
20/07/2023,"8,791.57","9,009.80","8,760.40","8,947.45",250.00,0.02,"27,002,800.00"
19/07/2023,"8,885.10","8,916.28","8,791.57","8,791.57",-50.00,0.00,"31,385,100.00"
18/07/2023,"8,666.87","8,853.92","8,604.52","8,822.75",450.00,0.03,"27,176,300.00"
17/07/2023,"8,604.52","8,604.52","8,510.99","8,542.17",0.00,0.00,"15,766,400.00"
14/07/2023,"8,666.87","8,666.87","8,417.46","8,542.17",-100.00,-0.01,"19,725,300.00"
13/07/2023,"8,573.34","8,635.69","8,510.99","8,604.52",50.00,0.00,"17,330,000.00"
12/07/2023,"8,479.81","8,573.34","8,386.29","8,573.34",150.00,0.01,"23,260,400.00"
11/07/2023,"8,479.81","8,573.34","8,417.46","8,479.81",100.00,0.01,"24,308,000.00"
10/07/2023,"8,479.81","8,510.99","8,386.29","8,417.46",0.00,0.00,"24,795,600.00"
07/07/2023,"8,199.23","8,448.64","8,136.88","8,417.46",450.00,0.03,"27,428,700.00"
06/07/2023,"8,199.23","8,261.58","8,012.18","8,136.88",-100.00,-0.01,"29,352,914.00"
05/07/2023,"8,355.11","8,355.11","8,199.23","8,199.23",-100.00,-0.01,"19,476,900.00"
04/07/2023,"8,168.06","8,323.94","8,105.71","8,261.58",300.00,0.02,"32,318,700.00"
03/07/2023,"7,825.12","8,168.06","7,825.12","8,074.53",450.00,0.04,"38,240,800.00"
30/06/2023,"7,856.30","7,887.47","7,793.95","7,793.95",-100.00,-0.01,"11,530,000.00"
29/06/2023,"8,043.35","8,074.53","7,856.30","7,856.30",-250.00,-0.02,"17,700,200.00"
28/06/2023,"7,949.83","8,043.35","7,918.65","8,012.18",150.00,0.01,"16,906,900.00"
27/06/2023,"7,949.83","8,012.18","7,887.47","7,918.65",-50.00,0.00,"11,679,200.00"
26/06/2023,"8,012.18","8,074.53","7,887.47","7,949.83",-50.00,0.00,"22,258,100.00"
23/06/2023,"7,981.00","8,105.71","7,918.65","7,981.00",100.00,0.01,"24,501,700.00"
22/06/2023,"7,949.83","8,012.18","7,918.65","7,918.65",0.00,0.00,"22,650,400.00"
21/06/2023,"7,949.83","7,981.00","7,856.30","7,918.65",0.00,0.00,"27,687,400.00"
20/06/2023,"8,043.35","8,043.35","7,856.30","7,918.65",-100.00,-0.01,"20,611,100.00"
19/06/2023,"7,856.30","8,012.18","7,793.95","7,981.00",200.00,0.02,"42,200,500.00"
16/06/2023,"7,793.95","7,981.00","7,731.60","7,856.30",150.00,0.01,"45,011,900.00"
15/06/2023,"7,793.95","7,856.30","7,669.24","7,762.77",-100.00,-0.01,"23,983,700.00"
14/06/2023,"7,669.24","7,825.12","7,638.07","7,825.12",300.00,0.02,"51,910,700.00"
13/06/2023,"7,669.24","7,731.60","7,606.89","7,638.07",50.00,0.00,"23,584,800.00"
12/06/2023,"7,638.07","7,669.24","7,513.37","7,606.89",50.00,0.00,"16,384,100.00"
09/06/2023,"7,638.07","7,638.07","7,451.01","7,575.72",-50.00,0.00,"26,869,500.00"
08/06/2023,"7,669.24","7,700.42","7,513.37","7,606.89",-100.00,-0.01,"48,168,500.00"
07/06/2023,"7,793.95","7,856.30","7,638.07","7,669.24",-200.00,-0.02,"43,124,600.00"
06/06/2023,"7,606.89","7,793.95","7,606.89","7,793.95",150.00,0.01,"41,621,000.00"
05/06/2023,"7,638.07","7,731.60","7,544.54","7,700.42",300.00,0.02,"50,781,100.00"
02/06/2023,"7,451.01","7,606.89","7,419.84","7,513.37",300.00,0.03,"57,346,300.00"
01/06/2023,"7,326.31","7,357.49","7,263.96","7,326.31",0.00,0.00,"22,161,400.00"
31/05/2023,"7,357.49","7,388.66","7,295.13","7,326.31",0.00,0.00,"29,747,000.00"
30/05/2023,"7,295.13","7,357.49","7,263.96","7,326.31",50.00,0.00,"15,999,000.00"
29/05/2023,"7,263.96","7,357.49","7,232.78","7,295.13",150.00,0.01,"20,874,100.00"
26/05/2023,"7,326.31","7,326.31","7,201.61","7,201.61",-200.00,-0.02,"22,606,500.00"
25/05/2023,"7,357.49","7,357.49","7,170.43","7,326.31",-100.00,-0.01,"34,299,600.00"
24/05/2023,"7,482.19","7,482.19","7,326.31","7,388.66",-100.00,-0.01,"28,677,600.00"
23/05/2023,"7,482.19","7,544.54","7,295.13","7,451.01",-50.00,0.00,"25,891,700.00"
22/05/2023,"7,357.49","7,482.19","7,295.13","7,482.19",200.00,0.02,"42,004,400.00"
19/05/2023,"7,232.78","7,388.66","7,139.26","7,357.49",200.00,0.02,"38,363,200.00"
18/05/2023,"7,295.13","7,295.13","7,170.43","7,232.78",-100.00,-0.01,"18,813,600.00"
17/05/2023,"7,232.78","7,295.13","7,076.90","7,295.13",100.00,0.01,"34,106,800.00"
16/05/2023,"7,201.61","7,263.96","7,108.08","7,232.78",100.00,0.01,"41,605,300.00"
15/05/2023,"7,295.13","7,357.49","7,170.43","7,170.43",-100.00,-0.01,"21,158,500.00"
12/05/2023,"7,170.43","7,232.78","7,108.08","7,232.78",100.00,0.01,"15,898,700.00"
11/05/2023,"7,295.13","7,295.13","7,170.43","7,170.43",-100.00,-0.01,"15,452,400.00"
10/05/2023,"7,014.55","7,263.96","6,983.38","7,232.78",400.00,0.04,"26,593,100.00"
09/05/2023,"7,045.73","7,045.73","6,952.20","6,983.38",0.00,0.00,"12,045,300.00"
08/05/2023,"6,889.85","7,014.55","6,858.67","6,983.38",250.00,0.02,"24,936,900.00"
05/05/2023,"6,889.85","6,921.03","6,827.50","6,827.50",-100.00,-0.01,"25,556,200.00"
04/05/2023,"7,014.55","7,045.73","6,858.67","6,889.85",-150.00,-0.01,"25,741,500.00"
28/04/2023,"6,983.38","6,983.38","6,889.85","6,983.38",150.00,0.01,"12,092,200.00"
27/04/2023,"7,014.55","7,045.73","6,889.85","6,889.85",0.00,0.00,"15,516,700.00"
26/04/2023,"6,796.32","6,889.85","6,702.79","6,889.85",150.00,0.01,"25,521,797.00"
25/04/2023,"6,921.03","6,983.38","6,796.32","6,796.32",-100.00,-0.01,"23,761,300.00"
24/04/2023,"6,921.03","6,983.38","6,796.32","6,858.67",-100.00,-0.01,"30,300,800.00"
21/04/2023,"7,108.08","7,170.43","6,921.03","6,921.03",-250.00,-0.02,"27,810,100.00"
20/04/2023,"7,076.90","7,139.26","7,014.55","7,076.90",0.00,0.00,"23,711,300.00"
19/04/2023,"7,201.61","7,295.13","7,076.90","7,076.90",-150.00,-0.01,"38,336,900.00"
18/04/2023,"7,357.49","7,388.66","7,139.26","7,170.43",-300.00,-0.03,"30,915,000.00"
17/04/2023,"7,326.31","7,419.84","7,201.61","7,357.49",-50.00,0.00,"29,175,700.00"
14/04/2023,"7,575.72","7,669.24","7,326.31","7,388.66",-200.00,-0.02,"53,442,200.00"
13/04/2023,"7,638.07","7,669.24","7,482.19","7,513.37",-150.00,-0.01,"22,731,700.00"
12/04/2023,"7,513.37","7,669.24","7,482.19","7,606.89",450.00,0.04,"45,108,200.00"
11/04/2023,"7,419.84","7,575.72","7,263.96","7,326.31",-250.00,-0.02,"32,852,100.00"
10/04/2023,"7,232.78","7,482.19","7,170.43","7,482.19",400.00,0.03,"60,174,000.00"
07/04/2023,"7,076.90","7,232.78","6,827.50","7,232.78",250.00,0.02,"37,008,000.00"
06/04/2023,"7,263.96","7,295.13","7,014.55","7,076.90",-200.00,-0.02,"40,722,800.00"
05/04/2023,"7,108.08","7,263.96","7,045.73","7,201.61",50.00,0.00,"60,435,200.00"
04/04/2023,"6,983.38","7,170.43","6,889.85","7,170.43",300.00,0.03,"47,120,900.00"
03/04/2023,"6,765.15","6,983.38","6,671.62","6,983.38",450.00,0.04,"69,671,100.00"
31/03/2023,"6,609.27","6,702.79","6,578.09","6,702.79",150.00,0.01,"45,228,278.00"
30/03/2023,"6,765.15","6,765.15","6,609.27","6,609.27",-200.00,-0.02,"67,383,521.00"
29/03/2023,"6,765.15","6,765.15","6,640.44","6,733.97",-50.00,0.00,"27,690,300.00"
28/03/2023,"6,671.62","6,765.15","6,609.27","6,765.15",200.00,0.02,"37,441,600.00"
27/03/2023,"6,546.92","6,671.62","6,484.56","6,640.44",150.00,0.01,"36,925,000.00"
24/03/2023,"6,609.27","6,640.44","6,484.56","6,546.92",0.00,0.00,"16,194,900.00"
23/03/2023,"6,266.33","6,609.27","6,235.16","6,546.92",300.00,0.03,"36,742,600.00"
22/03/2023,"6,359.86","6,422.21","6,297.51","6,359.86",50.00,0.00,"13,458,800.00"
21/03/2023,"6,297.51","6,359.86","6,210.22","6,328.69",150.00,0.01,"16,140,895.00"
20/03/2023,"6,359.86","6,359.86","6,185.28","6,235.16",-250.00,-0.02,"21,828,100.00"
17/03/2023,"6,359.86","6,422.21","6,297.51","6,391.04",150.00,0.01,"37,132,100.00"
16/03/2023,"6,328.69","6,359.86","6,297.51","6,297.51",-150.00,-0.01,"22,039,700.00"
15/03/2023,"6,359.86","6,422.21","6,297.51","6,391.04",270.00,0.03,"21,323,500.00"
14/03/2023,"6,197.75","6,359.86","6,185.28","6,222.69",40.00,0.00,"22,661,700.00"
13/03/2023,"6,203.98","6,297.51","6,172.81","6,197.75",-160.00,-0.02,"20,814,400.00"
10/03/2023,"6,359.86","6,391.04","6,297.51","6,297.51",-200.00,-0.02,"7,313,400.00"
09/03/2023,"6,297.51","6,453.39","6,266.33","6,422.21",250.00,0.02,"18,463,600.00"
08/03/2023,"6,129.16","6,297.51","6,129.16","6,266.33",80.00,0.01,"8,004,400.00"
07/03/2023,"6,228.92","6,235.16","6,185.28","6,216.45",50.00,0.01,"5,608,200.00"
06/03/2023,"6,179.04","6,266.33","6,179.04","6,185.28",140.00,0.01,"11,916,700.00"
03/03/2023,"6,222.69","6,235.16","6,097.98","6,097.98",-120.00,-0.01,"6,708,700.00"
02/03/2023,"6,266.33","6,297.51","6,172.81","6,172.81",-100.00,-0.01,"3,511,100.00"
01/03/2023,"6,110.45","6,235.16","6,041.87","6,235.16",210.00,0.02,"14,590,000.00"
28/02/2023,"6,147.87","6,191.51","6,091.75","6,104.22",0.00,0.00,"5,847,000.00"
27/02/2023,"6,110.45","6,172.81","6,097.98","6,104.22",-170.00,-0.02,"10,467,200.00"
24/02/2023,"6,328.69","6,359.86","6,203.98","6,210.22",-140.00,-0.01,"5,692,700.00"
23/02/2023,"6,266.33","6,297.51","6,179.04","6,297.51",0.00,0.00,"13,939,500.00"
22/02/2023,"6,359.86","6,422.21","6,297.51","6,297.51",-250.00,-0.02,"13,266,300.00"
21/02/2023,"6,609.27","6,640.44","6,453.39","6,453.39",-150.00,-0.01,"23,090,000.00"
20/02/2023,"6,297.51","6,578.09","6,297.51","6,546.92",400.00,0.04,"20,232,500.00"
17/02/2023,"6,297.51","6,391.04","6,235.16","6,297.51",0.00,0.00,"10,178,200.00"
16/02/2023,"6,297.51","6,328.69","6,216.45","6,297.51",110.00,0.01,"6,448,000.00"
15/02/2023,"6,166.57","6,328.69","6,141.63","6,228.92",150.00,0.02,"8,905,200.00"
14/02/2023,"6,166.57","6,197.75","6,122.92","6,135.40",40.00,0.00,"8,691,000.00"
13/02/2023,"6,266.33","6,266.33","6,060.57","6,110.45",-300.00,-0.03,"23,154,000.00"
10/02/2023,"6,328.69","6,422.21","6,266.33","6,297.51",-50.00,0.00,"7,295,300.00"
09/02/2023,"6,359.86","6,391.04","6,297.51","6,328.69",0.00,0.00,"5,341,900.00"
08/02/2023,"6,359.86","6,422.21","6,235.16","6,328.69",0.00,0.00,"15,805,500.00"
07/02/2023,"6,546.92","6,578.09","6,297.51","6,328.69",-300.00,-0.03,"21,319,200.00"
06/02/2023,"6,515.74","6,578.09","6,453.39","6,515.74",0.00,0.00,"32,597,500.00"
03/02/2023,"6,546.92","6,640.44","6,484.56","6,515.74",0.00,0.00,"12,379,500.00"
02/02/2023,"6,609.27","6,671.62","6,484.56","6,515.74",-150.00,-0.01,"19,352,800.00"
01/02/2023,"6,921.03","6,983.38","6,578.09","6,609.27",-400.00,-0.04,"24,695,300.00"
31/01/2023,"6,733.97","6,858.67","6,671.62","6,858.67",100.00,0.01,"46,706,700.00"
30/01/2023,"6,983.38","7,014.55","6,796.32","6,796.32",-300.00,-0.03,"36,299,300.00"
27/01/2023,"7,076.90","7,108.08","6,952.20","6,983.38",50.00,0.00,"23,906,100.00"
19/01/2023,"6,921.03","7,076.90","6,858.67","6,952.20",50.00,0.00,"25,392,200.00"
18/01/2023,"6,952.20","7,014.55","6,889.85","6,921.03",0.00,0.00,"16,363,600.00"
17/01/2023,"6,733.97","6,952.20","6,733.97","6,921.03",400.00,0.04,"41,380,100.00"
16/01/2023,"6,702.79","6,733.97","6,640.44","6,671.62",0.00,0.00,"20,541,400.00"
13/01/2023,"6,609.27","6,858.67","6,609.27","6,671.62",200.00,0.02,"25,002,300.00"
12/01/2023,"6,640.44","6,640.44","6,546.92","6,546.92",-50.00,0.00,"15,608,770.00"
11/01/2023,"6,609.27","6,733.97","6,546.92","6,578.09",50.00,0.00,"18,410,100.00"
10/01/2023,"6,578.09","6,640.44","6,484.56","6,546.92",0.00,0.00,"16,259,065.00"
09/01/2023,"6,671.62","6,733.97","6,546.92","6,546.92",-50.00,0.00,"17,341,500.00"
06/01/2023,"6,484.56","6,858.67","6,422.21","6,578.09",200.00,0.02,"35,327,000.00"
05/01/2023,"6,484.56","6,515.74","6,359.86","6,453.39",50.00,0.00,"11,059,100.00"
04/01/2023,"6,484.56","6,609.27","6,422.21","6,422.21",-100.00,-0.01,"14,686,900.00"
03/01/2023,"6,210.22","6,515.74","6,203.98","6,484.56",450.00,0.05,"14,685,300.00"
30/12/2022,"6,266.33","6,297.51","6,172.81","6,203.98",50.00,0.01,"5,531,200.00"
29/12/2022,"6,266.33","6,359.86","6,172.81","6,172.81",,,"9,482,100.00"
28/12/2022,"6,422.21","6,422.21","6,228.92","6,297.51",,,"13,759,500.00"
27/12/2022,"6,004.46","6,359.86","5,960.81","6,359.86",,,"16,866,000.00"
26/12/2022,"6,453.39","6,453.39","6,004.46","6,004.46",,,"26,068,900.00"
23/12/2022,"6,578.09","6,609.27","6,422.21","6,453.39",,,"11,720,000.00"
22/12/2022,"6,609.27","6,733.97","6,484.56","6,546.92",,,"15,658,300.00"
21/12/2022,"6,702.79","6,702.79","6,297.51","6,515.74",,,"24,449,300.00"
20/12/2022,"6,796.32","6,827.50","6,391.04","6,578.09",,,"35,436,400.00"
19/12/2022,"6,796.32","7,076.90","6,796.32","6,796.32",,,"40,563,300.00"
16/12/2022,"6,702.79","7,014.55","6,671.62","6,765.15",,,"33,254,900.00"
15/12/2022,"6,702.79","6,858.67","6,671.62","6,796.32",,,"25,341,300.00"
14/12/2022,"6,858.67","6,921.03","6,702.79","6,702.79",,,"26,105,300.00"
13/12/2022,"6,733.97","6,796.32","6,546.92","6,796.32",,,"24,840,200.00"
12/12/2022,"6,671.62","6,983.38","6,546.92","6,546.92",,,"38,221,800.00"
09/12/2022,"6,733.97","6,858.67","6,578.09","6,609.27",,,"22,749,000.00"
08/12/2022,"6,702.79","6,921.03","6,640.44","6,733.97",,,"27,930,500.00"
07/12/2022,"6,484.56","6,765.15","6,422.21","6,515.74",,,"23,958,800.00"
06/12/2022,"7,045.73","7,170.43","6,546.92","6,546.92",,,"44,839,100.00"
05/12/2022,"7,201.61","7,357.49","6,765.15","7,014.55",,,"58,368,700.00"
02/12/2022,"6,609.27","6,983.38","6,515.74","6,983.38",,,"29,558,700.00"
01/12/2022,"6,359.86","6,733.97","6,328.69","6,640.44",,,"54,015,600.00"
30/11/2022,"6,328.69","6,391.04","6,235.16","6,297.51",,,"24,228,300.00"
29/11/2022,"6,235.16","6,391.04","6,160.34","6,328.69",,,"23,281,800.00"
28/11/2022,"5,904.69","6,203.98","5,904.69","6,203.98",,,"23,189,500.00"
25/11/2022,"5,673.99","5,798.70","5,586.70","5,798.70",,,"10,882,800.00"
24/11/2022,"5,611.64","5,636.58","5,405.88","5,530.58",,,"10,426,000.00"
23/11/2022,"5,798.70","5,854.81","5,617.88","5,617.88",,,"10,910,600.00"
22/11/2022,"5,638.75","5,828.52","5,530.31","5,638.75",,,"18,838,300.00"
21/11/2022,"5,557.42","5,692.97","5,476.10","5,638.75",,,"18,048,500.00"
18/11/2022,"5,448.99","5,530.31","5,232.11","5,476.10",,,"20,788,000.00"
17/11/2022,"5,313.44","5,421.88","5,259.22","5,421.88",,,"17,792,400.00"
16/11/2022,"4,500.16","5,139.94","4,467.63","5,139.94",,,"25,403,100.00"
15/11/2022,"5,058.61","5,335.13","4,803.78","4,803.78",,,"19,513,300.00"
14/11/2022,"5,421.88","5,448.99","5,085.72","5,161.63",,,"15,785,200.00"
11/11/2022,"5,692.97","5,774.30","5,421.88","5,421.88",,,"14,260,400.00"
10/11/2022,"5,909.85","5,964.06","5,557.42","5,557.42",,,"17,642,800.00"
09/11/2022,"6,153.83","6,153.83","5,964.06","5,964.06",,,"20,600,000.00"
08/11/2022,"5,801.41","6,099.61","5,774.30","6,045.39",,,"29,800,000.00"
07/11/2022,"6,180.94","6,180.94","5,801.41","5,801.41",,,"24,900,100.00"
04/11/2022,"6,018.28","6,235.16","5,801.41","6,099.61",,,"19,213,800.00"
03/11/2022,"5,964.06","6,180.94","5,964.06","6,018.28",,,"10,527,400.00"
02/11/2022,"6,289.38","6,343.60","6,099.61","6,126.72",,,"28,769,200.00"
01/11/2022,"6,289.38","6,479.14","6,262.27","6,289.38",,,"14,559,500.00"
31/10/2022,"6,072.50","6,262.27","5,964.06","6,208.05",,,"19,739,400.00"
28/10/2022,"6,180.94","6,235.16","5,909.85","5,964.06",,,"16,113,500.00"
27/10/2022,"5,665.86","6,045.39","5,665.86","6,045.39",,,"18,732,700.00"
26/10/2022,"5,801.41","5,882.74","5,584.53","5,665.86",,,"16,580,800.00"
25/10/2022,"5,421.88","5,720.08","5,226.69","5,720.08",,,"15,877,100.00"
24/10/2022,"5,638.75","5,801.41","5,345.97","5,367.66",,,"17,779,800.00"
21/10/2022,"5,909.85","6,018.28","5,503.20","5,557.42",,,"12,312,500.00"
20/10/2022,"5,991.17","6,099.61","5,882.74","5,882.74",,,"10,862,300.00"
19/10/2022,"6,208.05","6,208.05","5,991.17","6,045.39",,,"10,704,900.00"
18/10/2022,"6,397.81","6,452.03","6,072.50","6,099.61",,,"13,051,510.00"
17/10/2022,"5,964.06","6,289.38","5,882.74","6,235.16",,,"19,591,400.00"
14/10/2022,"5,774.30","5,964.06","5,747.19","5,964.06",,,"14,546,400.00"
13/10/2022,"5,530.31","5,665.86","5,476.10","5,584.53",,,"10,303,200.00"
12/10/2022,"4,961.02","5,448.99","4,961.02","5,448.99",,,"20,053,100.00"
11/10/2022,"5,367.66","5,448.99","5,096.56","5,096.56",,,"14,325,600.00"
10/10/2022,"5,448.99","5,638.75","5,270.06","5,476.10",,,"13,176,100.00"
07/10/2022,"5,720.08","5,855.63","5,584.53","5,611.64",,,"16,856,700.00"
06/10/2022,"6,370.70","6,397.81","5,936.95","5,964.06",,,"11,637,600.00"
05/10/2022,"6,343.60","6,452.03","6,316.49","6,343.60",,,"12,275,700.00"
04/10/2022,"6,614.69","6,614.69","6,235.16","6,235.16",,,"11,613,400.00"
03/10/2022,"6,750.24","6,804.45","6,452.03","6,452.03",,,"8,923,400.00"
30/09/2022,"6,750.24","6,804.45","6,587.58","6,750.24",,,"7,708,902.00"
29/09/2022,"6,885.78","6,940.00","6,723.13","6,723.13",,,"11,213,484.00"
28/09/2022,"6,831.56","6,940.00","6,723.13","6,777.35",,,"5,241,200.00"
27/09/2022,"6,750.24","6,967.11","6,696.02","6,912.89",,,"10,872,000.00"
26/09/2022,"6,994.22","6,994.22","6,641.80","6,723.13",,,"12,256,200.00"
23/09/2022,"7,238.20","7,292.42","7,102.66","7,102.66",,,"6,004,000.00"
22/09/2022,"7,102.66","7,292.42","7,102.66","7,238.20",,,"9,074,500.00"
21/09/2022,"7,211.10","7,265.31","7,156.88","7,211.10",,,"6,756,900.00"
20/09/2022,"7,183.99","7,292.42","7,048.44","7,265.31",,,"18,384,200.00"
19/09/2022,"7,427.97","7,482.19","7,048.44","7,048.44",,,"11,693,800.00"
16/09/2022,"7,644.85","7,699.06","7,373.75","7,427.97",,,"13,266,300.00"
15/09/2022,"7,726.17","7,753.28","7,644.85","7,644.85",,,"9,655,800.00"
14/09/2022,"7,590.63","7,726.17","7,590.63","7,671.95",,,"12,938,700.00"
13/09/2022,"7,726.17","7,807.50","7,699.06","7,807.50",,,"6,135,800.00"
12/09/2022,"7,807.50","7,888.83","7,726.17","7,726.17",,,"5,490,400.00"
09/09/2022,"7,726.17","7,753.28","7,536.41","7,753.28",,,"10,923,800.00"
08/09/2022,"8,024.38","8,078.60","7,590.63","7,590.63",,,"15,230,300.00"
07/09/2022,"8,431.02","8,431.02","7,943.05","7,943.05",,,"21,694,300.00"
06/09/2022,"8,403.91","8,512.35","8,349.69","8,403.91",,,"12,085,500.00"
05/09/2022,"8,458.13","8,458.13","8,376.80","8,376.80",,,"22,647,050.00"
31/08/2022,"8,322.58","8,458.13","8,322.58","8,458.13",,,"9,850,900.00"
30/08/2022,"8,431.02","8,539.46","8,349.69","8,349.69",,,"12,781,600.00"
29/08/2022,"8,322.58","8,431.02","8,187.03","8,376.80",,,"25,895,800.00"
26/08/2022,"8,702.11","8,756.33","8,485.24","8,512.35",,,"13,321,900.00"
25/08/2022,"8,539.46","8,647.89","8,485.24","8,647.89",,,"20,552,100.00"
24/08/2022,"8,512.35","8,593.67","8,485.24","8,485.24",,,"14,016,600.00"
23/08/2022,"8,376.80","8,539.46","8,349.69","8,512.35",,,"13,755,700.00"
22/08/2022,"8,349.69","8,512.35","8,295.47","8,431.02",,,"15,340,000.00"
19/08/2022,"8,403.91","8,485.24","8,349.69","8,376.80",,,"12,109,100.00"
18/08/2022,"8,403.91","8,539.46","8,376.80","8,403.91",,,"18,366,900.00"
17/08/2022,"8,566.56","8,647.89","8,458.13","8,458.13",,,"21,112,500.00"
16/08/2022,"8,675.00","8,810.55","8,539.46","8,566.56",,,"12,612,400.00"
15/08/2022,"8,105.71","8,620.78","8,078.60","8,620.78",,,"53,706,200.00"
12/08/2022,"7,997.27","8,105.71","7,970.16","8,078.60",,,"16,554,091.00"
11/08/2022,"8,214.14","8,241.25","7,997.27","8,024.38",,,"25,391,200.00"
10/08/2022,"8,214.14","8,241.25","8,132.81","8,132.81",,,"33,762,662.00"
09/08/2022,"8,268.36","8,295.47","8,159.92","8,241.25",,,"28,995,907.00"
08/08/2022,"8,241.25","8,349.69","8,159.92","8,214.14",,,"24,687,716.00"
05/08/2022,"8,187.03","8,268.36","8,105.71","8,214.14",,,"12,979,500.00"
04/08/2022,"8,403.91","8,458.13","8,214.14","8,241.25",,,"19,265,220.00"
03/08/2022,"8,159.92","8,376.80","8,132.81","8,268.36",,,"31,231,200.00"
02/08/2022,"8,187.03","8,376.80","8,132.81","8,187.03",,,"23,993,900.00"
01/08/2022,"7,997.27","8,214.14","7,943.05","8,159.92",,,"22,648,000.00"
29/07/2022,"8,051.49","8,078.60","7,915.94","7,943.05",,,"11,315,900.00"
28/07/2022,"7,915.94","8,051.49","7,861.72","7,970.16",,,"17,408,000.00"
27/07/2022,"7,617.74","7,834.61","7,617.74","7,753.28",,,"6,403,200.00"
26/07/2022,"7,699.06","7,753.28","7,644.85","7,644.85",,,"6,259,700.00"
25/07/2022,"7,780.39","7,834.61","7,617.74","7,671.95",,,"9,211,100.00"
22/07/2022,"7,970.16","8,105.71","7,780.39","7,780.39",,,"14,386,200.00"
21/07/2022,"7,970.16","8,105.71","7,915.94","7,943.05",,,"11,236,500.00"
20/07/2022,"7,997.27","8,159.92","7,943.05","8,024.38",,,"31,590,700.00"
19/07/2022,"7,834.61","7,943.05","7,699.06","7,888.83",,,"21,903,370.00"
18/07/2022,"7,997.27","8,078.60","7,807.50","7,807.50",,,"17,315,100.00"
15/07/2022,"7,943.05","8,268.36","7,888.83","7,943.05",,,"14,654,800.00"
14/07/2022,"7,970.16","8,187.03","7,888.83","7,888.83",,,"15,654,800.00"
13/07/2022,"7,400.86","7,915.94","7,400.86","7,915.94",,,"37,423,400.00"
12/07/2022,"7,292.42","7,400.86","7,211.10","7,400.86",,,"5,448,600.00"
11/07/2022,"7,346.64","7,373.75","7,129.77","7,238.20",,,"5,739,000.00"
08/07/2022,"7,427.97","7,427.97","7,319.53","7,373.75",,,"7,664,500.00"
07/07/2022,"7,319.53","7,427.97","7,211.10","7,292.42",,,"5,636,700.00"
06/07/2022,"7,427.97","7,536.41","7,238.20","7,238.20",,,"7,120,500.00"
05/07/2022,"7,373.75","7,671.95","7,373.75","7,482.19",,,"10,034,000.00"
04/07/2022,"7,373.75","7,482.19","7,319.53","7,373.75",,,"11,433,200.00"
01/07/2022,"7,319.53","7,373.75","7,021.33","7,292.42",,,"14,248,200.00"
30/06/2022,"7,590.63","7,671.95","7,319.53","7,319.53",,,"13,521,900.00"
29/06/2022,"7,563.52","7,726.17","7,536.41","7,590.63",,,"12,756,600.00"
28/06/2022,"7,400.86","7,807.50","7,346.64","7,671.95",,,"15,763,300.00"
27/06/2022,"7,373.75","7,482.19","7,346.64","7,400.86",,,"11,469,300.00"
24/06/2022,"7,373.75","7,482.19","7,319.53","7,319.53",,,"14,410,200.00"
23/06/2022,"7,183.99","7,373.75","7,156.88","7,346.64",,,"13,154,050.00"
22/06/2022,"7,211.10","7,400.86","7,021.33","7,156.88",,,"13,284,600.00"
21/06/2022,"7,129.77","7,265.31","6,967.11","6,994.22",,,"8,888,600.00"
20/06/2022,"6,940.00","7,346.64","6,940.00","7,238.20",,,"23,006,661.00"
17/06/2022,"7,048.44","7,102.66","6,723.13","7,021.33",,,"18,514,900.00"
16/06/2022,"7,319.53","7,373.75","7,211.10","7,211.10",,,"17,931,405.00"
15/06/2022,"7,400.86","7,482.19","6,967.11","7,183.99",,,"14,823,200.00"
14/06/2022,"7,211.10","7,536.41","7,156.88","7,373.75",,,"11,081,900.00"
13/06/2022,"7,482.19","7,644.85","7,319.53","7,319.53",,,"16,689,800.00"
10/06/2022,"7,834.61","8,024.38","7,753.28","7,753.28",,,"13,501,400.00"
09/06/2022,"7,970.16","8,078.60","7,888.83","7,943.05",,,"13,252,900.00"
08/06/2022,"7,509.30","7,915.94","7,455.08","7,915.94",,,"13,046,100.00"
07/06/2022,"7,617.74","7,617.74","7,265.31","7,400.86",,,"19,478,800.00"
06/06/2022,"7,753.28","7,861.72","7,617.74","7,617.74",,,"19,510,060.00"
03/06/2022,"7,915.94","7,970.16","7,753.28","7,834.61",,,"17,265,700.00"
02/06/2022,"8,078.60","8,159.92","7,915.94","7,915.94",,,"15,590,300.00"
01/06/2022,"8,051.49","8,241.25","8,024.38","8,051.49",,,"22,631,500.00"
31/05/2022,"8,159.92","8,214.14","8,024.38","8,024.38",,,"16,867,000.00"
30/05/2022,"8,295.47","8,322.58","8,187.03","8,214.14",,,"9,120,400.00"
27/05/2022,"8,214.14","8,295.47","8,132.81","8,241.25",,,"10,759,500.00"
26/05/2022,"8,349.69","8,403.91","8,159.92","8,187.03",,,"8,789,100.00"
25/05/2022,"7,834.61","8,268.36","7,834.61","8,241.25",,,"16,856,500.00"
24/05/2022,"7,753.28","7,943.05","7,482.19","7,807.50",,,"19,689,805.00"
23/05/2022,"8,078.60","8,268.36","7,590.63","7,861.72",,,"19,167,600.00"
20/05/2022,"7,861.72","8,024.38","7,753.28","7,997.27",,,"12,657,800.00"
19/05/2022,"7,536.41","7,970.16","7,427.97","7,834.61",,,"18,992,600.00"
18/05/2022,"7,292.42","7,536.41","7,156.88","7,536.41",,,"7,734,200.00"
17/05/2022,"6,397.81","7,048.44","6,397.81","7,048.44",,,"12,020,723.00"
16/05/2022,"7,048.44","7,319.53","6,587.58","6,587.58",,,"17,082,500.00"
13/05/2022,"7,427.97","7,427.97","6,912.89","6,940.00",,,"42,402,282.00"
12/05/2022,"7,861.72","7,943.05","7,400.86","7,427.97",,,"11,952,400.00"
11/05/2022,"8,051.49","8,132.81","7,888.83","7,943.05",,,"8,158,600.00"
10/05/2022,"7,590.63","7,997.27","7,536.41","7,970.16",,,"17,460,600.00"
09/05/2022,"8,458.13","8,458.13","7,834.61","7,861.72",,,"17,665,800.00"
06/05/2022,"8,756.33","8,891.88","8,403.91","8,403.91",,,"5,803,400.00"
05/05/2022,"9,271.41","9,271.41","8,864.77","8,946.10",,,"7,954,334.00"
04/05/2022,"8,973.21","9,271.41","8,891.88","9,054.53",,,"8,800,400.00"
29/04/2022,"8,837.66","9,000.31","8,756.33","8,837.66",,,"7,934,600.00"
28/04/2022,"8,864.77","9,027.42","8,756.33","8,783.44",,,"5,484,700.00"
27/04/2022,"8,675.00","8,864.77","8,512.35","8,783.44",,,"9,635,200.00"
26/04/2022,"8,187.03","8,620.78","7,997.27","8,566.56",,,"13,950,900.00"
25/04/2022,"9,000.31","9,162.97","8,376.80","8,376.80",,,"10,760,200.00"
22/04/2022,"8,973.21","9,135.86","8,702.11","8,891.88",,,"11,772,100.00"
21/04/2022,"8,946.10","9,379.85","8,539.46","8,783.44",,,"19,085,000.00"
20/04/2022,"9,759.38","10,003.36","9,162.97","9,162.97",,,"12,482,200.00"
19/04/2022,"10,464.22","10,545.55","9,840.71","9,840.71",,,"8,090,000.00"
18/04/2022,"10,518.44","10,626.88","10,030.47","10,545.55",,,"9,566,500.00"
15/04/2022,"10,681.10","10,816.64","10,545.55","10,545.55",,,"5,247,600.00"
14/04/2022,"10,735.32","10,925.08","10,653.99","10,653.99",,,"6,332,900.00"
13/04/2022,"10,382.89","10,626.88","10,274.46","10,626.88",,,"6,453,500.00"
12/04/2022,"10,870.86","10,952.19","10,301.56","10,301.56",,,"9,283,100.00"
08/04/2022,"11,114.85","11,250.39","10,843.75","10,843.75",,,"19,874,100.00"
07/04/2022,"11,440.16","11,575.71","11,169.07","11,196.17",,,"11,447,000.00"
06/04/2022,"11,385.94","11,657.03","11,060.63","11,575.71",,,"17,364,200.00"
05/04/2022,"11,657.03","11,765.47","11,548.60","11,548.60",,,"8,153,300.00"
04/04/2022,"11,928.13","12,090.78","11,765.47","11,765.47",,,"14,554,400.00"
01/04/2022,"11,440.16","12,036.57","11,440.16","11,982.35",,,"10,669,800.00"
31/03/2022,"11,765.47","11,819.69","11,521.49","11,602.82",,,"5,699,800.00"
30/03/2022,"11,657.03","11,901.02","11,521.49","11,792.58",,,"7,597,100.00"
29/03/2022,"11,657.03","11,928.13","11,602.82","11,738.36",,,"8,055,300.00"
28/03/2022,"11,928.13","11,928.13","11,575.71","11,602.82",,,"10,414,100.00"
25/03/2022,"11,982.35","12,009.46","11,846.80","11,928.13",,,"4,405,000.00"
24/03/2022,"11,901.02","12,036.57","11,846.80","11,928.13",,,"5,862,200.00"
23/03/2022,"11,982.35","12,199.22","11,901.02","11,901.02",,,"9,140,700.00"
22/03/2022,"11,982.35","12,063.67","11,928.13","11,955.24",,,"14,269,400.00"
21/03/2022,"11,765.47","12,009.46","11,738.36","12,009.46",,,"9,778,000.00"
,,,,,,,
,,,,,,,
SIMPLIZE,,,,,,,
"Số 5 ngõ 316 Lê Trọng Tấn, Phường Khương Mai, Quận Thanh Xuân, TP.Hà Nội
",,,,,,,
Website: simplize.vn,,,,,,,
Email: info@simplize.vn,,,,,,,
Tel: (+84) 38 840 8668,,,,,,,
