Tên công ty,Công ty Cổ phần Chứng khoán SSI,,,,,,
Tên báo cáo,Lịch sử giá,,,,,,
Ngày tải,24/03/2026,,,,,,
,,,,,,,
NGÀY,GIÁ MỞ CỬA,GIÁ CAO NHẤT,GIÁ THẤP NHẤT,GIÁ ĐÓNG CỬA,THAY ĐỔI GIÁ,% THAY ĐỔI,KHỐI LƯỢNG
24/03/2026,"26,250.00","26,500.00","25,850.00","26,050.00",650.00,0.03,"23,446,200.00"
23/03/2026,"26,100.00","26,350.00","25,200.00","25,400.00","-1,550.00",-0.06,"50,940,700.00"
20/03/2026,"26,800.00","27,300.00","26,650.00","26,950.00",-50.00,0.00,"34,786,500.00"
19/03/2026,"27,400.00","27,600.00","26,600.00","27,000.00","-1,000.00",-0.04,"60,356,700.00"
18/03/2026,"28,800.00","28,900.00","27,700.00","28,000.00",-650.00,-0.02,"42,490,600.00"
17/03/2026,"28,800.00","29,450.00","28,650.00","28,650.00",250.00,0.01,"29,267,400.00"
16/03/2026,"28,450.00","29,250.00","28,300.00","28,400.00",0.00,0.00,"26,040,700.00"
13/03/2026,"28,750.00","29,200.00","28,200.00","28,400.00",-750.00,-0.03,"54,940,600.00"
12/03/2026,"29,700.00","30,100.00","28,900.00","29,150.00","-1,100.00",-0.04,"44,112,200.00"
11/03/2026,"29,800.00","30,800.00","29,400.00","30,250.00",600.00,0.02,"39,065,300.00"
10/03/2026,"30,000.00","30,500.00","29,000.00","29,650.00",350.00,0.01,"81,041,100.00"
09/03/2026,"29,300.00","29,450.00","29,300.00","29,300.00","-2,200.00",-0.07,"33,530,000.00"
06/03/2026,"33,100.00","33,200.00","31,500.00","31,500.00","-2,000.00",-0.06,"70,603,700.00"
05/03/2026,"34,300.00","35,000.00","33,500.00","33,500.00",-200.00,-0.01,"83,987,900.00"
04/03/2026,"32,550.00","33,700.00","31,500.00","33,700.00","1,100.00",0.03,"92,511,300.00"
03/03/2026,"32,100.00","33,550.00","32,000.00","32,600.00",750.00,0.02,"70,785,100.00"
02/03/2026,"31,500.00","32,800.00","31,300.00","31,850.00",-550.00,-0.02,"72,555,400.00"
27/02/2026,"32,500.00","32,950.00","32,100.00","32,400.00",0.00,0.00,"37,296,900.00"
26/02/2026,"32,300.00","32,700.00","32,000.00","32,400.00",250.00,0.01,"30,429,600.00"
25/02/2026,"32,000.00","32,700.00","31,800.00","32,150.00",50.00,0.00,"42,664,700.00"
24/02/2026,"31,500.00","32,800.00","31,250.00","32,100.00",500.00,0.02,"46,478,100.00"
23/02/2026,"31,600.00","31,850.00","31,300.00","31,600.00",200.00,0.01,"16,669,300.00"
13/02/2026,"31,100.00","31,550.00","30,900.00","31,400.00",150.00,0.00,"19,533,500.00"
12/02/2026,"31,250.00","31,500.00","31,050.00","31,250.00",50.00,0.00,"11,764,300.00"
11/02/2026,"30,150.00","31,200.00","30,100.00","31,200.00","1,250.00",0.04,"22,738,100.00"
10/02/2026,"29,600.00","30,000.00","29,500.00","29,950.00",350.00,0.01,"19,127,600.00"
09/02/2026,"30,250.00","30,350.00","29,600.00","29,600.00",-300.00,-0.01,"14,650,200.00"
06/02/2026,"30,700.00","31,000.00","29,900.00","29,900.00","-1,100.00",-0.04,"37,356,200.00"
05/02/2026,"31,700.00","31,900.00","31,000.00","31,000.00",-550.00,-0.02,"15,197,700.00"
04/02/2026,"31,400.00","32,500.00","31,350.00","31,550.00",650.00,0.02,"32,382,800.00"
03/02/2026,"31,000.00","31,500.00","30,900.00","30,900.00",100.00,0.00,"27,630,800.00"
02/02/2026,"31,150.00","31,150.00","30,600.00","30,800.00",-350.00,-0.01,"20,335,700.00"
30/01/2026,"31,200.00","31,600.00","31,100.00","31,150.00",0.00,0.00,"18,979,800.00"
29/01/2026,"31,050.00","31,500.00","30,950.00","31,150.00",200.00,0.01,"11,080,700.00"
28/01/2026,"31,000.00","31,400.00","30,500.00","30,950.00",100.00,0.00,"24,978,600.00"
27/01/2026,"31,000.00","31,400.00","30,850.00","30,850.00",-150.00,0.00,"17,981,400.00"
26/01/2026,"31,750.00","32,400.00","30,800.00","31,000.00",-900.00,-0.03,"25,986,500.00"
23/01/2026,"32,200.00","32,700.00","31,800.00","31,900.00",0.00,0.00,"26,072,300.00"
22/01/2026,"32,050.00","32,550.00","31,700.00","31,900.00",200.00,0.01,"23,297,600.00"
21/01/2026,"32,250.00","32,500.00","31,400.00","31,700.00",-900.00,-0.03,"45,564,500.00"
20/01/2026,"33,000.00","33,300.00","32,250.00","32,600.00",-50.00,0.00,"27,568,900.00"
19/01/2026,"32,600.00","33,200.00","32,450.00","32,650.00",0.00,0.00,"23,355,000.00"
16/01/2026,"32,900.00","33,450.00","32,000.00","32,650.00",0.00,0.00,"40,835,700.00"
15/01/2026,"33,300.00","33,800.00","32,350.00","32,650.00",-700.00,-0.02,"42,148,600.00"
14/01/2026,"32,800.00","33,550.00","32,200.00","33,350.00",600.00,0.02,"58,600,100.00"
13/01/2026,"33,550.00","33,900.00","32,650.00","32,750.00",300.00,0.01,"50,152,400.00"
12/01/2026,"30,450.00","32,450.00","30,450.00","32,450.00","2,100.00",0.07,"55,916,600.00"
09/01/2026,"30,950.00","31,050.00","30,300.00","30,350.00",-200.00,-0.01,"29,015,400.00"
08/01/2026,"30,200.00","31,300.00","30,200.00","30,550.00",450.00,0.01,"43,204,100.00"
07/01/2026,"30,000.00","30,500.00","29,750.00","30,100.00",450.00,0.02,"24,638,500.00"
06/01/2026,"29,150.00","29,800.00","28,650.00","29,650.00",500.00,0.02,"24,039,700.00"
05/01/2026,"30,400.00","30,400.00","28,800.00","29,150.00","-1,100.00",-0.04,"31,181,700.00"
31/12/2025,"30,650.00","30,900.00","30,200.00","30,250.00",-350.00,-0.01,"13,612,800.00"
30/12/2025,"30,500.00","30,800.00","30,300.00","30,600.00",100.00,0.00,"11,165,800.00"
29/12/2025,"30,800.00","30,950.00","30,400.00","30,500.00",-250.00,-0.01,"11,999,500.00"
26/12/2025,"30,250.00","31,250.00","29,750.00","30,750.00",250.00,0.01,"31,205,200.00"
25/12/2025,"31,350.00","31,600.00","30,500.00","30,500.00",-850.00,-0.03,"16,892,800.00"
24/12/2025,"30,700.00","31,350.00","30,400.00","31,350.00",550.00,0.02,"22,076,900.00"
23/12/2025,"31,450.00","31,600.00","30,650.00","30,800.00",-650.00,-0.02,"26,174,900.00"
22/12/2025,"30,900.00","31,500.00","30,550.00","31,450.00",650.00,0.02,"29,655,000.00"
19/12/2025,"30,000.00","30,950.00","29,850.00","30,800.00",950.00,0.03,"42,628,200.00"
18/12/2025,"29,650.00","30,100.00","29,350.00","29,850.00",200.00,0.01,"16,276,800.00"
17/12/2025,"30,000.00","30,100.00","29,600.00","29,650.00",-600.00,-0.02,"13,669,700.00"
16/12/2025,"28,600.00","30,350.00","28,000.00","30,250.00","1,850.00",0.07,"32,104,500.00"
15/12/2025,"28,050.00","28,850.00","28,050.00","28,400.00",300.00,0.01,"18,667,300.00"
12/12/2025,"29,300.00","29,400.00","28,000.00","28,100.00",-950.00,-0.03,"21,558,800.00"
11/12/2025,"29,350.00","29,700.00","28,950.00","29,050.00",-200.00,-0.01,"11,688,200.00"
10/12/2025,"29,000.00","29,300.00","28,900.00","29,250.00",500.00,0.02,"12,135,600.00"
09/12/2025,"29,350.00","29,400.00","28,400.00","28,750.00",-650.00,-0.02,"30,826,600.00"
08/12/2025,"30,000.00","30,450.00","29,400.00","29,400.00",0.00,0.00,"31,938,300.00"
05/12/2025,"30,012.60","30,058.14","29,329.46","29,375.00",-550.00,-0.02,"47,912,904.00"
04/12/2025,"29,648.26","30,194.77","29,602.71","29,875.97",450.00,0.01,"34,935,601.00"
03/12/2025,"29,511.63","29,648.26","29,283.91","29,466.09",50.00,0.00,"22,077,808.00"
02/12/2025,"28,874.03","29,557.17","28,874.03","29,420.54",300.00,0.01,"31,439,704.00"
01/12/2025,"30,058.14","30,194.77","29,147.29","29,147.29",-800.00,-0.02,"28,946,513.00"
28/11/2025,"30,194.77","30,468.02","29,648.26","29,875.97",-400.00,-0.01,"27,213,600.00"
27/11/2025,"30,832.36","31,105.62","30,194.77","30,240.31",-800.00,-0.02,"21,424,002.00"
26/11/2025,"30,058.14","31,014.53","30,012.60","30,968.99","1,150.00",0.04,"37,328,149.00"
25/11/2025,"31,105.62","31,242.25","29,693.80","29,921.51","-1,550.00",-0.05,"53,826,510.00"
24/11/2025,"31,515.50","31,788.76","31,242.25","31,333.33",100.00,0.00,"11,833,019.00"
21/11/2025,"31,242.25","31,469.96","31,014.53","31,242.25",-500.00,-0.01,"18,445,610.00"
20/11/2025,"31,561.05","31,834.30","31,105.62","31,697.67",150.00,0.00,"21,863,700.00"
19/11/2025,"32,244.19","32,289.73","31,287.79","31,561.05",-900.00,-0.03,"24,018,604.00"
18/11/2025,"32,289.73","32,745.16","32,062.02","32,380.81",150.00,0.00,"26,411,510.00"
17/11/2025,"31,879.84","32,289.73","31,743.22","32,244.19",450.00,0.01,"16,703,534.00"
14/11/2025,"31,697.67","32,198.64","31,515.50","31,834.30",0.00,0.00,"19,630,001.00"
13/11/2025,"32,380.81","32,380.81","31,697.67","31,834.30",-550.00,-0.02,"21,313,002.00"
12/11/2025,"31,970.93","32,654.07","31,697.67","32,335.27",650.00,0.02,"34,965,501.00"
11/11/2025,"31,060.08","31,834.30","30,695.74","31,743.22","1,250.00",0.04,"30,203,917.00"
10/11/2025,"30,012.60","31,743.22","29,830.43","30,604.65",650.00,0.02,"33,031,201.00"
07/11/2025,"31,105.62","31,151.16","29,921.51","30,012.60","-1,350.00",-0.04,"37,148,100.00"
06/11/2025,"31,879.84","31,925.39","31,014.53","31,242.25",-600.00,-0.02,"23,197,900.00"
05/11/2025,"31,697.67","32,335.27","31,652.13","31,788.76",150.00,0.00,"30,363,402.00"
04/11/2025,"29,511.63","31,652.13","29,238.37","31,652.13","2,250.00",0.07,"58,593,113.00"
03/11/2025,"31,242.25","31,469.96","29,602.71","29,602.71","-1,800.00",-0.05,"50,105,140.00"
31/10/2025,"31,652.13","32,107.56","31,242.25","31,242.25",-550.00,-0.02,"30,316,304.00"
30/10/2025,"32,471.90","32,654.07","31,697.67","31,743.22",-750.00,-0.02,"28,097,301.00"
29/10/2025,"32,745.16","32,972.87","32,426.36","32,426.36",-250.00,-0.01,"23,017,017.00"
28/10/2025,"31,606.59","32,790.70","31,606.59","32,654.07","1,050.00",0.03,"35,014,101.00"
27/10/2025,"33,155.04","33,291.67","31,469.96","31,697.67","-1,200.00",-0.03,"71,537,600.00"
24/10/2025,"33,883.72","34,065.89","32,517.44","32,790.70","-1,500.00",-0.04,"82,075,200.00"
23/10/2025,"35,067.83","35,204.46","34,156.98","34,156.98",-950.00,-0.02,"24,351,102.00"
22/10/2025,"35,341.09","35,341.09","33,883.72","35,022.29",-150.00,0.00,"33,245,901.00"
21/10/2025,"34,566.86","35,978.68","33,656.01","35,158.91",650.00,0.02,"83,262,904.00"
20/10/2025,"37,117.25","38,073.64","34,566.86","34,566.86","-2,850.00",-0.07,"70,786,903.00"
17/10/2025,"37,800.39","38,210.27","37,071.71","37,162.79",-550.00,-0.01,"39,019,301.00"
16/10/2025,"37,982.56","38,483.53","37,481.59","37,663.76",-100.00,0.00,"30,831,804.00"
15/10/2025,"37,436.05","38,028.10","37,208.33","37,754.84",450.00,0.01,"30,234,304.00"
14/10/2025,"38,574.61","39,439.92","37,344.96","37,344.96",-350.00,-0.01,"70,219,205.00"
13/10/2025,"36,570.74","37,982.56","36,434.11","37,663.76",650.00,0.02,"42,363,801.00"
10/10/2025,"37,253.88","37,800.39","36,980.62","37,071.71",50.00,0.00,"30,655,100.00"
09/10/2025,"37,572.67","37,618.22","36,935.08","37,026.16",-550.00,-0.01,"33,531,500.00"
08/10/2025,"38,028.10","38,711.24","36,935.08","37,527.13",400.00,0.01,"53,807,600.00"
07/10/2025,"37,344.96","37,663.76","36,935.08","37,162.79",550.00,0.01,"44,890,800.00"
06/10/2025,"35,067.83","36,661.82","35,022.29","36,661.82","2,600.00",0.07,"53,780,102.00"
03/10/2025,"34,384.69","34,794.57","33,883.72","34,293.60",-200.00,-0.01,"25,177,700.00"
02/10/2025,"35,204.46","35,477.71","34,339.15","34,475.78",-750.00,-0.02,"21,367,600.00"
01/10/2025,"35,386.63","35,705.43","35,022.29","35,158.91",50.00,0.00,"18,967,104.00"
30/09/2025,"34,248.06","35,341.09","33,974.81","35,113.37","1,000.00",0.03,"38,419,001.00"
29/09/2025,"34,657.95","34,794.57","33,883.72","34,202.52",-450.00,-0.01,"34,509,300.00"
26/09/2025,"35,432.17","35,477.71","34,612.40","34,612.40","-1,000.00",-0.03,"40,873,600.00"
25/09/2025,"35,978.68","36,115.31","35,523.26","35,523.26",-250.00,-0.01,"27,331,200.00"
24/09/2025,"35,084.80","35,750.97","34,240.99","35,750.97",850.00,0.02,"36,497,153.00"
23/09/2025,"34,995.98","35,617.74","34,995.98","34,995.98",100.00,0.00,"21,483,501.00"
22/09/2025,"35,973.02","36,195.08","34,818.34","34,907.16","-1,050.00",-0.03,"43,938,602.00"
19/09/2025,"36,417.14","36,639.19","35,839.79","35,839.79",-450.00,-0.01,"27,987,000.00"
18/09/2025,"36,283.90","36,772.43","35,795.38","36,239.49",200.00,0.00,"27,101,000.00"
17/09/2025,"36,772.43","36,994.48","35,973.02","36,061.85","-1,000.00",-0.02,"40,055,400.00"
16/09/2025,"38,193.58","38,193.58","36,950.07","36,950.07",-600.00,-0.01,"39,433,502.00"
15/09/2025,"37,394.18","37,882.70","36,816.84","37,483.00",300.00,0.01,"41,651,003.00"
12/09/2025,"38,060.35","38,104.76","36,905.66","37,216.54",-550.00,-0.01,"34,589,501.00"
11/09/2025,"37,127.71","37,838.29","35,351.27","37,705.06",0.00,0.00,"86,230,602.00"
10/09/2025,"38,015.94","38,548.87","36,994.48","37,705.06",450.00,0.01,"43,410,203.00"
09/09/2025,"36,017.44","37,305.36","34,907.16","37,305.36","1,800.00",0.04,"52,245,901.00"
08/09/2025,"35,795.38","36,950.07","35,617.74","35,706.56",-300.00,-0.01,"72,146,903.00"
05/09/2025,"37,971.53","38,548.87","35,973.02","35,973.02","-1,800.00",-0.04,"51,628,400.00"
04/09/2025,"36,950.07","37,838.29","36,550.37","37,571.83",950.00,0.02,"33,209,209.00"
03/09/2025,"37,483.00","37,882.70","36,328.31","36,728.01",-850.00,-0.02,"54,126,403.00"
29/08/2025,"38,149.17","39,215.04","37,483.00","37,483.00",200.00,0.00,"54,007,304.00"
28/08/2025,"35,973.02","37,305.36","35,662.15","37,305.36","1,750.00",0.04,"54,930,702.00"
27/08/2025,"35,928.61","36,594.78","35,617.74","35,750.97","1,050.00",0.03,"59,925,800.00"
26/08/2025,"32,464.54","34,818.34","32,109.26","34,818.34","2,550.00",0.07,"94,458,400.00"
25/08/2025,"32,331.31","33,574.82","31,842.79","32,553.37",900.00,0.03,"69,623,203.00"
22/08/2025,"32,375.72","32,686.60","31,398.68","31,753.97","-1,300.00",-0.04,"63,827,302.00"
21/08/2025,"32,153.67","33,663.65","32,064.84","32,908.66",950.00,0.03,"74,764,302.00"
20/08/2025,"32,642.19","32,686.60","30,643.69","32,064.84",-650.00,-0.02,"60,341,102.00"
19/08/2025,"31,531.91","33,130.71","31,531.91","32,642.19",950.00,0.03,"61,306,202.00"
18/08/2025,"32,508.96","32,686.60","31,665.14","31,798.38",-750.00,-0.02,"50,458,504.00"
15/08/2025,"33,219.53","33,352.77","32,198.08","32,464.54",-250.00,-0.01,"58,999,103.00"
14/08/2025,"32,864.24","33,574.82","32,064.84","32,686.60",50.00,0.00,"71,443,503.00"
13/08/2025,"32,908.66","32,997.48","31,620.73","32,642.19",0.00,0.00,"67,810,701.00"
12/08/2025,"33,663.65","33,708.06","32,331.31","32,642.19",-750.00,-0.02,"46,729,504.00"
11/08/2025,"31,798.38","33,530.41","31,354.27","33,308.36","2,000.00",0.06,"59,790,503.00"
08/08/2025,"31,709.56","33,041.89","31,176.62","31,531.91",350.00,0.01,"95,558,300.00"
07/08/2025,"31,798.38","31,798.38","30,865.74","31,221.03",-150.00,0.00,"37,210,301.00"
06/08/2025,"30,865.74","31,354.27","30,554.87","31,354.27",650.00,0.02,"50,121,400.00"
05/08/2025,"30,554.87","31,887.20","28,867.24","30,776.92",650.00,0.02,"92,268,406.00"
04/08/2025,"28,867.24","30,199.58","28,778.42","30,199.58",800.00,0.02,"56,726,001.00"
01/08/2025,"30,199.58","30,910.15","29,400.18","29,489.00","-1,000.00",-0.03,"57,108,171.00"
31/07/2025,"30,288.40","30,732.51","29,400.18","30,377.22",300.00,0.01,"49,380,202.00"
30/07/2025,"29,844.29","30,332.81","29,044.89","30,110.75",600.00,0.02,"62,743,901.00"
29/07/2025,"32,064.84","32,153.67","29,577.82","29,577.82","-2,500.00",-0.07,"105,879,100.00"
28/07/2025,"30,910.15","31,842.79","30,599.28","31,798.38","1,800.00",0.05,"49,584,700.00"
25/07/2025,"28,556.36","30,288.40","28,423.13","30,199.58","2,000.00",0.06,"62,201,203.00"
24/07/2025,"28,689.60","28,734.01","27,845.79","28,423.13",-250.00,-0.01,"43,190,300.00"
23/07/2025,"28,689.60","29,622.23","28,334.31","28,645.19",250.00,0.01,"44,349,401.00"
22/07/2025,"27,534.91","28,423.13","27,135.21","28,423.13",650.00,0.02,"62,528,405.00"
21/07/2025,"28,467.54","28,511.95","27,357.26","27,845.79",-450.00,-0.01,"55,133,302.00"
18/07/2025,"28,467.54","28,689.60","27,979.02","28,245.49",-100.00,0.00,"38,374,201.00"
17/07/2025,"28,423.13","28,511.95","27,845.79","28,334.31",300.00,0.01,"49,810,400.00"
16/07/2025,"27,090.80","28,334.31","26,913.15","28,067.84","1,100.00",0.04,"40,162,403.00"
15/07/2025,"26,469.04","28,245.49","26,335.81","27,090.80",750.00,0.03,"62,849,103.00"
14/07/2025,"26,469.04","26,602.27","25,758.46","26,424.63",100.00,0.00,"51,543,704.00"
11/07/2025,"25,714.05","26,646.68","25,714.05","26,335.81",700.00,0.02,"65,221,403.00"
10/07/2025,"25,669.64","25,891.70","25,403.17","25,714.05",400.00,0.01,"53,768,103.00"
09/07/2025,"24,204.07","25,625.23","24,204.07","25,358.76","1,500.00",0.06,"73,314,401.00"
08/07/2025,"23,449.08","24,115.25","23,315.85","24,026.43",750.00,0.03,"65,507,601.00"
07/07/2025,"23,271.44","23,493.49","23,138.20","23,360.26",400.00,0.02,"34,094,103.00"
04/07/2025,"23,004.97","23,227.03","22,738.50","23,004.97",150.00,0.01,"23,299,401.00"
03/07/2025,"22,649.68","23,360.26","22,338.80","22,871.74",250.00,0.01,"60,251,304.00"
02/07/2025,"21,672.64","22,916.15","21,628.23","22,649.68","1,050.00",0.04,"41,300,002.00"
01/07/2025,"21,983.52","22,027.93","21,628.23","21,717.05",-250.00,-0.01,"15,143,304.00"
30/06/2025,"22,205.57","22,338.80","21,939.10","21,939.10",50.00,0.00,"27,890,707.00"
27/06/2025,"21,850.28","22,072.34","21,717.05","21,894.69",150.00,0.01,"19,508,401.00"
26/06/2025,"21,761.46","21,850.28","21,450.58","21,761.46",0.00,0.00,"18,417,103.00"
25/06/2025,"21,628.23","22,027.93","21,494.99","21,761.46",200.00,0.01,"25,856,200.00"
24/06/2025,"21,450.58","21,805.87","21,317.35","21,583.81",550.00,0.02,"48,489,103.00"
23/06/2025,"21,050.88","21,184.11","20,917.65","21,095.29",-250.00,-0.01,"15,771,106.00"
20/06/2025,"21,361.76","21,628.23","21,184.11","21,317.35",100.00,0.00,"25,331,202.00"
19/06/2025,"20,962.06","21,272.94","20,873.24","21,228.53",300.00,0.01,"19,690,201.00"
18/06/2025,"21,184.11","21,272.94","20,962.06","20,962.06",-250.00,-0.01,"22,294,302.00"
17/06/2025,"21,228.53","21,272.94","21,006.47","21,184.11",0.00,0.00,"16,346,701.00"
16/06/2025,"20,517.95","21,184.11","20,517.95","21,184.11",700.00,0.03,"18,588,103.00"
13/06/2025,"20,873.24","20,917.65","20,473.54","20,562.36",-500.00,-0.02,"35,039,900.00"
12/06/2025,"20,962.06","21,184.11","20,917.65","21,006.47",150.00,0.01,"13,812,401.00"
11/06/2025,"20,784.41","20,962.06","20,740.00","20,873.24",150.00,0.01,"13,400,901.00"
10/06/2025,"20,784.41","20,917.65","20,695.59","20,740.00",0.00,0.00,"13,479,504.00"
09/06/2025,"21,006.47","21,050.88","20,740.00","20,740.00",-250.00,-0.01,"15,704,102.00"
06/06/2025,"21,228.53","21,317.35","20,962.06","20,962.06",-350.00,-0.01,"28,288,512.00"
05/06/2025,"21,494.99","21,583.81","21,228.53","21,272.94",-250.00,-0.01,"27,655,303.00"
04/06/2025,"21,939.10","21,939.10","21,450.58","21,494.99",-300.00,-0.01,"19,635,500.00"
03/06/2025,"21,406.17","22,072.34","21,406.17","21,761.46",800.00,0.03,"58,587,502.00"
02/06/2025,"20,740.00","21,050.88","20,740.00","21,050.88",250.00,0.01,"15,057,802.00"
30/05/2025,"20,873.24","21,272.94","20,784.41","20,828.83",-50.00,0.00,"19,752,200.00"
29/05/2025,"21,184.11","21,228.53","20,873.24","20,873.24",-200.00,-0.01,"14,889,300.00"
28/05/2025,"21,272.94","21,494.99","20,917.65","21,050.88",0.00,0.00,"26,200,301.00"
27/05/2025,"21,050.88","21,317.35","20,873.24","21,050.88",100.00,0.00,"24,465,300.00"
26/05/2025,"20,828.83","20,962.06","20,251.48","20,962.06",250.00,0.01,"20,992,802.00"
23/05/2025,"20,784.41","20,917.65","20,651.18","20,740.00",0.00,0.00,"16,226,300.00"
22/05/2025,"20,740.00","21,228.53","20,651.18","20,740.00",0.00,0.00,"27,664,700.00"
21/05/2025,"20,917.65","21,050.88","20,651.18","20,740.00",-150.00,-0.01,"24,381,300.00"
20/05/2025,"20,784.41","21,006.47","20,695.59","20,873.24",150.00,0.01,"15,335,600.00"
19/05/2025,"20,917.65","21,050.88","20,740.00","20,740.00",-350.00,-0.01,"19,744,400.00"
16/05/2025,"21,272.94","21,672.64","21,050.88","21,050.88",-200.00,-0.01,"30,215,900.00"
15/05/2025,"21,450.58","21,539.40","21,184.11","21,228.53",0.00,0.00,"23,847,300.00"
14/05/2025,"20,828.83","21,494.99","20,695.59","21,228.53",500.00,0.02,"36,621,500.00"
13/05/2025,"20,917.65","21,228.53","20,740.00","20,784.41",200.00,0.01,"25,553,903.00"
12/05/2025,"20,517.95","20,606.77","20,295.89","20,606.77",250.00,0.01,"20,022,508.00"
09/05/2025,"20,606.77","20,695.59","20,340.30","20,384.71",-150.00,-0.01,"15,341,501.00"
08/05/2025,"20,384.71","20,695.59","20,207.07","20,517.95",250.00,0.01,"18,519,001.00"
07/05/2025,"20,562.36","20,562.36","20,207.07","20,295.89",-300.00,-0.01,"18,887,200.00"
06/05/2025,"20,606.77","20,873.24","20,517.95","20,562.36",50.00,0.00,"21,675,001.00"
05/05/2025,"20,784.41","20,828.83","20,429.13","20,517.95",150.00,0.01,"9,334,502.00"
29/04/2025,"20,562.36","20,562.36","20,384.71","20,384.71",-100.00,0.00,"10,448,300.00"
28/04/2025,"20,340.30","20,562.36","20,251.48","20,473.54",250.00,0.01,"12,570,401.00"
25/04/2025,"20,606.77","20,606.77","20,251.48","20,251.48",-200.00,-0.01,"15,942,302.00"
24/04/2025,"20,340.30","20,562.36","20,118.25","20,429.13",250.00,0.01,"18,446,001.00"
23/04/2025,"20,384.71","20,384.71","20,073.84","20,207.07",500.00,0.02,"13,492,901.00"
22/04/2025,"19,985.01","20,340.30","18,919.15","19,762.96",-650.00,-0.03,"48,632,202.00"
21/04/2025,"20,784.41","20,873.24","20,295.89","20,340.30",-450.00,-0.02,"19,509,604.00"
18/04/2025,"20,695.59","21,272.94","20,651.18","20,740.00",250.00,0.01,"26,998,502.00"
17/04/2025,"20,251.48","20,740.00","20,251.48","20,517.95",100.00,0.00,"20,133,801.00"
16/04/2025,"20,784.41","20,962.06","20,429.13","20,429.13",-300.00,-0.01,"19,064,601.00"
15/04/2025,"21,139.70","21,317.35","20,606.77","20,695.59",-800.00,-0.03,"27,150,501.00"
14/04/2025,"21,050.88","21,406.17","20,784.41","21,406.17",650.00,0.03,"36,800,403.00"
11/04/2025,"20,429.13","20,828.83","19,896.19","20,828.83","1,450.00",0.07,"65,051,201.00"
10/04/2025,"19,540.90","19,540.90","19,540.90","19,540.90","1,400.00",0.07,"7,969,200.00"
09/04/2025,"18,297.39","19,585.31","18,297.39","18,297.39","-1,500.00",-0.07,"73,750,900.00"
08/04/2025,"20,429.13","20,517.95","19,629.72","19,629.72","-1,650.00",-0.07,"33,284,005.00"
04/04/2025,"20,340.30","21,184.11","20,340.30","21,095.29",-850.00,-0.03,"82,144,001.00"
03/04/2025,"22,383.22","22,916.15","21,850.28","21,850.28","-1,850.00",-0.07,"54,355,802.00"
02/04/2025,"23,227.03","23,537.91","23,182.62","23,493.49",400.00,0.02,"15,569,002.00"
01/04/2025,"23,271.44","23,315.85","22,916.15","23,138.20",50.00,0.00,"18,403,501.00"
31/03/2025,"23,227.03","23,404.67","23,093.79","23,093.79",-350.00,-0.01,"19,494,502.00"
28/03/2025,"23,404.67","23,582.32","23,138.20","23,404.67",50.00,0.00,"17,729,601.00"
27/03/2025,"23,537.91","23,626.73","23,360.26","23,360.26",-200.00,-0.01,"15,221,897.00"
26/03/2025,"23,893.19","24,026.43","23,449.08","23,537.91",-400.00,-0.01,"26,490,401.00"
25/03/2025,"24,248.48","24,381.72","23,893.19","23,893.19",-250.00,-0.01,"24,048,701.00"
24/03/2025,"23,759.96","24,115.25","23,537.91","24,115.25",550.00,0.02,"24,864,800.00"
21/03/2025,"23,626.73","23,848.78","23,537.91","23,626.73",50.00,0.00,"21,500,001.00"
20/03/2025,"23,671.14","23,848.78","23,449.08","23,582.32",0.00,0.00,"24,589,602.00"
19/03/2025,"23,715.55","23,848.78","23,537.91","23,582.32",-250.00,-0.01,"24,310,901.00"
18/03/2025,"24,070.84","24,381.72","23,804.37","23,804.37",-200.00,-0.01,"33,898,007.00"
17/03/2025,"24,070.84","24,115.25","23,848.78","23,982.02",50.00,0.00,"18,849,302.00"
14/03/2025,"23,982.02","24,159.66","23,804.37","23,937.61",0.00,0.00,"33,467,802.00"
13/03/2025,"23,759.96","24,337.31","23,493.49","23,937.61",250.00,0.01,"50,816,001.00"
12/03/2025,"23,848.78","23,937.61","23,582.32","23,715.55",0.00,0.00,"31,884,200.00"
11/03/2025,"23,404.67","23,715.55","23,404.67","23,715.55",50.00,0.00,"26,426,501.00"
10/03/2025,"23,982.02","24,204.07","23,537.91","23,671.14",-250.00,-0.01,"46,042,300.00"
07/03/2025,"24,070.84","24,115.25","23,804.37","23,893.19",0.00,0.00,"24,616,802.00"
06/03/2025,"23,271.44","23,937.61","23,271.44","23,893.19",800.00,0.03,"44,988,801.00"
05/03/2025,"23,449.08","23,671.14","23,182.62","23,182.62",-250.00,-0.01,"27,564,200.00"
04/03/2025,"23,493.49","23,626.73","23,182.62","23,404.67",-250.00,-0.01,"24,072,402.00"
03/03/2025,"23,360.26","23,804.37","23,227.03","23,626.73",300.00,0.01,"26,950,102.00"
28/02/2025,"23,271.44","23,804.37","23,271.44","23,360.26",200.00,0.01,"41,880,001.00"
27/02/2025,"23,049.38","23,182.62","22,738.50","23,182.62",250.00,0.01,"19,001,304.00"
26/02/2025,"22,960.56","23,182.62","22,738.50","22,960.56",0.00,0.00,"25,212,900.00"
25/02/2025,"23,004.97","23,271.44","22,871.74","22,960.56",0.00,0.00,"29,294,102.00"
24/02/2025,"22,472.04","22,960.56","22,427.63","22,960.56",500.00,0.02,"25,313,003.00"
21/02/2025,"22,383.22","22,560.86","22,338.80","22,516.45",100.00,0.00,"11,577,200.00"
20/02/2025,"22,605.27","22,694.09","22,427.63","22,427.63",-100.00,0.00,"13,806,601.00"
19/02/2025,"22,427.63","22,560.86","22,249.98","22,516.45",200.00,0.01,"15,517,002.00"
18/02/2025,"22,294.39","22,472.04","22,205.57","22,338.80",150.00,0.01,"9,865,101.00"
17/02/2025,"22,116.75","22,516.45","22,027.93","22,205.57",100.00,0.00,"18,488,602.00"
14/02/2025,"22,205.57","22,472.04","22,116.75","22,116.75",100.00,0.00,"16,151,100.00"
13/02/2025,"21,983.52","22,116.75","21,939.10","22,027.93",50.00,0.00,"7,513,300.00"
12/02/2025,"22,027.93","22,249.98","21,983.52","21,983.52",50.00,0.00,"6,964,801.00"
11/02/2025,"22,161.16","22,205.57","21,894.69","21,939.10",-200.00,-0.01,"13,790,400.00"
10/02/2025,"22,161.16","22,338.80","21,894.69","22,116.75",-100.00,0.00,"15,857,201.00"
07/02/2025,"22,249.98","22,383.22","22,161.16","22,205.57",-50.00,0.00,"8,880,201.00"
06/02/2025,"22,383.22","22,560.86","22,249.98","22,249.98",0.00,0.00,"9,261,600.00"
05/02/2025,"22,605.27","22,605.27","22,249.98","22,249.98",-250.00,-0.01,"9,947,203.00"
04/02/2025,"22,116.75","22,605.27","22,027.93","22,472.04",500.00,0.02,"15,668,800.00"
03/02/2025,"22,072.34","22,249.98","21,983.52","22,027.93",-450.00,-0.02,"12,877,000.00"
24/01/2025,"22,294.39","22,427.63","22,205.57","22,427.63",100.00,0.00,"9,711,000.00"
23/01/2025,"21,717.05","22,427.63","21,717.05","22,338.80",750.00,0.03,"18,477,201.00"
22/01/2025,"21,761.46","21,983.52","21,672.64","21,672.64",-50.00,0.00,"9,555,200.00"
21/01/2025,"21,805.87","22,027.93","21,672.64","21,717.05",-50.00,0.00,"8,617,930.00"
20/01/2025,"21,894.69","21,894.69","21,628.23","21,761.46",-50.00,0.00,"7,431,800.00"
17/01/2025,"21,672.64","21,850.28","21,539.40","21,805.87",150.00,0.01,"8,603,624.00"
16/01/2025,"21,672.64","22,383.22","21,583.81","21,672.64",250.00,0.01,"18,541,100.00"
15/01/2025,"21,450.58","21,628.23","21,317.35","21,450.58",200.00,0.01,"9,867,500.00"
14/01/2025,"21,494.99","21,494.99","21,228.53","21,272.94",-200.00,-0.01,"8,104,900.00"
13/01/2025,"20,917.65","21,583.81","20,917.65","21,450.58",450.00,0.02,"10,895,100.00"
10/01/2025,"21,583.81","21,805.87","20,873.24","21,050.88",-700.00,-0.03,"21,372,701.00"
09/01/2025,"21,939.10","22,161.16","21,672.64","21,672.64",-300.00,-0.01,"9,307,600.00"
08/01/2025,"21,761.46","22,027.93","21,717.05","21,939.10",150.00,0.01,"9,369,401.00"
07/01/2025,"22,516.45","22,516.45","21,761.46","21,805.87",-350.00,-0.01,"18,608,600.00"
06/01/2025,"22,516.45","22,649.68","22,072.34","22,116.75",-450.00,-0.02,"9,985,000.00"
03/01/2025,"23,004.97","23,049.38","22,516.45","22,516.45",-600.00,-0.02,"18,194,901.00"
02/01/2025,"23,138.20","23,404.67","23,004.97","23,049.38",-100.00,0.00,"8,938,200.00"
31/12/2024,"23,493.49","23,493.49","23,138.20","23,138.20",-400.00,-0.02,"8,264,000.00"
30/12/2024,"23,626.73","23,893.19","23,493.49","23,493.49",-150.00,-0.01,"11,494,000.00"
27/12/2024,"23,449.08","23,715.55","23,360.26","23,626.73",250.00,0.01,"16,346,901.00"
26/12/2024,"23,537.91","23,626.73","23,404.67","23,404.67",-200.00,-0.01,"8,764,400.00"
25/12/2024,"23,093.79","23,759.96","23,004.97","23,582.32",600.00,0.02,"28,021,101.00"
24/12/2024,"22,960.56","23,049.38","22,649.68","23,049.38",100.00,0.00,"17,389,200.00"
23/12/2024,"23,271.44","23,360.26","22,960.56","22,960.56",-400.00,-0.02,"7,842,606.00"
20/12/2024,"23,182.62","23,315.85","23,004.97","23,315.85",50.00,0.00,"12,587,802.00"
19/12/2024,"22,916.15","23,271.44","22,605.27","23,271.44",0.00,0.00,"30,712,702.00"
18/12/2024,"23,093.79","23,271.44","22,916.15","23,271.44",200.00,0.01,"8,143,300.00"
17/12/2024,"23,182.62","23,227.03","22,960.56","23,093.79",-100.00,0.00,"6,199,401.00"
16/12/2024,"23,004.97","23,271.44","22,871.74","23,182.62",300.00,0.01,"14,599,301.00"
13/12/2024,"23,049.38","23,093.79","22,827.33","22,916.15",-200.00,-0.01,"11,018,901.00"
12/12/2024,"23,182.62","23,493.49","23,093.79","23,093.79",-150.00,-0.01,"12,567,000.00"
11/12/2024,"23,360.26","23,449.08","23,049.38","23,227.03",-100.00,0.00,"12,560,400.00"
10/12/2024,"23,227.03","23,449.08","23,093.79","23,315.85",50.00,0.00,"12,619,102.00"
09/12/2024,"23,360.26","23,449.08","23,093.79","23,271.44",-150.00,-0.01,"18,860,201.00"
06/12/2024,"23,093.79","23,493.49","22,916.15","23,404.67",650.00,0.03,"33,824,400.00"
05/12/2024,"21,406.17","22,827.33","21,006.47","22,827.33","1,650.00",0.07,"37,465,301.00"
04/12/2024,"21,539.40","21,583.81","21,317.35","21,361.76",-250.00,-0.01,"9,339,306.00"
03/12/2024,"21,717.05","21,761.46","21,539.40","21,583.81",-150.00,-0.01,"15,257,003.00"
02/12/2024,"21,850.28","21,983.52","21,583.81","21,717.05",-100.00,0.00,"8,221,901.00"
29/11/2024,"21,583.81","21,894.69","21,494.99","21,805.87",250.00,0.01,"9,018,200.00"
28/11/2024,"21,717.05","21,805.87","21,539.40","21,583.81",0.00,0.00,"8,487,700.00"
27/11/2024,"21,850.28","21,939.10","21,539.40","21,583.81",-300.00,-0.01,"9,322,903.00"
26/11/2024,"21,850.28","22,116.75","21,761.46","21,850.28",100.00,0.00,"9,334,301.00"
25/11/2024,"21,672.64","21,761.46","21,494.99","21,761.46",150.00,0.01,"10,156,701.00"
22/11/2024,"21,761.46","21,850.28","21,539.40","21,628.23",-250.00,-0.01,"12,804,201.00"
21/11/2024,"21,583.81","21,894.69","21,361.76","21,850.28",300.00,0.01,"14,195,600.00"
20/11/2024,"21,228.53","21,939.10","21,095.29","21,583.81",450.00,0.02,"17,961,702.00"
19/11/2024,"21,628.23","21,761.46","21,139.70","21,184.11",-450.00,-0.02,"10,705,302.00"
18/11/2024,"21,272.94","21,850.28","21,139.70","21,583.81",350.00,0.01,"24,877,000.00"
15/11/2024,"21,939.10","21,939.10","21,139.70","21,272.94",-750.00,-0.03,"25,501,803.00"
14/11/2024,"22,605.27","22,605.27","21,894.69","21,939.10",-750.00,-0.03,"12,754,600.00"
13/11/2024,"22,827.33","22,827.33","22,427.63","22,605.27",-250.00,-0.01,"12,558,200.00"
12/11/2024,"22,916.15","23,227.03","22,694.09","22,827.33",0.00,0.00,"10,035,101.00"
11/11/2024,"23,182.62","23,182.62","22,694.09","22,827.33",-400.00,-0.02,"12,836,506.00"
08/11/2024,"23,404.67","23,493.49","23,138.20","23,182.62",-250.00,-0.01,"7,740,002.00"
07/11/2024,"23,671.14","23,715.55","23,404.67","23,404.67",-100.00,0.00,"5,991,001.00"
06/11/2024,"23,360.26","23,626.73","23,271.44","23,493.49",300.00,0.01,"10,676,501.00"
05/11/2024,"23,315.85","23,493.49","23,227.03","23,227.03",-100.00,0.00,"3,227,600.00"
04/11/2024,"23,271.44","23,582.32","23,004.97","23,315.85",50.00,0.00,"13,413,502.00"
01/11/2024,"23,537.91","23,537.91","23,138.20","23,271.44",-400.00,-0.02,"8,377,204.00"
31/10/2024,"23,404.67","23,626.73","23,360.26","23,626.73",250.00,0.01,"7,085,500.00"
30/10/2024,"23,804.37","23,848.78","23,271.44","23,404.67",-350.00,-0.01,"9,615,802.00"
29/10/2024,"23,848.78","23,982.02","23,715.55","23,715.55",-100.00,0.00,"5,358,800.00"
28/10/2024,"23,671.14","23,982.02","23,671.14","23,804.37",100.00,0.00,"6,128,802.00"
25/10/2024,"23,804.37","23,893.19","23,715.55","23,715.55",-100.00,0.00,"7,953,401.00"
24/10/2024,"23,893.19","24,070.84","23,804.37","23,804.37",-100.00,0.00,"11,773,001.00"
23/10/2024,"23,804.37","23,982.02","23,715.55","23,893.19",200.00,0.01,"8,135,506.00"
22/10/2024,"23,804.37","24,159.66","23,715.55","23,715.55",-200.00,-0.01,"15,345,801.00"
21/10/2024,"24,292.89","24,337.31","23,893.19","23,893.19",-450.00,-0.02,"11,792,202.00"
18/10/2024,"24,470.54","24,648.18","24,292.89","24,292.89",-100.00,0.00,"11,887,216.00"
17/10/2024,"24,115.25","24,381.72","23,937.61","24,381.72",350.00,0.01,"11,043,706.00"
16/10/2024,"24,026.43","24,381.72","24,026.43","24,070.84",-150.00,-0.01,"9,811,404.00"
15/10/2024,"24,559.36","24,781.42","24,204.07","24,204.07",-400.00,-0.01,"12,559,004.00"
14/10/2024,"24,603.77","24,870.24","24,426.13","24,559.36",200.00,0.01,"12,591,701.00"
11/10/2024,"24,559.36","24,559.36","24,292.89","24,381.72",-100.00,0.00,"8,286,228.00"
10/10/2024,"24,426.13","24,692.59","24,292.89","24,470.54",250.00,0.01,"14,886,359.00"
09/10/2024,"24,292.89","24,514.95","24,070.84","24,248.48",-100.00,0.00,"17,240,456.00"
08/10/2024,"24,648.18","24,781.42","24,292.89","24,337.31",-200.00,-0.01,"12,340,441.00"
07/10/2024,"24,426.13","24,514.95","24,204.07","24,514.95",300.00,0.01,"9,644,300.00"
04/10/2024,"24,470.54","24,692.59","24,248.48","24,248.48",-250.00,-0.01,"8,506,100.00"
03/10/2024,"24,514.95","24,825.83","24,292.89","24,470.54",-50.00,0.00,"12,830,600.00"
02/10/2024,"24,514.95","24,692.59","24,426.13","24,514.95",-200.00,-0.01,"11,820,100.00"
01/10/2024,"24,870.24","25,181.12","24,692.59","24,692.59",-100.00,0.00,"14,445,301.00"
30/09/2024,"24,426.13","25,003.47","24,204.07","24,781.42",300.00,0.01,"12,749,427.00"
27/09/2024,"24,426.13","24,648.18","24,337.31","24,514.95",100.00,0.00,"12,860,203.00"
26/09/2024,"24,381.72","24,603.77","24,292.89","24,426.13",50.00,0.00,"15,805,120.00"
25/09/2024,"23,759.96","24,514.95","23,715.55","24,381.72",850.00,0.03,"30,027,934.00"
24/09/2024,"23,671.14","23,671.14","23,449.08","23,626.73",0.00,0.00,"8,610,901.00"
23/09/2024,"23,848.78","23,937.61","23,493.49","23,626.73",350.00,0.01,"19,533,700.00"
20/09/2024,"23,437.45","23,472.12","23,160.08","23,298.77",0.00,0.00,"32,176,103.00"
19/09/2024,"23,402.78","23,506.79","23,264.10","23,298.77",200.00,0.01,"24,638,017.00"
18/09/2024,"22,813.38","23,402.78","22,744.04","23,160.08",700.00,0.02,"28,651,138.00"
17/09/2024,"22,258.64","22,674.69","22,223.97","22,674.69",600.00,0.02,"9,660,811.00"
16/09/2024,"22,397.33","22,640.02","22,223.97","22,258.64",-200.00,-0.01,"9,582,803.00"
13/09/2024,"22,397.33","22,674.69","22,258.64","22,397.33",50.00,0.00,"13,242,626.00"
12/09/2024,"22,674.69","22,709.36","22,362.66","22,362.66",-250.00,-0.01,"6,160,674.00"
11/09/2024,"22,466.67","22,605.35","22,085.29","22,536.01",100.00,0.00,"10,551,258.00"
10/09/2024,"22,952.06","23,125.41","22,189.30","22,466.67",-500.00,-0.02,"13,278,415.00"
09/09/2024,"23,021.40","23,125.41","22,778.71","22,813.38",-500.00,-0.01,"10,104,904.00"
06/09/2024,"22,952.06","23,160.08","22,744.04","23,160.08",300.00,0.01,"10,838,100.00"
05/09/2024,"23,229.43","23,402.78","22,813.38","22,952.06",-50.00,0.00,"9,840,988.00"
04/09/2024,"22,986.73","23,194.76","22,882.72","22,986.73",-550.00,-0.02,"10,057,721.00"
30/08/2024,"23,472.12","23,576.13","23,333.44","23,368.11",-250.00,-0.01,"8,741,802.00"
29/08/2024,"23,645.48","23,714.82","23,402.78","23,541.46",-100.00,0.00,"8,714,350.00"
28/08/2024,"23,229.43","23,749.49","22,986.73","23,610.81",650.00,0.02,"20,047,944.00"
27/08/2024,"23,264.10","23,506.79","23,160.08","23,160.08",-550.00,-0.02,"10,324,221.00"
26/08/2024,"23,506.79","23,784.16","23,298.77","23,541.46",350.00,0.01,"19,861,247.00"
23/08/2024,"23,021.40","23,506.79","22,709.36","23,298.77",500.00,0.02,"31,977,766.00"
22/08/2024,"22,917.39","23,056.07","22,674.69","22,952.06",50.00,0.00,"10,210,769.00"
21/08/2024,"22,640.02","22,917.39","22,501.34","22,917.39",400.00,0.01,"28,951,144.00"
20/08/2024,"22,466.67","22,848.05","22,397.33","22,640.02",250.00,0.01,"14,666,529.00"
19/08/2024,"22,882.72","22,882.72","22,466.67","22,466.67",-300.00,-0.01,"24,891,329.00"
16/08/2024,"21,669.24","22,674.69","21,599.90","22,674.69","1,800.00",0.06,"27,391,456.00"
15/08/2024,"21,773.25","21,877.27","21,357.20","21,426.55",-500.00,-0.02,"9,340,230.00"
14/08/2024,"22,050.62","22,085.29","21,703.91","21,773.25",-300.00,-0.01,"7,222,124.00"
13/08/2024,"22,154.63","22,154.63","21,669.24","21,981.28",-300.00,-0.01,"9,442,101.00"
12/08/2024,"21,911.94","22,189.30","21,634.57","22,189.30",700.00,0.02,"11,074,902.00"
09/08/2024,"21,183.85","21,911.94","21,010.50","21,703.91","1,300.00",0.04,"14,921,401.00"
08/08/2024,"21,010.50","21,287.86","20,733.13","20,802.47",-600.00,-0.02,"11,170,001.00"
07/08/2024,"21,426.55","21,426.55","20,975.83","21,218.52",0.00,0.00,"7,227,000.00"
06/08/2024,"21,010.50","21,495.89","20,559.78","21,218.52","1,000.00",0.03,"17,136,000.00"
05/08/2024,"21,253.19","21,357.20","20,525.11","20,525.11","-1,650.00",-0.05,"22,226,301.00"
02/08/2024,"20,698.46","21,738.58","20,629.12","21,669.24",950.00,0.03,"15,346,200.00"
01/08/2024,"22,258.64","22,258.64","20,802.47","21,010.50","-1,500.00",-0.05,"23,876,700.00"
31/07/2024,"22,327.99","22,397.33","21,981.28","22,050.62",-150.00,0.00,"9,386,502.00"
30/07/2024,"22,327.99","22,466.67","22,119.96","22,154.63",-250.00,-0.01,"5,987,100.00"
29/07/2024,"22,432.00","22,570.68","22,327.99","22,327.99",100.00,0.00,"7,991,701.00"
26/07/2024,"22,258.64","22,397.33","22,119.96","22,258.64",200.00,0.01,"6,997,600.00"
25/07/2024,"22,397.33","22,640.02","22,050.62","22,119.96","-1,000.00",-0.03,"16,462,301.00"
24/07/2024,"23,333.44","23,506.79","22,154.63","22,813.38",-950.00,-0.03,"21,938,001.00"
23/07/2024,"24,026.85","24,096.20","23,472.12","23,472.12",-800.00,-0.02,"12,721,502.00"
22/07/2024,"24,096.20","24,304.22","23,680.15","24,026.85",-150.00,0.00,"12,441,600.00"
19/07/2024,"24,061.53","24,408.23","23,922.84","24,130.87",450.00,0.01,"17,264,643.00"
18/07/2024,"23,818.83","23,853.50","23,437.45","23,818.83",200.00,0.01,"9,452,677.00"
17/07/2024,"23,992.18","24,234.88","23,541.46","23,680.15",-250.00,-0.01,"14,342,225.00"
16/07/2024,"23,922.84","24,269.55","23,818.83","23,853.50",100.00,0.00,"7,479,356.00"
15/07/2024,"24,061.53","24,061.53","23,784.16","23,784.16",-150.00,0.00,"3,953,584.00"
12/07/2024,"24,130.87","24,200.21","23,888.17","23,888.17",-350.00,-0.01,"5,109,319.00"
11/07/2024,"23,992.18","24,373.56","23,888.17","24,130.87",450.00,0.01,"11,001,210.00"
10/07/2024,"24,061.53","24,096.20","23,818.83","23,818.83",-300.00,-0.01,"5,763,846.00"
09/07/2024,"23,992.18","24,200.21","23,784.16","24,026.85",100.00,0.00,"10,076,367.00"
08/07/2024,"24,130.87","24,304.22","23,853.50","23,957.51",-100.00,0.00,"7,694,360.00"
05/07/2024,"23,853.50","24,026.85","23,680.15","24,026.85",250.00,0.01,"7,440,352.00"
04/07/2024,"23,888.17","24,130.87","23,784.16","23,853.50",-50.00,0.00,"5,766,185.00"
03/07/2024,"23,818.83","23,992.18","23,818.83","23,888.17",100.00,0.00,"5,952,679.00"
02/07/2024,"23,610.81","23,818.83","23,506.79","23,818.83",450.00,0.01,"7,213,790.00"
01/07/2024,"23,610.81","23,645.48","23,194.76","23,506.79",-50.00,0.00,"7,954,886.00"
28/06/2024,"23,784.16","23,888.17","23,402.78","23,541.46",-350.00,-0.01,"11,362,680.00"
27/06/2024,"23,784.16","23,957.51","23,645.48","23,784.16",-100.00,0.00,"5,308,782.00"
26/06/2024,"23,957.51","24,026.85","23,298.77","23,853.50",-150.00,0.00,"11,615,179.00"
25/06/2024,"23,992.18","24,165.54","23,853.50","23,957.51",-50.00,0.00,"6,556,647.00"
24/06/2024,"24,581.59","24,616.26","23,714.82","23,992.18",-900.00,-0.03,"27,686,128.00"
21/06/2024,"24,824.28","24,962.97","24,616.26","24,616.26",-400.00,-0.01,"9,055,192.00"
20/06/2024,"25,101.65","25,170.99","24,546.92","24,893.62",-300.00,-0.01,"14,275,064.00"
19/06/2024,"25,101.65","25,170.99","24,824.28","25,101.65",100.00,0.00,"9,769,112.00"
18/06/2024,"25,032.31","25,170.99","24,858.95","25,032.31",200.00,0.01,"9,692,800.00"
17/06/2024,"24,962.97","25,136.32","24,789.61","24,893.62",-200.00,-0.01,"12,551,300.00"
14/06/2024,"25,448.36","25,795.06","25,032.31","25,032.31",-400.00,-0.01,"26,997,800.00"
13/06/2024,"25,517.70","25,587.04","25,205.66","25,309.67",-100.00,0.00,"13,008,300.00"
12/06/2024,"24,858.95","25,379.02","24,824.28","25,379.02",800.00,0.02,"27,743,600.00"
11/06/2024,"24,616.26","24,824.28","24,442.90","24,824.28",450.00,0.01,"14,845,380.00"
10/06/2024,"24,616.26","24,824.28","24,512.25","24,512.25",-100.00,0.00,"13,313,300.00"
07/06/2024,"24,720.27","24,720.27","24,477.57","24,581.59",50.00,0.00,"6,447,959.00"
06/06/2024,"24,685.60","24,720.27","24,408.23","24,546.92",0.00,0.00,"8,633,669.00"
05/06/2024,"24,581.59","24,824.28","24,546.92","24,546.92",0.00,0.00,"14,108,769.00"
04/06/2024,"24,546.92","24,893.62","24,512.25","24,546.92",0.00,0.00,"11,440,422.00"
03/06/2024,"24,269.55","24,685.60","24,269.55","24,546.92",700.00,0.02,"12,536,461.00"
31/05/2024,"24,165.54","24,269.55","23,992.18","24,061.53",-150.00,0.00,"8,441,472.00"
30/05/2024,"24,269.55","24,304.22","23,784.16","24,165.54",-350.00,-0.01,"18,861,740.00"
29/05/2024,"24,789.61","24,893.62","24,338.89","24,408.23",-400.00,-0.01,"13,092,219.00"
28/05/2024,"24,477.57","24,685.60","24,373.56","24,685.60",500.00,0.01,"13,044,197.00"
27/05/2024,"24,442.90","24,616.26","24,130.87","24,338.89",-150.00,0.00,"16,841,437.00"
24/05/2024,"25,170.99","25,275.00","24,130.87","24,442.90","-1,450.00",-0.04,"28,294,976.00"
23/05/2024,"25,240.33","25,448.36","24,858.95","25,448.36",250.00,0.01,"16,929,282.00"
22/05/2024,"25,517.70","25,899.08","25,240.33","25,275.00",-350.00,-0.01,"22,838,078.00"
21/05/2024,"25,344.34","25,517.70","25,170.99","25,517.70",150.00,0.00,"14,724,515.00"
20/05/2024,"25,379.02","25,725.72","25,309.67","25,413.69",250.00,0.01,"19,965,323.00"
17/05/2024,"25,032.31","25,379.02","24,928.30","25,240.33",300.00,0.01,"15,902,721.00"
16/05/2024,"25,205.66","25,240.33","24,997.64","25,032.31",150.00,0.00,"13,915,937.00"
15/05/2024,"24,754.94","25,170.99","24,616.26","24,928.30",450.00,0.01,"20,993,644.00"
14/05/2024,"24,720.27","24,893.62","24,512.25","24,616.26",-100.00,0.00,"7,029,106.00"
13/05/2024,"24,720.27","24,893.62","24,442.90","24,685.60",150.00,0.00,"11,272,860.00"
10/05/2024,"24,477.57","24,616.26","24,269.55","24,581.59",250.00,0.01,"12,118,523.00"
09/05/2024,"24,858.95","24,893.62","24,304.22","24,408.23",-450.00,-0.01,"15,362,916.00"
08/05/2024,"24,408.23","24,893.62","24,338.89","24,720.27",100.00,0.00,"13,710,900.00"
07/05/2024,"24,824.28","24,962.97","24,546.92","24,650.93",-100.00,0.00,"8,273,300.00"
06/05/2024,"24,269.55","24,997.64","24,234.88","24,720.27","1,000.00",0.03,"16,789,604.00"
03/05/2024,"24,338.89","24,477.57","23,992.18","24,026.85",-50.00,0.00,"9,363,903.00"
02/05/2024,"24,408.23","24,477.57","23,784.16","24,061.53",-500.00,-0.01,"12,247,400.00"
26/04/2024,"24,165.54","24,512.25","24,061.53","24,408.23",-150.00,0.00,"14,269,800.00"
25/04/2024,"24,720.27","24,720.27","24,338.89","24,512.25",-300.00,-0.01,"10,578,200.00"
24/04/2024,"24,269.55","24,928.30","24,200.21","24,720.27","1,150.00",0.03,"21,326,801.00"
23/04/2024,"24,338.89","24,477.57","23,784.16","23,922.84",-600.00,-0.02,"16,741,600.00"
22/04/2024,"23,714.82","24,616.26","23,541.46","24,338.89","1,900.00",0.06,"19,519,701.00"
19/04/2024,"23,541.46","24,130.87","22,917.39","23,021.40","-1,200.00",-0.03,"29,562,900.00"
17/04/2024,"24,581.59","24,616.26","23,853.50","23,853.50",-800.00,-0.02,"14,008,602.00"
16/04/2024,"24,338.89","24,477.57","23,645.48","24,408.23",250.00,0.01,"32,965,063.00"
15/04/2024,"25,864.41","26,107.10","24,234.88","24,234.88","-2,600.00",-0.07,"29,936,900.00"
12/04/2024,"25,899.08","26,211.11","25,691.05","26,037.76",400.00,0.01,"19,498,500.00"
11/04/2024,"25,344.34","25,933.75","25,344.34","25,760.39",200.00,0.01,"11,888,000.00"
10/04/2024,"26,072.43","26,072.43","25,621.71","25,621.71",-550.00,-0.01,"8,525,400.00"
09/04/2024,"25,587.04","26,003.09","25,448.36","26,003.09",800.00,0.02,"13,275,500.00"
08/04/2024,"25,517.70","25,656.38","25,413.69","25,448.36",-100.00,0.00,"12,118,300.00"
05/04/2024,"25,760.39","25,864.41","25,517.70","25,517.70",-850.00,-0.02,"31,324,301.00"
04/04/2024,"26,384.47","26,488.48","26,107.10","26,107.10",-400.00,-0.01,"24,883,901.00"
03/04/2024,"26,904.53","27,181.90","26,349.80","26,384.47",-850.00,-0.02,"25,750,601.00"
02/04/2024,"26,557.82","27,043.21","26,349.80","26,973.87",100.00,0.00,"21,248,300.00"
01/04/2024,"26,696.51","27,181.90","26,245.78","26,904.53",300.00,0.01,"31,123,753.00"
29/03/2024,"27,077.88","27,112.55","26,696.51","26,696.51",-650.00,-0.02,"17,676,100.00"
28/03/2024,"27,043.21","27,216.57","26,904.53","27,147.23",650.00,0.02,"26,437,300.00"
27/03/2024,"26,557.82","26,696.51","26,280.46","26,696.51",500.00,0.01,"19,107,702.00"
26/03/2024,"25,933.75","26,488.48","25,760.39","26,349.80",500.00,0.01,"19,540,901.00"
25/03/2024,"26,245.78","26,557.82","25,864.41","26,003.09",-300.00,-0.01,"24,744,100.00"
22/03/2024,"26,211.11","26,661.83","26,072.43","26,211.11",150.00,0.00,"29,895,700.00"
21/03/2024,"26,315.13","26,349.80","26,003.09","26,107.10",450.00,0.01,"27,912,201.00"
20/03/2024,"25,240.33","25,795.06","25,136.32","25,795.06","1,050.00",0.03,"16,441,200.00"
19/03/2024,"25,448.36","25,656.38","25,066.98","25,066.98",-500.00,-0.01,"14,725,500.00"
18/03/2024,"26,245.78","26,349.80","24,685.60","25,413.69","-1,150.00",-0.03,"48,614,202.00"
15/03/2024,"26,211.11","26,280.46","25,725.72","26,211.11",-50.00,0.00,"28,027,200.00"
14/03/2024,"26,384.47","27,043.21","26,211.11","26,245.78",-100.00,0.00,"40,257,900.00"
13/03/2024,"25,240.33","26,419.14","25,170.99","26,315.13","1,650.00",0.05,"35,783,800.00"
12/03/2024,"25,205.66","25,379.02","24,997.64","25,170.99",-50.00,0.00,"21,926,800.00"
11/03/2024,"25,517.70","25,760.39","25,101.65","25,205.66",-450.00,-0.01,"24,846,501.00"
08/03/2024,"26,280.46","26,419.14","25,517.70","25,517.70",-900.00,-0.02,"35,970,600.00"
07/03/2024,"25,656.38","26,315.13","25,552.37","26,141.77",600.00,0.02,"34,155,203.00"
06/03/2024,"25,933.75","26,211.11","25,448.36","25,725.72",-300.00,-0.01,"27,791,300.00"
05/03/2024,"25,760.39","25,968.42","25,413.69","25,933.75",250.00,0.01,"32,186,200.00"
04/03/2024,"26,211.11","26,245.78","25,656.38","25,760.39",-200.00,-0.01,"25,372,203.00"
01/03/2024,"25,933.75","26,141.77","25,656.38","25,899.08",350.00,0.01,"21,766,100.00"
29/02/2024,"25,240.33","26,141.77","25,170.99","25,656.38",900.00,0.02,"43,269,500.00"
28/02/2024,"25,032.31","25,136.32","24,720.27","25,032.31",200.00,0.01,"26,065,500.00"
27/02/2024,"24,442.90","25,275.00","24,338.89","24,893.62",800.00,0.02,"47,365,401.00"
26/02/2024,"23,645.48","24,512.25","23,610.81","24,338.89",950.00,0.03,"26,945,501.00"
23/02/2024,"23,992.18","24,200.21","23,610.81","23,680.15",-500.00,-0.01,"24,143,200.00"
22/02/2024,"24,165.54","24,234.88","23,957.51","24,026.85",-300.00,-0.01,"14,571,900.00"
21/02/2024,"24,477.57","24,477.57","24,061.53","24,234.88",-350.00,-0.01,"18,553,101.00"
20/02/2024,"24,720.27","24,824.28","24,442.90","24,477.57",100.00,0.00,"18,261,700.00"
19/02/2024,"24,269.55","24,408.23","23,853.50","24,408.23",200.00,0.01,"32,834,200.00"
16/02/2024,"24,512.25","24,546.92","24,200.21","24,269.55",-100.00,0.00,"18,037,300.00"
15/02/2024,"24,408.23","24,616.26","24,269.55","24,338.89",0.00,0.00,"14,888,800.00"
07/02/2024,"24,269.55","24,512.25","24,200.21","24,338.89",100.00,0.00,"15,797,800.00"
06/02/2024,"24,373.56","24,581.59","24,200.21","24,269.55",50.00,0.00,"14,148,800.00"
05/02/2024,"24,130.87","24,373.56","23,922.84","24,234.88",150.00,0.00,"19,595,501.00"
02/02/2024,"24,200.21","24,581.59","24,130.87","24,130.87",150.00,0.00,"23,526,100.00"
01/02/2024,"23,888.17","24,165.54","23,853.50","24,026.85",250.00,0.01,"11,193,200.00"
31/01/2024,"23,784.16","24,373.56","23,714.82","23,853.50",250.00,0.01,"44,868,700.00"
30/01/2024,"23,472.12","23,680.15","23,437.45","23,680.15",200.00,0.01,"11,905,200.00"
29/01/2024,"23,714.82","23,853.50","23,472.12","23,541.46",-150.00,0.00,"12,259,401.00"
26/01/2024,"23,680.15","23,818.83","23,541.46","23,645.48",150.00,0.00,"14,288,200.00"
25/01/2024,"23,610.81","23,714.82","23,472.12","23,541.46",-50.00,0.00,"10,942,200.00"
24/01/2024,"23,402.78","23,853.50","23,368.11","23,576.13",200.00,0.01,"30,021,500.00"
23/01/2024,"23,576.13","23,645.48","23,333.44","23,437.45",-150.00,0.00,"12,634,800.00"
22/01/2024,"23,506.79","23,576.13","23,160.08","23,541.46",250.00,0.01,"16,814,700.00"
19/01/2024,"23,576.13","23,645.48","23,160.08","23,368.11",-100.00,0.00,"22,389,300.00"
18/01/2024,"23,437.45","23,610.81","23,333.44","23,437.45",150.00,0.00,"14,736,700.00"
17/01/2024,"23,229.43","23,922.84","23,194.76","23,333.44",150.00,0.00,"26,299,902.00"
16/01/2024,"22,882.72","23,229.43","22,709.36","23,229.43",500.00,0.02,"19,315,100.00"
15/01/2024,"23,576.13","23,645.48","22,882.72","22,882.72",-850.00,-0.03,"22,246,200.00"
12/01/2024,"23,298.77","23,576.13","23,125.41","23,472.12",-50.00,0.00,"25,278,801.00"
11/01/2024,"23,402.78","23,853.50","23,298.77","23,506.79",200.00,0.01,"25,571,700.00"
10/01/2024,"23,541.46","23,610.81","23,125.41","23,368.11",-300.00,-0.01,"23,858,800.00"
09/01/2024,"23,714.82","23,818.83","23,506.79","23,576.13",-100.00,0.00,"19,225,200.00"
08/01/2024,"23,888.17","23,922.84","23,576.13","23,645.48",-50.00,0.00,"20,809,000.00"
05/01/2024,"23,437.45","23,680.15","23,298.77","23,680.15",550.00,0.02,"25,137,200.00"
04/01/2024,"22,882.72","23,714.82","22,882.72","23,298.77",650.00,0.02,"58,745,301.00"
03/01/2024,"22,432.00","22,848.05","22,397.33","22,848.05",450.00,0.01,"11,408,702.00"
02/01/2024,"22,882.72","23,021.40","22,536.01","22,536.01",-300.00,-0.01,"18,052,301.00"
29/12/2023,"22,848.05","22,952.06","22,709.36","22,744.04",-200.00,-0.01,"12,790,302.00"
28/12/2023,"22,778.71","22,986.73","22,640.02","22,882.72",200.00,0.01,"11,105,901.00"
27/12/2023,"22,848.05","22,986.73","22,744.04","22,744.04",50.00,0.00,"16,311,500.00"
26/12/2023,"22,605.35","22,813.38","22,536.01","22,709.36",200.00,0.01,"14,005,700.00"
25/12/2023,"22,432.00","22,709.36","22,258.64","22,570.68",200.00,0.01,"14,288,301.00"
22/12/2023,"22,432.00","22,848.05","22,327.99","22,432.00",150.00,0.00,"17,547,600.00"
21/12/2023,"22,223.97","22,397.33","22,189.30","22,327.99",-100.00,0.00,"8,246,601.00"
20/12/2023,"22,293.32","22,605.35","22,154.63","22,397.33",150.00,0.00,"13,656,600.00"
19/12/2023,"22,015.95","22,293.32","21,738.58","22,293.32",450.00,0.01,"15,757,700.00"
18/12/2023,"22,085.29","22,293.32","21,946.61","21,981.28",-100.00,0.00,"11,377,400.00"
15/12/2023,"22,258.64","22,536.01","21,981.28","22,050.62",-200.00,-0.01,"20,878,000.00"
14/12/2023,"22,536.01","22,536.01","22,119.96","22,189.30",0.00,0.00,"15,658,600.00"
13/12/2023,"22,813.38","22,848.05","22,189.30","22,189.30",-600.00,-0.02,"22,531,400.00"
12/12/2023,"22,744.04","22,882.72","22,536.01","22,605.35",-100.00,0.00,"13,953,801.00"
11/12/2023,"22,605.35","22,917.39","22,258.64","22,674.69",100.00,0.00,"20,021,901.00"
08/12/2023,"22,674.69","22,882.72","22,397.33","22,605.35",-250.00,-0.01,"18,079,901.00"
07/12/2023,"23,298.77","23,368.11","22,223.97","22,778.71",-750.00,-0.02,"44,258,101.00"
06/12/2023,"23,125.41","23,472.12","23,056.07","23,298.77",300.00,0.01,"17,934,800.00"
05/12/2023,"23,333.44","23,368.11","22,986.73","23,090.74",-300.00,-0.01,"23,475,502.00"
04/12/2023,"22,813.38","23,576.13","22,570.68","23,298.77","1,600.00",0.05,"45,356,902.00"
01/12/2023,"21,981.28","22,362.66","21,669.24","22,189.30",700.00,0.02,"20,043,200.00"
30/11/2023,"21,911.94","22,293.32","21,703.91","21,703.91",-300.00,-0.01,"16,973,400.00"
29/11/2023,"21,842.60","22,154.63","21,703.91","21,911.94",200.00,0.01,"12,275,800.00"
28/11/2023,"21,495.89","21,842.60","20,941.15","21,773.25",400.00,0.01,"21,396,800.00"
27/11/2023,"22,154.63","22,189.30","21,495.89","21,495.89","-1,000.00",-0.03,"15,534,201.00"
24/11/2023,"21,669.24","22,189.30","21,287.86","22,189.30","1,100.00",0.04,"24,682,500.00"
23/11/2023,"23,021.40","23,021.40","21,426.55","21,426.55","-2,000.00",-0.06,"27,184,403.00"
22/11/2023,"22,536.01","22,848.05","22,397.33","22,813.38",350.00,0.01,"24,561,200.00"
21/11/2023,"22,744.04","22,744.04","22,397.33","22,570.68",150.00,0.00,"17,289,800.00"
20/11/2023,"21,287.86","22,674.69","21,253.19","22,466.67",900.00,0.03,"27,822,901.00"
17/11/2023,"22,432.00","22,605.35","21,565.23","21,842.60",-800.00,-0.02,"29,287,801.00"
16/11/2023,"22,119.96","22,397.33","21,738.58","22,397.33",350.00,0.01,"19,073,100.00"
15/11/2023,"22,744.04","22,744.04","22,119.96","22,154.63",200.00,0.01,"27,921,501.00"
14/11/2023,"22,154.63","22,327.99","21,738.58","22,015.95",300.00,0.01,"26,505,103.00"
13/11/2023,"21,495.89","21,911.94","21,357.20","21,807.92",650.00,0.02,"21,364,700.00"
10/11/2023,"21,218.52","22,119.96","21,183.85","21,357.20",-50.00,0.00,"32,399,700.00"
09/11/2023,"21,253.19","21,911.94","21,183.85","21,391.87",550.00,0.02,"34,182,300.00"
08/11/2023,"19,658.34","21,010.50","19,623.66","21,010.50","1,950.00",0.07,"31,650,200.00"
07/11/2023,"20,039.71","20,317.08","19,623.66","19,658.34",-650.00,-0.02,"19,074,801.00"
06/11/2023,"20,213.07","20,317.08","19,970.37","20,109.06",100.00,0.00,"17,861,301.00"
03/11/2023,"20,109.06","20,143.73","19,623.66","20,039.71",0.00,0.00,"25,384,901.00"
02/11/2023,"19,138.27","20,109.06","19,068.93","20,039.71","1,750.00",0.06,"27,830,700.00"
01/11/2023,"17,855.45","18,826.24","17,855.45","18,826.24","1,400.00",0.05,"30,977,100.00"
31/10/2023,"19,103.60","19,346.30","17,786.11","17,855.45","-1,750.00",-0.06,"36,495,600.00"
30/10/2023,"20,109.06","20,351.75","19,068.93","19,068.93","-1,950.00",-0.07,"16,792,401.00"
27/10/2023,"20,282.41","20,663.79","19,935.70","20,421.09",750.00,0.03,"20,052,101.00"
26/10/2023,"20,594.45","20,767.80","19,866.36","19,901.03","-2,100.00",-0.07,"54,239,900.00"
25/10/2023,"21,495.89","21,877.27","21,357.20","21,357.20",-250.00,-0.01,"14,401,400.00"
24/10/2023,"21,495.89","21,599.90","21,114.51","21,530.56",450.00,0.01,"14,254,501.00"
23/10/2023,"21,218.52","21,738.58","21,079.84","21,218.52",-700.00,-0.02,"15,579,400.00"
20/10/2023,"20,871.81","21,773.25","20,178.40","21,703.91","1,200.00",0.04,"28,257,401.00"
19/10/2023,"21,877.27","22,015.95","20,663.79","20,871.81","-1,450.00",-0.05,"28,868,500.00"
18/10/2023,"22,050.62","22,293.32","20,663.79","21,877.27",100.00,0.00,"28,495,001.00"
17/10/2023,"22,466.67","22,813.38","21,807.92","21,807.92",-650.00,-0.02,"20,096,600.00"
16/10/2023,"23,264.10","23,298.77","22,119.96","22,258.64","-1,450.00",-0.04,"28,362,600.00"
13/10/2023,"23,090.74","23,645.48","22,882.72","23,264.10",-50.00,0.00,"23,041,600.00"
12/10/2023,"23,645.48","23,645.48","23,160.08","23,298.77",-400.00,-0.01,"18,258,201.00"
11/10/2023,"22,744.04","23,576.13","22,570.68","23,576.13","1,300.00",0.04,"23,670,400.00"
10/10/2023,"23,298.77","23,506.79","22,674.69","22,674.69",-500.00,-0.02,"28,679,700.00"
09/10/2023,"22,813.38","23,229.43","22,466.67","23,021.40",250.00,0.01,"22,014,400.00"
06/10/2023,"21,946.61","22,848.05","21,634.57","22,848.05","1,300.00",0.04,"26,498,901.00"
05/10/2023,"22,119.96","22,466.67","21,842.60","21,946.61",-100.00,0.00,"22,392,000.00"
04/10/2023,"20,663.79","22,397.33","20,559.78","22,015.95","1,550.00",0.05,"33,560,601.00"
03/10/2023,"21,911.94","21,946.61","20,871.81","20,941.15","-1,900.00",-0.06,"42,246,000.00"
02/10/2023,"22,050.62","22,640.02","21,981.28","22,258.64",300.00,0.01,"17,237,207.00"
29/09/2023,"22,813.38","22,813.38","22,050.62","22,050.62",-500.00,-0.02,"19,989,103.00"
28/09/2023,"22,744.04","22,813.38","21,981.28","22,397.33",-700.00,-0.02,"27,911,500.00"
27/09/2023,"21,981.28","22,882.72","21,426.55","22,882.72","2,100.00",0.07,"32,376,498.00"
26/09/2023,"21,495.89","22,501.34","21,010.50","21,426.55",550.00,0.02,"38,722,103.00"
25/09/2023,"22,327.99","22,952.06","21,045.17","21,045.17","-2,250.00",-0.07,"43,118,605.00"
22/09/2023,"23,333.44","23,541.46","22,432.00","22,605.35","-2,150.00",-0.06,"69,559,107.00"
21/09/2023,"25,240.33","25,275.00","24,096.20","24,096.20","-1,700.00",-0.05,"49,446,802.00"
20/09/2023,"25,240.33","25,656.38","25,032.31","25,275.00",250.00,0.01,"23,444,805.00"
19/09/2023,"24,824.28","25,101.65","24,408.23","25,101.65",500.00,0.01,"19,638,301.00"
18/09/2023,"24,269.55","24,928.30","24,200.21","24,754.94",200.00,0.01,"25,487,501.00"
15/09/2023,"24,893.62","24,997.64","24,269.55","24,616.26",-150.00,0.00,"24,316,000.00"
14/09/2023,"24,824.28","25,136.32","24,200.21","24,720.27",-150.00,0.00,"33,908,801.00"
13/09/2023,"25,101.65","25,379.02","24,616.26","24,824.28",0.00,0.00,"35,739,802.00"
12/09/2023,"23,333.44","24,824.28","23,229.43","24,824.28","2,300.00",0.07,"37,129,019.00"
11/09/2023,"23,576.13","23,818.83","23,160.08","23,229.43",-250.00,-0.01,"34,467,300.00"
08/09/2023,"23,229.43","23,645.48","23,160.08","23,402.78",100.00,0.00,"16,989,705.00"
07/09/2023,"23,645.48","23,680.15","23,090.74","23,333.44",-350.00,-0.01,"23,619,403.00"
06/09/2023,"23,125.41","23,922.84","22,848.05","23,576.13",650.00,0.02,"19,696,202.00"
05/09/2023,"23,298.77","23,368.11","22,744.04","23,125.41",-50.00,0.00,"28,805,900.00"
31/08/2023,"23,229.43","23,402.78","23,090.74","23,160.08",-100.00,0.00,"20,169,301.00"
30/08/2023,"22,466.67","23,506.79","22,258.64","23,229.43","1,150.00",0.04,"25,250,801.00"
29/08/2023,"22,536.01","22,744.04","21,981.28","22,432.00",-100.00,0.00,"35,647,501.00"
28/08/2023,"22,397.33","22,674.69","22,258.64","22,501.34",250.00,0.01,"27,086,503.00"
25/08/2023,"21,981.28","22,536.01","21,946.61","22,327.99",200.00,0.01,"32,533,305.00"
24/08/2023,"21,010.50","22,258.64","20,906.48","22,189.30","1,600.00",0.05,"39,415,905.00"
23/08/2023,"21,495.89","21,599.90","20,906.48","21,079.84",-300.00,-0.01,"35,829,705.00"
22/08/2023,"20,109.06","21,287.86","19,311.63","21,287.86","1,850.00",0.06,"51,920,611.00"
21/08/2023,"20,109.06","20,213.07","19,762.35","20,005.04",550.00,0.02,"38,688,421.00"
18/08/2023,"20,594.45","21,079.84","19,415.64","19,623.66","-1,650.00",-0.06,"46,437,603.00"
17/08/2023,"20,143.73","21,218.52","20,143.73","20,767.80","1,100.00",0.04,"62,658,418.00"
16/08/2023,"19,866.36","20,213.07","19,727.68","20,005.04",150.00,0.01,"14,335,814.00"
15/08/2023,"20,247.74","20,247.74","19,866.36","19,901.03",-450.00,-0.02,"16,684,430.00"
14/08/2023,"19,727.68","20,386.42","19,484.98","20,213.07","1,000.00",0.04,"30,333,121.00"
11/08/2023,"19,588.99","19,623.66","19,172.94","19,519.65",50.00,0.00,"27,573,082.00"
10/08/2023,"19,831.69","20,005.04","19,484.98","19,484.98",-500.00,-0.02,"24,032,173.00"
09/08/2023,"20,039.71","20,247.74","19,797.02","19,831.69",-500.00,-0.02,"17,181,330.00"
08/08/2023,"20,698.46","20,698.46","20,109.06","20,178.40",-600.00,-0.02,"11,628,761.00"
07/08/2023,"20,525.11","20,767.80","20,386.42","20,594.45",500.00,0.02,"15,115,859.00"
04/08/2023,"19,762.35","20,386.42","19,762.35","20,247.74",700.00,0.02,"14,992,058.00"
03/08/2023,"20,074.39","20,143.73","19,623.66","19,762.35",-500.00,-0.02,"15,210,487.00"
02/08/2023,"19,901.03","20,213.07","19,831.69","20,109.06",200.00,0.01,"12,258,993.00"
01/08/2023,"20,594.45","20,594.45","19,970.37","19,970.37",-850.00,-0.03,"16,726,660.00"
31/07/2023,"20,767.80","20,941.15","20,351.75","20,559.78",-100.00,0.00,"15,819,396.00"
28/07/2023,"20,421.09","20,733.13","20,351.75","20,629.12",300.00,0.01,"13,630,249.00"
27/07/2023,"20,109.06","20,594.45","20,039.71","20,421.09",450.00,0.02,"16,525,655.00"
26/07/2023,"19,970.37","20,143.73","19,693.01","20,109.06",200.00,0.01,"12,847,747.00"
25/07/2023,"19,901.03","20,178.40","19,762.35","19,970.37",100.00,0.00,"15,149,038.00"
24/07/2023,"20,178.40","20,247.74","19,693.01","19,901.03",150.00,0.01,"15,035,689.00"
21/07/2023,"19,415.64","19,970.37","19,311.63","19,935.70",750.00,0.03,"16,462,844.00"
20/07/2023,"19,762.35","19,762.35","19,138.27","19,415.64",-500.00,-0.02,"28,932,615.00"
19/07/2023,"19,831.69","20,039.71","19,727.68","19,762.35",-50.00,0.00,"10,046,701.00"
18/07/2023,"19,970.37","19,970.37","19,727.68","19,797.02",-250.00,-0.01,"12,878,601.00"
17/07/2023,"19,797.02","20,247.74","19,797.02","19,970.37",300.00,0.01,"14,668,100.00"
14/07/2023,"19,762.35","19,831.69","19,380.97","19,762.35",100.00,0.00,"18,102,800.00"
13/07/2023,"19,588.99","19,762.35","19,415.64","19,693.01",450.00,0.02,"16,178,700.00"
12/07/2023,"19,623.66","19,831.69","19,172.94","19,380.97",-100.00,0.00,"25,044,801.00"
11/07/2023,"18,999.59","19,727.68","18,999.59","19,450.31",550.00,0.02,"29,725,436.00"
10/07/2023,"18,479.53","19,068.93","18,479.53","19,068.93","1,050.00",0.04,"30,633,601.00"
07/07/2023,"18,098.15","18,340.85","17,786.11","18,340.85",150.00,0.01,"14,796,500.00"
06/07/2023,"18,167.49","18,514.20","17,890.13","18,236.83",100.00,0.00,"29,176,400.00"
05/07/2023,"18,514.20","18,514.20","18,167.49","18,167.49",-300.00,-0.01,"16,011,600.00"
04/07/2023,"17,820.78","18,375.52","17,716.77","18,375.52",800.00,0.03,"24,461,900.00"
03/07/2023,"18,063.48","18,098.15","17,786.11","17,820.78",-100.00,0.00,"13,341,201.00"
30/06/2023,"17,682.10","17,959.47","17,612.76","17,890.13",350.00,0.01,"18,017,400.00"
29/06/2023,"18,479.53","18,479.53","17,647.43","17,647.43","-1,100.00",-0.04,"20,161,700.00"
28/06/2023,"18,444.86","18,687.55","18,306.17","18,410.19",-50.00,0.00,"16,622,600.00"
27/06/2023,"17,924.80","18,548.87","17,890.13","18,444.86",800.00,0.03,"20,384,501.00"
26/06/2023,"18,028.81","18,063.48","17,508.75","17,890.13",-200.00,-0.01,"17,484,100.00"
23/06/2023,"18,098.15","18,167.49","17,855.45","18,028.81",-100.00,0.00,"12,643,200.00"
22/06/2023,"18,098.15","18,375.52","17,890.13","18,098.15",100.00,0.00,"15,245,600.00"
21/06/2023,"17,820.78","18,167.49","17,751.44","18,028.81",300.00,0.01,"20,000,850.00"
20/06/2023,"17,890.13","17,994.14","17,300.72","17,820.78",300.00,0.01,"19,567,600.00"
19/06/2023,"17,546.04","17,812.90","17,412.61","17,612.76",300.00,0.01,"15,568,250.00"
16/06/2023,"17,379.26","18,146.48","17,379.26","17,412.61",400.00,0.02,"39,468,400.00"
15/06/2023,"17,012.32","17,212.47","16,978.97","17,145.75",300.00,0.01,"14,244,700.00"
14/06/2023,"17,012.32","17,479.33","16,912.25","16,945.61",50.00,0.00,"26,345,900.00"
13/06/2023,"17,012.32","17,145.75","16,745.46","16,912.25",0.00,0.00,"18,419,600.00"
12/06/2023,"16,845.54","16,945.61","16,478.60","16,912.25",100.00,0.00,"17,403,500.00"
09/06/2023,"16,345.17","16,845.54","16,178.39","16,845.54",950.00,0.04,"23,007,500.00"
08/06/2023,"16,878.89","16,945.61","16,211.74","16,211.74",-800.00,-0.03,"34,880,100.00"
07/06/2023,"16,778.82","16,945.61","16,612.03","16,745.46",-50.00,0.00,"18,277,166.00"
06/06/2023,"16,078.31","16,878.89","15,944.88","16,778.82","1,050.00",0.04,"34,503,800.00"
05/06/2023,"16,311.82","16,411.89","15,944.88","16,078.31",0.00,0.00,"18,955,400.00"
02/06/2023,"15,878.17","16,245.10","15,811.45","16,078.31",650.00,0.03,"27,431,900.00"
01/06/2023,"15,477.88","15,744.74","15,377.81","15,644.67",300.00,0.01,"16,503,000.00"
31/05/2023,"15,511.24","15,678.02","15,344.45","15,444.52",-200.00,-0.01,"18,866,100.00"
30/05/2023,"15,678.02","15,744.74","15,411.16","15,577.95",-50.00,0.00,"15,194,600.00"
29/05/2023,"15,244.38","15,644.67","15,177.66","15,611.31",850.00,0.04,"18,516,200.00"
26/05/2023,"15,044.23","15,144.30","15,010.87","15,044.23",50.00,0.00,"8,672,300.00"
25/05/2023,"15,077.59","15,144.30","14,977.52","15,010.87",-200.00,-0.01,"16,002,001.00"
24/05/2023,"15,444.52","15,477.88","15,144.30","15,144.30",-150.00,-0.01,"24,777,300.00"
23/05/2023,"15,344.45","15,544.59","15,211.02","15,244.38",-50.00,0.00,"20,357,601.00"
22/05/2023,"15,411.16","15,477.88","15,244.38","15,277.73",0.00,0.00,"14,775,300.00"
19/05/2023,"15,211.02","15,544.59","15,110.95","15,277.73",100.00,0.00,"15,667,300.00"
18/05/2023,"15,077.59","15,444.52","14,977.52","15,211.02",350.00,0.02,"27,097,400.00"
17/05/2023,"15,277.73","15,344.45","14,944.16","14,977.52",-450.00,-0.02,"22,648,300.00"
16/05/2023,"15,277.73","15,444.52","15,244.38","15,277.73",0.00,0.00,"19,670,500.00"
15/05/2023,"15,678.02","15,744.74","15,277.73","15,277.73",-350.00,-0.02,"20,945,401.00"
12/05/2023,"14,910.80","15,511.24","14,877.44","15,511.24",850.00,0.04,"27,507,700.00"
11/05/2023,"15,010.87","15,277.73","14,944.16","14,944.16",-100.00,0.00,"19,935,500.00"
10/05/2023,"14,844.09","15,144.30","14,844.09","15,010.87",250.00,0.01,"19,035,600.00"
09/05/2023,"14,944.16","14,977.52","14,710.66","14,844.09",-50.00,0.00,"13,393,400.00"
08/05/2023,"14,443.80","14,877.44","14,410.44","14,877.44",850.00,0.04,"28,566,301.00"
05/05/2023,"14,510.51","14,543.87","14,310.37","14,310.37",-300.00,-0.01,"9,527,300.00"
04/05/2023,"14,243.65","14,610.58","14,210.29","14,510.51",200.00,0.01,"16,515,900.00"
28/04/2023,"14,210.29","14,377.08","14,176.94","14,377.08",400.00,0.02,"16,660,000.00"
27/04/2023,"14,277.01","14,310.37","14,076.86","14,110.22",-200.00,-0.01,"9,135,901.00"
26/04/2023,"14,076.86","14,243.65","13,810.00","14,243.65",250.00,0.01,"23,017,673.00"
25/04/2023,"14,443.80","14,477.15","13,976.79","14,076.86",-400.00,-0.02,"18,812,800.00"
24/04/2023,"14,477.15","14,610.58","14,310.37","14,343.72",-150.00,-0.01,"10,163,100.00"
21/04/2023,"14,277.01","14,810.73","14,243.65","14,443.80",550.00,0.03,"30,761,000.00"
20/04/2023,"14,143.58","14,277.01","14,043.51","14,076.86",-200.00,-0.01,"11,058,400.00"
19/04/2023,"14,543.87","14,577.23","14,176.94","14,210.29",-450.00,-0.02,"13,629,400.00"
18/04/2023,"14,310.37","14,510.51","14,110.22","14,510.51",400.00,0.02,"19,291,400.00"
17/04/2023,"14,143.58","14,343.72","14,110.22","14,243.65",150.00,0.01,"12,959,300.00"
14/04/2023,"14,610.58","14,710.66","14,143.58","14,143.58",-550.00,-0.03,"26,940,800.00"
13/04/2023,"14,744.01","14,844.09","14,443.80","14,510.51",-250.00,-0.01,"17,746,800.00"
12/04/2023,"15,077.59","15,144.30","14,643.94","14,677.30",-600.00,-0.03,"17,022,900.00"
11/04/2023,"14,944.16","15,077.59","14,543.87","15,077.59",200.00,0.01,"25,248,600.00"
10/04/2023,"15,177.66","15,477.88","14,844.09","14,944.16",-100.00,0.00,"26,495,600.00"
07/04/2023,"14,610.58","15,010.87","14,510.51","15,010.87",650.00,0.03,"25,331,000.00"
06/04/2023,"15,110.95","15,344.45","14,577.23","14,577.23",-650.00,-0.03,"25,225,900.00"
05/04/2023,"14,944.16","15,077.59","14,744.01","15,010.87",0.00,0.00,"18,418,200.00"
04/04/2023,"14,744.01","15,144.30","14,543.87","15,010.87",500.00,0.02,"31,023,800.00"
03/04/2023,"14,677.30","14,777.37","14,610.58","14,677.30",500.00,0.02,"31,835,600.00"
31/03/2023,"14,043.51","14,477.15","13,910.08","14,343.72",550.00,0.03,"32,435,500.00"
30/03/2023,"14,343.72","14,477.15","13,976.79","13,976.79",-100.00,0.00,"23,393,000.00"
29/03/2023,"13,876.72","14,076.86","13,843.36","14,043.51",250.00,0.01,"16,177,600.00"
28/03/2023,"14,143.58","14,210.29","13,843.36","13,876.72",-200.00,-0.01,"19,100,500.00"
27/03/2023,"13,676.57","14,277.01","13,643.22","14,010.15",550.00,0.03,"26,623,200.00"
24/03/2023,"13,643.22","13,776.65","13,609.86","13,643.22",100.00,0.00,"18,692,400.00"
23/03/2023,"13,142.85","13,609.86","13,109.50","13,576.50",500.00,0.03,"18,293,200.00"
22/03/2023,"13,443.07","13,543.14","13,242.93","13,242.93",-150.00,-0.01,"14,536,400.00"
21/03/2023,"13,142.85","13,343.00","12,909.35","13,343.00",500.00,0.03,"17,582,200.00"
20/03/2023,"13,476.43","13,509.79","13,009.42","13,009.42",-800.00,-0.04,"18,848,100.00"
17/03/2023,"13,609.86","13,676.57","13,376.36","13,543.14",150.00,0.01,"19,336,900.00"
16/03/2023,"13,476.43","13,776.65","13,443.07","13,443.07",-200.00,-0.01,"20,090,700.00"
15/03/2023,"13,109.50","13,576.50","13,009.42","13,576.50","1,300.00",0.07,"28,523,900.00"
14/03/2023,"13,109.50","13,142.85","12,675.85","12,709.21",-600.00,-0.03,"15,301,900.00"
13/03/2023,"13,042.78","13,309.64","12,809.28","13,109.50",-150.00,-0.01,"20,605,900.00"
10/03/2023,"13,042.78","13,242.93","12,976.07","13,209.57",0.00,0.00,"13,596,000.00"
09/03/2023,"13,209.57","13,409.71","13,176.21","13,209.57",0.00,0.00,"17,709,900.00"
08/03/2023,"12,742.56","13,209.57","12,675.85","13,209.57",400.00,0.02,"14,927,300.00"
07/03/2023,"12,675.85","13,009.42","12,542.42","12,942.71",650.00,0.03,"16,457,800.00"
06/03/2023,"12,575.78","12,809.28","12,509.06","12,509.06",300.00,0.02,"10,397,100.00"
03/03/2023,"12,575.78","12,575.78","12,308.92","12,308.92",-200.00,-0.01,"8,259,900.00"
02/03/2023,"12,675.85","12,742.56","12,442.35","12,442.35",-300.00,-0.02,"5,505,700.00"
01/03/2023,"12,208.84","12,675.85","12,108.77","12,642.49",700.00,0.04,"11,937,700.00"
28/02/2023,"12,408.99","12,509.06","12,142.13","12,175.49",0.00,0.00,"12,323,400.00"
27/02/2023,"12,542.42","12,609.13","12,175.49","12,175.49",-750.00,-0.04,"14,934,700.00"
24/02/2023,"13,176.21","13,176.21","12,675.85","12,675.85",-700.00,-0.04,"8,161,400.00"
23/02/2023,"12,875.99","13,142.85","12,542.42","13,142.85",400.00,0.02,"18,176,400.00"
22/02/2023,"13,476.43","13,609.86","12,875.99","12,875.99","-1,150.00",-0.06,"24,351,000.00"
21/02/2023,"13,876.72","13,976.79","13,643.22","13,643.22",-300.00,-0.01,"14,923,900.00"
20/02/2023,"12,976.07","13,843.36","12,942.71","13,843.36","1,300.00",0.07,"23,655,300.00"
17/02/2023,"12,976.07","13,109.50","12,809.28","12,976.07",-50.00,0.00,"9,046,800.00"
16/02/2023,"12,875.99","13,009.42","12,775.92","13,009.42",400.00,0.02,"9,848,100.00"
15/02/2023,"12,609.13","12,909.35","12,542.42","12,742.56",200.00,0.01,"10,664,500.00"
14/02/2023,"12,509.06","12,609.13","12,342.27","12,609.13",400.00,0.02,"6,390,800.00"
13/02/2023,"12,642.49","12,675.85","12,108.77","12,342.27",-500.00,-0.03,"11,480,100.00"
10/02/2023,"12,909.35","13,076.14","12,575.78","12,675.85",-350.00,-0.02,"10,258,000.00"
09/02/2023,"12,976.07","13,176.21","12,875.99","12,909.35",-150.00,-0.01,"7,434,300.00"
08/02/2023,"12,942.71","13,142.85","12,475.70","13,009.42",450.00,0.02,"13,259,800.00"
07/02/2023,"13,409.71","13,576.50","12,709.21","12,709.21",-950.00,-0.05,"17,388,300.00"
06/02/2023,"13,076.14","13,343.00","12,942.71","13,343.00",250.00,0.01,"12,012,300.00"
03/02/2023,"13,409.71","13,543.14","13,076.14","13,176.21",-400.00,-0.02,"13,417,100.00"
02/02/2023,"13,543.14","13,609.86","13,276.28","13,443.07",0.00,0.00,"11,997,700.00"
01/02/2023,"14,477.15","14,577.23","13,409.71","13,443.07","-1,450.00",-0.07,"26,576,600.00"
31/01/2023,"14,110.22","14,443.80","13,910.08","14,410.44",600.00,0.03,"17,924,900.00"
30/01/2023,"13,976.79","14,477.15","13,810.00","14,010.15",50.00,0.00,"19,239,700.00"
27/01/2023,"14,343.72","14,410.44","13,910.08","13,976.79",-250.00,-0.01,"19,460,600.00"
19/01/2023,"13,643.22","14,176.94","13,609.86","14,143.58",650.00,0.03,"27,406,300.00"
18/01/2023,"13,676.57","14,010.15","13,543.14","13,709.93",150.00,0.01,"19,367,400.00"
17/01/2023,"13,076.14","13,609.86","13,009.42","13,609.86","1,000.00",0.05,"21,992,300.00"
16/01/2023,"12,875.99","13,009.42","12,742.56","12,942.71",200.00,0.01,"7,494,600.00"
13/01/2023,"13,009.42","13,242.93","12,742.56","12,809.28",-100.00,-0.01,"14,327,200.00"
12/01/2023,"12,909.35","13,009.42","12,742.56","12,875.99",0.00,0.00,"7,957,801.00"
11/01/2023,"12,709.21","13,176.21","12,709.21","12,875.99",400.00,0.02,"13,973,900.00"
10/01/2023,"12,675.85","12,842.64","12,308.92","12,609.13",-100.00,-0.01,"11,623,700.00"
09/01/2023,"12,742.56","12,909.35","12,575.78","12,675.85",100.00,0.01,"9,711,500.00"
06/01/2023,"12,875.99","13,076.14","12,609.13","12,609.13",-400.00,-0.02,"13,342,900.00"
05/01/2023,"12,775.92","12,909.35","12,475.70","12,875.99",300.00,0.02,"13,309,500.00"
04/01/2023,"12,809.28","13,009.42","12,642.49","12,675.85",100.00,0.01,"10,680,500.00"
03/01/2023,"11,875.27","12,609.13","11,875.27","12,609.13","1,200.00",0.07,"18,046,200.00"
30/12/2022,"11,841.91","12,075.41","11,741.84","11,808.55",100.00,0.01,"10,122,100.00"
29/12/2022,"12,008.70","12,175.49","11,741.84","11,741.84",,,"8,747,600.00"
28/12/2022,"12,308.92","12,308.92","11,875.27","12,108.77",,,"14,248,000.00"
27/12/2022,"11,341.55","12,142.13","11,341.55","12,142.13",,,"15,493,000.00"
26/12/2022,"12,142.13","12,208.84","11,374.91","11,374.91",,,"18,849,300.00"
23/12/2022,"12,675.85","12,742.56","12,175.49","12,208.84",,,"11,363,200.00"
22/12/2022,"13,009.42","13,042.78","12,408.99","12,742.56",,,"13,108,700.00"
21/12/2022,"13,476.43","13,476.43","12,308.92","12,875.99",,,"26,446,400.00"
20/12/2022,"13,676.57","13,843.36","12,909.35","13,209.57",,,"27,508,800.00"
19/12/2022,"13,676.57","14,577.23","13,576.50","13,676.57",,,"41,837,400.00"
16/12/2022,"13,343.00","13,743.29","13,343.00","13,676.57",,,"21,559,000.00"
15/12/2022,"13,409.71","13,576.50","13,309.64","13,509.79",,,"15,665,300.00"
14/12/2022,"14,010.15","14,010.15","13,409.71","13,409.71",,,"20,801,200.00"
13/12/2022,"12,775.92","13,609.86","12,575.78","13,609.86",,,"25,462,700.00"
12/12/2022,"13,609.86","13,843.36","12,742.56","12,775.92",,,"26,716,100.00"
09/12/2022,"13,810.00","13,876.72","13,276.28","13,509.79",,,"19,064,200.00"
08/12/2022,"13,176.21","13,709.93","13,042.78","13,709.93",,,"34,933,000.00"
07/12/2022,"13,042.78","13,309.64","12,609.13","12,842.64",,,"21,179,900.00"
06/12/2022,"13,609.86","13,976.79","13,042.78","13,042.78",,,"41,396,800.00"
05/12/2022,"13,543.14","13,876.72","13,209.57","13,876.72",,,"38,163,500.00"
02/12/2022,"12,075.41","12,976.07","12,075.41","12,976.07",,,"29,526,500.00"
01/12/2022,"13,009.42","13,109.50","12,142.13","12,142.13",,,"37,109,400.00"
30/11/2022,"12,475.70","12,942.71","12,308.92","12,842.64",,,"29,730,300.00"
29/11/2022,"12,342.27","12,775.92","12,008.70","12,642.49",,,"32,826,800.00"
28/11/2022,"11,675.12","12,175.49","11,675.12","12,175.49",,,"33,723,900.00"
25/11/2022,"10,941.26","11,408.26","10,774.47","11,408.26",,,"22,944,200.00"
24/11/2022,"10,307.47","10,674.40","10,174.04","10,674.40",,,"16,226,000.00"
23/11/2022,"10,807.83","10,974.62","10,540.97","10,540.97",,,"13,656,800.00"
22/11/2022,"10,607.68","11,341.55","10,607.68","10,907.90",,,"29,655,000.00"
21/11/2022,"10,974.62","11,007.97","10,641.04","10,741.11",,,"12,802,900.00"
18/11/2022,"10,507.61","11,074.69","10,240.75","10,841.19",,,"34,628,600.00"
17/11/2022,"10,107.32","10,574.33","10,073.96","10,540.97",,,"23,384,900.00"
16/11/2022,"8,739.66","9,907.18","8,706.31","9,907.18",,,"26,998,600.00"
15/11/2022,"9,340.10","9,506.89","8,873.09","9,273.38",,,"28,081,900.00"
14/11/2022,"9,206.67","9,673.67","8,806.38","9,506.89",,,"20,580,100.00"
11/11/2022,"9,540.24","9,740.39","9,206.67","9,406.81",,,"19,859,900.00"
10/11/2022,"9,807.10","9,873.82","9,273.38","9,273.38",,,"18,438,600.00"
09/11/2022,"10,107.32","10,407.54","9,940.53","9,940.53",,,"8,705,900.00"
08/11/2022,"9,206.67","10,107.32","9,206.67","10,007.25",,,"16,815,800.00"
07/11/2022,"10,174.04","10,340.82","9,540.24","9,540.24",,,"22,317,600.00"
04/11/2022,"10,841.19","10,874.54","10,240.75","10,240.75",,,"25,470,800.00"
03/11/2022,"10,807.83","11,208.12","10,774.47","11,007.97",,,"11,362,200.00"
02/11/2022,"11,308.19","11,374.91","11,007.97","11,007.97",,,"16,211,800.00"
01/11/2022,"11,074.69","11,374.91","10,874.54","11,308.19",,,"22,628,100.00"
31/10/2022,"10,607.68","10,941.26","10,140.68","10,874.54",,,"21,301,900.00"
28/10/2022,"10,807.83","10,941.26","10,574.33","10,607.68",,,"16,625,500.00"
27/10/2022,"10,073.96","10,574.33","10,007.25","10,574.33",,,"23,936,400.00"
26/10/2022,"10,207.39","10,407.54","9,807.10","9,907.18",,,"9,109,400.00"
25/10/2022,"10,073.96","10,707.76","9,540.24","10,040.61",,,"23,849,400.00"
24/10/2022,"10,874.54","10,941.26","10,073.96","10,073.96",,,"23,475,200.00"
21/10/2022,"11,608.41","11,641.77","10,807.83","10,807.83",,,"28,376,400.00"
20/10/2022,"11,675.12","11,908.63","11,508.34","11,608.41",,,"11,306,900.00"
19/10/2022,"11,941.98","12,008.70","11,675.12","11,775.20",,,"12,376,800.00"
18/10/2022,"12,275.56","12,342.27","11,808.55","11,875.27",,,"19,012,300.00"
17/10/2022,"11,741.84","12,008.70","11,508.34","12,008.70",,,"17,041,500.00"
14/10/2022,"12,008.70","12,275.56","11,875.27","11,941.98",,,"22,156,600.00"
13/10/2022,"11,508.34","11,808.55","11,341.55","11,675.12",,,"13,111,400.00"
12/10/2022,"10,941.26","11,541.69","10,841.19","11,508.34",,,"18,712,200.00"
11/10/2022,"11,374.91","11,608.41","10,807.83","10,807.83",,,"16,683,900.00"
10/10/2022,"11,174.76","11,808.55","11,041.33","11,608.41",,,"17,618,200.00"
07/10/2022,"11,374.91","11,408.26","10,807.83","11,208.12",,,"24,324,800.00"
06/10/2022,"12,442.35","12,442.35","11,608.41","11,608.41",,,"12,332,300.00"
05/10/2022,"12,242.20","12,542.42","12,142.13","12,442.35",,,"14,546,200.00"
04/10/2022,"12,609.13","12,742.56","11,741.84","11,875.27",,,"15,873,300.00"
03/10/2022,"13,076.14","13,109.50","12,308.92","12,308.92",,,"16,888,800.00"
30/09/2022,"12,775.92","13,209.57","12,208.84","13,209.57",,,"20,628,400.00"
29/09/2022,"13,476.43","13,476.43","12,875.99","12,875.99",,,"14,941,000.00"
28/09/2022,"12,942.71","13,376.36","12,942.71","13,176.21",,,"14,119,800.00"
27/09/2022,"13,142.85","13,343.00","13,009.42","13,042.78",,,"14,553,800.00"
26/09/2022,"13,376.36","13,543.14","12,842.64","13,009.42",,,"22,906,700.00"
23/09/2022,"14,010.15","14,210.29","13,709.93","13,776.65",,,"10,814,000.00"
22/09/2022,"13,543.14","14,143.58","13,476.43","14,076.86",,,"17,406,400.00"
21/09/2022,"13,676.57","13,876.72","13,576.50","13,709.93",,,"8,382,000.00"
20/09/2022,"13,476.43","13,843.36","13,276.28","13,810.00",,,"14,585,700.00"
19/09/2022,"14,110.22","14,110.22","13,276.28","13,276.28",,,"22,693,700.00"
16/09/2022,"14,343.72","14,477.15","14,043.51","14,110.22",,,"19,666,700.00"
15/09/2022,"14,744.01","14,744.01","14,410.44","14,443.80",,,"9,452,700.00"
14/09/2022,"14,010.15","14,777.37","14,010.15","14,643.94",,,"26,649,700.00"
13/09/2022,"14,577.23","14,710.66","14,143.58","14,443.80",,,"18,972,100.00"
12/09/2022,"15,010.87","15,010.87","14,577.23","14,577.23",,,"12,220,800.00"
09/09/2022,"14,677.30","14,810.73","14,210.29","14,810.73",,,"33,963,101.00"
08/09/2022,"15,311.09","15,344.45","14,710.66","14,710.66",,,"15,977,000.00"
07/09/2022,"15,811.45","15,978.24","15,044.23","15,044.23",,,"23,652,800.00"
06/09/2022,"15,911.53","16,111.67","15,678.02","15,844.81",,,"11,066,900.00"
05/09/2022,"16,078.31","16,211.74","15,811.45","15,811.45",,,"10,318,000.00"
31/08/2022,"15,811.45","16,145.03","15,811.45","16,011.60",,,"10,911,400.00"
30/08/2022,"16,445.25","16,545.32","15,944.88","15,978.24",,,"12,424,600.00"
29/08/2022,"16,145.03","16,278.46","15,711.38","16,278.46",,,"28,633,300.00"
26/08/2022,"17,012.32","17,112.40","16,545.32","16,545.32",,,"23,566,700.00"
25/08/2022,"16,912.25","17,345.90","16,912.25","17,012.32",,,"14,782,800.00"
24/08/2022,"17,112.40","17,145.75","16,778.82","16,845.54",,,"13,465,300.00"
23/08/2022,"16,211.74","16,945.61","15,878.17","16,945.61",,,"32,624,700.00"
22/08/2022,"16,778.82","16,912.25","16,411.89","16,478.60",,,"16,747,900.00"
19/08/2022,"16,745.46","16,978.97","16,612.03","16,778.82",,,"15,752,800.00"
18/08/2022,"16,211.74","17,012.32","16,211.74","16,745.46",,,"28,626,400.00"
17/08/2022,"16,545.32","16,778.82","16,345.17","16,378.53",,,"21,410,600.00"
16/08/2022,"16,511.96","16,678.75","16,311.82","16,411.89",,,"11,764,700.00"
15/08/2022,"16,778.82","16,878.89","16,411.89","16,511.96",,,"14,575,600.00"
12/08/2022,"16,245.10","16,612.03","16,044.96","16,612.03",,,"17,378,600.00"
11/08/2022,"16,578.68","16,812.18","15,878.17","16,278.46",,,"28,045,800.00"
10/08/2022,"16,378.53","16,678.75","16,311.82","16,378.53",,,"14,584,500.00"
09/08/2022,"16,478.60","16,645.39","16,245.10","16,545.32",,,"15,149,200.00"
08/08/2022,"16,778.82","16,912.25","16,245.10","16,445.25",,,"21,251,600.00"
05/08/2022,"15,577.95","16,745.46","15,511.24","16,545.32",,,"28,994,000.00"
04/08/2022,"15,878.17","15,944.88","15,344.45","15,711.38",,,"20,941,700.00"
03/08/2022,"15,277.73","15,811.45","15,244.38","15,711.38",,,"22,933,000.00"
02/08/2022,"15,344.45","15,778.10","15,277.73","15,477.88",,,"35,526,300.00"
01/08/2022,"14,243.65","15,211.02","14,243.65","15,211.02",,,"29,169,900.00"
29/07/2022,"14,210.29","14,443.80","14,043.51","14,243.65",,,"20,992,200.00"
28/07/2022,"13,943.43","14,243.65","13,810.00","14,110.22",,,"19,618,100.00"
27/07/2022,"13,343.00","13,609.86","13,209.57","13,609.86",,,"17,854,700.00"
26/07/2022,"13,709.93","13,810.00","13,409.71","13,509.79",,,"16,657,400.00"
25/07/2022,"13,810.00","14,043.51","13,543.14","13,643.22",,,"18,447,100.00"
22/07/2022,"14,210.29","14,343.72","13,943.43","13,943.43",,,"17,909,200.00"
21/07/2022,"14,143.58","14,410.44","14,076.86","14,210.29",,,"15,996,768.00"
20/07/2022,"14,010.15","14,410.44","13,943.43","14,210.29",,,"22,492,300.00"
19/07/2022,"13,776.65","13,943.43","13,409.71","13,776.65",,,"20,202,100.00"
18/07/2022,"14,210.29","14,277.01","13,810.00","13,943.43",,,"18,121,400.00"
15/07/2022,"14,410.44","14,510.51","14,076.86","14,076.86",,,"16,777,600.00"
14/07/2022,"13,676.57","14,643.94","13,576.50","14,343.72",,,"23,495,100.00"
13/07/2022,"13,943.43","14,076.86","13,543.14","13,810.00",,,"17,889,400.00"
12/07/2022,"13,709.93","14,110.22","13,609.86","13,943.43",,,"12,210,200.00"
11/07/2022,"13,643.22","14,110.22","13,276.28","13,776.65",,,"26,063,700.00"
08/07/2022,"12,875.99","13,609.86","12,875.99","13,609.86",,,"30,335,700.00"
07/07/2022,"12,542.42","12,809.28","12,442.35","12,742.56",,,"9,823,100.00"
06/07/2022,"12,809.28","13,209.57","12,609.13","12,675.85",,,"15,464,800.00"
05/07/2022,"13,443.07","13,576.50","13,142.85","13,142.85",,,"14,270,100.00"
04/07/2022,"13,376.36","13,743.29","13,309.64","13,476.43",,,"19,912,000.00"
01/07/2022,"12,442.35","13,209.57","11,975.34","13,142.85",,,"15,820,400.00"
30/06/2022,"13,142.85","13,242.93","12,542.42","12,542.42",,,"13,292,100.00"
29/06/2022,"12,875.99","13,476.43","12,809.28","13,176.21",,,"14,442,800.00"
28/06/2022,"13,276.28","13,309.64","12,976.07","13,076.14",,,"13,504,500.00"
27/06/2022,"12,509.06","13,242.93","12,408.99","13,242.93",,,"13,895,600.00"
24/06/2022,"12,275.56","12,742.56","12,242.20","12,408.99",,,"11,929,000.00"
23/06/2022,"12,008.70","12,342.27","11,941.98","12,342.27",,,"13,897,300.00"
22/06/2022,"11,808.55","11,808.55","11,675.12","11,808.55",,,"11,892,500.00"
21/06/2022,"11,060.35","11,994.60","10,879.53","11,030.21",,,"24,985,100.00"
20/06/2022,"12,446.66","12,838.44","11,572.68","11,572.68",,,"18,264,500.00"
17/06/2022,"12,567.21","12,958.99","12,416.52","12,416.52",,,"21,425,200.00"
16/06/2022,"14,104.21","14,104.21","13,230.23","13,350.78",,,"13,693,900.00"
15/06/2022,"14,767.22","14,917.91","13,652.15","13,652.15",,,"19,494,300.00"
14/06/2022,"15,309.69","15,490.52","14,556.26","14,676.81",,,"18,196,100.00"
13/06/2022,"15,972.71","16,274.08","15,641.20","15,641.20",,,"20,886,700.00"
10/06/2022,"17,238.47","17,479.57","16,786.42","16,786.42",,,"15,762,200.00"
09/06/2022,"17,690.53","17,841.22","17,389.16","17,479.57",,,"8,046,900.00"
08/06/2022,"17,178.20","17,931.63","16,997.38","17,660.40",,,"15,160,100.00"
07/06/2022,"17,298.75","17,449.44","16,424.77","16,997.38",,,"18,575,400.00"
06/06/2022,"17,811.08","18,022.04","17,359.02","17,479.57",,,"13,164,700.00"
03/06/2022,"17,359.02","17,901.49","17,359.02","17,630.26",,,"17,320,500.00"
02/06/2022,"17,841.22","18,202.86","17,359.02","17,479.57",,,"19,231,800.00"
01/06/2022,"17,780.94","18,022.04","17,298.75","17,811.08",,,"14,547,600.00"
31/05/2022,"17,720.67","18,112.45","17,479.57","17,871.36",,,"18,384,500.00"
30/05/2022,"18,112.45","18,504.24","17,780.94","18,022.04",,,"14,626,400.00"
27/05/2022,"17,660.40","18,353.55","17,630.26","18,022.04",,,"21,093,000.00"
26/05/2022,"17,419.30","18,202.86","17,359.02","17,750.81",,,"29,090,600.00"
25/05/2022,"16,937.10","17,660.40","16,876.83","17,359.02",,,"17,343,300.00"
24/05/2022,"15,912.44","16,937.10","15,159.01","16,937.10",,,"21,895,816.00"
23/05/2022,"17,178.20","17,268.61","15,972.71","15,972.71",,,"30,852,999.00"
20/05/2022,"17,359.02","17,780.94","17,117.93","17,148.06",,,"16,547,700.00"
19/05/2022,"16,635.73","17,479.57","16,635.73","17,178.20",,,"19,289,300.00"
18/05/2022,"17,600.12","18,052.18","17,238.47","17,268.61",,,"24,752,200.00"
17/05/2022,"16,274.08","17,569.98","16,213.81","17,569.98",,,"19,693,100.00"
16/05/2022,"16,515.18","16,635.73","16,394.63","16,454.91",,,"18,681,800.00"
13/05/2022,"15,671.34","16,032.99","15,098.73","15,550.79",,,"25,072,800.00"
12/05/2022,"16,424.77","16,605.59","15,550.79","15,550.79",,,"16,144,500.00"
11/05/2022,"16,906.97","16,937.10","16,485.04","16,696.01",,,"6,152,600.00"
10/05/2022,"15,671.34","16,906.97","15,641.20","16,816.55",,,"15,460,299.00"
09/05/2022,"17,148.06","17,178.20","16,183.67","16,183.67",,,"19,479,400.00"
06/05/2022,"18,082.32","18,504.24","17,389.16","17,389.16",,,"15,163,700.00"
05/05/2022,"19,589.18","19,739.86","18,263.14","18,685.06",,,"10,130,600.00"
04/05/2022,"20,222.06","20,372.74","19,287.80","19,287.80",,,"8,048,400.00"
29/04/2022,"20,191.92","20,613.84","19,980.96","20,222.06",,,"9,311,700.00"
28/04/2022,"20,674.11","20,885.08","20,071.37","20,191.92",,,"6,207,900.00"
27/04/2022,"20,643.98","20,854.94","20,312.47","20,734.39",,,"5,239,300.00"
26/04/2022,"19,589.18","20,794.66","18,896.02","20,794.66",,,"12,730,000.00"
25/04/2022,"21,698.78","21,849.47","20,222.06","20,222.06",,,"11,146,000.00"
22/04/2022,"22,000.15","22,090.56","21,096.04","21,728.92",,,"7,077,100.00"
21/04/2022,"20,854.94","22,180.97","20,794.66","21,728.92",,,"12,545,000.00"
20/04/2022,"21,065.90","21,698.78","20,915.21","21,216.58",,,"10,151,300.00"
19/04/2022,"22,663.17","23,145.36","21,096.04","21,096.04",,,"12,289,200.00"
18/04/2022,"23,687.83","24,109.75","22,422.07","22,602.90",,,"16,501,500.00"
15/04/2022,"25,194.69","25,375.52","24,019.34","24,109.75",,,"9,691,100.00"
14/04/2022,"25,887.85","25,887.85","25,254.97","25,315.24",,,"5,345,500.00"
13/04/2022,"25,315.24","25,767.30","24,652.22","25,646.75",,,"8,424,200.00"
12/04/2022,"25,978.26","26,159.08","25,074.15","25,194.69",,,"7,028,900.00"
08/04/2022,"26,520.73","26,671.42","25,917.99","25,917.99",,,"7,310,200.00"
07/04/2022,"26,882.38","27,334.43","26,550.87","26,550.87",,,"9,640,400.00"
06/04/2022,"26,339.91","27,063.20","26,339.91","26,882.38",,,"8,151,700.00"
05/04/2022,"27,002.93","27,364.57","26,671.42","26,701.55",,,"7,217,300.00"
04/04/2022,"26,219.36","27,153.61","25,978.26","27,123.47",,,"14,810,300.00"
01/04/2022,"25,315.24","25,857.71","24,953.60","25,857.71",,,"7,804,400.00"
31/03/2022,"25,797.44","25,797.44","25,315.24","25,315.24",,,"4,239,600.00"
30/03/2022,"25,375.52","26,038.54","25,345.38","25,496.07",,,"6,997,900.00"
29/03/2022,"25,857.71","25,857.71","25,676.89","25,707.03",,,"4,100,800.00"
28/03/2022,"25,857.71","26,068.67","25,194.69","25,465.93",,,"10,391,600.00"
25/03/2022,"26,370.04","26,490.59","26,098.81","26,189.22",,,"7,927,800.00"
24/03/2022,"26,791.97","26,791.97","26,370.04","26,400.18",,,"7,095,000.00"
23/03/2022,"26,822.10","26,942.65","26,641.28","26,641.28",,,"6,329,400.00"
22/03/2022,"26,701.55","27,002.93","26,641.28","26,731.69",,,"6,005,800.00"
21/03/2022,"26,701.55","26,791.97","26,400.18","26,701.55",,,"6,957,300.00"
,,,,,,,
,,,,,,,
SIMPLIZE,,,,,,,
"Số 5 ngõ 316 Lê Trọng Tấn, Phường Khương Mai, Quận Thanh Xuân, TP.Hà Nội
",,,,,,,
Website: simplize.vn,,,,,,,
Email: info@simplize.vn,,,,,,,
Tel: (+84) 38 840 8668,,,,,,,
