Tên công ty,Ngân hàng Thương mại Cổ phần Sài Gòn Thương Tín,,,,,,
Tên báo cáo,Lịch sử giá,,,,,,
Ngày tải,24/03/2026,,,,,,
,,,,,,,
NGÀY,GIÁ MỞ CỬA,GIÁ CAO NHẤT,GIÁ THẤP NHẤT,GIÁ ĐÓNG CỬA,THAY ĐỔI GIÁ,% THAY ĐỔI,KHỐI LƯỢNG
24/03/2026,"61,100.00","62,000.00","60,500.00","60,500.00",500.00,0.01,"4,075,400.00"
23/03/2026,"62,400.00","62,900.00","60,000.00","60,000.00","-3,400.00",-0.05,"8,986,900.00"
20/03/2026,"63,100.00","64,000.00","62,700.00","63,400.00",0.00,0.00,"9,388,100.00"
19/03/2026,"63,300.00","64,700.00","62,100.00","63,400.00",100.00,0.00,"11,631,900.00"
18/03/2026,"67,700.00","68,800.00","62,900.00","63,300.00","-4,300.00",-0.06,"33,645,200.00"
17/03/2026,"67,000.00","69,200.00","67,000.00","67,600.00","1,000.00",0.02,"8,825,000.00"
16/03/2026,"65,700.00","68,900.00","65,600.00","66,600.00",800.00,0.01,"10,881,400.00"
13/03/2026,"65,000.00","67,000.00","64,900.00","65,800.00",100.00,0.00,"6,921,900.00"
12/03/2026,"65,600.00","67,100.00","65,100.00","65,700.00",-600.00,-0.01,"6,081,700.00"
11/03/2026,"65,100.00","67,400.00","64,500.00","66,300.00","1,300.00",0.02,"9,254,700.00"
10/03/2026,"63,000.00","65,000.00","62,600.00","65,000.00","4,200.00",0.07,"21,117,100.00"
09/03/2026,"59,400.00","64,100.00","59,400.00","60,800.00","-3,000.00",-0.05,"34,718,500.00"
06/03/2026,"64,900.00","65,400.00","62,600.00","63,800.00","-1,100.00",-0.02,"9,695,500.00"
05/03/2026,"67,600.00","68,700.00","64,900.00","64,900.00","-1,800.00",-0.03,"11,705,000.00"
04/03/2026,"67,600.00","68,100.00","65,300.00","66,700.00","-1,100.00",-0.02,"15,992,100.00"
03/03/2026,"67,000.00","70,200.00","67,000.00","67,800.00",800.00,0.01,"10,142,700.00"
02/03/2026,"65,100.00","70,000.00","64,100.00","67,000.00","1,500.00",0.02,"22,266,500.00"
27/02/2026,"66,900.00","67,200.00","65,500.00","65,500.00","-1,500.00",-0.02,"7,079,500.00"
26/02/2026,"66,800.00","67,300.00","65,600.00","67,000.00",300.00,0.00,"8,140,000.00"
25/02/2026,"63,400.00","67,800.00","63,400.00","66,700.00","3,300.00",0.05,"20,065,800.00"
24/02/2026,"63,200.00","64,200.00","63,000.00","63,400.00",500.00,0.01,"7,967,200.00"
23/02/2026,"62,500.00","63,700.00","62,500.00","62,900.00",300.00,0.00,"5,818,900.00"
13/02/2026,"61,200.00","62,600.00","61,100.00","62,600.00","1,500.00",0.02,"8,998,200.00"
12/02/2026,"61,200.00","62,700.00","61,100.00","61,100.00",0.00,0.00,"4,636,600.00"
11/02/2026,"59,300.00","62,900.00","59,300.00","61,100.00","1,600.00",0.03,"8,440,100.00"
10/02/2026,"60,300.00","60,700.00","59,000.00","59,500.00",-800.00,-0.01,"15,767,700.00"
09/02/2026,"61,600.00","62,100.00","60,300.00","60,300.00","-1,200.00",-0.02,"5,613,100.00"
06/02/2026,"61,800.00","62,400.00","60,800.00","61,500.00",-800.00,-0.01,"14,979,600.00"
05/02/2026,"63,800.00","65,000.00","62,300.00","62,300.00","-1,500.00",-0.02,"10,907,100.00"
04/02/2026,"62,800.00","64,600.00","62,600.00","63,800.00",800.00,0.01,"11,683,400.00"
03/02/2026,"64,000.00","64,500.00","62,700.00","63,000.00",-500.00,-0.01,"10,152,200.00"
02/02/2026,"63,000.00","64,000.00","62,000.00","63,500.00",500.00,0.01,"12,216,000.00"
30/01/2026,"62,800.00","65,000.00","62,700.00","63,000.00",200.00,0.00,"9,372,100.00"
29/01/2026,"64,000.00","64,400.00","62,600.00","62,800.00",-400.00,-0.01,"7,052,500.00"
28/01/2026,"62,000.00","65,600.00","61,900.00","63,200.00","1,300.00",0.02,"12,810,300.00"
27/01/2026,"62,000.00","63,300.00","61,000.00","61,900.00",-100.00,0.00,"12,496,700.00"
26/01/2026,"63,000.00","63,800.00","61,600.00","62,000.00",-600.00,-0.01,"14,884,400.00"
23/01/2026,"63,200.00","66,100.00","62,600.00","62,600.00",-900.00,-0.01,"16,451,000.00"
22/01/2026,"63,000.00","66,400.00","63,000.00","63,500.00","1,400.00",0.02,"17,206,700.00"
21/01/2026,"57,600.00","62,100.00","57,200.00","62,100.00","4,000.00",0.07,"25,967,900.00"
20/01/2026,"58,200.00","60,900.00","58,100.00","58,100.00",-200.00,0.00,"16,114,900.00"
19/01/2026,"58,000.00","58,700.00","57,600.00","58,300.00",-100.00,0.00,"8,938,300.00"
16/01/2026,"59,400.00","60,600.00","57,900.00","58,400.00",600.00,0.01,"18,237,000.00"
15/01/2026,"53,800.00","57,800.00","53,700.00","57,800.00","3,700.00",0.07,"23,196,000.00"
14/01/2026,"53,900.00","55,100.00","53,800.00","54,100.00",0.00,0.00,"14,857,600.00"
13/01/2026,"53,800.00","55,200.00","53,700.00","54,100.00",300.00,0.01,"18,230,000.00"
12/01/2026,"51,500.00","54,300.00","51,100.00","53,800.00","2,000.00",0.04,"21,181,100.00"
09/01/2026,"53,600.00","54,300.00","51,500.00","51,800.00","-1,700.00",-0.03,"21,551,500.00"
08/01/2026,"53,700.00","55,200.00","53,100.00","53,500.00",100.00,0.00,"16,488,100.00"
07/01/2026,"55,600.00","55,900.00","52,800.00","53,400.00","-3,300.00",-0.06,"53,941,300.00"
06/01/2026,"57,500.00","58,700.00","56,700.00","56,700.00","-1,200.00",-0.02,"12,705,700.00"
05/01/2026,"58,200.00","58,300.00","56,000.00","57,900.00",-100.00,0.00,"18,337,600.00"
31/12/2025,"59,600.00","60,200.00","58,000.00","58,000.00","-2,000.00",-0.03,"14,589,500.00"
30/12/2025,"60,300.00","60,800.00","58,500.00","60,000.00",100.00,0.00,"19,183,500.00"
29/12/2025,"58,200.00","60,400.00","58,100.00","59,900.00","2,400.00",0.04,"22,403,400.00"
26/12/2025,"55,500.00","57,500.00","53,100.00","57,500.00","1,600.00",0.03,"17,485,500.00"
25/12/2025,"58,300.00","58,600.00","55,900.00","55,900.00","-2,800.00",-0.05,"15,350,700.00"
24/12/2025,"58,800.00","58,800.00","56,600.00","58,700.00","2,700.00",0.05,"19,984,100.00"
23/12/2025,"54,700.00","56,000.00","54,200.00","56,000.00","3,600.00",0.07,"8,408,800.00"
22/12/2025,"49,300.00","52,400.00","48,600.00","52,400.00","3,400.00",0.07,"13,019,000.00"
19/12/2025,"47,700.00","49,000.00","47,700.00","49,000.00","1,000.00",0.02,"7,229,300.00"
18/12/2025,"47,000.00","48,000.00","46,900.00","48,000.00",800.00,0.02,"5,520,600.00"
17/12/2025,"47,200.00","47,800.00","47,100.00","47,200.00",150.00,0.00,"4,055,200.00"
16/12/2025,"46,500.00","48,200.00","46,500.00","47,050.00",250.00,0.01,"5,417,200.00"
15/12/2025,"46,050.00","47,200.00","45,950.00","46,800.00",800.00,0.02,"6,054,400.00"
12/12/2025,"47,700.00","48,500.00","46,000.00","46,000.00","-1,700.00",-0.04,"8,811,500.00"
11/12/2025,"48,400.00","48,600.00","47,700.00","47,700.00",-900.00,-0.02,"6,162,200.00"
10/12/2025,"48,450.00","48,650.00","48,400.00","48,600.00",50.00,0.00,"5,984,100.00"
09/12/2025,"48,350.00","49,250.00","48,050.00","48,550.00",-150.00,0.00,"10,646,500.00"
08/12/2025,"49,200.00","49,250.00","48,700.00","48,700.00",-500.00,-0.01,"4,224,200.00"
05/12/2025,"50,600.00","50,600.00","49,200.00","49,200.00","-1,000.00",-0.02,"6,092,100.00"
04/12/2025,"50,000.00","51,000.00","49,950.00","50,200.00",500.00,0.01,"7,179,800.00"
03/12/2025,"49,200.00","50,900.00","49,200.00","49,700.00",300.00,0.01,"7,311,300.00"
02/12/2025,"49,000.00","49,650.00","49,000.00","49,400.00",400.00,0.01,"5,477,800.00"
01/12/2025,"48,700.00","49,600.00","48,650.00","49,000.00",400.00,0.01,"3,344,100.00"
28/11/2025,"49,000.00","49,550.00","48,600.00","48,600.00",-700.00,-0.01,"4,671,200.00"
27/11/2025,"49,800.00","50,600.00","49,300.00","49,300.00",-650.00,-0.01,"3,672,600.00"
26/11/2025,"50,100.00","51,200.00","49,950.00","49,950.00",-50.00,0.00,"7,616,300.00"
25/11/2025,"50,000.00","51,000.00","49,750.00","50,000.00",0.00,0.00,"5,219,100.00"
24/11/2025,"51,500.00","51,500.00","50,000.00","50,000.00","-1,300.00",-0.03,"6,116,900.00"
21/11/2025,"49,050.00","51,300.00","48,900.00","51,300.00","1,800.00",0.04,"10,132,900.00"
20/11/2025,"49,500.00","49,800.00","49,100.00","49,500.00",0.00,0.00,"5,896,100.00"
19/11/2025,"49,450.00","50,300.00","49,050.00","49,500.00",0.00,0.00,"9,515,600.00"
18/11/2025,"48,900.00","49,650.00","48,500.00","49,500.00",600.00,0.01,"8,541,600.00"
17/11/2025,"48,100.00","49,050.00","47,900.00","48,900.00",850.00,0.02,"10,169,700.00"
14/11/2025,"48,600.00","48,650.00","47,400.00","48,050.00",-650.00,-0.01,"14,304,600.00"
13/11/2025,"50,500.00","50,500.00","48,550.00","48,700.00","-1,900.00",-0.04,"17,041,000.00"
12/11/2025,"49,700.00","50,600.00","48,850.00","50,600.00",950.00,0.02,"8,640,000.00"
11/11/2025,"48,700.00","49,650.00","47,450.00","49,650.00","1,150.00",0.02,"8,621,000.00"
10/11/2025,"48,500.00","49,400.00","48,350.00","48,500.00",150.00,0.00,"8,290,900.00"
07/11/2025,"51,700.00","51,900.00","48,350.00","48,350.00","-3,550.00",-0.07,"20,318,100.00"
06/11/2025,"53,500.00","53,800.00","51,900.00","51,900.00","-1,600.00",-0.03,"7,748,900.00"
05/11/2025,"53,500.00","54,500.00","53,200.00","53,500.00",-400.00,-0.01,"4,422,600.00"
04/11/2025,"52,000.00","54,800.00","51,700.00","53,900.00","1,600.00",0.03,"11,567,100.00"
03/11/2025,"55,400.00","55,800.00","52,300.00","52,300.00","-3,200.00",-0.06,"6,619,800.00"
31/10/2025,"56,700.00","57,200.00","55,500.00","55,500.00","-1,400.00",-0.02,"3,469,600.00"
30/10/2025,"57,200.00","57,300.00","56,400.00","56,900.00",-300.00,-0.01,"3,281,900.00"
29/10/2025,"56,800.00","58,100.00","56,500.00","57,200.00",400.00,0.01,"5,986,100.00"
28/10/2025,"54,400.00","56,800.00","53,600.00","56,800.00","2,200.00",0.04,"6,598,200.00"
27/10/2025,"54,500.00","55,300.00","53,500.00","54,600.00",100.00,0.00,"4,852,600.00"
24/10/2025,"55,200.00","55,500.00","53,600.00","54,500.00","-1,100.00",-0.02,"7,394,000.00"
23/10/2025,"55,400.00","55,900.00","54,700.00","55,600.00",200.00,0.00,"5,822,500.00"
22/10/2025,"55,700.00","55,700.00","53,500.00","55,400.00",-200.00,0.00,"5,680,600.00"
21/10/2025,"55,500.00","55,600.00","53,000.00","55,600.00",700.00,0.01,"11,955,700.00"
20/10/2025,"58,600.00","58,800.00","54,900.00","54,900.00","-4,100.00",-0.07,"13,295,700.00"
17/10/2025,"59,000.00","59,300.00","58,100.00","59,000.00",-500.00,-0.01,"6,674,400.00"
16/10/2025,"60,100.00","60,400.00","58,500.00","59,500.00",-500.00,-0.01,"10,235,300.00"
15/10/2025,"60,200.00","60,800.00","60,000.00","60,000.00",-600.00,-0.01,"3,805,800.00"
14/10/2025,"61,100.00","61,300.00","60,100.00","60,600.00",-400.00,-0.01,"7,039,200.00"
13/10/2025,"59,900.00","61,000.00","59,300.00","61,000.00",600.00,0.01,"7,743,200.00"
10/10/2025,"60,200.00","60,400.00","59,200.00","60,400.00",400.00,0.01,"8,202,400.00"
09/10/2025,"60,300.00","61,000.00","59,700.00","60,000.00",100.00,0.00,"9,593,000.00"
08/10/2025,"58,600.00","60,000.00","58,500.00","59,900.00","1,400.00",0.02,"10,390,300.00"
07/10/2025,"60,000.00","60,400.00","58,500.00","58,500.00","-1,300.00",-0.02,"7,496,400.00"
06/10/2025,"58,000.00","59,800.00","57,100.00","59,800.00","2,800.00",0.05,"10,349,900.00"
03/10/2025,"58,600.00","58,600.00","57,000.00","57,000.00","-1,700.00",-0.03,"9,437,900.00"
02/10/2025,"60,000.00","60,300.00","58,000.00","58,700.00","-1,100.00",-0.02,"8,412,100.00"
01/10/2025,"57,100.00","59,800.00","56,700.00","59,800.00","2,900.00",0.05,"18,440,100.00"
30/09/2025,"56,600.00","57,100.00","56,000.00","56,900.00",300.00,0.01,"8,892,800.00"
29/09/2025,"56,500.00","56,600.00","55,400.00","56,600.00",100.00,0.00,"5,361,700.00"
26/09/2025,"56,900.00","56,900.00","55,900.00","56,500.00",-400.00,-0.01,"6,010,100.00"
25/09/2025,"57,200.00","57,200.00","56,000.00","56,900.00",-100.00,0.00,"6,594,300.00"
24/09/2025,"55,400.00","57,000.00","54,500.00","57,000.00","1,600.00",0.03,"6,866,400.00"
23/09/2025,"55,200.00","55,700.00","54,500.00","55,400.00",600.00,0.01,"5,215,300.00"
22/09/2025,"55,500.00","55,700.00","53,600.00","54,800.00",-400.00,-0.01,"8,456,900.00"
19/09/2025,"57,400.00","57,500.00","55,200.00","55,200.00","-1,800.00",-0.03,"14,993,400.00"
18/09/2025,"56,500.00","57,300.00","55,800.00","57,000.00",800.00,0.01,"8,193,300.00"
17/09/2025,"56,300.00","56,600.00","55,500.00","56,200.00",100.00,0.00,"8,281,600.00"
16/09/2025,"56,400.00","56,900.00","55,900.00","56,100.00",100.00,0.00,"6,628,000.00"
15/09/2025,"55,200.00","56,000.00","54,500.00","56,000.00",600.00,0.01,"8,931,100.00"
12/09/2025,"55,900.00","55,900.00","55,100.00","55,400.00",0.00,0.00,"6,397,200.00"
11/09/2025,"54,200.00","55,700.00","52,600.00","55,400.00","1,500.00",0.03,"12,854,900.00"
10/09/2025,"54,500.00","54,900.00","53,400.00","53,900.00",-300.00,-0.01,"7,469,300.00"
09/09/2025,"53,900.00","54,300.00","53,100.00","54,200.00",200.00,0.00,"6,237,400.00"
08/09/2025,"55,700.00","56,200.00","53,900.00","54,000.00","-2,000.00",-0.04,"11,396,400.00"
05/09/2025,"56,900.00","57,100.00","54,800.00","56,000.00",-400.00,-0.01,"11,299,600.00"
04/09/2025,"56,700.00","56,800.00","55,700.00","56,400.00",100.00,0.00,"7,720,900.00"
03/09/2025,"56,000.00","56,300.00","55,200.00","56,300.00",700.00,0.01,"7,512,300.00"
29/08/2025,"55,200.00","55,800.00","54,300.00","55,600.00",800.00,0.01,"13,870,300.00"
28/08/2025,"55,900.00","56,200.00","54,400.00","54,800.00",-800.00,-0.01,"8,394,200.00"
27/08/2025,"55,300.00","56,400.00","54,100.00","55,600.00",600.00,0.01,"15,918,500.00"
26/08/2025,"52,500.00","55,000.00","52,400.00","55,000.00","2,000.00",0.04,"12,289,300.00"
25/08/2025,"56,200.00","56,500.00","51,700.00","53,000.00","-2,500.00",-0.05,"22,715,200.00"
22/08/2025,"57,400.00","59,100.00","54,600.00","55,500.00","-2,300.00",-0.04,"21,576,300.00"
21/08/2025,"54,800.00","57,800.00","54,700.00","57,800.00","3,700.00",0.07,"26,950,700.00"
20/08/2025,"53,400.00","54,400.00","51,700.00","54,100.00",900.00,0.02,"25,005,100.00"
19/08/2025,"52,700.00","53,900.00","52,300.00","53,200.00",400.00,0.01,"10,619,300.00"
18/08/2025,"53,900.00","53,900.00","52,200.00","52,800.00","-1,100.00",-0.02,"12,871,600.00"
15/08/2025,"55,900.00","56,000.00","53,000.00","53,900.00","-1,500.00",-0.03,"13,248,000.00"
14/08/2025,"54,300.00","56,300.00","53,700.00","55,400.00","1,500.00",0.03,"16,179,400.00"
13/08/2025,"54,400.00","54,400.00","52,900.00","53,900.00",-100.00,0.00,"8,805,500.00"
12/08/2025,"53,600.00","54,800.00","53,000.00","54,000.00",300.00,0.01,"7,085,300.00"
11/08/2025,"53,600.00","53,800.00","52,700.00","53,700.00",-300.00,-0.01,"11,099,300.00"
08/08/2025,"54,400.00","54,400.00","52,500.00","54,000.00",-600.00,-0.01,"15,418,000.00"
07/08/2025,"54,800.00","55,200.00","52,900.00","54,600.00",500.00,0.01,"14,247,000.00"
06/08/2025,"52,600.00","54,100.00","52,200.00","54,100.00","2,400.00",0.05,"12,203,200.00"
05/08/2025,"50,400.00","53,500.00","49,650.00","51,700.00","1,700.00",0.03,"34,970,000.00"
04/08/2025,"48,900.00","50,000.00","48,500.00","50,000.00",600.00,0.01,"10,261,900.00"
01/08/2025,"50,300.00","50,800.00","49,100.00","49,400.00",-550.00,-0.01,"13,980,500.00"
31/07/2025,"49,900.00","50,700.00","49,250.00","49,950.00",650.00,0.01,"18,161,500.00"
30/07/2025,"48,850.00","50,300.00","48,100.00","49,300.00","1,300.00",0.03,"17,249,500.00"
29/07/2025,"49,100.00","50,800.00","48,000.00","48,000.00","-1,100.00",-0.02,"24,137,000.00"
28/07/2025,"48,800.00","49,300.00","48,350.00","49,100.00",300.00,0.01,"15,097,200.00"
25/07/2025,"49,450.00","49,500.00","48,800.00","48,800.00",-200.00,0.00,"7,947,800.00"
24/07/2025,"48,800.00","49,500.00","48,500.00","49,000.00",300.00,0.01,"10,168,300.00"
23/07/2025,"49,700.00","49,700.00","48,500.00","48,700.00",-800.00,-0.02,"15,205,900.00"
22/07/2025,"49,200.00","49,500.00","48,700.00","49,500.00",0.00,0.00,"9,543,900.00"
21/07/2025,"50,700.00","50,800.00","49,150.00","49,500.00",-700.00,-0.01,"10,525,200.00"
18/07/2025,"48,000.00","50,500.00","47,400.00","50,200.00","2,500.00",0.05,"26,073,200.00"
17/07/2025,"48,050.00","48,400.00","47,600.00","47,700.00",-100.00,0.00,"9,050,500.00"
16/07/2025,"47,800.00","48,150.00","47,250.00","47,800.00",100.00,0.00,"9,529,800.00"
15/07/2025,"48,200.00","49,200.00","47,700.00","47,700.00",-250.00,-0.01,"9,831,600.00"
14/07/2025,"47,750.00","48,100.00","47,200.00","47,950.00",300.00,0.01,"8,661,400.00"
11/07/2025,"47,800.00","48,500.00","47,350.00","47,650.00",0.00,0.00,"10,780,900.00"
10/07/2025,"47,900.00","47,900.00","47,250.00","47,650.00",-150.00,0.00,"8,376,100.00"
09/07/2025,"48,000.00","48,100.00","47,350.00","47,800.00",150.00,0.00,"9,776,500.00"
08/07/2025,"47,700.00","48,050.00","47,200.00","47,650.00",100.00,0.00,"6,020,400.00"
07/07/2025,"47,100.00","48,500.00","47,100.00","47,550.00",500.00,0.01,"8,252,600.00"
04/07/2025,"46,700.00","47,200.00","46,200.00","47,050.00",400.00,0.01,"9,440,800.00"
03/07/2025,"47,400.00","47,700.00","46,400.00","46,650.00",-900.00,-0.02,"14,989,200.00"
02/07/2025,"47,300.00","48,100.00","47,000.00","47,550.00",600.00,0.01,"9,449,300.00"
01/07/2025,"46,800.00","46,950.00","46,450.00","46,950.00",250.00,0.01,"6,104,200.00"
30/06/2025,"46,600.00","47,050.00","46,350.00","46,700.00",350.00,0.01,"6,019,100.00"
27/06/2025,"47,050.00","47,100.00","46,350.00","46,350.00",-450.00,-0.01,"5,470,600.00"
26/06/2025,"47,000.00","47,200.00","46,200.00","46,800.00",0.00,0.00,"9,648,600.00"
25/06/2025,"46,500.00","47,350.00","46,450.00","46,800.00",300.00,0.01,"6,595,600.00"
24/06/2025,"46,850.00","47,200.00","46,150.00","46,500.00",50.00,0.00,"10,511,600.00"
23/06/2025,"46,250.00","47,200.00","46,150.00","46,450.00",-150.00,0.00,"6,599,000.00"
20/06/2025,"47,300.00","47,500.00","46,150.00","46,600.00",-550.00,-0.01,"10,921,500.00"
19/06/2025,"47,200.00","47,450.00","46,700.00","47,150.00",-50.00,0.00,"8,489,700.00"
18/06/2025,"46,000.00","47,800.00","45,700.00","47,200.00","1,200.00",0.03,"12,882,100.00"
17/06/2025,"45,550.00","46,400.00","45,500.00","46,000.00",500.00,0.01,"8,798,900.00"
16/06/2025,"44,600.00","45,500.00","44,550.00","45,500.00",600.00,0.01,"8,042,500.00"
13/06/2025,"44,700.00","45,200.00","44,250.00","44,900.00",-100.00,0.00,"13,819,300.00"
12/06/2025,"43,200.00","45,750.00","43,200.00","45,000.00","2,150.00",0.05,"20,238,200.00"
11/06/2025,"43,150.00","43,300.00","42,600.00","42,850.00",-50.00,0.00,"6,729,600.00"
10/06/2025,"42,100.00","44,000.00","42,000.00","42,900.00",950.00,0.02,"15,151,600.00"
09/06/2025,"41,950.00","42,200.00","41,600.00","41,950.00",200.00,0.00,"7,225,300.00"
06/06/2025,"41,300.00","42,450.00","41,100.00","41,750.00",400.00,0.01,"15,985,000.00"
05/06/2025,"41,000.00","41,900.00","41,000.00","41,350.00",350.00,0.01,"10,652,000.00"
04/06/2025,"41,700.00","41,750.00","41,000.00","41,000.00",-600.00,-0.01,"7,724,000.00"
03/06/2025,"41,900.00","42,000.00","41,550.00","41,600.00",-200.00,0.00,"5,967,100.00"
02/06/2025,"40,700.00","42,200.00","40,500.00","41,800.00","1,100.00",0.03,"11,981,200.00"
30/05/2025,"41,350.00","41,350.00","40,550.00","40,700.00",-600.00,-0.01,"8,819,800.00"
29/05/2025,"41,150.00","41,400.00","40,750.00","41,300.00",250.00,0.01,"7,364,400.00"
28/05/2025,"41,700.00","41,700.00","41,050.00","41,050.00",-450.00,-0.01,"7,824,600.00"
27/05/2025,"41,550.00","42,100.00","41,100.00","41,500.00",-50.00,0.00,"8,067,700.00"
26/05/2025,"41,500.00","41,750.00","40,300.00","41,550.00",-250.00,-0.01,"10,359,000.00"
23/05/2025,"41,100.00","41,800.00","40,800.00","41,800.00",700.00,0.02,"10,650,200.00"
22/05/2025,"41,750.00","42,000.00","41,000.00","41,100.00",-700.00,-0.02,"9,149,500.00"
21/05/2025,"39,500.00","42,250.00","39,500.00","41,800.00","2,300.00",0.06,"39,103,400.00"
20/05/2025,"39,000.00","39,650.00","39,000.00","39,500.00",500.00,0.01,"10,361,100.00"
19/05/2025,"39,500.00","39,650.00","38,950.00","39,000.00",-800.00,-0.02,"15,035,800.00"
16/05/2025,"40,700.00","40,750.00","39,800.00","39,800.00",-900.00,-0.02,"8,322,100.00"
15/05/2025,"40,200.00","41,100.00","40,050.00","40,700.00",700.00,0.02,"18,297,100.00"
14/05/2025,"40,200.00","40,300.00","39,700.00","40,000.00",-100.00,0.00,"11,857,000.00"
13/05/2025,"40,350.00","40,400.00","39,600.00","40,100.00",100.00,0.00,"13,378,200.00"
12/05/2025,"39,800.00","40,050.00","39,750.00","40,000.00",250.00,0.01,"17,745,900.00"
09/05/2025,"39,400.00","40,150.00","39,300.00","39,750.00",250.00,0.01,"15,287,300.00"
08/05/2025,"38,850.00","39,600.00","38,750.00","39,500.00",650.00,0.02,"9,549,200.00"
07/05/2025,"38,950.00","39,150.00","38,550.00","38,850.00",0.00,0.00,"9,004,500.00"
06/05/2025,"39,400.00","39,700.00","38,850.00","38,850.00",-650.00,-0.02,"8,137,000.00"
05/05/2025,"39,200.00","39,650.00","38,950.00","39,500.00",400.00,0.01,"5,167,000.00"
29/04/2025,"39,200.00","39,400.00","38,900.00","39,100.00",-150.00,0.00,"4,551,800.00"
28/04/2025,"39,250.00","39,300.00","38,750.00","39,250.00",100.00,0.00,"9,043,800.00"
25/04/2025,"40,200.00","40,500.00","39,150.00","39,150.00","-1,050.00",-0.03,"23,650,700.00"
24/04/2025,"40,200.00","40,450.00","39,500.00","40,200.00",0.00,0.00,"13,836,900.00"
23/04/2025,"41,050.00","41,200.00","40,150.00","40,200.00",-450.00,-0.01,"13,621,800.00"
22/04/2025,"40,450.00","40,650.00","37,650.00","40,650.00",200.00,0.00,"32,019,500.00"
21/04/2025,"38,550.00","41,200.00","37,850.00","40,450.00","1,900.00",0.05,"34,146,600.00"
18/04/2025,"38,600.00","39,150.00","38,500.00","38,550.00",250.00,0.01,"14,439,400.00"
17/04/2025,"38,000.00","38,500.00","37,950.00","38,300.00",150.00,0.00,"12,994,500.00"
16/04/2025,"38,600.00","38,850.00","38,050.00","38,150.00",-300.00,-0.01,"9,915,900.00"
15/04/2025,"37,450.00","38,450.00","37,100.00","38,450.00",650.00,0.02,"16,839,800.00"
14/04/2025,"37,950.00","38,500.00","37,550.00","37,800.00",-50.00,0.00,"12,950,500.00"
11/04/2025,"35,400.00","37,850.00","35,400.00","37,850.00","2,450.00",0.07,"45,803,600.00"
10/04/2025,"35,400.00","35,400.00","35,400.00","35,400.00","2,300.00",0.07,"231,100.00"
09/04/2025,"33,000.00","36,000.00","32,400.00","33,100.00","-1,700.00",-0.05,"30,887,500.00"
08/04/2025,"36,000.00","36,900.00","34,800.00","34,800.00","-2,600.00",-0.07,"50,377,200.00"
04/04/2025,"34,100.00","37,500.00","34,100.00","37,400.00",850.00,0.02,"38,581,000.00"
03/04/2025,"38,100.00","38,500.00","36,550.00","36,550.00","-2,700.00",-0.07,"90,990,400.00"
02/04/2025,"39,650.00","39,750.00","39,250.00","39,250.00",-450.00,-0.01,"8,155,200.00"
01/04/2025,"38,650.00","39,700.00","38,300.00","39,700.00","1,400.00",0.04,"12,024,400.00"
31/03/2025,"38,000.00","38,750.00","37,950.00","38,300.00",50.00,0.00,"7,858,700.00"
28/03/2025,"38,250.00","38,700.00","37,950.00","38,250.00",0.00,0.00,"6,500,900.00"
27/03/2025,"38,400.00","38,600.00","38,150.00","38,250.00",-350.00,-0.01,"5,286,900.00"
26/03/2025,"38,650.00","39,200.00","38,450.00","38,600.00",-50.00,0.00,"10,412,200.00"
25/03/2025,"38,750.00","38,800.00","38,350.00","38,650.00",50.00,0.00,"5,559,800.00"
24/03/2025,"38,700.00","38,700.00","37,900.00","38,600.00",-50.00,0.00,"9,208,700.00"
21/03/2025,"38,950.00","39,000.00","38,350.00","38,650.00",-250.00,-0.01,"6,529,400.00"
20/03/2025,"38,400.00","39,000.00","38,100.00","38,900.00",500.00,0.01,"8,974,900.00"
19/03/2025,"38,400.00","38,600.00","37,900.00","38,400.00",0.00,0.00,"12,163,700.00"
18/03/2025,"38,950.00","39,100.00","38,400.00","38,400.00",-450.00,-0.01,"6,627,800.00"
17/03/2025,"39,000.00","39,200.00","38,500.00","38,850.00",0.00,0.00,"5,677,600.00"
14/03/2025,"38,800.00","39,050.00","38,350.00","38,850.00",-150.00,0.00,"12,595,200.00"
13/03/2025,"39,650.00","39,700.00","38,950.00","39,000.00",-750.00,-0.02,"16,107,200.00"
12/03/2025,"40,000.00","40,050.00","39,300.00","39,750.00",-150.00,0.00,"10,908,500.00"
11/03/2025,"39,400.00","39,900.00","39,400.00","39,900.00",-100.00,0.00,"5,687,100.00"
10/03/2025,"40,000.00","40,300.00","39,200.00","40,000.00",250.00,0.01,"15,036,900.00"
07/03/2025,"39,650.00","39,900.00","39,400.00","39,750.00",250.00,0.01,"11,663,800.00"
06/03/2025,"38,850.00","39,550.00","38,750.00","39,500.00",700.00,0.02,"7,514,100.00"
05/03/2025,"39,300.00","39,700.00","38,800.00","38,800.00",-400.00,-0.01,"9,606,400.00"
04/03/2025,"38,650.00","39,400.00","38,500.00","39,200.00",350.00,0.01,"9,150,800.00"
03/03/2025,"38,350.00","38,850.00","38,350.00","38,850.00",600.00,0.02,"5,444,600.00"
28/02/2025,"38,250.00","38,700.00","38,250.00","38,250.00",-50.00,0.00,"5,601,900.00"
27/02/2025,"38,550.00","38,650.00","38,100.00","38,300.00",-250.00,-0.01,"12,864,400.00"
26/02/2025,"39,250.00","39,350.00","38,550.00","38,550.00",-700.00,-0.02,"15,149,500.00"
25/02/2025,"39,500.00","39,700.00","39,250.00","39,250.00",-150.00,0.00,"6,148,600.00"
24/02/2025,"38,850.00","39,600.00","38,700.00","39,400.00",550.00,0.01,"7,261,100.00"
21/02/2025,"38,750.00","38,950.00","38,300.00","38,850.00",100.00,0.00,"8,170,200.00"
20/02/2025,"38,900.00","39,050.00","38,550.00","38,750.00",0.00,0.00,"7,041,600.00"
19/02/2025,"38,650.00","39,100.00","38,500.00","38,750.00",100.00,0.00,"7,478,000.00"
18/02/2025,"38,300.00","39,150.00","38,150.00","38,650.00",350.00,0.01,"8,042,000.00"
17/02/2025,"38,250.00","38,500.00","38,100.00","38,300.00",50.00,0.00,"6,088,300.00"
14/02/2025,"39,300.00","39,300.00","38,250.00","38,250.00",-550.00,-0.01,"8,007,000.00"
13/02/2025,"38,500.00","38,800.00","38,400.00","38,800.00",150.00,0.00,"4,741,600.00"
12/02/2025,"38,500.00","38,850.00","38,300.00","38,650.00",150.00,0.00,"8,553,900.00"
11/02/2025,"38,400.00","38,700.00","38,150.00","38,500.00",50.00,0.00,"5,513,100.00"
10/02/2025,"37,400.00","38,850.00","37,200.00","38,450.00","1,000.00",0.03,"21,128,100.00"
07/02/2025,"37,350.00","38,100.00","37,200.00","37,450.00",100.00,0.00,"11,948,300.00"
06/02/2025,"37,500.00","37,850.00","37,300.00","37,350.00",100.00,0.00,"8,268,500.00"
05/02/2025,"37,450.00","37,500.00","37,000.00","37,250.00",-50.00,0.00,"5,279,300.00"
04/02/2025,"36,700.00","37,800.00","36,650.00","37,300.00",750.00,0.02,"12,650,000.00"
03/02/2025,"36,800.00","36,900.00","36,300.00","36,550.00",-450.00,-0.01,"9,000,500.00"
24/01/2025,"37,300.00","37,350.00","36,900.00","37,000.00",0.00,0.00,"4,818,200.00"
23/01/2025,"36,650.00","37,550.00","36,450.00","37,000.00",650.00,0.02,"10,155,400.00"
22/01/2025,"36,200.00","36,650.00","36,150.00","36,350.00",300.00,0.01,"7,602,200.00"
21/01/2025,"36,450.00","36,450.00","35,900.00","36,050.00",100.00,0.00,"5,396,100.00"
20/01/2025,"35,850.00","36,350.00","35,750.00","35,950.00",200.00,0.01,"6,359,200.00"
17/01/2025,"35,400.00","35,800.00","35,150.00","35,750.00",300.00,0.01,"5,715,900.00"
16/01/2025,"35,400.00","35,800.00","35,050.00","35,450.00",350.00,0.01,"9,548,300.00"
15/01/2025,"35,400.00","35,450.00","35,100.00","35,100.00",-300.00,-0.01,"6,977,700.00"
14/01/2025,"35,300.00","35,400.00","34,900.00","35,400.00",100.00,0.00,"4,412,700.00"
13/01/2025,"35,000.00","35,350.00","34,700.00","35,300.00",100.00,0.00,"8,382,600.00"
10/01/2025,"36,400.00","36,550.00","35,200.00","35,200.00","-1,200.00",-0.03,"15,560,200.00"
09/01/2025,"36,800.00","36,900.00","36,400.00","36,400.00",-300.00,-0.01,"5,593,400.00"
08/01/2025,"36,700.00","36,900.00","36,500.00","36,700.00",-200.00,-0.01,"6,074,100.00"
07/01/2025,"36,450.00","37,050.00","36,350.00","36,900.00",650.00,0.02,"7,377,300.00"
06/01/2025,"36,100.00","36,600.00","36,050.00","36,250.00",150.00,0.00,"9,584,000.00"
03/01/2025,"36,950.00","36,950.00","36,100.00","36,100.00",-900.00,-0.02,"8,642,600.00"
02/01/2025,"36,950.00","37,200.00","36,600.00","37,000.00",100.00,0.00,"5,957,100.00"
31/12/2024,"37,550.00","37,550.00","36,900.00","36,900.00",-950.00,-0.03,"9,388,400.00"
30/12/2024,"37,350.00","37,850.00","36,800.00","37,850.00",450.00,0.01,"10,631,900.00"
27/12/2024,"37,200.00","37,400.00","36,900.00","37,400.00",300.00,0.01,"11,145,700.00"
26/12/2024,"36,450.00","37,400.00","36,350.00","37,100.00",850.00,0.02,"16,442,000.00"
25/12/2024,"34,800.00","36,500.00","34,750.00","36,250.00","1,550.00",0.04,"24,376,900.00"
24/12/2024,"34,550.00","34,750.00","34,350.00","34,700.00",200.00,0.01,"6,484,800.00"
23/12/2024,"34,150.00","35,000.00","34,100.00","34,500.00",650.00,0.02,"10,898,800.00"
20/12/2024,"33,750.00","33,950.00","33,500.00","33,850.00",-50.00,0.00,"7,578,900.00"
19/12/2024,"33,800.00","34,000.00","33,550.00","33,900.00",-300.00,-0.01,"8,676,200.00"
18/12/2024,"34,100.00","34,200.00","33,850.00","34,200.00",100.00,0.00,"4,850,900.00"
17/12/2024,"34,100.00","34,200.00","33,850.00","34,100.00",0.00,0.00,"3,703,800.00"
16/12/2024,"34,000.00","34,100.00","33,850.00","34,100.00",100.00,0.00,"4,502,700.00"
13/12/2024,"33,800.00","34,200.00","33,550.00","34,000.00",200.00,0.01,"7,644,600.00"
12/12/2024,"33,650.00","34,100.00","33,650.00","33,800.00",150.00,0.00,"4,826,000.00"
11/12/2024,"33,800.00","33,900.00","33,500.00","33,650.00",150.00,0.00,"5,182,000.00"
10/12/2024,"34,050.00","34,200.00","33,500.00","33,500.00",-500.00,-0.01,"5,671,300.00"
09/12/2024,"33,700.00","34,100.00","33,600.00","34,000.00",200.00,0.01,"5,819,800.00"
06/12/2024,"33,900.00","33,950.00","33,600.00","33,800.00",-150.00,0.00,"5,016,000.00"
05/12/2024,"32,350.00","34,000.00","32,250.00","33,950.00","1,550.00",0.05,"13,198,900.00"
04/12/2024,"32,550.00","32,600.00","32,150.00","32,400.00",-200.00,-0.01,"5,780,600.00"
03/12/2024,"33,150.00","33,150.00","32,600.00","32,600.00",-500.00,-0.02,"8,715,400.00"
02/12/2024,"33,400.00","33,400.00","32,850.00","33,100.00",-200.00,-0.01,"5,222,300.00"
29/11/2024,"33,050.00","33,300.00","32,800.00","33,300.00",150.00,0.00,"6,626,200.00"
28/11/2024,"33,200.00","33,600.00","32,950.00","33,150.00",-50.00,0.00,"8,503,500.00"
27/11/2024,"33,100.00","33,300.00","32,800.00","33,200.00",0.00,0.00,"5,196,000.00"
26/11/2024,"33,000.00","33,350.00","32,950.00","33,200.00",350.00,0.01,"6,126,800.00"
25/11/2024,"32,700.00","33,150.00","32,650.00","32,850.00",200.00,0.01,"5,082,200.00"
22/11/2024,"33,000.00","33,150.00","32,600.00","32,650.00",-400.00,-0.01,"5,610,500.00"
21/11/2024,"32,400.00","33,050.00","32,250.00","33,050.00",650.00,0.02,"8,026,600.00"
20/11/2024,"31,700.00","32,750.00","31,300.00","32,400.00",450.00,0.01,"8,575,900.00"
19/11/2024,"32,600.00","32,600.00","31,750.00","31,950.00",-650.00,-0.02,"7,271,700.00"
18/11/2024,"32,550.00","32,700.00","31,900.00","32,600.00",200.00,0.01,"10,149,900.00"
15/11/2024,"32,400.00","32,850.00","32,200.00","32,400.00",-100.00,0.00,"12,216,400.00"
14/11/2024,"33,550.00","33,550.00","32,500.00","32,500.00",-900.00,-0.03,"9,004,900.00"
13/11/2024,"33,500.00","33,500.00","32,400.00","33,400.00",-150.00,0.00,"15,006,400.00"
12/11/2024,"33,800.00","33,900.00","33,250.00","33,550.00",-250.00,-0.01,"14,613,800.00"
11/11/2024,"35,400.00","35,550.00","33,400.00","33,800.00","-1,700.00",-0.05,"32,893,000.00"
08/11/2024,"35,850.00","36,000.00","35,000.00","35,500.00",-100.00,0.00,"9,413,400.00"
07/11/2024,"35,600.00","35,800.00","35,400.00","35,600.00",100.00,0.00,"8,231,800.00"
06/11/2024,"35,000.00","35,500.00","34,800.00","35,500.00",650.00,0.02,"6,934,000.00"
05/11/2024,"34,850.00","35,300.00","34,850.00","34,850.00",-50.00,0.00,"6,852,800.00"
04/11/2024,"35,000.00","35,350.00","34,650.00","34,900.00",-100.00,0.00,"11,339,100.00"
01/11/2024,"35,000.00","35,250.00","34,950.00","35,000.00",-200.00,-0.01,"9,112,000.00"
31/10/2024,"34,800.00","35,700.00","34,600.00","35,200.00",400.00,0.01,"17,764,700.00"
30/10/2024,"34,200.00","35,200.00","33,950.00","34,800.00",750.00,0.02,"17,096,800.00"
29/10/2024,"33,850.00","34,300.00","33,800.00","34,050.00",300.00,0.01,"10,111,000.00"
28/10/2024,"33,300.00","34,100.00","33,300.00","33,750.00",300.00,0.01,"11,423,600.00"
25/10/2024,"33,650.00","34,000.00","33,300.00","33,450.00",50.00,0.00,"19,673,700.00"
24/10/2024,"35,800.00","35,800.00","33,400.00","33,400.00","-2,400.00",-0.07,"32,157,700.00"
23/10/2024,"35,100.00","35,800.00","34,650.00","35,800.00",800.00,0.02,"12,097,200.00"
22/10/2024,"35,250.00","35,900.00","34,900.00","35,000.00",-250.00,-0.01,"17,680,700.00"
21/10/2024,"35,650.00","36,100.00","35,250.00","35,250.00",-300.00,-0.01,"13,537,800.00"
18/10/2024,"35,100.00","36,450.00","34,700.00","35,550.00",950.00,0.03,"32,868,800.00"
17/10/2024,"33,700.00","34,600.00","33,250.00","34,600.00","1,000.00",0.03,"27,209,600.00"
16/10/2024,"33,650.00","33,750.00","33,150.00","33,600.00",-100.00,0.00,"18,409,100.00"
15/10/2024,"33,950.00","34,200.00","33,600.00","33,700.00",-200.00,-0.01,"12,425,100.00"
14/10/2024,"34,100.00","34,200.00","33,600.00","33,900.00",100.00,0.00,"12,932,200.00"
11/10/2024,"33,650.00","33,800.00","33,400.00","33,800.00",200.00,0.01,"7,702,400.00"
10/10/2024,"34,500.00","34,800.00","33,600.00","33,600.00",-550.00,-0.02,"20,748,300.00"
09/10/2024,"33,700.00","34,300.00","33,600.00","34,150.00",450.00,0.01,"17,686,600.00"
08/10/2024,"33,850.00","34,200.00","33,550.00","33,700.00",-100.00,0.00,"13,909,400.00"
07/10/2024,"33,400.00","34,150.00","33,350.00","33,800.00",700.00,0.02,"14,756,600.00"
04/10/2024,"33,700.00","33,800.00","33,100.00","33,100.00",-650.00,-0.02,"14,347,400.00"
03/10/2024,"33,550.00","34,200.00","33,550.00","33,750.00",200.00,0.01,"19,074,200.00"
02/10/2024,"33,500.00","33,900.00","33,400.00","33,550.00",50.00,0.00,"11,383,200.00"
01/10/2024,"33,400.00","34,400.00","33,400.00","33,500.00",150.00,0.00,"16,258,900.00"
30/09/2024,"33,550.00","33,650.00","33,200.00","33,350.00",-250.00,-0.01,"12,432,400.00"
27/09/2024,"32,900.00","33,650.00","32,800.00","33,600.00",850.00,0.03,"22,047,200.00"
26/09/2024,"32,800.00","33,200.00","32,600.00","32,750.00",50.00,0.00,"25,838,600.00"
25/09/2024,"32,000.00","32,700.00","31,850.00","32,700.00",850.00,0.03,"28,614,000.00"
24/09/2024,"30,850.00","32,050.00","30,800.00","31,850.00","1,050.00",0.03,"24,839,400.00"
23/09/2024,"30,900.00","31,300.00","30,800.00","30,800.00",-50.00,0.00,"6,037,200.00"
20/09/2024,"30,700.00","31,300.00","30,600.00","30,850.00",350.00,0.01,"23,258,900.00"
19/09/2024,"30,350.00","30,600.00","30,300.00","30,500.00",250.00,0.01,"7,185,600.00"
18/09/2024,"29,850.00","30,400.00","29,800.00","30,250.00",400.00,0.01,"14,764,700.00"
17/09/2024,"29,650.00","29,850.00","29,450.00","29,850.00",300.00,0.01,"5,758,400.00"
16/09/2024,"29,800.00","29,900.00","29,550.00","29,550.00",-250.00,-0.01,"4,878,700.00"
13/09/2024,"29,700.00","29,950.00","29,550.00","29,800.00",100.00,0.00,"6,158,600.00"
12/09/2024,"29,650.00","29,800.00","29,550.00","29,700.00",100.00,0.00,"5,852,700.00"
11/09/2024,"29,150.00","29,700.00","29,100.00","29,600.00",400.00,0.01,"6,358,300.00"
10/09/2024,"29,700.00","29,750.00","29,150.00","29,200.00",-300.00,-0.01,"7,772,100.00"
09/09/2024,"29,650.00","29,750.00","29,500.00","29,500.00",-400.00,-0.01,"4,193,600.00"
06/09/2024,"29,550.00","29,900.00","29,500.00","29,900.00",300.00,0.01,"8,550,100.00"
05/09/2024,"30,100.00","30,150.00","29,400.00","29,600.00",-500.00,-0.02,"10,434,300.00"
04/09/2024,"30,400.00","30,400.00","29,950.00","30,100.00",-450.00,-0.01,"9,433,600.00"
30/08/2024,"30,550.00","30,650.00","30,350.00","30,550.00",100.00,0.00,"5,079,700.00"
29/08/2024,"29,650.00","30,900.00","29,650.00","30,450.00",900.00,0.03,"25,193,800.00"
28/08/2024,"29,700.00","29,850.00","29,550.00","29,550.00",-50.00,0.00,"4,655,800.00"
27/08/2024,"29,750.00","29,850.00","29,600.00","29,600.00",-150.00,-0.01,"4,245,000.00"
26/08/2024,"30,050.00","30,200.00","29,750.00","29,750.00",-200.00,-0.01,"7,701,300.00"
23/08/2024,"29,900.00","30,000.00","29,700.00","29,950.00",50.00,0.00,"5,876,500.00"
22/08/2024,"30,000.00","30,050.00","29,800.00","29,900.00",-50.00,0.00,"4,940,600.00"
21/08/2024,"29,650.00","29,950.00","29,400.00","29,950.00",300.00,0.01,"8,881,200.00"
20/08/2024,"29,650.00","29,800.00","29,500.00","29,650.00",0.00,0.00,"6,413,400.00"
19/08/2024,"29,500.00","29,700.00","29,350.00","29,650.00",300.00,0.01,"5,992,100.00"
16/08/2024,"28,950.00","29,450.00","28,950.00","29,350.00",400.00,0.01,"8,293,900.00"
15/08/2024,"29,200.00","29,300.00","28,750.00","28,950.00",-250.00,-0.01,"3,730,700.00"
14/08/2024,"29,250.00","29,400.00","29,200.00","29,200.00",50.00,0.00,"5,866,500.00"
13/08/2024,"29,200.00","29,500.00","29,150.00","29,150.00",-50.00,0.00,"7,059,600.00"
12/08/2024,"28,850.00","29,350.00","28,600.00","29,200.00",350.00,0.01,"9,701,500.00"
09/08/2024,"28,650.00","28,950.00","28,200.00","28,850.00",600.00,0.02,"9,925,300.00"
08/08/2024,"28,050.00","28,600.00","28,000.00","28,250.00",-150.00,-0.01,"5,944,200.00"
07/08/2024,"28,400.00","28,500.00","27,950.00","28,400.00",0.00,0.00,"7,957,500.00"
06/08/2024,"27,550.00","28,450.00","27,300.00","28,400.00","1,200.00",0.04,"8,945,400.00"
05/08/2024,"28,200.00","28,400.00","27,000.00","27,200.00","-1,200.00",-0.04,"21,028,700.00"
02/08/2024,"28,000.00","28,550.00","27,950.00","28,400.00",350.00,0.01,"10,783,600.00"
01/08/2024,"29,000.00","29,250.00","28,050.00","28,050.00",-950.00,-0.03,"11,998,200.00"
31/07/2024,"29,000.00","29,250.00","28,850.00","29,000.00",100.00,0.00,"6,032,600.00"
30/07/2024,"29,050.00","29,150.00","28,800.00","28,900.00",-200.00,-0.01,"4,458,200.00"
29/07/2024,"29,200.00","29,400.00","28,800.00","29,100.00",0.00,0.00,"5,947,800.00"
26/07/2024,"28,800.00","29,100.00","28,750.00","29,100.00",300.00,0.01,"5,366,200.00"
25/07/2024,"29,150.00","29,150.00","28,600.00","28,800.00",-400.00,-0.01,"8,570,900.00"
24/07/2024,"29,000.00","29,450.00","28,600.00","29,200.00",200.00,0.01,"12,412,500.00"
23/07/2024,"30,100.00","30,300.00","29,000.00","29,000.00","-1,000.00",-0.03,"11,984,600.00"
22/07/2024,"30,300.00","30,600.00","29,900.00","30,000.00",-300.00,-0.01,"10,809,000.00"
19/07/2024,"30,550.00","30,850.00","30,150.00","30,300.00",-300.00,-0.01,"8,140,200.00"
18/07/2024,"30,400.00","30,600.00","29,950.00","30,600.00",200.00,0.01,"10,719,300.00"
17/07/2024,"30,100.00","31,200.00","29,950.00","30,400.00",500.00,0.02,"25,058,400.00"
16/07/2024,"29,750.00","30,200.00","29,750.00","29,900.00",150.00,0.01,"7,816,800.00"
15/07/2024,"29,800.00","29,950.00","29,600.00","29,750.00",0.00,0.00,"3,659,300.00"
12/07/2024,"30,000.00","30,150.00","29,700.00","29,750.00",-100.00,0.00,"8,716,700.00"
11/07/2024,"30,000.00","30,150.00","29,850.00","29,850.00",0.00,0.00,"5,412,300.00"
10/07/2024,"30,350.00","30,450.00","29,850.00","29,850.00",-500.00,-0.02,"7,896,500.00"
09/07/2024,"30,150.00","30,400.00","29,950.00","30,350.00",200.00,0.01,"11,044,600.00"
08/07/2024,"30,000.00","30,300.00","29,750.00","30,150.00",50.00,0.00,"11,712,100.00"
05/07/2024,"29,900.00","30,150.00","29,600.00","30,100.00",200.00,0.01,"6,500,200.00"
04/07/2024,"29,900.00","29,950.00","29,600.00","29,900.00",0.00,0.00,"4,385,800.00"
03/07/2024,"29,550.00","30,100.00","29,550.00","29,900.00",300.00,0.01,"6,484,600.00"
02/07/2024,"29,350.00","29,750.00","29,250.00","29,600.00",300.00,0.01,"5,431,700.00"
01/07/2024,"29,000.00","29,350.00","28,800.00","29,300.00",500.00,0.02,"5,212,400.00"
28/06/2024,"29,050.00","29,400.00","28,800.00","28,800.00",-400.00,-0.01,"9,182,400.00"
27/06/2024,"29,300.00","29,500.00","29,100.00","29,200.00",-300.00,-0.01,"6,435,800.00"
26/06/2024,"29,400.00","29,650.00","28,950.00","29,500.00",-100.00,0.00,"14,572,000.00"
25/06/2024,"29,700.00","29,800.00","29,250.00","29,600.00",100.00,0.00,"11,199,300.00"
24/06/2024,"30,650.00","30,750.00","29,400.00","29,500.00","-1,150.00",-0.04,"20,293,700.00"
21/06/2024,"30,700.00","31,350.00","30,450.00","30,650.00",-100.00,0.00,"11,453,900.00"
20/06/2024,"31,100.00","31,100.00","30,000.00","30,750.00",-150.00,0.00,"21,298,600.00"
19/06/2024,"30,600.00","31,200.00","30,450.00","30,900.00",350.00,0.01,"13,605,100.00"
18/06/2024,"30,550.00","31,150.00","30,550.00","30,550.00",50.00,0.00,"11,579,400.00"
17/06/2024,"30,400.00","30,800.00","30,250.00","30,500.00",-50.00,0.00,"14,506,900.00"
14/06/2024,"31,650.00","31,900.00","30,550.00","30,550.00","-1,100.00",-0.03,"15,865,800.00"
13/06/2024,"31,500.00","31,900.00","31,250.00","31,650.00",300.00,0.01,"19,842,400.00"
12/06/2024,"31,250.00","31,350.00","30,900.00","31,350.00",150.00,0.00,"10,808,500.00"
11/06/2024,"31,200.00","31,350.00","30,700.00","31,200.00",100.00,0.00,"14,064,100.00"
10/06/2024,"31,200.00","31,700.00","31,050.00","31,100.00",350.00,0.01,"14,942,300.00"
07/06/2024,"30,700.00","31,100.00","30,700.00","30,750.00",50.00,0.00,"12,983,500.00"
06/06/2024,"29,950.00","31,100.00","29,650.00","30,700.00","1,100.00",0.04,"31,379,700.00"
05/06/2024,"30,000.00","30,400.00","29,600.00","29,600.00",-350.00,-0.01,"15,295,100.00"
04/06/2024,"30,500.00","30,600.00","29,850.00","29,950.00",200.00,0.01,"20,232,100.00"
03/06/2024,"28,100.00","29,750.00","28,100.00","29,750.00","1,900.00",0.07,"28,580,200.00"
31/05/2024,"28,050.00","28,200.00","27,800.00","27,850.00",0.00,0.00,"5,567,800.00"
30/05/2024,"28,000.00","28,250.00","27,600.00","27,850.00",-400.00,-0.01,"16,001,700.00"
29/05/2024,"28,900.00","28,900.00","28,250.00","28,250.00",-600.00,-0.02,"10,808,900.00"
28/05/2024,"28,800.00","29,000.00","28,600.00","28,850.00",150.00,0.01,"9,012,300.00"
27/05/2024,"28,800.00","28,950.00","28,350.00","28,700.00",0.00,0.00,"6,564,000.00"
24/05/2024,"28,450.00","29,250.00","28,300.00","28,700.00",150.00,0.01,"28,342,000.00"
23/05/2024,"27,900.00","28,550.00","27,700.00","28,550.00",550.00,0.02,"10,710,600.00"
22/05/2024,"28,300.00","28,400.00","27,950.00","28,000.00",-300.00,-0.01,"7,853,200.00"
21/05/2024,"28,300.00","28,450.00","27,850.00","28,300.00",0.00,0.00,"9,961,400.00"
20/05/2024,"28,750.00","28,750.00","28,200.00","28,300.00",-200.00,-0.01,"10,164,400.00"
17/05/2024,"28,500.00","28,550.00","28,300.00","28,500.00",100.00,0.00,"7,138,700.00"
16/05/2024,"28,100.00","28,650.00","28,100.00","28,400.00",600.00,0.02,"16,790,800.00"
15/05/2024,"27,350.00","27,900.00","27,300.00","27,800.00",550.00,0.02,"9,801,400.00"
14/05/2024,"27,300.00","27,550.00","27,200.00","27,250.00",0.00,0.00,"7,428,600.00"
13/05/2024,"27,700.00","27,700.00","27,200.00","27,250.00",-350.00,-0.01,"7,861,600.00"
10/05/2024,"27,900.00","28,000.00","27,600.00","27,600.00",-200.00,-0.01,"6,903,400.00"
09/05/2024,"28,000.00","28,150.00","27,800.00","27,800.00",-150.00,-0.01,"7,552,300.00"
08/05/2024,"28,300.00","28,350.00","27,850.00","27,950.00",-350.00,-0.01,"9,179,100.00"
07/05/2024,"28,150.00","28,350.00","28,100.00","28,300.00",200.00,0.01,"8,560,700.00"
06/05/2024,"27,950.00","28,150.00","27,650.00","28,100.00",550.00,0.02,"8,810,000.00"
03/05/2024,"27,800.00","28,050.00","27,500.00","27,550.00",-50.00,0.00,"8,851,200.00"
02/05/2024,"28,350.00","28,350.00","27,500.00","27,600.00",-600.00,-0.02,"10,054,400.00"
26/04/2024,"28,250.00","28,950.00","28,100.00","28,200.00",-250.00,-0.01,"11,932,400.00"
25/04/2024,"28,600.00","28,650.00","28,200.00","28,450.00",-150.00,-0.01,"9,380,100.00"
24/04/2024,"27,900.00","28,600.00","27,800.00","28,600.00",800.00,0.03,"13,991,900.00"
23/04/2024,"27,550.00","28,150.00","27,550.00","27,800.00",150.00,0.01,"18,401,000.00"
22/04/2024,"27,400.00","28,150.00","27,100.00","27,650.00",850.00,0.03,"13,422,600.00"
19/04/2024,"26,400.00","28,000.00","26,150.00","26,800.00",0.00,0.00,"23,052,500.00"
17/04/2024,"27,600.00","27,600.00","26,800.00","26,800.00",-500.00,-0.02,"12,961,400.00"
16/04/2024,"27,650.00","27,800.00","27,200.00","27,300.00",-200.00,-0.01,"22,651,800.00"
15/04/2024,"29,000.00","29,400.00","27,500.00","27,500.00","-1,600.00",-0.05,"24,337,900.00"
12/04/2024,"29,100.00","29,400.00","28,900.00","29,100.00",250.00,0.01,"15,445,100.00"
11/04/2024,"28,900.00","29,100.00","28,750.00","28,850.00",-250.00,-0.01,"10,462,800.00"
10/04/2024,"29,300.00","29,450.00","29,100.00","29,100.00",-50.00,0.00,"14,930,400.00"
09/04/2024,"29,000.00","29,250.00","28,700.00","29,150.00",150.00,0.01,"17,950,600.00"
08/04/2024,"29,300.00","29,450.00","28,950.00","29,000.00",-600.00,-0.02,"26,854,100.00"
05/04/2024,"29,500.00","29,850.00","29,150.00","29,600.00",-100.00,0.00,"25,456,900.00"
04/04/2024,"30,100.00","30,200.00","29,650.00","29,700.00",-400.00,-0.01,"30,271,800.00"
03/04/2024,"30,500.00","30,800.00","30,100.00","30,100.00",-100.00,0.00,"26,957,600.00"
02/04/2024,"30,500.00","30,950.00","29,600.00","30,200.00","-1,200.00",-0.04,"105,089,800.00"
01/04/2024,"31,500.00","31,700.00","31,050.00","31,400.00",-200.00,-0.01,"24,131,300.00"
29/03/2024,"32,250.00","32,600.00","31,600.00","31,600.00",-400.00,-0.01,"34,573,900.00"
28/03/2024,"31,200.00","32,000.00","30,800.00","32,000.00","1,100.00",0.04,"31,997,700.00"
27/03/2024,"31,000.00","31,200.00","30,650.00","30,900.00",-100.00,0.00,"15,085,600.00"
26/03/2024,"30,800.00","31,000.00","30,750.00","31,000.00",150.00,0.00,"19,270,400.00"
25/03/2024,"31,600.00","31,700.00","30,800.00","30,850.00",-800.00,-0.03,"25,048,000.00"
22/03/2024,"31,650.00","32,400.00","31,550.00","31,650.00",150.00,0.00,"32,805,000.00"
21/03/2024,"31,250.00","31,500.00","31,100.00","31,500.00",350.00,0.01,"15,677,800.00"
20/03/2024,"30,400.00","31,250.00","30,150.00","31,150.00",750.00,0.02,"28,145,900.00"
19/03/2024,"30,300.00","30,550.00","29,900.00","30,400.00",150.00,0.00,"13,159,300.00"
18/03/2024,"30,500.00","30,700.00","29,700.00","30,250.00",-250.00,-0.01,"26,184,800.00"
15/03/2024,"30,450.00","30,750.00","30,200.00","30,500.00",50.00,0.00,"17,494,500.00"
14/03/2024,"30,900.00","30,950.00","30,400.00","30,450.00",-400.00,-0.01,"15,812,300.00"
13/03/2024,"30,300.00","30,850.00","30,150.00","30,850.00",600.00,0.02,"16,436,000.00"
12/03/2024,"30,100.00","30,550.00","30,100.00","30,250.00",50.00,0.00,"13,195,300.00"
11/03/2024,"30,600.00","30,700.00","30,100.00","30,200.00",-450.00,-0.01,"20,137,400.00"
08/03/2024,"31,350.00","31,500.00","30,600.00","30,650.00",-650.00,-0.02,"34,885,800.00"
07/03/2024,"31,550.00","31,600.00","31,150.00","31,300.00",-250.00,-0.01,"17,422,800.00"
06/03/2024,"31,800.00","32,150.00","31,350.00","31,550.00",-350.00,-0.01,"18,418,500.00"
05/03/2024,"31,750.00","31,950.00","31,550.00","31,900.00",150.00,0.00,"12,352,400.00"
04/03/2024,"32,100.00","32,200.00","31,650.00","31,750.00",-200.00,-0.01,"17,157,800.00"
01/03/2024,"31,750.00","32,200.00","31,700.00","31,950.00",400.00,0.01,"27,190,200.00"
29/02/2024,"31,600.00","31,800.00","31,100.00","31,550.00",150.00,0.00,"23,713,600.00"
28/02/2024,"30,850.00","31,500.00","30,750.00","31,400.00",650.00,0.02,"28,484,800.00"
27/02/2024,"30,600.00","30,850.00","30,350.00","30,750.00",250.00,0.01,"15,451,600.00"
26/02/2024,"30,650.00","30,750.00","30,150.00","30,500.00",-150.00,0.00,"24,763,200.00"
23/02/2024,"31,150.00","31,550.00","30,650.00","30,650.00",-400.00,-0.01,"33,551,000.00"
22/02/2024,"31,400.00","31,500.00","31,000.00","31,050.00",-450.00,-0.01,"15,526,000.00"
21/02/2024,"31,000.00","32,000.00","30,850.00","31,500.00",800.00,0.03,"44,463,100.00"
20/02/2024,"30,700.00","31,050.00","30,550.00","30,700.00",0.00,0.00,"16,158,900.00"
19/02/2024,"30,950.00","30,950.00","30,450.00","30,700.00",-100.00,0.00,"15,780,500.00"
16/02/2024,"31,300.00","31,400.00","30,750.00","30,800.00",-450.00,-0.01,"20,794,300.00"
15/02/2024,"31,200.00","31,700.00","31,000.00","31,250.00",150.00,0.00,"17,188,200.00"
07/02/2024,"30,750.00","31,200.00","30,750.00","31,100.00",300.00,0.01,"12,202,200.00"
06/02/2024,"30,800.00","31,100.00","30,700.00","30,800.00",200.00,0.01,"13,437,900.00"
05/02/2024,"30,000.00","30,850.00","29,850.00","30,600.00",700.00,0.02,"20,315,900.00"
02/02/2024,"29,950.00","30,150.00","29,750.00","29,900.00",100.00,0.00,"10,080,500.00"
01/02/2024,"29,900.00","30,150.00","29,700.00","29,800.00",-100.00,0.00,"10,674,100.00"
31/01/2024,"30,750.00","30,900.00","29,800.00","29,900.00",-800.00,-0.03,"34,436,400.00"
30/01/2024,"30,350.00","30,700.00","30,300.00","30,700.00",350.00,0.01,"11,432,400.00"
29/01/2024,"30,300.00","30,650.00","30,300.00","30,350.00",50.00,0.00,"8,935,200.00"
26/01/2024,"30,700.00","30,700.00","30,200.00","30,300.00",-200.00,-0.01,"15,139,100.00"
25/01/2024,"31,000.00","31,000.00","30,300.00","30,500.00",-250.00,-0.01,"17,446,300.00"
24/01/2024,"30,450.00","31,250.00","30,400.00","30,750.00",250.00,0.01,"24,678,500.00"
23/01/2024,"30,350.00","30,700.00","30,250.00","30,500.00",250.00,0.01,"17,926,900.00"
22/01/2024,"30,500.00","30,600.00","30,150.00","30,250.00",-50.00,0.00,"13,400,000.00"
19/01/2024,"30,000.00","30,300.00","29,950.00","30,300.00",500.00,0.02,"19,382,800.00"
18/01/2024,"29,750.00","30,250.00","29,650.00","29,800.00",100.00,0.00,"14,262,500.00"
17/01/2024,"29,900.00","30,050.00","29,700.00","29,700.00",-200.00,-0.01,"15,239,500.00"
16/01/2024,"29,750.00","29,900.00","29,600.00","29,900.00",100.00,0.00,"13,163,500.00"
15/01/2024,"30,100.00","30,250.00","29,700.00","29,800.00",-100.00,0.00,"13,057,500.00"
12/01/2024,"29,300.00","30,150.00","29,100.00","29,900.00",400.00,0.01,"41,145,100.00"
11/01/2024,"29,700.00","29,950.00","29,200.00","29,500.00",50.00,0.00,"24,449,200.00"
10/01/2024,"29,100.00","29,800.00","29,100.00","29,450.00",250.00,0.01,"25,102,500.00"
09/01/2024,"29,200.00","29,500.00","29,100.00","29,200.00",0.00,0.00,"16,760,900.00"
08/01/2024,"29,600.00","29,650.00","29,000.00","29,200.00",-100.00,0.00,"15,853,600.00"
05/01/2024,"29,000.00","29,450.00","28,850.00","29,300.00",700.00,0.02,"31,291,500.00"
04/01/2024,"28,600.00","29,550.00","28,500.00","28,600.00",100.00,0.00,"31,414,000.00"
03/01/2024,"27,750.00","28,500.00","27,600.00","28,500.00",750.00,0.03,"19,990,700.00"
02/01/2024,"28,000.00","28,150.00","27,750.00","27,750.00",-200.00,-0.01,"14,813,300.00"
29/12/2023,"27,650.00","28,100.00","27,600.00","27,950.00",350.00,0.01,"16,014,900.00"
28/12/2023,"27,450.00","27,800.00","27,350.00","27,600.00",200.00,0.01,"10,407,400.00"
27/12/2023,"27,500.00","27,650.00","27,350.00","27,400.00",-100.00,0.00,"10,685,200.00"
26/12/2023,"27,600.00","27,600.00","27,150.00","27,500.00",0.00,0.00,"13,847,000.00"
25/12/2023,"27,250.00","27,800.00","27,250.00","27,500.00",300.00,0.01,"12,751,000.00"
22/12/2023,"26,600.00","27,450.00","26,300.00","27,200.00",600.00,0.02,"22,251,300.00"
21/12/2023,"26,750.00","26,850.00","26,500.00","26,600.00",-350.00,-0.01,"10,018,700.00"
20/12/2023,"26,700.00","26,950.00","26,450.00","26,950.00",350.00,0.01,"8,217,200.00"
19/12/2023,"26,300.00","26,600.00","25,850.00","26,600.00",300.00,0.01,"18,259,600.00"
18/12/2023,"27,100.00","27,200.00","26,300.00","26,300.00",-800.00,-0.03,"21,729,000.00"
15/12/2023,"27,100.00","27,450.00","27,050.00","27,100.00",0.00,0.00,"12,858,200.00"
14/12/2023,"27,700.00","27,750.00","27,100.00","27,100.00",-350.00,-0.01,"14,265,300.00"
13/12/2023,"28,000.00","28,200.00","27,450.00","27,450.00",-550.00,-0.02,"20,639,100.00"
12/12/2023,"27,950.00","28,100.00","27,800.00","28,000.00",150.00,0.01,"6,953,400.00"
11/12/2023,"28,300.00","28,400.00","27,850.00","27,850.00",-350.00,-0.01,"14,345,000.00"
08/12/2023,"28,700.00","28,850.00","28,200.00","28,200.00",-350.00,-0.01,"14,678,400.00"
07/12/2023,"28,300.00","28,950.00","28,050.00","28,550.00",450.00,0.02,"29,262,200.00"
06/12/2023,"27,700.00","28,100.00","27,700.00","28,100.00",300.00,0.01,"14,176,100.00"
05/12/2023,"28,150.00","28,300.00","27,800.00","27,800.00",-400.00,-0.01,"12,589,600.00"
04/12/2023,"27,600.00","28,350.00","27,550.00","28,200.00",700.00,0.03,"19,614,700.00"
01/12/2023,"27,500.00","27,650.00","27,050.00","27,500.00",0.00,0.00,"13,635,000.00"
30/11/2023,"27,800.00","28,100.00","27,500.00","27,500.00",-300.00,-0.01,"13,608,300.00"
29/11/2023,"28,050.00","28,250.00","27,800.00","27,800.00",-350.00,-0.01,"12,029,500.00"
28/11/2023,"27,500.00","28,150.00","26,850.00","28,150.00",750.00,0.03,"17,252,700.00"
27/11/2023,"28,200.00","28,200.00","27,400.00","27,400.00",-900.00,-0.03,"19,828,300.00"
24/11/2023,"28,400.00","28,400.00","27,500.00","28,300.00",100.00,0.00,"23,863,000.00"
23/11/2023,"29,150.00","29,300.00","28,200.00","28,200.00",-900.00,-0.03,"16,575,800.00"
22/11/2023,"29,300.00","29,450.00","28,750.00","29,100.00",-200.00,-0.01,"19,080,700.00"
21/11/2023,"29,550.00","29,600.00","29,100.00","29,300.00",100.00,0.00,"7,021,500.00"
20/11/2023,"28,700.00","29,450.00","28,700.00","29,200.00",-150.00,-0.01,"16,240,800.00"
17/11/2023,"30,250.00","30,400.00","29,050.00","29,350.00",-850.00,-0.03,"22,164,800.00"
16/11/2023,"29,900.00","30,200.00","29,750.00","30,200.00",200.00,0.01,"9,783,300.00"
15/11/2023,"30,600.00","30,700.00","29,800.00","30,000.00",0.00,0.00,"16,567,100.00"
14/11/2023,"29,600.00","30,450.00","29,500.00","30,000.00",750.00,0.03,"18,566,200.00"
13/11/2023,"29,500.00","29,600.00","29,000.00","29,250.00",-250.00,-0.01,"15,892,800.00"
10/11/2023,"29,400.00","30,000.00","29,250.00","29,500.00",-150.00,-0.01,"13,739,800.00"
09/11/2023,"30,050.00","30,300.00","29,650.00","29,650.00",-350.00,-0.01,"22,227,400.00"
08/11/2023,"28,900.00","30,100.00","28,750.00","30,000.00","1,000.00",0.03,"20,906,400.00"
07/11/2023,"29,150.00","29,300.00","28,900.00","29,000.00",-450.00,-0.02,"11,144,900.00"
06/11/2023,"28,650.00","29,500.00","28,600.00","29,450.00",950.00,0.03,"26,745,600.00"
03/11/2023,"29,200.00","29,200.00","28,400.00","28,500.00",-500.00,-0.02,"18,856,700.00"
02/11/2023,"27,950.00","29,050.00","27,900.00","29,000.00","1,350.00",0.05,"15,521,400.00"
01/11/2023,"27,500.00","27,700.00","27,100.00","27,650.00",650.00,0.02,"8,556,100.00"
31/10/2023,"27,100.00","27,550.00","26,550.00","27,000.00",0.00,0.00,"27,998,300.00"
30/10/2023,"28,750.00","28,800.00","27,000.00","27,000.00","-1,700.00",-0.06,"21,271,700.00"
27/10/2023,"28,550.00","29,250.00","28,150.00","28,700.00",600.00,0.02,"16,878,600.00"
26/10/2023,"29,000.00","29,200.00","27,700.00","28,100.00","-1,450.00",-0.05,"40,837,400.00"
25/10/2023,"30,000.00","30,200.00","29,550.00","29,550.00",-450.00,-0.02,"8,074,600.00"
24/10/2023,"30,000.00","30,200.00","29,750.00","30,000.00",300.00,0.01,"11,951,200.00"
23/10/2023,"29,800.00","30,100.00","29,400.00","29,700.00",-400.00,-0.01,"15,702,005.00"
20/10/2023,"29,000.00","30,300.00","28,850.00","30,100.00","1,100.00",0.04,"20,503,904.00"
19/10/2023,"29,500.00","29,900.00","28,950.00","29,000.00",-700.00,-0.02,"22,421,706.00"
18/10/2023,"30,100.00","30,300.00","29,350.00","29,700.00",-300.00,-0.01,"22,147,610.00"
17/10/2023,"30,450.00","30,700.00","30,000.00","30,000.00",-200.00,-0.01,"15,770,403.00"
16/10/2023,"31,400.00","31,450.00","30,200.00","30,200.00","-1,300.00",-0.04,"25,870,914.00"
13/10/2023,"31,200.00","31,600.00","31,000.00","31,500.00",-100.00,0.00,"11,308,806.00"
12/10/2023,"31,950.00","31,950.00","31,300.00","31,600.00",-150.00,0.00,"8,190,505.00"
11/10/2023,"31,250.00","31,800.00","31,150.00","31,750.00",500.00,0.02,"8,374,306.00"
10/10/2023,"31,350.00","31,650.00","31,250.00","31,250.00",50.00,0.00,"14,138,505.00"
09/10/2023,"30,950.00","31,300.00","30,600.00","31,200.00",250.00,0.01,"9,255,711.00"
06/10/2023,"29,850.00","30,950.00","29,650.00","30,950.00","1,050.00",0.04,"13,136,104.00"
05/10/2023,"30,100.00","30,350.00","29,850.00","29,900.00",-300.00,-0.01,"10,308,825.00"
04/10/2023,"28,900.00","30,600.00","28,850.00","30,200.00","1,000.00",0.03,"21,204,451.00"
03/10/2023,"30,650.00","30,650.00","29,050.00","29,200.00","-1,650.00",-0.05,"33,420,937.00"
02/10/2023,"30,750.00","31,100.00","30,600.00","30,850.00",200.00,0.01,"12,415,007.00"
29/09/2023,"31,000.00","31,250.00","30,650.00","30,650.00",-100.00,0.00,"12,280,504.00"
28/09/2023,"31,700.00","31,700.00","30,450.00","30,750.00","-1,050.00",-0.03,"29,418,900.00"
27/09/2023,"31,500.00","31,800.00","30,550.00","31,800.00",450.00,0.01,"26,094,500.00"
26/09/2023,"31,950.00","32,200.00","31,350.00","31,350.00",-300.00,-0.01,"17,076,303.00"
25/09/2023,"32,800.00","33,150.00","31,400.00","31,650.00","-1,250.00",-0.04,"32,245,807.00"
22/09/2023,"32,000.00","33,000.00","31,350.00","32,900.00",550.00,0.02,"36,016,007.00"
21/09/2023,"33,200.00","33,700.00","32,350.00","32,350.00",-900.00,-0.03,"31,049,809.00"
20/09/2023,"33,300.00","33,550.00","33,200.00","33,250.00",-50.00,0.00,"10,589,705.00"
19/09/2023,"32,700.00","33,600.00","32,650.00","33,300.00",700.00,0.02,"33,669,812.00"
18/09/2023,"32,300.00","33,050.00","32,300.00","32,600.00",100.00,0.00,"15,196,000.00"
15/09/2023,"32,300.00","33,150.00","32,100.00","32,500.00",700.00,0.02,"35,096,000.00"
14/09/2023,"32,000.00","32,450.00","31,800.00","31,800.00",-150.00,0.00,"14,940,900.00"
13/09/2023,"32,500.00","32,550.00","31,850.00","31,950.00",-400.00,-0.01,"17,037,500.00"
12/09/2023,"31,800.00","32,350.00","31,350.00","32,350.00",750.00,0.02,"14,737,200.00"
11/09/2023,"32,700.00","32,700.00","31,550.00","31,600.00",-900.00,-0.03,"32,699,500.00"
08/09/2023,"32,800.00","32,950.00","32,500.00","32,500.00",-500.00,-0.02,"19,307,113.00"
07/09/2023,"33,000.00","33,250.00","32,650.00","33,000.00",-50.00,0.00,"21,545,305.00"
06/09/2023,"32,600.00","33,050.00","32,150.00","33,050.00",350.00,0.01,"24,004,509.00"
05/09/2023,"32,700.00","33,150.00","32,400.00","32,700.00",50.00,0.00,"23,384,908.00"
31/08/2023,"32,500.00","32,650.00","32,350.00","32,650.00",150.00,0.00,"18,726,702.00"
30/08/2023,"31,800.00","32,500.00","31,800.00","32,500.00",750.00,0.02,"27,367,001.00"
29/08/2023,"31,800.00","31,900.00","31,350.00","31,750.00",100.00,0.00,"17,862,401.00"
28/08/2023,"31,150.00","31,900.00","30,950.00","31,650.00",550.00,0.02,"18,709,806.00"
25/08/2023,"31,300.00","31,500.00","30,950.00","31,100.00",-450.00,-0.01,"18,936,514.00"
24/08/2023,"31,100.00","31,700.00","30,900.00","31,550.00",650.00,0.02,"14,088,431.00"
23/08/2023,"32,100.00","32,200.00","30,750.00","30,900.00","-1,250.00",-0.04,"39,433,934.00"
22/08/2023,"32,000.00","32,150.00","30,500.00","32,150.00",350.00,0.01,"32,940,998.00"
21/08/2023,"31,600.00","32,700.00","31,300.00","31,800.00",500.00,0.02,"36,013,985.00"
18/08/2023,"32,100.00","32,450.00","30,300.00","31,300.00","-1,050.00",-0.03,"45,170,616.00"
17/08/2023,"32,600.00","32,800.00","32,250.00","32,350.00",-550.00,-0.02,"14,884,201.00"
16/08/2023,"31,500.00","32,900.00","31,200.00","32,900.00","1,400.00",0.04,"45,033,638.00"
15/08/2023,"31,900.00","32,000.00","31,450.00","31,500.00",-400.00,-0.01,"19,408,823.00"
14/08/2023,"31,900.00","32,000.00","31,500.00","31,900.00",50.00,0.00,"16,893,114.00"
11/08/2023,"30,750.00","32,100.00","30,550.00","31,850.00","1,300.00",0.04,"35,658,912.00"
10/08/2023,"31,150.00","31,300.00","30,550.00","30,550.00",-650.00,-0.02,"13,398,691.00"
09/08/2023,"29,850.00","31,200.00","29,650.00","31,200.00","1,400.00",0.05,"37,886,022.00"
08/08/2023,"30,350.00","30,400.00","29,750.00","29,800.00",-250.00,-0.01,"15,598,602.00"
07/08/2023,"29,050.00","30,250.00","29,050.00","30,050.00","1,100.00",0.04,"49,704,692.00"
04/08/2023,"28,600.00","28,950.00","28,500.00","28,950.00",350.00,0.01,"18,096,275.00"
03/08/2023,"29,150.00","29,200.00","28,600.00","28,600.00",-500.00,-0.02,"21,402,503.00"
02/08/2023,"28,900.00","29,300.00","28,800.00","29,100.00",150.00,0.01,"18,419,103.00"
01/08/2023,"29,100.00","29,700.00","28,900.00","28,950.00",0.00,0.00,"43,648,082.00"
31/07/2023,"28,900.00","29,100.00","28,500.00","28,950.00",300.00,0.01,"21,200,911.00"
28/07/2023,"28,100.00","28,750.00","28,100.00","28,650.00",550.00,0.02,"20,958,864.00"
27/07/2023,"28,300.00","28,450.00","27,900.00","28,100.00",-200.00,-0.01,"21,195,852.00"
26/07/2023,"28,500.00","28,500.00","28,200.00","28,300.00",-200.00,-0.01,"14,699,853.00"
25/07/2023,"28,600.00","29,150.00","28,400.00","28,500.00",-200.00,-0.01,"19,697,751.00"
24/07/2023,"28,750.00","28,900.00","28,450.00","28,700.00",0.00,0.00,"17,378,187.00"
21/07/2023,"27,950.00","28,750.00","27,800.00","28,750.00",900.00,0.03,"30,065,863.00"
20/07/2023,"28,250.00","28,300.00","27,600.00","27,850.00",-400.00,-0.01,"27,303,424.00"
19/07/2023,"28,450.00","28,600.00","28,200.00","28,250.00",-200.00,-0.01,"11,967,700.00"
18/07/2023,"28,000.00","28,450.00","27,900.00","28,450.00",450.00,0.02,"24,276,500.00"
17/07/2023,"28,850.00","28,900.00","28,000.00","28,000.00","-1,000.00",-0.03,"41,755,401.00"
14/07/2023,"30,200.00","30,200.00","27,900.00","29,000.00","-1,000.00",-0.03,"76,121,900.00"
13/07/2023,"29,650.00","30,000.00","29,650.00","30,000.00",200.00,0.01,"11,703,901.00"
12/07/2023,"29,800.00","29,900.00","29,300.00","29,800.00",-200.00,-0.01,"34,807,802.00"
11/07/2023,"30,050.00","30,350.00","29,850.00","30,000.00",150.00,0.01,"17,902,700.00"
10/07/2023,"29,800.00","29,950.00","29,500.00","29,850.00",250.00,0.01,"13,861,901.00"
07/07/2023,"29,100.00","29,600.00","29,000.00","29,600.00",500.00,0.02,"9,708,200.00"
06/07/2023,"29,850.00","29,900.00","29,100.00","29,100.00",-800.00,-0.03,"26,337,200.00"
05/07/2023,"29,850.00","30,250.00","29,650.00","29,900.00",50.00,0.00,"14,555,700.00"
04/07/2023,"29,700.00","29,850.00","29,300.00","29,850.00",150.00,0.01,"17,233,800.00"
03/07/2023,"29,800.00","29,950.00","29,450.00","29,700.00",-100.00,0.00,"11,120,400.00"
30/06/2023,"29,550.00","29,800.00","29,300.00","29,800.00",250.00,0.01,"9,519,800.00"
29/06/2023,"29,950.00","30,050.00","29,300.00","29,550.00",-350.00,-0.01,"14,837,600.00"
28/06/2023,"29,700.00","30,000.00","29,550.00","29,900.00",300.00,0.01,"19,473,600.00"
27/06/2023,"29,550.00","29,750.00","29,450.00","29,600.00",0.00,0.00,"11,249,400.00"
26/06/2023,"30,200.00","30,250.00","29,250.00","29,600.00",-700.00,-0.02,"31,929,202.00"
23/06/2023,"30,200.00","30,650.00","30,000.00","30,300.00",300.00,0.01,"16,919,036.00"
22/06/2023,"29,700.00","30,200.00","29,500.00","30,000.00",600.00,0.02,"22,340,300.00"
21/06/2023,"29,250.00","29,550.00","29,100.00","29,400.00",150.00,0.01,"16,888,300.00"
20/06/2023,"28,900.00","29,250.00","28,700.00","29,250.00",500.00,0.02,"10,785,100.00"
19/06/2023,"29,150.00","29,150.00","28,750.00","28,750.00",-250.00,-0.01,"9,916,001.00"
16/06/2023,"28,050.00","29,600.00","28,000.00","29,000.00","1,200.00",0.04,"44,983,200.00"
15/06/2023,"27,800.00","27,900.00","27,600.00","27,800.00",0.00,0.00,"11,954,600.00"
14/06/2023,"28,250.00","28,450.00","27,800.00","27,800.00",-400.00,-0.01,"17,808,600.00"
13/06/2023,"28,200.00","28,400.00","27,950.00","28,200.00",0.00,0.00,"9,098,401.00"
12/06/2023,"28,150.00","28,200.00","27,500.00","28,200.00",100.00,0.00,"13,306,201.00"
09/06/2023,"27,700.00","28,100.00","27,250.00","28,100.00",500.00,0.02,"17,751,200.00"
08/06/2023,"28,300.00","28,400.00","27,600.00","27,600.00",-750.00,-0.03,"21,565,700.00"
07/06/2023,"28,700.00","28,800.00","28,150.00","28,350.00",50.00,0.00,"18,606,500.00"
06/06/2023,"28,050.00","28,300.00","27,750.00","28,300.00",250.00,0.01,"17,184,500.00"
05/06/2023,"28,550.00","28,650.00","28,050.00","28,050.00",-250.00,-0.01,"14,906,901.00"
02/06/2023,"28,200.00","28,800.00","28,150.00","28,300.00",300.00,0.01,"19,039,000.00"
01/06/2023,"27,650.00","28,000.00","27,650.00","28,000.00",300.00,0.01,"8,842,400.00"
31/05/2023,"27,700.00","27,900.00","27,550.00","27,700.00",0.00,0.00,"25,230,400.00"
30/05/2023,"27,950.00","27,950.00","27,400.00","27,700.00",0.00,0.00,"9,099,700.00"
29/05/2023,"27,400.00","27,700.00","27,300.00","27,700.00",500.00,0.02,"11,984,101.00"
26/05/2023,"27,250.00","27,250.00","26,850.00","27,200.00",200.00,0.01,"12,737,800.00"
25/05/2023,"27,200.00","27,500.00","26,850.00","27,000.00",-400.00,-0.01,"35,282,200.00"
24/05/2023,"28,000.00","28,050.00","27,300.00","27,400.00",-550.00,-0.02,"23,181,500.00"
23/05/2023,"28,200.00","28,300.00","27,700.00","27,950.00",-200.00,-0.01,"17,308,100.00"
22/05/2023,"28,000.00","28,500.00","27,800.00","28,150.00",300.00,0.01,"19,163,400.00"
19/05/2023,"27,350.00","27,950.00","27,200.00","27,850.00",650.00,0.02,"24,534,500.00"
18/05/2023,"27,150.00","27,500.00","27,000.00","27,200.00",200.00,0.01,"15,189,700.00"
17/05/2023,"27,400.00","27,500.00","26,900.00","27,000.00",-400.00,-0.01,"17,690,100.00"
16/05/2023,"27,000.00","27,550.00","27,000.00","27,400.00",400.00,0.01,"13,149,900.00"
15/05/2023,"27,000.00","27,600.00","26,900.00","27,000.00",200.00,0.01,"29,853,900.00"
12/05/2023,"26,550.00","26,850.00","26,350.00","26,800.00",400.00,0.02,"16,486,600.00"
11/05/2023,"26,400.00","26,750.00","26,300.00","26,400.00",50.00,0.00,"14,943,800.00"
10/05/2023,"25,800.00","26,450.00","25,750.00","26,350.00",600.00,0.02,"14,508,700.00"
09/05/2023,"25,650.00","25,900.00","25,600.00","25,750.00",100.00,0.00,"7,836,100.00"
08/05/2023,"25,000.00","25,700.00","25,000.00","25,650.00",700.00,0.03,"10,204,600.00"
05/05/2023,"25,050.00","25,250.00","24,850.00","24,950.00",-200.00,-0.01,"8,016,800.00"
04/05/2023,"25,050.00","25,300.00","24,950.00","25,150.00",-150.00,-0.01,"8,447,400.00"
28/04/2023,"25,250.00","25,450.00","25,150.00","25,300.00",150.00,0.01,"8,331,000.00"
27/04/2023,"25,400.00","25,500.00","25,150.00","25,150.00",-250.00,-0.01,"6,548,900.00"
26/04/2023,"25,050.00","25,400.00","24,650.00","25,400.00",350.00,0.01,"12,437,000.00"
25/04/2023,"25,750.00","25,900.00","24,900.00","25,050.00",-500.00,-0.02,"17,006,700.00"
24/04/2023,"25,650.00","25,900.00","25,450.00","25,550.00",-50.00,0.00,"9,755,200.00"
21/04/2023,"25,700.00","25,800.00","25,500.00","25,600.00",-100.00,0.00,"8,770,200.00"
20/04/2023,"25,600.00","25,800.00","25,500.00","25,700.00",200.00,0.01,"11,250,300.00"
19/04/2023,"26,000.00","26,000.00","25,500.00","25,500.00",-400.00,-0.02,"14,169,900.00"
18/04/2023,"25,900.00","26,100.00","25,800.00","25,900.00",0.00,0.00,"10,113,700.00"
17/04/2023,"25,800.00","26,050.00","25,650.00","25,900.00",200.00,0.01,"10,904,100.00"
14/04/2023,"26,700.00","26,750.00","25,700.00","25,700.00",-750.00,-0.03,"16,522,700.00"
13/04/2023,"26,200.00","26,550.00","26,050.00","26,450.00",350.00,0.01,"16,707,400.00"
12/04/2023,"25,950.00","26,400.00","25,800.00","26,100.00",150.00,0.01,"23,809,600.00"
11/04/2023,"25,900.00","25,950.00","25,600.00","25,950.00",0.00,0.00,"13,375,600.00"
10/04/2023,"26,100.00","26,500.00","25,850.00","25,950.00",-50.00,0.00,"16,465,400.00"
07/04/2023,"25,750.00","26,000.00","25,500.00","26,000.00",350.00,0.01,"15,616,800.00"
06/04/2023,"26,250.00","26,400.00","25,650.00","25,650.00",-600.00,-0.02,"26,271,200.00"
05/04/2023,"26,900.00","26,900.00","25,900.00","26,250.00",-650.00,-0.02,"39,446,300.00"
04/04/2023,"26,750.00","26,950.00","26,500.00","26,900.00",150.00,0.01,"17,729,100.00"
03/04/2023,"26,600.00","27,050.00","26,500.00","26,750.00",550.00,0.02,"26,091,900.00"
31/03/2023,"26,000.00","26,350.00","25,850.00","26,200.00",200.00,0.01,"22,644,800.00"
30/03/2023,"25,700.00","26,450.00","25,400.00","26,000.00",650.00,0.03,"39,666,200.00"
29/03/2023,"25,500.00","25,650.00","25,150.00","25,350.00",-50.00,0.00,"17,607,400.00"
28/03/2023,"25,900.00","26,000.00","25,300.00","25,400.00",-100.00,0.00,"17,661,400.00"
27/03/2023,"25,050.00","25,700.00","24,950.00","25,500.00",450.00,0.02,"16,704,000.00"
24/03/2023,"25,250.00","25,550.00","25,050.00","25,050.00",50.00,0.00,"18,026,400.00"
23/03/2023,"24,550.00","25,150.00","24,500.00","25,000.00",200.00,0.01,"12,242,200.00"
22/03/2023,"24,750.00","25,250.00","24,600.00","24,800.00",200.00,0.01,"18,471,000.00"
21/03/2023,"24,500.00","24,650.00","24,150.00","24,600.00",400.00,0.02,"10,858,100.00"
20/03/2023,"25,000.00","25,050.00","24,200.00","24,200.00",-850.00,-0.03,"16,972,100.00"
17/03/2023,"24,750.00","25,050.00","24,550.00","25,050.00",450.00,0.02,"22,107,500.00"
16/03/2023,"24,800.00","24,950.00","24,500.00","24,600.00",-750.00,-0.03,"20,240,500.00"
15/03/2023,"25,100.00","25,500.00","24,900.00","25,350.00",950.00,0.04,"20,097,700.00"
14/03/2023,"24,900.00","25,050.00","24,100.00","24,400.00",-600.00,-0.02,"25,349,600.00"
13/03/2023,"25,600.00","25,750.00","25,000.00","25,000.00","-1,000.00",-0.04,"29,609,000.00"
10/03/2023,"26,500.00","26,850.00","25,950.00","26,000.00",-500.00,-0.02,"23,503,500.00"
09/03/2023,"25,500.00","27,100.00","25,450.00","26,500.00","1,150.00",0.05,"42,695,200.00"
08/03/2023,"24,850.00","25,350.00","24,850.00","25,350.00",350.00,0.01,"13,744,200.00"
07/03/2023,"25,050.00","25,300.00","24,850.00","25,000.00",100.00,0.00,"15,733,100.00"
06/03/2023,"25,250.00","25,600.00","24,700.00","24,900.00",-100.00,0.00,"18,558,000.00"
03/03/2023,"25,650.00","25,750.00","25,000.00","25,000.00",-600.00,-0.02,"11,814,300.00"
02/03/2023,"25,400.00","25,700.00","25,200.00","25,600.00",200.00,0.01,"11,122,900.00"
01/03/2023,"23,600.00","25,400.00","23,600.00","25,400.00","1,650.00",0.07,"22,714,400.00"
28/02/2023,"23,950.00","24,000.00","23,600.00","23,750.00",150.00,0.01,"6,585,967.00"
27/02/2023,"24,000.00","24,200.00","23,600.00","23,600.00",-700.00,-0.03,"14,418,600.00"
24/02/2023,"25,050.00","25,050.00","24,300.00","24,300.00",-700.00,-0.03,"8,664,100.00"
23/02/2023,"24,600.00","25,000.00","24,050.00","25,000.00",300.00,0.01,"14,252,800.00"
22/02/2023,"25,100.00","25,500.00","24,700.00","24,700.00",-650.00,-0.03,"18,524,900.00"
21/02/2023,"25,950.00","26,100.00","25,350.00","25,350.00",-350.00,-0.01,"16,561,800.00"
20/02/2023,"24,300.00","25,700.00","24,200.00","25,700.00","1,300.00",0.05,"20,167,300.00"
17/02/2023,"24,600.00","24,900.00","24,350.00","24,400.00",500.00,0.02,"18,215,900.00"
16/02/2023,"23,750.00","24,250.00","23,450.00","23,900.00",550.00,0.02,"18,340,000.00"
15/02/2023,"24,100.00","24,600.00","22,950.00","23,350.00","-1,050.00",-0.04,"34,182,100.00"
14/02/2023,"24,500.00","24,850.00","24,050.00","24,400.00",-100.00,0.00,"11,862,400.00"
13/02/2023,"23,800.00","24,500.00","23,350.00","24,500.00",850.00,0.04,"17,392,800.00"
10/02/2023,"24,500.00","24,800.00","23,650.00","23,650.00",-800.00,-0.03,"18,613,600.00"
09/02/2023,"25,200.00","25,700.00","24,200.00","24,450.00",-550.00,-0.02,"39,401,600.00"
08/02/2023,"25,900.00","25,950.00","25,000.00","25,000.00",-750.00,-0.03,"28,192,600.00"
07/02/2023,"25,900.00","26,300.00","25,550.00","25,750.00",50.00,0.00,"19,755,100.00"
06/02/2023,"26,100.00","26,400.00","25,600.00","25,700.00",-350.00,-0.01,"19,359,900.00"
03/02/2023,"26,350.00","27,150.00","26,050.00","26,050.00",-100.00,0.00,"33,222,000.00"
02/02/2023,"25,700.00","26,350.00","25,400.00","26,150.00",500.00,0.02,"18,541,750.00"
01/02/2023,"27,100.00","27,300.00","25,400.00","25,650.00","-1,450.00",-0.05,"18,787,300.00"
31/01/2023,"25,850.00","27,100.00","25,150.00","27,100.00","1,250.00",0.05,"25,362,500.00"
30/01/2023,"26,500.00","26,650.00","25,850.00","25,850.00",-800.00,-0.03,"18,539,200.00"
27/01/2023,"27,100.00","27,400.00","26,650.00","26,650.00",-150.00,-0.01,"9,581,800.00"
19/01/2023,"26,550.00","27,000.00","26,500.00","26,800.00",0.00,0.00,"12,375,500.00"
18/01/2023,"26,550.00","26,850.00","26,550.00","26,800.00",250.00,0.01,"8,766,800.00"
17/01/2023,"25,500.00","26,550.00","25,500.00","26,550.00","1,050.00",0.04,"14,505,000.00"
16/01/2023,"25,400.00","25,550.00","25,000.00","25,500.00",200.00,0.01,"8,825,000.00"
13/01/2023,"25,150.00","25,450.00","24,950.00","25,300.00",350.00,0.01,"13,678,500.00"
12/01/2023,"24,900.00","24,950.00","24,550.00","24,950.00",250.00,0.01,"7,954,100.00"
11/01/2023,"25,250.00","25,400.00","24,700.00","24,700.00",-250.00,-0.01,"11,351,600.00"
10/01/2023,"24,650.00","25,300.00","24,150.00","24,950.00",300.00,0.01,"16,030,200.00"
09/01/2023,"24,600.00","25,000.00","24,200.00","24,650.00",350.00,0.01,"13,239,000.00"
06/01/2023,"24,250.00","25,100.00","24,100.00","24,300.00",100.00,0.00,"25,756,300.00"
05/01/2023,"23,400.00","24,250.00","23,400.00","24,200.00",900.00,0.04,"19,217,000.00"
04/01/2023,"23,600.00","24,100.00","23,300.00","23,300.00",-200.00,-0.01,"18,036,600.00"
03/01/2023,"22,500.00","23,600.00","22,500.00","23,500.00","1,000.00",0.04,"16,251,000.00"
30/12/2022,"22,600.00","22,700.00","22,200.00","22,500.00",150.00,0.01,"13,868,600.00"
29/12/2022,"22,700.00","22,950.00","22,350.00","22,350.00",,,"10,448,000.00"
28/12/2022,"22,600.00","23,000.00","22,050.00","22,900.00",,,"15,706,800.00"
27/12/2022,"22,000.00","23,000.00","21,850.00","22,500.00",,,"21,467,100.00"
26/12/2022,"23,450.00","23,550.00","21,900.00","21,900.00",,,"20,485,300.00"
23/12/2022,"23,450.00","23,700.00","22,900.00","23,500.00",,,"13,387,800.00"
22/12/2022,"23,750.00","24,150.00","23,100.00","23,400.00",,,"17,567,500.00"
21/12/2022,"22,750.00","23,800.00","22,300.00","23,550.00",,,"36,271,400.00"
20/12/2022,"22,000.00","22,450.00","21,250.00","22,450.00",,,"29,008,700.00"
19/12/2022,"23,000.00","23,400.00","22,400.00","22,400.00",,,"24,035,600.00"
16/12/2022,"22,850.00","23,200.00","22,550.00","22,800.00",,,"25,428,700.00"
15/12/2022,"23,100.00","23,650.00","22,650.00","23,250.00",,,"20,332,000.00"
14/12/2022,"23,000.00","23,500.00","22,700.00","23,250.00",,,"21,346,100.00"
13/12/2022,"21,350.00","22,600.00","21,050.00","22,550.00",,,"26,186,500.00"
12/12/2022,"22,500.00","22,600.00","21,300.00","21,300.00",,,"20,770,500.00"
09/12/2022,"22,500.00","22,600.00","21,900.00","22,400.00",,,"26,937,900.00"
08/12/2022,"20,750.00","21,700.00","20,750.00","21,700.00",,,"20,192,500.00"
07/12/2022,"20,550.00","20,900.00","19,700.00","20,300.00",,,"28,072,200.00"
06/12/2022,"22,250.00","22,650.00","20,750.00","20,750.00",,,"49,350,900.00"
05/12/2022,"22,300.00","22,300.00","21,850.00","22,300.00",,,"38,563,100.00"
02/12/2022,"19,800.00","20,850.00","19,500.00","20,850.00",,,"28,085,300.00"
01/12/2022,"20,200.00","21,100.00","19,500.00","19,500.00",,,"39,569,200.00"
30/11/2022,"19,550.00","20,200.00","19,150.00","20,000.00",,,"25,462,700.00"
29/11/2022,"19,500.00","19,950.00","18,900.00","19,750.00",,,"26,282,100.00"
28/11/2022,"19,100.00","19,750.00","19,050.00","19,700.00",,,"28,234,200.00"
25/11/2022,"18,500.00","18,950.00","18,000.00","18,900.00",,,"25,017,000.00"
24/11/2022,"17,300.00","18,200.00","16,900.00","18,200.00",,,"18,314,400.00"
23/11/2022,"16,900.00","17,900.00","16,900.00","17,500.00",,,"25,750,600.00"
22/11/2022,"16,600.00","17,850.00","16,600.00","16,900.00",,,"30,937,500.00"
21/11/2022,"17,300.00","17,400.00","16,700.00","16,700.00",,,"17,502,900.00"
18/11/2022,"16,950.00","17,650.00","16,450.00","17,100.00",,,"32,753,700.00"
17/11/2022,"16,900.00","17,250.00","16,600.00","17,200.00",,,"35,148,700.00"
16/11/2022,"14,800.00","16,150.00","14,450.00","16,150.00",,,"29,364,400.00"
15/11/2022,"15,750.00","16,000.00","14,850.00","15,100.00",,,"27,886,400.00"
14/11/2022,"15,450.00","16,100.00","14,850.00","15,850.00",,,"36,949,800.00"
11/11/2022,"15,600.00","16,200.00","15,450.00","15,600.00",,,"39,567,200.00"
10/11/2022,"16,000.00","16,250.00","15,150.00","15,150.00",,,"37,682,700.00"
09/11/2022,"16,800.00","17,050.00","15,800.00","16,250.00",,,"35,899,100.00"
08/11/2022,"15,500.00","16,550.00","15,300.00","16,450.00",,,"22,154,700.00"
07/11/2022,"16,350.00","16,700.00","15,500.00","15,500.00",,,"20,698,900.00"
04/11/2022,"17,050.00","17,250.00","16,050.00","16,600.00",,,"32,155,600.00"
03/11/2022,"16,800.00","17,450.00","16,800.00","17,250.00",,,"20,263,500.00"
02/11/2022,"16,900.00","17,300.00","16,750.00","16,900.00",,,"22,377,200.00"
01/11/2022,"16,500.00","17,250.00","16,350.00","16,900.00",,,"29,988,400.00"
31/10/2022,"16,200.00","16,500.00","15,600.00","16,150.00",,,"17,971,700.00"
28/10/2022,"16,450.00","16,850.00","16,100.00","16,150.00",,,"19,243,400.00"
27/10/2022,"15,000.00","16,050.00","15,000.00","16,050.00",,,"22,235,200.00"
26/10/2022,"15,150.00","15,400.00","14,800.00","15,000.00",,,"8,169,800.00"
25/10/2022,"14,900.00","15,850.00","14,050.00","14,900.00",,,"22,952,700.00"
24/10/2022,"16,050.00","16,350.00","14,850.00","14,850.00",,,"29,278,459.00"
21/10/2022,"17,100.00","17,250.00","15,950.00","15,950.00",,,"22,678,300.00"
20/10/2022,"17,250.00","17,750.00","16,900.00","17,150.00",,,"13,570,100.00"
19/10/2022,"17,750.00","17,850.00","16,900.00","17,300.00",,,"17,992,600.00"
18/10/2022,"18,500.00","18,650.00","17,500.00","17,700.00",,,"17,694,400.00"
17/10/2022,"17,450.00","18,150.00","17,300.00","18,150.00",,,"14,996,000.00"
14/10/2022,"18,100.00","18,100.00","17,450.00","17,650.00",,,"27,065,100.00"
13/10/2022,"17,050.00","17,700.00","16,950.00","17,650.00",,,"18,304,100.00"
12/10/2022,"15,950.00","16,950.00","15,900.00","16,950.00",,,"15,180,800.00"
11/10/2022,"16,950.00","17,000.00","15,850.00","15,850.00",,,"24,976,900.00"
10/10/2022,"16,200.00","17,250.00","15,750.00","17,000.00",,,"34,144,100.00"
07/10/2022,"17,600.00","17,600.00","16,750.00","16,750.00",,,"41,224,500.00"
06/10/2022,"19,350.00","19,350.00","17,950.00","18,000.00",,,"18,656,100.00"
05/10/2022,"19,350.00","19,500.00","19,000.00","19,250.00",,,"11,210,300.00"
04/10/2022,"19,750.00","19,750.00","18,600.00","18,750.00",,,"17,101,100.00"
03/10/2022,"20,300.00","20,400.00","19,200.00","19,200.00",,,"28,727,100.00"
30/09/2022,"19,600.00","20,800.00","19,500.00","20,600.00",,,"16,490,500.00"
29/09/2022,"20,600.00","20,700.00","19,700.00","19,700.00",,,"7,927,300.00"
28/09/2022,"20,200.00","20,600.00","20,150.00","20,300.00",,,"6,498,700.00"
27/09/2022,"20,800.00","20,800.00","20,400.00","20,500.00",,,"5,845,900.00"
26/09/2022,"20,950.00","21,000.00","20,250.00","20,500.00",,,"16,606,500.00"
23/09/2022,"21,800.00","22,000.00","21,450.00","21,450.00",,,"7,162,300.00"
22/09/2022,"21,450.00","21,950.00","21,450.00","21,950.00",,,"6,860,700.00"
21/09/2022,"22,050.00","22,100.00","21,750.00","21,750.00",,,"3,907,700.00"
20/09/2022,"21,900.00","22,300.00","21,650.00","22,150.00",,,"7,618,400.00"
19/09/2022,"22,600.00","22,650.00","21,600.00","21,600.00",,,"11,372,400.00"
16/09/2022,"22,950.00","23,000.00","22,450.00","22,450.00",,,"16,349,600.00"
15/09/2022,"23,250.00","23,350.00","22,800.00","23,050.00",,,"8,396,500.00"
14/09/2022,"22,650.00","23,050.00","22,500.00","23,050.00",,,"10,170,600.00"
13/09/2022,"23,000.00","23,450.00","23,000.00","23,050.00",,,"7,392,800.00"
12/09/2022,"23,750.00","23,900.00","23,100.00","23,100.00",,,"6,909,900.00"
09/09/2022,"24,000.00","24,050.00","22,650.00","23,750.00",,,"21,908,800.00"
08/09/2022,"24,700.00","24,700.00","23,900.00","23,900.00",,,"10,363,500.00"
07/09/2022,"24,700.00","25,450.00","24,350.00","24,350.00",,,"24,004,200.00"
06/09/2022,"24,700.00","25,050.00","24,650.00","24,700.00",,,"12,897,900.00"
05/09/2022,"24,700.00","24,850.00","24,600.00","24,700.00",,,"6,052,400.00"
31/08/2022,"24,550.00","24,900.00","24,400.00","24,800.00",,,"7,673,100.00"
30/08/2022,"24,900.00","25,100.00","24,650.00","24,650.00",,,"9,249,200.00"
29/08/2022,"24,700.00","24,850.00","24,050.00","24,850.00",,,"15,559,400.00"
26/08/2022,"25,700.00","25,800.00","25,100.00","25,100.00",,,"10,738,200.00"
25/08/2022,"25,550.00","25,650.00","25,400.00","25,650.00",,,"10,198,300.00"
24/08/2022,"25,100.00","25,550.00","24,800.00","25,400.00",,,"13,826,500.00"
23/08/2022,"24,600.00","25,000.00","24,300.00","25,000.00",,,"10,027,300.00"
22/08/2022,"25,000.00","25,200.00","24,700.00","24,700.00",,,"10,167,900.00"
19/08/2022,"25,250.00","25,500.00","25,050.00","25,100.00",,,"7,722,200.00"
18/08/2022,"25,200.00","25,650.00","25,000.00","25,200.00",,,"13,021,000.00"
17/08/2022,"25,550.00","25,600.00","25,300.00","25,400.00",,,"11,630,300.00"
16/08/2022,"25,800.00","25,800.00","25,350.00","25,550.00",,,"9,690,900.00"
15/08/2022,"25,900.00","26,350.00","25,650.00","25,650.00",,,"13,821,000.00"
12/08/2022,"25,050.00","25,650.00","25,050.00","25,650.00",,,"8,991,200.00"
11/08/2022,"25,200.00","25,600.00","24,800.00","25,200.00",,,"15,885,300.00"
10/08/2022,"25,200.00","25,300.00","24,900.00","24,900.00",,,"8,967,800.00"
09/08/2022,"25,300.00","25,500.00","25,000.00","25,250.00",,,"8,563,800.00"
08/08/2022,"25,250.00","25,650.00","25,100.00","25,300.00",,,"7,923,300.00"
05/08/2022,"25,100.00","25,250.00","24,850.00","25,250.00",,,"13,444,500.00"
04/08/2022,"25,650.00","25,700.00","25,100.00","25,200.00",,,"13,127,200.00"
03/08/2022,"24,850.00","25,650.00","24,750.00","25,450.00",,,"16,094,500.00"
02/08/2022,"25,000.00","25,500.00","24,850.00","24,950.00",,,"18,907,500.00"
01/08/2022,"24,500.00","25,600.00","24,500.00","25,200.00",,,"16,721,100.00"
29/07/2022,"24,650.00","24,900.00","24,300.00","24,700.00",,,"18,842,000.00"
28/07/2022,"23,350.00","24,650.00","23,250.00","24,450.00",,,"42,103,200.00"
27/07/2022,"22,850.00","23,050.00","22,750.00","23,050.00",,,"9,200,900.00"
26/07/2022,"22,950.00","22,950.00","22,700.00","22,950.00",,,"9,679,700.00"
25/07/2022,"23,000.00","23,300.00","22,800.00","22,850.00",,,"6,665,200.00"
22/07/2022,"23,300.00","23,500.00","23,000.00","23,000.00",,,"11,581,700.00"
21/07/2022,"23,050.00","23,600.00","23,000.00","23,100.00",,,"17,945,400.00"
20/07/2022,"23,250.00","23,500.00","22,950.00","23,050.00",,,"11,199,600.00"
19/07/2022,"22,550.00","23,150.00","22,450.00","22,950.00",,,"11,801,000.00"
18/07/2022,"23,050.00","23,400.00","22,550.00","22,550.00",,,"14,955,700.00"
15/07/2022,"23,400.00","23,750.00","22,950.00","23,000.00",,,"18,014,600.00"
14/07/2022,"22,900.00","23,350.00","22,800.00","23,300.00",,,"13,011,400.00"
13/07/2022,"22,600.00","23,400.00","22,600.00","23,050.00",,,"17,800,700.00"
12/07/2022,"22,150.00","22,800.00","21,950.00","22,600.00",,,"12,849,100.00"
11/07/2022,"22,250.00","22,450.00","21,650.00","22,050.00",,,"21,170,600.00"
08/07/2022,"23,000.00","23,050.00","22,350.00","22,500.00",,,"19,429,700.00"
07/07/2022,"22,500.00","23,150.00","22,100.00","22,600.00",,,"16,995,900.00"
06/07/2022,"22,600.00","23,400.00","22,450.00","22,500.00",,,"17,725,300.00"
05/07/2022,"22,400.00","23,600.00","22,350.00","23,050.00",,,"30,049,300.00"
04/07/2022,"22,300.00","22,950.00","22,100.00","22,350.00",,,"22,132,700.00"
01/07/2022,"21,400.00","22,050.00","20,700.00","22,000.00",,,"16,899,800.00"
30/06/2022,"22,550.00","22,750.00","21,500.00","21,500.00",,,"23,889,800.00"
29/06/2022,"22,100.00","23,300.00","22,100.00","22,600.00",,,"13,808,600.00"
28/06/2022,"21,500.00","22,800.00","21,350.00","22,550.00",,,"25,947,500.00"
27/06/2022,"21,400.00","21,750.00","21,150.00","21,500.00",,,"10,626,600.00"
24/06/2022,"21,300.00","21,800.00","21,050.00","21,200.00",,,"11,596,900.00"
23/06/2022,"20,150.00","21,700.00","20,150.00","21,300.00",,,"15,465,200.00"
22/06/2022,"19,700.00","20,500.00","19,600.00","20,500.00",,,"10,743,900.00"
21/06/2022,"18,850.00","19,600.00","18,700.00","19,200.00",,,"10,840,400.00"
20/06/2022,"20,300.00","20,550.00","18,850.00","18,850.00",,,"17,644,800.00"
17/06/2022,"20,500.00","20,500.00","19,800.00","20,250.00",,,"16,091,300.00"
16/06/2022,"21,100.00","21,250.00","20,800.00","21,000.00",,,"11,477,300.00"
15/06/2022,"21,000.00","21,050.00","19,950.00","20,700.00",,,"15,562,200.00"
14/06/2022,"20,350.00","21,250.00","20,350.00","20,900.00",,,"16,011,100.00"
13/06/2022,"21,050.00","21,600.00","20,500.00","20,600.00",,,"16,680,200.00"
10/06/2022,"21,800.00","22,700.00","21,750.00","21,900.00",,,"20,166,000.00"
09/06/2022,"22,250.00","22,350.00","21,700.00","22,300.00",,,"19,691,900.00"
08/06/2022,"20,400.00","21,600.00","20,300.00","21,600.00",,,"11,493,800.00"
07/06/2022,"20,500.00","20,550.00","19,800.00","20,200.00",,,"17,211,600.00"
06/06/2022,"21,150.00","21,400.00","20,500.00","20,500.00",,,"20,951,400.00"
03/06/2022,"21,500.00","21,700.00","20,950.00","21,150.00",,,"12,689,400.00"
02/06/2022,"22,350.00","22,400.00","21,450.00","21,550.00",,,"15,929,800.00"
01/06/2022,"22,300.00","22,600.00","22,000.00","22,250.00",,,"15,838,900.00"
31/05/2022,"22,600.00","22,800.00","22,350.00","22,350.00",,,"13,418,300.00"
30/05/2022,"22,450.00","23,000.00","22,250.00","22,800.00",,,"16,390,500.00"
27/05/2022,"22,500.00","22,700.00","22,100.00","22,250.00",,,"17,340,900.00"
26/05/2022,"22,600.00","22,750.00","22,300.00","22,400.00",,,"16,849,200.00"
25/05/2022,"22,000.00","22,850.00","22,000.00","22,750.00",,,"20,351,500.00"
24/05/2022,"20,350.00","21,750.00","20,100.00","21,750.00",,,"19,841,000.00"
23/05/2022,"21,750.00","21,750.00","20,150.00","20,350.00",,,"31,781,900.00"
20/05/2022,"21,750.00","22,050.00","21,500.00","21,600.00",,,"14,328,800.00"
19/05/2022,"21,300.00","22,400.00","21,250.00","21,750.00",,,"24,451,600.00"
18/05/2022,"20,950.00","21,750.00","20,700.00","21,750.00",,,"29,800,300.00"
17/05/2022,"18,700.00","20,350.00","18,600.00","20,350.00",,,"31,880,300.00"
16/05/2022,"21,100.00","21,300.00","19,050.00","19,050.00",,,"37,240,900.00"
13/05/2022,"21,500.00","21,950.00","20,450.00","20,450.00",,,"23,869,900.00"
12/05/2022,"23,450.00","23,450.00","21,950.00","21,950.00",,,"26,414,900.00"
11/05/2022,"23,900.00","24,000.00","22,800.00","23,550.00",,,"19,706,800.00"
10/05/2022,"22,550.00","23,900.00","22,550.00","23,900.00",,,"19,341,700.00"
09/05/2022,"25,100.00","25,100.00","23,750.00","23,750.00",,,"25,422,900.00"
06/05/2022,"26,000.00","26,600.00","25,400.00","25,500.00",,,"21,195,800.00"
05/05/2022,"27,000.00","27,050.00","25,900.00","26,900.00",,,"14,505,600.00"
04/05/2022,"27,700.00","27,700.00","26,700.00","26,750.00",,,"8,979,400.00"
29/04/2022,"27,550.00","28,150.00","27,400.00","27,700.00",,,"12,857,300.00"
28/04/2022,"27,850.00","28,200.00","27,400.00","27,700.00",,,"6,555,900.00"
27/04/2022,"27,000.00","28,200.00","26,450.00","28,200.00",,,"8,677,800.00"
26/04/2022,"26,600.00","27,500.00","25,650.00","27,400.00",,,"11,314,800.00"
25/04/2022,"28,800.00","29,000.00","26,800.00","26,800.00",,,"14,484,300.00"
22/04/2022,"28,100.00","29,000.00","27,800.00","28,800.00",,,"11,530,600.00"
21/04/2022,"27,400.00","28,350.00","27,100.00","27,650.00",,,"9,902,300.00"
20/04/2022,"27,800.00","28,200.00","27,450.00","27,550.00",,,"12,122,300.00"
19/04/2022,"29,100.00","29,400.00","27,500.00","27,500.00",,,"15,852,000.00"
18/04/2022,"30,100.00","30,200.00","29,000.00","29,000.00",,,"15,776,200.00"
15/04/2022,"30,700.00","31,000.00","30,100.00","30,100.00",,,"10,461,600.00"
14/04/2022,"31,350.00","31,500.00","30,750.00","30,800.00",,,"7,027,600.00"
13/04/2022,"31,000.00","31,500.00","30,700.00","31,350.00",,,"8,620,200.00"
12/04/2022,"31,150.00","31,450.00","30,500.00","30,800.00",,,"10,124,800.00"
08/04/2022,"31,900.00","31,950.00","30,900.00","31,000.00",,,"18,745,300.00"
07/04/2022,"32,400.00","32,900.00","31,750.00","31,900.00",,,"13,058,600.00"
06/04/2022,"31,800.00","32,600.00","31,550.00","32,350.00",,,"12,151,500.00"
05/04/2022,"32,050.00","32,300.00","31,800.00","31,800.00",,,"9,484,900.00"
04/04/2022,"32,500.00","32,700.00","32,150.00","32,200.00",,,"10,821,000.00"
01/04/2022,"31,650.00","32,250.00","31,550.00","32,200.00",,,"9,156,000.00"
31/03/2022,"32,100.00","32,450.00","31,700.00","31,700.00",,,"9,087,400.00"
30/03/2022,"31,950.00","32,650.00","31,500.00","32,250.00",,,"17,131,800.00"
29/03/2022,"32,100.00","32,350.00","31,750.00","32,300.00",,,"12,864,700.00"
28/03/2022,"33,500.00","33,550.00","31,800.00","31,850.00",,,"38,323,100.00"
25/03/2022,"33,600.00","34,000.00","33,600.00","33,650.00",,,"11,544,100.00"
24/03/2022,"34,000.00","34,050.00","33,600.00","33,650.00",,,"10,076,600.00"
23/03/2022,"34,000.00","34,300.00","33,650.00","34,000.00",,,"17,163,400.00"
22/03/2022,"33,350.00","34,200.00","33,350.00","34,050.00",,,"25,084,000.00"
21/03/2022,"33,100.00","33,450.00","32,800.00","33,100.00",,,"14,852,100.00"
,,,,,,,
,,,,,,,
SIMPLIZE,,,,,,,
"Số 5 ngõ 316 Lê Trọng Tấn, Phường Khương Mai, Quận Thanh Xuân, TP.Hà Nội
",,,,,,,
Website: simplize.vn,,,,,,,
Email: info@simplize.vn,,,,,,,
Tel: (+84) 38 840 8668,,,,,,,
