Tên công ty,Ngân hàng Thương mại Cổ phần Ngoại Thương Việt Nam,,,,,,
Tên báo cáo,Lịch sử giá,,,,,,
Ngày tải,24/03/2026,,,,,,
,,,,,,,
NGÀY,GIÁ MỞ CỬA,GIÁ CAO NHẤT,GIÁ THẤP NHẤT,GIÁ ĐÓNG CỬA,THAY ĐỔI GIÁ,% THAY ĐỔI,KHỐI LƯỢNG
24/03/2026,"59,000.00","59,000.00","58,000.00","58,200.00",600.00,0.01,"3,112,600.00"
23/03/2026,"57,800.00","58,300.00","56,500.00","57,600.00",-400.00,-0.01,"9,648,600.00"
20/03/2026,"59,800.00","59,800.00","58,000.00","58,000.00","-1,800.00",-0.03,"8,322,900.00"
19/03/2026,"59,700.00","60,000.00","59,000.00","59,800.00",-700.00,-0.01,"6,184,000.00"
18/03/2026,"60,900.00","62,000.00","60,000.00","60,500.00",0.00,0.00,"8,225,000.00"
17/03/2026,"59,500.00","60,500.00","59,400.00","60,500.00","1,700.00",0.03,"7,148,800.00"
16/03/2026,"59,300.00","59,800.00","58,600.00","58,800.00",-200.00,0.00,"3,985,900.00"
13/03/2026,"59,200.00","60,100.00","58,900.00","59,000.00",-800.00,-0.01,"5,656,900.00"
12/03/2026,"60,200.00","60,300.00","59,500.00","59,800.00",-600.00,-0.01,"6,217,000.00"
11/03/2026,"60,500.00","61,200.00","60,000.00","60,400.00",0.00,0.00,"8,789,200.00"
10/03/2026,"59,800.00","60,900.00","58,800.00","60,400.00","3,100.00",0.05,"11,524,700.00"
09/03/2026,"57,400.00","59,700.00","57,300.00","57,300.00","-4,300.00",-0.07,"29,396,000.00"
06/03/2026,"62,000.00","63,200.00","61,600.00","61,600.00",-900.00,-0.01,"8,854,200.00"
05/03/2026,"63,700.00","63,700.00","62,500.00","62,500.00",-500.00,-0.01,"6,037,000.00"
04/03/2026,"61,800.00","63,200.00","61,700.00","63,000.00","1,400.00",0.02,"10,259,500.00"
03/03/2026,"62,900.00","63,700.00","61,400.00","61,600.00","-1,300.00",-0.02,"12,575,400.00"
02/03/2026,"62,900.00","63,900.00","62,900.00","62,900.00","-2,000.00",-0.03,"17,105,000.00"
27/02/2026,"65,500.00","66,400.00","64,800.00","64,900.00",-500.00,-0.01,"8,831,200.00"
26/02/2026,"65,200.00","65,900.00","65,000.00","65,400.00",300.00,0.00,"7,561,900.00"
25/02/2026,"65,000.00","66,500.00","64,700.00","65,100.00",100.00,0.00,"9,488,800.00"
24/02/2026,"66,600.00","66,600.00","64,900.00","65,000.00","-1,400.00",-0.02,"10,246,500.00"
23/02/2026,"65,000.00","66,700.00","64,600.00","66,400.00","2,000.00",0.03,"10,104,200.00"
13/02/2026,"64,700.00","65,100.00","64,000.00","64,400.00",200.00,0.00,"4,951,400.00"
12/02/2026,"65,500.00","65,500.00","64,200.00","64,200.00",-500.00,-0.01,"7,950,400.00"
11/02/2026,"64,000.00","66,600.00","63,500.00","64,700.00","1,600.00",0.03,"11,121,200.00"
10/02/2026,"64,500.00","65,500.00","62,600.00","63,100.00","-1,900.00",-0.03,"15,811,100.00"
09/02/2026,"65,500.00","66,000.00","64,200.00","65,000.00",-100.00,0.00,"7,308,900.00"
06/02/2026,"67,900.00","67,900.00","64,900.00","65,100.00","-3,300.00",-0.05,"24,570,400.00"
05/02/2026,"70,700.00","70,800.00","68,400.00","68,400.00","-2,400.00",-0.03,"11,688,700.00"
04/02/2026,"72,000.00","72,000.00","70,500.00","70,800.00","-1,000.00",-0.01,"8,726,700.00"
03/02/2026,"72,400.00","73,300.00","71,300.00","71,800.00",300.00,0.00,"15,094,700.00"
02/02/2026,"70,500.00","71,500.00","69,300.00","71,500.00","1,000.00",0.01,"10,711,000.00"
30/01/2026,"70,600.00","71,900.00","69,600.00","70,500.00",700.00,0.01,"11,480,700.00"
29/01/2026,"69,300.00","70,800.00","68,600.00","69,800.00",200.00,0.00,"7,855,400.00"
28/01/2026,"71,100.00","72,900.00","69,400.00","69,600.00","-1,000.00",-0.01,"12,283,200.00"
27/01/2026,"69,700.00","71,500.00","68,100.00","70,600.00","1,000.00",0.01,"9,645,200.00"
26/01/2026,"68,900.00","71,100.00","68,700.00","69,600.00","1,000.00",0.01,"10,990,600.00"
23/01/2026,"71,000.00","71,000.00","68,500.00","68,600.00","-2,400.00",-0.03,"16,804,700.00"
22/01/2026,"73,400.00","75,900.00","70,600.00","71,000.00","-1,800.00",-0.02,"18,577,500.00"
21/01/2026,"72,800.00","73,600.00","71,700.00","72,800.00",-700.00,-0.01,"11,179,000.00"
20/01/2026,"74,000.00","75,000.00","72,100.00","73,500.00",800.00,0.01,"18,491,600.00"
19/01/2026,"73,000.00","73,500.00","71,600.00","72,700.00",-300.00,0.00,"8,212,000.00"
16/01/2026,"73,000.00","76,000.00","72,000.00","73,000.00","1,100.00",0.02,"13,426,500.00"
15/01/2026,"74,000.00","74,900.00","71,900.00","71,900.00","-4,100.00",-0.05,"23,227,200.00"
14/01/2026,"73,100.00","78,800.00","73,100.00","76,000.00","2,000.00",0.03,"21,213,600.00"
13/01/2026,"74,300.00","76,000.00","71,800.00","74,000.00","1,300.00",0.02,"28,198,200.00"
12/01/2026,"69,900.00","72,700.00","69,600.00","72,700.00","4,700.00",0.07,"21,973,100.00"
09/01/2026,"65,400.00","68,000.00","65,400.00","68,000.00","4,300.00",0.07,"32,481,400.00"
08/01/2026,"59,800.00","63,700.00","59,700.00","63,700.00","4,100.00",0.07,"27,104,600.00"
07/01/2026,"57,600.00","59,900.00","57,500.00","59,600.00","2,300.00",0.04,"12,918,300.00"
06/01/2026,"57,100.00","57,500.00","56,600.00","57,300.00",200.00,0.00,"4,173,200.00"
05/01/2026,"57,500.00","57,600.00","57,000.00","57,100.00",-400.00,-0.01,"3,591,800.00"
31/12/2025,"57,400.00","57,900.00","57,300.00","57,500.00",200.00,0.00,"2,530,800.00"
30/12/2025,"57,300.00","58,100.00","57,200.00","57,300.00",200.00,0.00,"2,958,000.00"
29/12/2025,"57,400.00","57,500.00","57,100.00","57,100.00",0.00,0.00,"2,099,700.00"
26/12/2025,"57,100.00","57,400.00","56,600.00","57,100.00",0.00,0.00,"3,302,500.00"
25/12/2025,"57,000.00","57,900.00","57,000.00","57,100.00",100.00,0.00,"3,968,100.00"
24/12/2025,"57,300.00","57,300.00","56,900.00","57,000.00",-200.00,0.00,"4,431,500.00"
23/12/2025,"57,800.00","58,100.00","57,000.00","57,200.00",-600.00,-0.01,"3,147,900.00"
22/12/2025,"57,700.00","58,000.00","57,300.00","57,800.00",300.00,0.01,"2,961,200.00"
19/12/2025,"57,000.00","57,500.00","56,700.00","57,500.00",700.00,0.01,"4,265,500.00"
18/12/2025,"57,200.00","57,500.00","56,700.00","56,800.00",100.00,0.00,"3,075,800.00"
17/12/2025,"57,000.00","57,500.00","56,700.00","56,700.00",-200.00,0.00,"2,331,200.00"
16/12/2025,"56,900.00","57,400.00","56,000.00","56,900.00",100.00,0.00,"6,346,800.00"
15/12/2025,"56,800.00","57,300.00","56,700.00","56,800.00",0.00,0.00,"3,203,100.00"
12/12/2025,"57,800.00","57,800.00","56,800.00","56,800.00",-800.00,-0.01,"4,847,700.00"
11/12/2025,"58,400.00","58,400.00","57,600.00","57,600.00",-600.00,-0.01,"1,746,700.00"
10/12/2025,"58,300.00","58,600.00","57,800.00","58,200.00",200.00,0.00,"3,082,500.00"
09/12/2025,"57,900.00","58,700.00","57,300.00","58,000.00",100.00,0.00,"4,519,400.00"
08/12/2025,"58,200.00","58,300.00","57,800.00","57,900.00",-400.00,-0.01,"2,141,500.00"
05/12/2025,"59,000.00","59,200.00","58,200.00","58,300.00",-600.00,-0.01,"3,604,700.00"
04/12/2025,"59,000.00","59,400.00","58,700.00","58,900.00",0.00,0.00,"2,923,100.00"
03/12/2025,"57,800.00","59,100.00","57,800.00","58,900.00","1,300.00",0.02,"6,161,200.00"
02/12/2025,"57,500.00","57,800.00","57,200.00","57,600.00",100.00,0.00,"3,185,600.00"
01/12/2025,"57,600.00","58,000.00","57,500.00","57,500.00",100.00,0.00,"2,824,900.00"
28/11/2025,"58,000.00","58,100.00","57,400.00","57,400.00",-500.00,-0.01,"3,534,300.00"
27/11/2025,"58,200.00","58,500.00","57,900.00","57,900.00",-200.00,0.00,"3,113,500.00"
26/11/2025,"58,500.00","58,600.00","57,800.00","58,100.00",-100.00,0.00,"5,371,200.00"
25/11/2025,"58,900.00","59,000.00","58,200.00","58,200.00",-600.00,-0.01,"2,755,000.00"
24/11/2025,"59,000.00","59,300.00","58,700.00","58,800.00",-200.00,0.00,"2,025,600.00"
21/11/2025,"59,100.00","59,200.00","58,700.00","59,000.00",-400.00,-0.01,"3,452,400.00"
20/11/2025,"59,600.00","59,700.00","59,200.00","59,400.00",0.00,0.00,"2,259,400.00"
19/11/2025,"59,900.00","60,100.00","59,300.00","59,400.00",-500.00,-0.01,"2,896,200.00"
18/11/2025,"60,400.00","60,400.00","59,800.00","59,900.00",-300.00,0.00,"2,158,800.00"
17/11/2025,"60,000.00","60,400.00","59,900.00","60,200.00",200.00,0.00,"1,585,600.00"
14/11/2025,"59,800.00","60,400.00","59,400.00","60,000.00",200.00,0.00,"2,069,600.00"
13/11/2025,"59,500.00","60,000.00","59,200.00","59,800.00",300.00,0.01,"2,113,500.00"
12/11/2025,"59,100.00","59,700.00","59,000.00","59,500.00",600.00,0.01,"2,012,700.00"
11/11/2025,"59,100.00","59,600.00","58,800.00","58,900.00",100.00,0.00,"2,540,900.00"
10/11/2025,"59,400.00","59,700.00","58,800.00","58,800.00",-500.00,-0.01,"2,316,500.00"
07/11/2025,"60,000.00","60,000.00","59,000.00","59,300.00","-1,000.00",-0.02,"3,586,300.00"
06/11/2025,"60,900.00","61,300.00","60,200.00","60,300.00",-500.00,-0.01,"2,821,200.00"
05/11/2025,"60,000.00","61,100.00","59,900.00","60,800.00",700.00,0.01,"4,601,700.00"
04/11/2025,"59,200.00","60,400.00","59,100.00","60,100.00",800.00,0.01,"2,952,400.00"
03/11/2025,"60,000.00","60,300.00","59,300.00","59,300.00",-300.00,-0.01,"2,800,100.00"
31/10/2025,"60,800.00","60,800.00","59,600.00","59,600.00","-1,000.00",-0.02,"2,117,800.00"
30/10/2025,"61,000.00","61,200.00","60,300.00","60,600.00",-100.00,0.00,"1,946,600.00"
29/10/2025,"60,000.00","61,000.00","59,800.00","60,700.00",700.00,0.01,"3,716,000.00"
28/10/2025,"59,200.00","60,200.00","59,100.00","60,000.00",800.00,0.01,"2,789,700.00"
27/10/2025,"60,000.00","60,000.00","59,200.00","59,200.00",-300.00,-0.01,"2,640,000.00"
24/10/2025,"59,800.00","59,900.00","58,800.00","59,500.00",-300.00,-0.01,"4,372,700.00"
23/10/2025,"58,900.00","60,300.00","58,900.00","59,800.00",200.00,0.00,"4,227,100.00"
22/10/2025,"60,100.00","60,200.00","58,500.00","59,600.00",300.00,0.01,"4,664,800.00"
21/10/2025,"59,700.00","60,700.00","59,300.00","59,300.00",-100.00,0.00,"8,416,700.00"
20/10/2025,"61,800.00","62,200.00","58,600.00","59,400.00","-2,500.00",-0.04,"12,115,600.00"
17/10/2025,"62,900.00","62,900.00","61,800.00","61,900.00","-1,000.00",-0.02,"5,405,900.00"
16/10/2025,"62,700.00","63,000.00","62,500.00","62,900.00",400.00,0.01,"4,634,400.00"
15/10/2025,"63,100.00","63,400.00","62,500.00","62,500.00",-600.00,-0.01,"5,218,800.00"
14/10/2025,"63,500.00","64,000.00","62,900.00","63,100.00",0.00,0.00,"7,008,900.00"
13/10/2025,"63,400.00","63,800.00","62,800.00","63,100.00","-1,100.00",-0.02,"7,992,500.00"
10/10/2025,"63,900.00","64,400.00","63,600.00","64,200.00",400.00,0.01,"4,985,600.00"
09/10/2025,"64,500.00","65,200.00","63,800.00","63,800.00",-800.00,-0.01,"5,734,200.00"
08/10/2025,"64,200.00","64,900.00","63,600.00","64,600.00",900.00,0.01,"8,113,800.00"
07/10/2025,"64,100.00","64,100.00","63,300.00","63,700.00",-300.00,0.00,"4,229,300.00"
06/10/2025,"62,800.00","64,000.00","62,800.00","64,000.00","2,300.00",0.04,"7,461,700.00"
03/10/2025,"62,000.00","62,000.00","61,400.00","61,700.00",0.00,0.00,"2,821,100.00"
02/10/2025,"61,947.83","62,642.75","61,650.00","61,650.00",-300.00,0.00,"3,757,500.00"
01/10/2025,"62,245.65","62,245.65","61,550.72","61,947.83",400.00,0.01,"3,227,000.00"
30/09/2025,"62,344.93","62,444.20","61,352.17","61,550.72",-600.00,-0.01,"4,294,100.00"
29/09/2025,"62,444.20","62,444.20","61,947.83","62,146.38",-400.00,-0.01,"3,220,900.00"
26/09/2025,"62,742.03","62,940.58","62,444.20","62,543.48",0.00,0.00,"4,021,900.00"
25/09/2025,"62,841.30","62,940.58","62,245.65","62,543.48",300.00,0.00,"4,075,300.00"
24/09/2025,"61,947.83","62,245.65","61,352.17","62,245.65",500.00,0.01,"3,919,200.00"
23/09/2025,"61,947.83","62,642.75","61,749.28","61,749.28",200.00,0.00,"3,806,300.00"
22/09/2025,"62,543.48","62,742.03","61,352.17","61,550.72","-1,000.00",-0.02,"6,101,300.00"
19/09/2025,"63,734.78","64,032.61","62,543.48","62,543.48",-900.00,-0.01,"7,137,700.00"
18/09/2025,"64,429.71","64,429.71","63,139.13","63,436.96",-900.00,-0.01,"8,803,400.00"
17/09/2025,"65,025.36","65,323.19","64,330.43","64,330.43",-800.00,-0.01,"6,266,800.00"
16/09/2025,"65,521.74","66,117.39","65,124.64","65,124.64",-200.00,0.00,"6,820,401.00"
15/09/2025,"65,521.74","65,521.74","65,025.36","65,323.19",0.00,0.00,"12,016,900.00"
12/09/2025,"65,720.29","65,720.29","64,528.99","65,323.19",100.00,0.00,"5,694,200.00"
11/09/2025,"65,124.64","65,521.74","63,734.78","65,223.91",-100.00,0.00,"6,631,100.00"
10/09/2025,"65,124.64","65,521.74","64,330.43","65,323.19",900.00,0.01,"5,006,400.00"
09/09/2025,"65,025.36","65,720.29","64,032.61","64,429.71",-400.00,-0.01,"6,437,300.00"
08/09/2025,"66,613.77","67,010.87","64,826.81","64,826.81","-2,200.00",-0.03,"11,249,800.00"
05/09/2025,"68,996.38","69,095.65","67,010.87","67,010.87","-1,400.00",-0.02,"11,292,800.00"
04/09/2025,"67,010.87","68,500.00","66,415.22","68,400.72","1,900.00",0.03,"9,032,100.00"
03/09/2025,"68,301.45","68,301.45","66,514.49","66,514.49","-1,600.00",-0.02,"14,561,900.00"
29/08/2025,"68,698.55","69,592.03","68,003.62","68,102.90",-400.00,-0.01,"14,696,101.00"
28/08/2025,"68,996.38","70,088.41","68,202.17","68,500.00",-100.00,0.00,"9,344,400.00"
27/08/2025,"64,528.99","68,599.28","64,528.99","68,599.28","4,500.00",0.07,"33,198,100.00"
26/08/2025,"63,139.13","64,528.99","62,444.20","64,131.88","1,000.00",0.02,"8,201,400.00"
25/08/2025,"65,323.19","65,323.19","62,940.58","63,139.13","-1,000.00",-0.02,"7,867,800.00"
22/08/2025,"63,536.23","66,713.04","63,238.41","64,131.88",400.00,0.01,"19,157,300.00"
21/08/2025,"62,841.30","64,528.99","62,841.30","63,734.78","1,200.00",0.02,"9,909,300.00"
20/08/2025,"64,032.61","64,131.88","61,749.28","62,543.48","-1,200.00",-0.02,"10,750,600.00"
19/08/2025,"64,032.61","64,926.09","63,734.78","63,734.78",-300.00,0.00,"9,408,400.00"
18/08/2025,"64,330.43","65,124.64","63,536.23","64,032.61",200.00,0.00,"8,570,300.00"
15/08/2025,"66,911.59","67,010.87","63,734.78","63,834.06",-900.00,-0.01,"16,730,800.00"
14/08/2025,"63,238.41","65,819.57","62,841.30","64,727.54","2,700.00",0.04,"19,276,101.00"
13/08/2025,"63,039.86","63,139.13","61,550.72","62,047.10",-500.00,-0.01,"7,582,800.00"
12/08/2025,"62,344.93","64,330.43","62,245.65","62,543.48",500.00,0.01,"12,457,000.00"
11/08/2025,"61,650.00","62,742.03","61,650.00","62,047.10",600.00,0.01,"7,383,300.00"
08/08/2025,"61,749.28","62,841.30","61,153.62","61,451.45",200.00,0.00,"10,807,800.00"
07/08/2025,"62,444.20","62,444.20","60,855.80","61,252.90",-600.00,-0.01,"9,615,700.00"
06/08/2025,"61,650.00","62,344.93","61,451.45","61,848.55",800.00,0.01,"4,805,500.00"
05/08/2025,"61,054.35","63,238.41","60,756.52","61,054.35",400.00,0.01,"18,868,200.00"
04/08/2025,"59,664.49","60,955.07","59,565.22","60,657.25",900.00,0.01,"4,590,400.00"
01/08/2025,"59,863.04","60,160.87","59,267.39","59,763.77",0.00,0.00,"4,928,600.00"
31/07/2025,"61,054.35","61,252.90","59,664.49","59,763.77",-700.00,-0.01,"6,194,900.00"
30/07/2025,"60,557.97","61,451.45","59,962.32","60,458.70",-100.00,0.00,"7,388,000.00"
29/07/2025,"62,742.03","62,742.03","60,557.97","60,557.97","-1,800.00",-0.03,"10,767,800.00"
28/07/2025,"61,749.28","62,543.48","61,650.00","62,344.93",800.00,0.01,"10,801,700.00"
25/07/2025,"61,650.00","62,047.10","61,451.45","61,550.72",-100.00,0.00,"5,106,400.00"
24/07/2025,"61,749.28","63,039.86","61,451.45","61,650.00",0.00,0.00,"8,927,200.00"
23/07/2025,"62,047.10","62,146.38","61,352.17","61,650.00",-100.00,0.00,"5,215,300.00"
22/07/2025,"60,855.80","61,749.28","60,458.70","61,749.28",900.00,0.01,"5,019,600.00"
21/07/2025,"61,749.28","62,245.65","60,855.80","60,855.80",-600.00,-0.01,"7,116,200.00"
18/07/2025,"61,848.55","62,146.38","61,352.17","61,451.45",-300.00,0.00,"7,032,300.00"
17/07/2025,"61,352.17","62,245.65","61,352.17","61,749.28",400.00,0.01,"14,275,700.00"
16/07/2025,"60,955.07","61,650.00","60,657.25","61,352.17",400.00,0.01,"55,302,200.00"
15/07/2025,"61,947.83","62,146.38","60,955.07","60,955.07","-1,000.00",-0.02,"6,443,400.00"
14/07/2025,"62,444.20","62,444.20","60,557.97","61,947.83",-300.00,0.00,"8,152,000.00"
11/07/2025,"61,054.35","62,642.75","61,054.35","62,245.65","1,300.00",0.02,"12,829,900.00"
10/07/2025,"61,352.17","61,352.17","60,557.97","60,955.07",-100.00,0.00,"8,269,900.00"
09/07/2025,"58,969.57","61,352.17","58,969.57","61,054.35","2,500.00",0.04,"16,577,700.00"
08/07/2025,"58,373.91","59,068.84","58,175.36","58,572.46",400.00,0.01,"10,876,000.00"
07/07/2025,"58,076.09","58,473.19","57,778.26","58,175.36",200.00,0.00,"8,184,200.00"
04/07/2025,"57,480.43","58,373.91","57,381.16","57,976.81",500.00,0.01,"4,966,800.00"
03/07/2025,"57,678.99","58,373.91","57,281.88","57,480.43",-100.00,0.00,"7,523,300.00"
02/07/2025,"57,877.54","58,175.36","57,281.88","57,579.71",-200.00,0.00,"3,030,600.00"
01/07/2025,"56,785.51","58,373.91","56,686.23","57,778.26","1,200.00",0.02,"10,137,500.00"
30/06/2025,"56,586.96","56,785.51","56,487.68","56,586.96",300.00,0.01,"3,984,201.00"
27/06/2025,"56,189.86","56,884.78","55,991.30","56,289.13",300.00,0.01,"4,170,600.00"
26/06/2025,"56,289.13","56,388.41","55,991.30","55,991.30",-200.00,0.00,"2,999,900.00"
25/06/2025,"56,388.41","56,487.68","56,189.86","56,189.86",0.00,0.00,"2,827,801.00"
24/06/2025,"56,487.68","56,686.23","56,189.86","56,189.86",0.00,0.00,"4,664,600.00"
23/06/2025,"56,289.13","56,487.68","56,090.58","56,189.86",-500.00,-0.01,"2,771,700.00"
20/06/2025,"56,289.13","56,785.51","56,090.58","56,686.23",500.00,0.01,"8,073,501.00"
19/06/2025,"56,289.13","56,586.96","56,090.58","56,189.86",-100.00,0.00,"2,426,700.00"
18/06/2025,"56,785.51","56,884.78","56,090.58","56,289.13",-500.00,-0.01,"3,608,102.00"
17/06/2025,"56,487.68","57,083.33","56,388.41","56,785.51",600.00,0.01,"5,217,800.00"
16/06/2025,"55,792.75","56,289.13","55,792.75","56,189.86",400.00,0.01,"4,623,600.00"
13/06/2025,"55,494.93","56,686.23","55,197.10","55,792.75",200.00,0.00,"5,422,900.00"
12/06/2025,"55,594.20","55,693.48","55,296.38","55,594.20",300.00,0.01,"2,747,800.00"
11/06/2025,"55,792.75","55,792.75","55,296.38","55,296.38",-200.00,0.00,"2,353,800.00"
10/06/2025,"55,594.20","55,792.75","55,494.93","55,494.93",0.00,0.00,"2,418,400.00"
09/06/2025,"55,792.75","55,991.30","55,494.93","55,494.93",-200.00,0.00,"2,281,900.00"
06/06/2025,"55,892.03","56,189.86","55,693.48","55,693.48",-200.00,0.00,"2,718,900.00"
05/06/2025,"56,289.13","56,388.41","55,892.03","55,892.03",-300.00,-0.01,"2,911,103.00"
04/06/2025,"56,487.68","56,586.96","56,090.58","56,189.86",-200.00,0.00,"2,897,501.00"
03/06/2025,"56,289.13","56,487.68","55,991.30","56,388.41",600.00,0.01,"3,402,000.00"
02/06/2025,"56,090.58","56,090.58","55,693.48","55,792.75",-200.00,0.00,"3,432,700.00"
30/05/2025,"56,388.41","56,487.68","55,991.30","55,991.30",-300.00,-0.01,"3,972,000.00"
29/05/2025,"56,785.51","56,785.51","56,289.13","56,289.13",-100.00,0.00,"4,311,500.00"
28/05/2025,"56,686.23","57,182.61","56,388.41","56,388.41",0.00,0.00,"7,450,100.00"
27/05/2025,"56,388.41","56,785.51","56,289.13","56,388.41",-200.00,0.00,"5,814,700.00"
26/05/2025,"56,487.68","56,586.96","55,594.20","56,586.96",200.00,0.00,"5,049,300.00"
23/05/2025,"56,487.68","57,083.33","56,289.13","56,388.41",-100.00,0.00,"3,753,500.00"
22/05/2025,"56,686.23","56,984.06","56,487.68","56,487.68",-200.00,0.00,"4,089,300.00"
21/05/2025,"57,083.33","57,480.43","56,586.96","56,686.23",0.00,0.00,"5,368,800.00"
20/05/2025,"56,586.96","56,984.06","56,388.41","56,686.23",100.00,0.00,"3,905,000.00"
19/05/2025,"56,984.06","57,182.61","56,586.96","56,586.96",-500.00,-0.01,"4,991,400.00"
16/05/2025,"58,373.91","58,572.46","57,083.33","57,083.33","-1,200.00",-0.02,"11,572,800.00"
15/05/2025,"58,870.29","59,366.67","58,274.64","58,274.64",0.00,0.00,"8,277,601.00"
14/05/2025,"56,785.51","58,373.91","56,785.51","58,274.64","1,900.00",0.03,"10,367,400.00"
13/05/2025,"56,686.23","56,884.78","56,189.86","56,388.41",200.00,0.00,"7,599,600.00"
12/05/2025,"56,586.96","56,884.78","55,792.75","56,189.86",0.00,0.00,"6,030,801.00"
09/05/2025,"56,884.78","57,182.61","56,189.86","56,189.86",-500.00,-0.01,"6,034,400.00"
08/05/2025,"56,984.06","57,281.88","56,487.68","56,686.23",100.00,0.00,"3,060,300.00"
07/05/2025,"56,686.23","57,083.33","56,586.96","56,586.96",0.00,0.00,"2,541,400.00"
06/05/2025,"56,884.78","57,579.71","56,586.96","56,586.96",-100.00,0.00,"3,502,900.00"
05/05/2025,"57,083.33","57,579.71","56,586.96","56,686.23",-200.00,0.00,"2,227,500.00"
29/04/2025,"57,281.88","58,076.09","56,884.78","56,884.78",-200.00,0.00,"2,462,700.00"
28/04/2025,"57,281.88","57,877.54","57,083.33","57,083.33",0.00,0.00,"1,818,600.00"
25/04/2025,"57,778.26","58,572.46","57,083.33","57,083.33",-700.00,-0.01,"3,682,000.00"
24/04/2025,"57,778.26","58,175.36","57,579.71","57,778.26",200.00,0.00,"2,025,200.00"
23/04/2025,"58,969.57","58,969.57","57,579.71","57,579.71",-500.00,-0.01,"1,928,700.00"
22/04/2025,"57,678.99","58,373.91","54,303.62","58,076.09",300.00,0.01,"4,014,700.00"
21/04/2025,"58,076.09","58,473.19","57,678.99","57,778.26",100.00,0.00,"1,290,500.00"
18/04/2025,"58,274.64","59,168.12","57,678.99","57,678.99",0.00,0.00,"2,329,401.00"
17/04/2025,"58,870.29","58,870.29","57,678.99","57,678.99","-1,200.00",-0.02,"3,151,800.00"
16/04/2025,"59,267.39","59,863.04","58,572.46","58,870.29",-700.00,-0.01,"2,789,800.00"
15/04/2025,"58,671.74","60,458.70","57,877.54","59,565.22",700.00,0.01,"5,783,200.00"
14/04/2025,"59,565.22","59,565.22","58,274.64","58,870.29",-500.00,-0.01,"3,783,500.00"
11/04/2025,"59,366.67","59,465.94","57,579.71","59,366.67","3,700.00",0.07,"8,059,500.00"
10/04/2025,"55,693.48","55,693.48","55,693.48","55,693.48","3,600.00",0.07,"196,200.00"
09/04/2025,"51,623.19","59,267.39","51,623.19","52,119.57","-3,300.00",-0.06,"8,995,800.00"
08/04/2025,"59,366.67","59,366.67","55,395.65","55,395.65","-4,200.00",-0.07,"7,323,201.00"
04/04/2025,"56,289.13","59,565.22","55,792.75","59,565.22",-300.00,0.00,"12,023,700.00"
03/04/2025,"63,536.23","63,933.33","59,863.04","59,863.04","-4,500.00",-0.07,"10,107,100.00"
02/04/2025,"64,528.99","65,521.74","64,131.88","64,330.43",300.00,0.00,"2,393,700.00"
01/04/2025,"64,231.16","64,826.81","63,536.23","64,032.61",500.00,0.01,"1,816,200.00"
31/03/2025,"64,231.16","64,727.54","63,536.23","63,536.23",-800.00,-0.01,"1,834,900.00"
28/03/2025,"65,025.36","65,223.91","64,330.43","64,330.43",-700.00,-0.01,"1,751,600.00"
27/03/2025,"65,323.19","65,422.46","65,025.36","65,025.36",-300.00,0.00,"964,500.00"
26/03/2025,"65,918.84","66,117.39","65,323.19","65,323.19",-400.00,-0.01,"1,608,400.00"
25/03/2025,"66,018.12","66,117.39","65,720.29","65,720.29",-300.00,0.00,"2,091,100.00"
24/03/2025,"65,819.57","66,018.12","65,025.36","66,018.12",500.00,0.01,"2,078,600.00"
21/03/2025,"66,514.49","66,514.49","65,521.74","65,521.74",-800.00,-0.01,"1,764,500.00"
20/03/2025,"66,018.12","66,514.49","65,720.29","66,315.94",300.00,0.00,"1,789,901.00"
19/03/2025,"66,713.04","66,713.04","66,018.12","66,018.12",-300.00,0.00,"3,937,000.00"
18/03/2025,"67,308.70","67,308.70","66,315.94","66,315.94",-500.00,-0.01,"3,757,000.00"
17/03/2025,"65,521.74","66,812.32","65,521.74","66,812.32","1,300.00",0.02,"5,003,800.00"
14/03/2025,"64,926.09","66,315.94","64,926.09","65,521.74",500.00,0.01,"5,021,600.00"
13/03/2025,"66,713.04","66,713.04","64,727.54","65,025.36","-1,200.00",-0.02,"4,559,300.00"
12/03/2025,"65,521.74","68,102.90","65,124.64","66,216.67","2,000.00",0.03,"7,661,300.00"
11/03/2025,"63,748.73","64,279.97","63,483.11","64,279.97",0.00,0.00,"3,703,200.00"
10/03/2025,"64,014.35","64,678.40","63,815.13","64,279.97","1,700.00",0.02,"4,529,800.00"
07/03/2025,"62,155.01","63,283.89","62,088.60","63,151.08","1,600.00",0.02,"4,082,500.00"
06/03/2025,"62,088.60","62,553.44","61,889.39","62,088.60",500.00,0.01,"2,458,600.00"
05/03/2025,"61,756.58","62,287.82","61,756.58","61,756.58",0.00,0.00,"1,820,200.00"
04/03/2025,"61,889.39","62,022.20","61,557.37","61,756.58",-300.00,0.00,"2,498,900.00"
03/03/2025,"62,088.60","62,088.60","61,756.58","61,955.79",0.00,0.00,"1,314,000.00"
28/02/2025,"62,553.44","62,553.44","61,955.79","61,955.79",-700.00,-0.01,"2,207,600.00"
27/02/2025,"63,018.27","63,350.30","62,420.63","62,420.63","1,700.00",0.02,"5,091,800.00"
26/02/2025,"61,490.96","61,690.17","61,225.34","61,291.75",-300.00,0.00,"906,000.00"
25/02/2025,"62,088.60","62,155.01","61,424.56","61,490.96",-900.00,-0.01,"1,989,600.00"
24/02/2025,"61,955.79","62,088.60","61,557.37","62,088.60",400.00,0.00,"2,092,800.00"
21/02/2025,"61,158.94","61,822.98","61,158.94","61,822.98","1,400.00",0.02,"2,513,400.00"
20/02/2025,"61,225.34","61,291.75","60,893.32","60,893.32",0.00,0.00,"1,836,400.00"
19/02/2025,"60,826.91","60,893.32","60,627.70","60,893.32",100.00,0.00,"1,855,500.00"
18/02/2025,"60,826.91","61,092.53","60,694.10","60,826.91",0.00,0.00,"1,265,300.00"
17/02/2025,"60,760.51","61,092.53","60,760.51","60,826.91",0.00,0.00,"787,100.00"
14/02/2025,"61,225.34","61,225.34","60,760.51","60,826.91",0.00,0.00,"1,147,600.00"
13/02/2025,"61,026.13","61,026.13","60,694.10","60,826.91",100.00,0.00,"862,300.00"
12/02/2025,"61,026.13","61,424.56","60,760.51","60,760.51",-400.00,0.00,"1,253,900.00"
11/02/2025,"61,225.34","61,291.75","60,893.32","61,026.13",-300.00,0.00,"1,039,400.00"
10/02/2025,"61,690.17","61,690.17","61,026.13","61,225.34",-800.00,-0.01,"2,497,900.00"
07/02/2025,"61,690.17","61,889.39","61,424.56","61,756.58",100.00,0.00,"2,410,900.00"
06/02/2025,"61,623.77","62,022.20","61,557.37","61,690.17",300.00,0.00,"1,551,400.00"
05/02/2025,"61,092.53","61,623.77","61,092.53","61,490.96",600.00,0.01,"1,495,800.00"
04/02/2025,"61,158.94","61,225.34","60,893.32","61,092.53",400.00,0.00,"1,019,200.00"
03/02/2025,"61,291.75","61,358.15","60,826.91","60,826.91","-1,000.00",-0.01,"1,621,600.00"
24/01/2025,"61,158.94","61,756.58","61,158.94","61,490.96",100.00,0.00,"1,058,000.00"
23/01/2025,"60,627.70","61,690.17","60,627.70","61,424.56","1,300.00",0.01,"1,770,900.00"
22/01/2025,"61,092.53","61,092.53","60,561.29","60,561.29",-200.00,0.00,"1,143,100.00"
21/01/2025,"61,158.94","61,158.94","60,627.70","60,694.10",-300.00,0.00,"1,700,997.00"
20/01/2025,"61,291.75","61,424.56","60,826.91","60,893.32",-800.00,-0.01,"1,875,500.00"
17/01/2025,"61,557.37","61,756.58","61,225.34","61,424.56",-200.00,0.00,"1,913,886.00"
16/01/2025,"61,026.13","61,889.39","60,959.72","61,557.37","1,300.00",0.01,"2,517,200.00"
15/01/2025,"61,026.13","61,026.13","60,694.10","60,694.10",-300.00,0.00,"531,100.00"
14/01/2025,"61,026.13","61,026.13","60,561.29","60,893.32",-200.00,0.00,"677,300.00"
13/01/2025,"60,627.70","61,026.13","60,494.89","61,026.13",500.00,0.01,"1,137,000.00"
10/01/2025,"61,026.13","61,358.15","60,694.10","60,694.10",-500.00,-0.01,"1,112,500.00"
09/01/2025,"61,092.53","61,225.34","60,893.32","61,026.13",-500.00,-0.01,"967,700.00"
08/01/2025,"61,291.75","61,358.15","60,760.51","61,358.15",100.00,0.00,"1,052,000.00"
07/01/2025,"61,889.39","61,889.39","61,291.75","61,291.75",-600.00,-0.01,"1,517,000.00"
06/01/2025,"61,092.53","62,022.20","61,026.13","61,690.17",900.00,0.01,"1,936,800.00"
03/01/2025,"61,026.13","61,358.15","61,026.13","61,092.53",100.00,0.00,"1,701,600.00"
02/01/2025,"60,826.91","61,424.56","60,760.51","61,026.13",700.00,0.01,"1,630,501.00"
31/12/2024,"61,225.34","61,358.15","60,561.29","60,561.29",-800.00,-0.01,"2,528,400.00"
30/12/2024,"61,225.34","61,424.56","61,092.53","61,092.53",-200.00,0.00,"1,751,700.00"
27/12/2024,"61,424.56","61,756.58","61,225.34","61,225.34",100.00,0.00,"1,639,900.00"
26/12/2024,"61,424.56","61,623.77","61,092.53","61,158.94",-300.00,0.00,"2,227,900.00"
25/12/2024,"61,225.34","62,287.82","61,225.34","61,358.15",300.00,0.00,"2,736,700.00"
24/12/2024,"61,557.37","61,623.77","61,092.53","61,158.94",-300.00,0.00,"1,072,300.00"
23/12/2024,"61,490.96","61,623.77","61,358.15","61,358.15",-100.00,0.00,"1,612,200.00"
20/12/2024,"61,358.15","61,690.17","61,291.75","61,424.56",100.00,0.00,"1,866,500.00"
19/12/2024,"61,623.77","61,623.77","61,225.34","61,358.15",-700.00,-0.01,"1,998,700.00"
18/12/2024,"61,756.58","61,955.79","61,756.58","61,822.98",100.00,0.00,"564,900.00"
17/12/2024,"61,756.58","61,822.98","61,623.77","61,756.58",-100.00,0.00,"1,177,100.00"
16/12/2024,"61,756.58","61,889.39","61,690.17","61,822.98",0.00,0.00,"1,202,600.00"
13/12/2024,"61,889.39","62,155.01","61,690.17","61,822.98",-400.00,0.00,"1,438,100.00"
12/12/2024,"62,088.60","62,686.25","62,088.60","62,088.60",200.00,0.00,"706,101.00"
11/12/2024,"62,752.65","62,951.87","61,889.39","61,955.79","-1,200.00",-0.01,"1,758,700.00"
10/12/2024,"63,283.89","63,283.89","62,752.65","62,752.65",-800.00,-0.01,"977,300.00"
09/12/2024,"62,553.44","63,283.89","62,354.22","63,283.89","1,100.00",0.01,"2,046,500.00"
06/12/2024,"62,420.63","63,283.89","62,354.22","62,553.44",200.00,0.00,"1,700,100.00"
05/12/2024,"61,756.58","62,819.06","61,756.58","62,420.63",500.00,0.01,"2,496,600.00"
04/12/2024,"61,623.77","62,354.22","61,424.56","62,088.60",500.00,0.01,"1,204,401.00"
03/12/2024,"62,686.25","62,686.25","61,490.96","61,756.58","-1,200.00",-0.01,"2,510,400.00"
02/12/2024,"63,018.27","63,151.08","62,354.22","62,553.44",900.00,0.01,"1,649,100.00"
29/11/2024,"61,490.96","61,955.79","61,424.56","61,955.79",700.00,0.01,"1,075,100.00"
28/11/2024,"61,822.98","62,088.60","61,424.56","61,490.96",-100.00,0.00,"1,388,900.00"
27/11/2024,"61,291.75","61,889.39","61,291.75","61,557.37",300.00,0.00,"1,047,200.00"
26/11/2024,"60,694.10","61,690.17","60,694.10","61,358.15","1,100.00",0.01,"1,923,500.00"
25/11/2024,"60,362.08","61,225.34","60,362.08","60,627.70",700.00,0.01,"1,814,001.00"
22/11/2024,"60,428.48","60,627.70","60,162.86","60,162.86",100.00,0.00,"1,893,300.00"
21/11/2024,"60,030.05","60,627.70","59,897.24","60,096.46",200.00,0.00,"1,461,100.00"
20/11/2024,"59,764.43","60,561.29","59,698.03","59,963.65",300.00,0.00,"1,710,700.00"
19/11/2024,"60,760.51","60,826.91","59,764.43","59,764.43","-1,000.00",-0.01,"1,636,400.00"
18/11/2024,"60,893.32","61,291.75","60,362.08","60,428.48",-700.00,-0.01,"1,944,900.00"
15/11/2024,"61,092.53","61,424.56","60,826.91","60,893.32",-300.00,0.00,"1,592,000.00"
14/11/2024,"61,092.53","61,424.56","61,026.13","61,092.53",-500.00,-0.01,"1,789,700.00"
13/11/2024,"61,026.13","61,690.17","61,026.13","61,424.56",600.00,0.01,"1,385,200.00"
12/11/2024,"61,092.53","61,889.39","61,026.13","61,026.13",-100.00,0.00,"1,406,300.00"
11/11/2024,"61,623.77","61,623.77","61,026.13","61,092.53",-200.00,0.00,"2,012,800.00"
08/11/2024,"62,088.60","62,354.22","61,225.34","61,225.34","-1,000.00",-0.01,"1,480,000.00"
07/11/2024,"61,889.39","62,354.22","61,889.39","61,889.39",300.00,0.00,"1,472,300.00"
06/11/2024,"61,623.77","62,022.20","61,623.77","61,690.17",300.00,0.00,"1,516,800.00"
05/11/2024,"61,490.96","61,756.58","61,092.53","61,490.96",100.00,0.00,"1,136,100.00"
04/11/2024,"62,420.63","63,283.89","61,358.15","61,424.56","-1,000.00",-0.01,"1,953,600.00"
01/11/2024,"62,420.63","63,018.27","62,088.60","62,088.60",-100.00,0.00,"1,783,305.00"
31/10/2024,"60,760.51","63,084.68","60,760.51","62,155.01","1,900.00",0.02,"2,988,900.00"
30/10/2024,"61,092.53","61,358.15","60,826.91","60,893.32",-300.00,0.00,"650,500.00"
29/10/2024,"61,158.94","61,490.96","61,092.53","61,092.53",0.00,0.00,"1,397,600.00"
28/10/2024,"60,760.51","61,291.75","60,760.51","61,092.53",200.00,0.00,"1,129,801.00"
25/10/2024,"61,158.94","61,291.75","60,893.32","60,959.72",100.00,0.00,"1,051,301.00"
24/10/2024,"61,225.34","61,291.75","60,694.10","60,893.32",200.00,0.00,"755,400.00"
23/10/2024,"60,561.29","60,959.72","60,561.29","60,760.51",100.00,0.00,"749,300.00"
22/10/2024,"61,092.53","61,225.34","60,694.10","60,694.10",-600.00,-0.01,"1,259,500.00"
21/10/2024,"61,424.56","61,955.79","61,092.53","61,092.53",-400.00,0.00,"1,423,100.00"
18/10/2024,"61,557.37","61,822.98","61,092.53","61,358.15",200.00,0.00,"1,362,745.00"
17/10/2024,"61,092.53","61,291.75","60,893.32","61,225.34",700.00,0.01,"1,285,417.00"
16/10/2024,"60,694.10","60,959.72","60,627.70","60,760.51",100.00,0.00,"1,313,000.00"
15/10/2024,"60,627.70","61,158.94","60,627.70","60,694.10",0.00,0.00,"1,430,630.00"
14/10/2024,"61,225.34","61,225.34","60,627.70","60,694.10",-100.00,0.00,"1,010,700.00"
11/10/2024,"61,026.13","61,026.13","60,561.29","60,760.51",-400.00,0.00,"1,143,553.00"
10/10/2024,"61,291.75","61,756.58","60,561.29","61,026.13",900.00,0.01,"1,405,230.00"
09/10/2024,"60,627.70","60,959.72","60,362.08","60,428.48",-500.00,-0.01,"2,600,725.00"
08/10/2024,"61,092.53","61,092.53","60,428.48","60,760.51",-500.00,-0.01,"1,145,179.00"
07/10/2024,"61,291.75","61,424.56","60,959.72","61,092.53",-300.00,0.00,"610,700.00"
04/10/2024,"61,424.56","61,623.77","61,291.75","61,291.75",-300.00,0.00,"859,700.00"
03/10/2024,"61,490.96","62,354.22","61,358.15","61,490.96",-100.00,0.00,"1,699,200.00"
02/10/2024,"61,291.75","61,557.37","60,959.72","61,557.37",700.00,0.01,"1,378,900.00"
01/10/2024,"61,291.75","62,022.20","61,092.53","61,092.53",0.00,0.00,"1,774,400.00"
30/09/2024,"61,424.56","61,424.56","61,092.53","61,092.53",-500.00,-0.01,"1,390,923.00"
27/09/2024,"61,424.56","62,155.01","61,424.56","61,424.56",0.00,0.00,"1,120,900.00"
26/09/2024,"61,690.17","62,287.82","61,424.56","61,424.56",-300.00,0.00,"1,930,821.00"
25/09/2024,"60,760.51","61,756.58","60,561.29","61,623.77","1,600.00",0.02,"2,652,445.00"
24/09/2024,"60,362.08","60,760.51","60,362.08","60,561.29",300.00,0.00,"636,403.00"
23/09/2024,"60,627.70","60,826.91","60,362.08","60,362.08",300.00,0.00,"1,536,500.00"
20/09/2024,"60,959.72","61,092.53","60,162.86","60,162.86",-900.00,-0.01,"2,294,409.00"
19/09/2024,"60,428.48","60,893.32","60,362.08","60,760.51",500.00,0.01,"1,395,520.00"
18/09/2024,"60,162.86","61,026.13","59,565.22","60,428.48",500.00,0.01,"1,835,254.00"
17/09/2024,"59,100.38","60,096.46","58,834.76","60,096.46","1,600.00",0.02,"1,020,829.00"
16/09/2024,"59,498.81","59,764.43","58,967.57","59,033.98","-1,000.00",-0.01,"727,700.00"
13/09/2024,"59,631.62","59,897.24","59,166.79","59,698.03",400.00,0.00,"1,694,814.00"
12/09/2024,"58,768.36","59,830.84","58,701.95","59,432.41","1,100.00",0.01,"2,217,450.00"
11/09/2024,"58,834.76","59,100.38","58,436.33","58,701.95",-600.00,-0.01,"1,967,366.00"
10/09/2024,"59,830.84","59,897.24","59,100.38","59,100.38","-1,200.00",-0.01,"1,480,216.00"
09/09/2024,"59,830.84","59,897.24","59,233.19","59,897.24",0.00,0.00,"702,800.00"
06/09/2024,"59,897.24","60,295.67","59,631.62","59,897.24",100.00,0.00,"1,385,400.00"
05/09/2024,"60,162.86","60,494.89","59,830.84","59,830.84",-900.00,-0.01,"1,183,964.00"
04/09/2024,"60,494.89","60,494.89","59,963.65","60,428.48",-700.00,-0.01,"2,383,039.00"
30/08/2024,"60,760.51","61,291.75","60,760.51","60,893.32",200.00,0.00,"1,669,800.00"
29/08/2024,"60,428.48","61,358.15","60,428.48","60,760.51",400.00,0.00,"1,620,326.00"
28/08/2024,"60,893.32","61,026.13","60,494.89","60,494.89",-400.00,0.00,"1,031,639.00"
27/08/2024,"61,092.53","61,158.94","60,362.08","60,760.51",-500.00,-0.01,"1,024,616.00"
26/08/2024,"61,158.94","61,490.96","60,826.91","61,092.53",-400.00,0.00,"1,565,826.00"
23/08/2024,"61,424.56","61,623.77","60,096.46","61,358.15",0.00,0.00,"1,199,522.00"
22/08/2024,"61,690.17","61,889.39","61,158.94","61,358.15",-400.00,0.00,"1,413,546.00"
21/08/2024,"60,295.67","61,756.58","60,030.05","61,623.77","2,000.00",0.02,"3,069,362.00"
20/08/2024,"59,033.98","60,295.67","59,033.98","60,295.67","2,000.00",0.02,"3,384,331.00"
19/08/2024,"58,967.57","59,299.60","58,635.55","58,967.57",700.00,0.01,"1,693,231.00"
16/08/2024,"58,436.33","59,033.98","58,436.33","58,502.74",500.00,0.01,"1,420,431.00"
15/08/2024,"58,436.33","58,967.57","58,170.71","58,170.71",-400.00,0.00,"921,018.00"
14/08/2024,"59,299.60","59,366.00","58,303.52","58,436.33","-1,500.00",-0.02,"1,492,818.00"
13/08/2024,"58,170.71","59,432.41","58,170.71","59,432.41","1,700.00",0.02,"1,592,900.00"
12/08/2024,"58,701.95","58,701.95","57,971.50","58,303.52",100.00,0.00,"1,102,300.00"
09/08/2024,"58,037.90","58,635.55","58,037.90","58,237.12",400.00,0.00,"1,136,700.00"
08/08/2024,"58,237.12","58,237.12","57,905.09","57,971.50",-400.00,0.00,"1,213,200.00"
07/08/2024,"58,037.90","58,237.12","57,772.28","58,237.12",400.00,0.00,"813,000.00"
06/08/2024,"57,705.88","58,237.12","57,573.07","57,971.50",400.00,0.00,"4,273,000.00"
05/08/2024,"58,768.36","58,768.36","57,705.88","57,705.88","-1,800.00",-0.02,"3,081,700.00"
02/08/2024,"60,030.05","60,030.05","58,901.17","58,901.17","-2,000.00",-0.02,"1,591,400.00"
01/08/2024,"59,299.60","60,694.10","59,233.19","60,229.27","1,500.00",0.02,"4,822,600.00"
31/07/2024,"58,104.31","59,233.19","58,104.31","59,233.19","1,700.00",0.02,"1,913,400.00"
30/07/2024,"57,971.50","58,635.55","57,971.50","58,104.31",200.00,0.00,"999,800.00"
29/07/2024,"58,170.71","58,303.52","57,971.50","57,971.50",0.00,0.00,"540,810.00"
26/07/2024,"57,971.50","58,237.12","57,905.09","57,971.50",0.00,0.00,"1,983,800.00"
25/07/2024,"58,170.71","58,237.12","57,905.09","57,971.50",-200.00,0.00,"919,000.00"
24/07/2024,"58,037.90","58,502.74","58,037.90","58,104.31",0.00,0.00,"2,461,700.00"
23/07/2024,"58,303.52","58,635.55","58,104.31","58,104.31",-200.00,0.00,"1,610,400.00"
22/07/2024,"58,104.31","58,635.55","57,971.50","58,237.12",200.00,0.00,"1,601,100.00"
19/07/2024,"58,436.33","58,967.57","58,104.31","58,104.31",-500.00,-0.01,"1,343,117.00"
18/07/2024,"58,635.55","58,967.57","58,369.93","58,436.33",0.00,0.00,"1,761,916.00"
17/07/2024,"58,967.57","59,764.43","58,104.31","58,436.33",100.00,0.00,"4,682,740.00"
16/07/2024,"58,170.71","58,834.76","58,170.71","58,369.93",400.00,0.00,"1,664,277.00"
15/07/2024,"58,170.71","58,635.55","58,104.31","58,104.31",-100.00,0.00,"2,815,458.00"
12/07/2024,"58,569.14","58,834.76","58,170.71","58,170.71",-500.00,-0.01,"1,884,249.00"
11/07/2024,"58,834.76","59,033.98","58,502.74","58,502.74",-500.00,-0.01,"1,662,106.00"
10/07/2024,"58,635.55","59,233.19","58,436.33","58,834.76",500.00,0.01,"31,833,064.00"
09/07/2024,"58,104.31","58,701.95","57,573.07","58,502.74",900.00,0.01,"1,599,210.00"
08/07/2024,"58,436.33","58,901.17","57,905.09","57,905.09",-800.00,-0.01,"1,253,950.00"
05/07/2024,"58,502.74","59,233.19","58,436.33","58,436.33",0.00,0.00,"1,897,745.00"
04/07/2024,"58,834.76","59,565.22","58,436.33","58,436.33",-500.00,-0.01,"3,170,490.00"
03/07/2024,"58,436.33","58,901.17","58,303.52","58,768.36",300.00,0.00,"2,300,880.00"
02/07/2024,"57,573.07","58,967.57","57,241.05","58,569.14","2,100.00",0.02,"2,535,350.00"
01/07/2024,"56,975.43","57,241.05","56,577.00","57,174.64",900.00,0.01,"1,229,330.00"
28/06/2024,"57,108.24","57,108.24","56,444.19","56,577.00",0.00,0.00,"1,172,450.00"
27/06/2024,"56,577.00","57,108.24","56,577.00","56,577.00",0.00,0.00,"1,473,182.00"
26/06/2024,"57,041.83","57,307.45","56,577.00","56,577.00",-300.00,0.00,"1,727,058.00"
25/06/2024,"56,909.02","57,573.07","56,776.21","56,776.21",0.00,0.00,"1,586,014.00"
24/06/2024,"57,108.24","58,037.90","56,776.21","56,776.21",-500.00,-0.01,"2,189,975.00"
21/06/2024,"57,174.64","57,573.07","56,776.21","57,108.24",0.00,0.00,"1,850,476.00"
20/06/2024,"57,506.66","57,506.66","56,842.62","57,108.24",-600.00,-0.01,"2,718,944.00"
19/06/2024,"57,971.50","58,104.31","57,440.26","57,506.66",-500.00,-0.01,"2,294,500.00"
18/06/2024,"58,104.31","58,768.36","57,838.69","57,838.69",0.00,0.00,"1,410,900.00"
17/06/2024,"58,170.71","58,303.52","57,838.69","57,838.69",-400.00,0.00,"2,363,700.00"
14/06/2024,"58,768.36","59,166.79","58,104.31","58,104.31",-900.00,-0.01,"2,482,100.00"
13/06/2024,"59,033.98","59,166.79","58,701.95","58,701.95",-300.00,0.00,"1,725,400.00"
12/06/2024,"58,037.90","59,233.19","57,772.28","58,901.17","1,500.00",0.02,"2,249,800.00"
11/06/2024,"58,635.55","58,701.95","57,838.69","57,905.09",-800.00,-0.01,"2,412,580.00"
10/06/2024,"59,033.98","59,233.19","58,369.93","58,436.33",-500.00,-0.01,"2,921,811.00"
07/06/2024,"59,166.79","59,565.22","58,768.36","58,768.36",-500.00,-0.01,"1,289,639.00"
06/06/2024,"59,033.98","59,565.22","58,967.57","59,100.38",200.00,0.00,"1,699,875.00"
05/06/2024,"58,901.17","59,432.41","58,834.76","58,967.57",100.00,0.00,"2,283,379.00"
04/06/2024,"59,033.98","59,233.19","58,635.55","58,901.17",500.00,0.01,"2,164,701.00"
03/06/2024,"58,436.33","59,299.60","58,436.33","58,569.14","1,000.00",0.01,"2,133,669.00"
31/05/2024,"58,901.17","59,100.38","57,905.09","57,905.09","-1,400.00",-0.02,"3,921,773.00"
30/05/2024,"59,432.41","59,565.22","58,768.36","58,834.76","-1,200.00",-0.01,"2,401,032.00"
29/05/2024,"60,295.67","60,428.48","59,631.62","59,631.62",-900.00,-0.01,"1,186,438.00"
28/05/2024,"59,631.62","60,229.27","59,631.62","60,229.27",500.00,0.01,"1,814,349.00"
27/05/2024,"60,030.05","60,162.86","59,565.22","59,897.24",0.00,0.00,"1,258,620.00"
24/05/2024,"60,428.48","60,428.48","59,764.43","59,897.24",-800.00,-0.01,"2,405,530.00"
23/05/2024,"60,229.27","60,760.51","60,096.46","60,428.48",300.00,0.00,"1,317,568.00"
22/05/2024,"60,760.51","60,893.32","60,229.27","60,229.27",-400.00,0.00,"1,511,733.00"
21/05/2024,"61,026.13","61,092.53","60,229.27","60,494.89",-800.00,-0.01,"1,486,517.00"
20/05/2024,"61,291.75","61,756.58","60,959.72","61,026.13",100.00,0.00,"1,207,866.00"
17/05/2024,"61,490.96","61,490.96","60,893.32","60,959.72",-800.00,-0.01,"1,084,792.00"
16/05/2024,"61,092.53","61,557.37","60,760.51","61,490.96","1,600.00",0.02,"1,792,922.00"
15/05/2024,"60,428.48","60,627.70","60,295.67","60,428.48",400.00,0.00,"968,144.00"
14/05/2024,"60,494.89","60,826.91","60,096.46","60,162.86",-400.00,0.00,"932,500.00"
13/05/2024,"61,158.94","61,358.15","60,096.46","60,428.48","-1,000.00",-0.01,"1,317,721.00"
10/05/2024,"61,557.37","61,557.37","60,893.32","61,092.53",-500.00,-0.01,"868,444.00"
09/05/2024,"61,690.17","62,022.20","61,291.75","61,424.56",-500.00,-0.01,"691,600.00"
08/05/2024,"61,557.37","61,889.39","61,158.94","61,756.58",100.00,0.00,"1,325,000.00"
07/05/2024,"62,022.20","62,487.03","61,690.17","61,690.17",-100.00,0.00,"1,219,200.00"
06/05/2024,"61,690.17","61,955.79","61,557.37","61,756.58",500.00,0.01,"1,246,201.00"
03/05/2024,"61,358.15","62,022.20","60,959.72","61,424.56",600.00,0.01,"1,535,700.00"
02/05/2024,"61,158.94","61,424.56","60,494.89","61,026.13",700.00,0.01,"1,231,400.00"
26/04/2024,"60,893.32","61,955.79","60,561.29","60,561.29",200.00,0.00,"1,763,300.00"
25/04/2024,"60,162.86","61,690.17","60,096.46","60,428.48",400.00,0.00,"1,334,700.00"
24/04/2024,"60,428.48","60,494.89","59,830.84","60,162.86",500.00,0.01,"2,190,200.00"
23/04/2024,"60,162.86","60,561.29","59,233.19","59,830.84",-500.00,-0.01,"1,661,900.00"
22/04/2024,"60,096.46","60,694.10","59,897.24","60,162.86",100.00,0.00,"1,064,100.00"
19/04/2024,"59,764.43","60,362.08","59,565.22","60,096.46",0.00,0.00,"1,423,800.00"
17/04/2024,"60,561.29","61,158.94","59,432.41","60,096.46",-500.00,-0.01,"1,609,700.00"
16/04/2024,"62,287.82","62,287.82","60,096.46","60,428.48","-1,000.00",-0.01,"1,956,700.00"
15/04/2024,"62,819.06","64,080.75","61,092.53","61,092.53","-2,600.00",-0.03,"1,965,300.00"
12/04/2024,"62,752.65","63,416.70","62,287.82","62,819.06",600.00,0.01,"943,800.00"
11/04/2024,"62,420.63","62,819.06","62,088.60","62,420.63",-500.00,-0.01,"823,000.00"
10/04/2024,"62,619.84","62,819.06","62,487.03","62,752.65",200.00,0.00,"856,400.00"
09/04/2024,"63,084.68","63,350.30","62,553.44","62,619.84",-600.00,-0.01,"814,600.00"
08/04/2024,"63,018.27","63,283.89","62,553.44","63,018.27",0.00,0.00,"960,100.00"
05/04/2024,"62,951.87","63,483.11","62,553.44","63,018.27","-1,100.00",-0.01,"824,400.00"
04/04/2024,"63,018.27","63,748.73","62,686.25","63,748.73","2,200.00",0.02,"2,141,700.00"
03/04/2024,"62,686.25","62,951.87","62,287.82","62,287.82",-700.00,-0.01,"1,549,100.00"
02/04/2024,"63,151.08","63,217.49","62,354.22","62,752.65",-700.00,-0.01,"1,133,000.00"
01/04/2024,"63,018.27","63,748.73","62,885.46","63,217.49",300.00,0.00,"1,221,000.00"
29/03/2024,"63,682.32","63,682.32","63,018.27","63,018.27",-800.00,-0.01,"965,200.00"
28/03/2024,"63,881.54","64,014.35","63,483.11","63,549.51",-100.00,0.00,"1,232,900.00"
27/03/2024,"63,881.54","63,881.54","63,483.11","63,615.92",-500.00,-0.01,"1,258,900.00"
26/03/2024,"63,748.73","64,147.16","63,615.92","63,947.94",600.00,0.01,"735,400.00"
25/03/2024,"63,084.68","64,346.37","62,487.03","63,549.51",-700.00,-0.01,"1,582,600.00"
22/03/2024,"63,217.49","64,279.97","63,217.49","64,014.35","1,200.00",0.01,"1,889,000.00"
21/03/2024,"62,420.63","63,416.70","62,420.63","63,217.49","2,000.00",0.02,"1,694,100.00"
20/03/2024,"61,424.56","62,487.03","61,424.56","61,889.39",700.00,0.01,"970,900.00"
19/03/2024,"61,424.56","62,088.60","61,424.56","61,424.56",-500.00,-0.01,"1,060,100.00"
18/03/2024,"62,619.84","62,752.65","61,424.56","61,756.58","-1,000.00",-0.01,"1,867,600.00"
15/03/2024,"63,084.68","63,084.68","62,354.22","62,420.63","-1,000.00",-0.01,"2,466,500.00"
14/03/2024,"63,748.73","63,815.13","62,819.06","63,084.68","-1,000.00",-0.01,"2,347,601.00"
13/03/2024,"63,018.27","64,080.75","62,619.84","63,748.73","1,600.00",0.02,"3,285,300.00"
12/03/2024,"62,487.03","63,018.27","62,420.63","62,686.25",300.00,0.00,"1,135,300.00"
11/03/2024,"63,151.08","63,748.73","62,487.03","62,487.03","-1,000.00",-0.01,"2,004,000.00"
08/03/2024,"63,682.32","64,080.75","63,151.08","63,151.08",-700.00,-0.01,"2,327,900.00"
07/03/2024,"63,682.32","64,678.40","63,416.70","63,615.92",200.00,0.00,"2,506,300.00"
06/03/2024,"63,416.70","64,279.97","63,151.08","63,483.11",100.00,0.00,"2,090,600.00"
05/03/2024,"64,147.16","64,147.16","63,217.49","63,416.70",-500.00,-0.01,"1,434,800.00"
04/03/2024,"65,076.83","65,076.83","63,483.11","63,748.73","-1,300.00",-0.01,"1,734,400.00"
01/03/2024,"65,209.64","65,209.64","63,018.27","64,611.99",0.00,0.00,"2,423,600.00"
29/02/2024,"65,408.85","66,736.95","64,611.99","64,611.99",-100.00,0.00,"1,991,000.00"
28/02/2024,"60,428.48","64,678.40","60,030.05","64,678.40","6,300.00",0.07,"4,333,900.00"
27/02/2024,"59,498.81","60,561.29","59,166.79","60,494.89","1,600.00",0.02,"1,698,900.00"
26/02/2024,"59,033.98","59,764.43","59,033.98","59,432.41",600.00,0.01,"792,000.00"
23/02/2024,"59,432.41","60,694.10","59,033.98","59,033.98",-600.00,-0.01,"1,894,900.00"
22/02/2024,"60,162.86","60,428.48","59,432.41","59,432.41","-1,700.00",-0.02,"1,293,900.00"
21/02/2024,"60,893.32","60,893.32","60,096.46","60,561.29",-100.00,0.00,"1,461,400.00"
20/02/2024,"59,830.84","60,694.10","59,366.00","60,627.70","1,100.00",0.01,"1,520,300.00"
19/02/2024,"59,698.03","60,096.46","59,299.60","59,897.24",600.00,0.01,"1,139,300.00"
16/02/2024,"59,698.03","59,897.24","59,432.41","59,498.81",-300.00,0.00,"804,100.00"
15/02/2024,"59,764.43","60,229.27","59,166.79","59,698.03",-100.00,0.00,"1,140,700.00"
07/02/2024,"59,764.43","60,295.67","59,299.60","59,764.43",500.00,0.01,"1,441,400.00"
06/02/2024,"59,963.65","60,162.86","59,166.79","59,432.41",-500.00,-0.01,"1,426,300.00"
05/02/2024,"59,897.24","60,162.86","59,366.00","59,764.43",-300.00,0.00,"2,019,000.00"
02/02/2024,"59,166.79","60,096.46","59,166.79","59,963.65",500.00,0.01,"847,000.00"
01/02/2024,"58,436.33","59,897.24","58,436.33","59,631.62","1,300.00",0.01,"668,100.00"
31/01/2024,"60,162.86","60,162.86","58,768.36","58,768.36","-2,500.00",-0.03,"1,019,600.00"
30/01/2024,"60,561.29","60,561.29","59,830.84","60,428.48",-200.00,0.00,"934,600.00"
29/01/2024,"60,959.72","61,092.53","60,362.08","60,561.29",-800.00,-0.01,"804,500.00"
26/01/2024,"60,826.91","61,092.53","60,694.10","61,092.53","1,000.00",0.01,"1,019,100.00"
25/01/2024,"60,494.89","60,826.91","60,229.27","60,428.48",-100.00,0.00,"601,300.00"
24/01/2024,"60,826.91","61,092.53","60,362.08","60,494.89",-400.00,0.00,"810,700.00"
23/01/2024,"61,158.94","61,358.15","60,030.05","60,760.51",-500.00,-0.01,"1,354,901.00"
22/01/2024,"62,088.60","62,088.60","61,092.53","61,092.53",-600.00,-0.01,"1,112,300.00"
19/01/2024,"60,428.48","61,756.58","60,030.05","61,490.96","1,500.00",0.02,"1,601,800.00"
18/01/2024,"60,362.08","60,561.29","59,764.43","60,494.89",200.00,0.00,"1,488,900.00"
17/01/2024,"59,100.38","60,428.48","59,100.38","60,362.08",900.00,0.01,"1,676,200.00"
16/01/2024,"59,100.38","59,830.84","59,033.98","59,764.43",0.00,0.00,"1,433,200.00"
15/01/2024,"59,100.38","59,830.84","59,033.98","59,764.43","1,300.00",0.01,"2,012,200.00"
12/01/2024,"58,502.74","59,432.41","58,037.90","58,901.17",-600.00,-0.01,"1,954,500.00"
11/01/2024,"59,432.41","59,764.43","58,834.76","59,299.60",-200.00,0.00,"1,593,100.00"
10/01/2024,"58,303.52","59,432.41","57,905.09","59,432.41","1,700.00",0.02,"1,840,400.00"
09/01/2024,"57,639.47","58,369.93","57,639.47","58,303.52","1,000.00",0.01,"2,074,500.00"
08/01/2024,"57,307.45","57,639.47","57,307.45","57,639.47",600.00,0.01,"1,652,800.00"
05/01/2024,"57,041.83","57,241.05","56,909.02","57,241.05",300.00,0.00,"1,328,400.00"
04/01/2024,"56,112.16","57,241.05","55,780.14","57,041.83","1,400.00",0.02,"2,734,900.00"
03/01/2024,"55,448.11","56,112.16","54,983.28","56,112.16","1,000.00",0.01,"1,521,100.00"
02/01/2024,"55,049.68","55,514.52","54,584.85","55,448.11","3,200.00",0.04,"1,897,801.00"
29/12/2023,"55,448.11","55,713.73","53,323.15","53,323.15","-2,500.00",-0.03,"1,894,326.00"
28/12/2023,"54,916.87","55,182.49","54,717.66","54,983.28",100.00,0.00,"997,500.00"
27/12/2023,"55,049.68","55,248.90","54,784.06","54,916.87",-100.00,0.00,"1,017,700.00"
26/12/2023,"54,452.04","54,983.28","54,452.04","54,983.28","1,000.00",0.01,"1,113,200.00"
25/12/2023,"53,721.58","54,319.23","53,588.77","54,319.23",900.00,0.01,"1,480,000.00"
22/12/2023,"53,721.58","53,854.39","53,389.56","53,721.58",0.00,0.00,"1,721,800.00"
21/12/2023,"53,787.99","53,787.99","53,323.15","53,721.58",-200.00,0.00,"2,148,400.00"
20/12/2023,"53,920.80","53,987.20","53,455.96","53,854.39",-100.00,0.00,"2,014,300.00"
19/12/2023,"54,120.01","54,120.01","53,190.34","53,920.80",-300.00,0.00,"2,079,400.00"
18/12/2023,"54,983.28","55,049.68","54,120.01","54,120.01",-700.00,-0.01,"2,004,600.00"
15/12/2023,"55,780.14","56,045.76","54,584.85","54,584.85","-2,200.00",-0.03,"2,648,401.00"
14/12/2023,"55,780.14","56,112.16","55,780.14","56,045.76",700.00,0.01,"982,600.00"
13/12/2023,"55,912.95","56,112.16","55,580.92","55,580.92",-500.00,-0.01,"2,541,000.00"
12/12/2023,"56,244.97","56,244.97","55,780.14","55,912.95",0.00,0.00,"1,148,400.00"
11/12/2023,"56,444.19","56,643.40","55,846.54","55,912.95",-800.00,-0.01,"2,768,100.00"
08/12/2023,"56,577.00","56,776.21","56,444.19","56,444.19",-200.00,0.00,"1,293,000.00"
07/12/2023,"56,909.02","57,108.24","56,444.19","56,577.00",-700.00,-0.01,"2,403,460.00"
06/12/2023,"56,643.40","57,108.24","56,444.19","57,041.83",500.00,0.01,"748,000.00"
05/12/2023,"57,108.24","57,174.64","56,311.38","56,709.81",-600.00,-0.01,"2,339,861.00"
04/12/2023,"56,709.81","57,241.05","56,311.38","57,108.24","1,000.00",0.01,"978,100.00"
01/12/2023,"56,377.78","56,444.19","55,846.54","56,444.19",300.00,0.00,"788,700.00"
30/11/2023,"56,510.59","56,709.81","56,244.97","56,244.97",-400.00,0.00,"986,600.00"
29/11/2023,"56,709.81","57,041.83","56,510.59","56,510.59",-700.00,-0.01,"838,100.00"
28/11/2023,"56,776.21","57,041.83","56,311.38","56,975.43",0.00,0.00,"838,400.00"
27/11/2023,"57,108.24","57,108.24","56,510.59","56,975.43",-200.00,0.00,"548,000.00"
24/11/2023,"56,776.21","57,108.24","56,444.19","57,108.24",500.00,0.01,"793,500.00"
23/11/2023,"57,573.07","57,639.47","56,776.21","56,776.21","-1,200.00",-0.01,"752,200.00"
22/11/2023,"57,307.45","57,573.07","56,776.21","57,573.07",100.00,0.00,"1,071,700.00"
21/11/2023,"57,174.64","57,573.07","56,975.43","57,506.66",500.00,0.01,"1,256,400.00"
20/11/2023,"56,842.62","57,772.28","56,444.19","57,174.64",500.00,0.01,"1,157,400.00"
17/11/2023,"58,303.52","58,369.93","56,776.21","56,842.62","-2,400.00",-0.03,"1,693,000.00"
16/11/2023,"57,772.28","58,436.33","57,573.07","58,436.33",300.00,0.00,"1,343,800.00"
15/11/2023,"57,440.26","58,237.12","57,440.26","58,237.12","1,700.00",0.02,"4,172,800.00"
14/11/2023,"57,108.24","57,440.26","56,709.81","57,108.24",500.00,0.01,"1,086,500.00"
13/11/2023,"57,108.24","57,174.64","56,709.81","56,776.21",-500.00,-0.01,"3,242,786.00"
10/11/2023,"57,838.69","58,104.31","57,108.24","57,108.24","-1,900.00",-0.02,"1,411,000.00"
09/11/2023,"59,432.41","59,432.41","58,369.93","58,369.93","-1,600.00",-0.02,"2,291,800.00"
08/11/2023,"58,436.33","59,565.22","58,369.93","59,432.41","1,200.00",0.01,"1,329,301.00"
07/11/2023,"59,100.38","59,299.60","58,635.55","58,635.55","-1,200.00",-0.01,"518,900.00"
06/11/2023,"59,033.98","59,631.62","58,768.36","59,432.41",600.00,0.01,"833,800.00"
03/11/2023,"59,100.38","59,366.00","58,502.74","59,033.98",-100.00,0.00,"1,157,600.00"
02/11/2023,"58,436.33","59,100.38","57,506.66","59,100.38","1,200.00",0.01,"1,114,500.00"
01/11/2023,"57,639.47","58,303.52","57,174.64","58,303.52","1,000.00",0.01,"1,550,100.00"
31/10/2023,"57,041.83","57,705.88","56,377.78","57,639.47",900.00,0.01,"1,438,300.00"
30/10/2023,"55,448.11","57,108.24","55,448.11","57,041.83",900.00,0.01,"618,900.00"
27/10/2023,"56,178.57","56,444.19","55,647.33","56,444.19",500.00,0.01,"911,400.00"
26/10/2023,"56,444.19","57,108.24","55,448.11","56,112.16","-1,300.00",-0.02,"1,520,300.00"
25/10/2023,"56,510.59","56,975.43","56,178.57","56,975.43",-200.00,0.00,"924,100.00"
24/10/2023,"56,112.16","57,440.26","55,713.73","57,108.24","1,500.00",0.02,"994,000.00"
23/10/2023,"56,112.16","56,112.16","54,784.06","56,112.16",-300.00,0.00,"1,130,600.00"
20/10/2023,"55,448.11","56,643.40","54,916.87","56,311.38",300.00,0.00,"938,400.00"
19/10/2023,"56,776.21","57,108.24","55,846.54","56,112.16","-1,400.00",-0.02,"1,408,600.00"
18/10/2023,"56,776.21","57,108.24","56,444.19","57,041.83",0.00,0.00,"1,266,400.00"
17/10/2023,"57,174.64","57,440.26","56,776.21","57,041.83",-200.00,0.00,"488,400.00"
16/10/2023,"56,842.62","57,506.66","56,842.62","57,174.64",-500.00,-0.01,"551,300.00"
13/10/2023,"57,108.24","57,506.66","56,776.21","57,506.66",600.00,0.01,"788,100.00"
12/10/2023,"57,705.88","57,705.88","56,776.21","57,108.24",-500.00,-0.01,"882,100.00"
11/10/2023,"57,241.05","57,440.26","56,909.02","57,440.26",400.00,0.00,"815,401.00"
10/10/2023,"56,178.57","57,241.05","56,178.57","57,174.64","1,500.00",0.02,"802,101.00"
09/10/2023,"56,709.81","56,709.81","55,780.14","56,178.57",-800.00,-0.01,"1,212,100.00"
06/10/2023,"56,112.16","56,709.81","55,448.11","56,709.81",900.00,0.01,"800,900.00"
05/10/2023,"57,108.24","57,108.24","56,112.16","56,112.16","-1,800.00",-0.02,"1,014,000.00"
04/10/2023,"57,307.45","57,307.45","56,643.40","57,307.45",0.00,0.00,"923,800.00"
03/10/2023,"57,440.26","57,573.07","56,975.43","57,307.45",-200.00,0.00,"1,066,600.00"
02/10/2023,"57,838.69","57,905.09","57,440.26","57,440.26","-1,000.00",-0.01,"765,716.00"
29/09/2023,"58,635.55","58,635.55","57,838.69","58,104.31",-500.00,-0.01,"613,316.00"
28/09/2023,"57,905.09","58,635.55","57,506.66","58,436.33",200.00,0.00,"1,065,102.00"
27/09/2023,"58,170.71","59,100.38","57,772.28","58,303.52",800.00,0.01,"1,368,902.00"
26/09/2023,"59,233.19","59,366.00","57,705.88","57,772.28","-2,300.00",-0.03,"1,663,215.00"
25/09/2023,"59,100.38","59,432.41","58,635.55","59,299.60",0.00,0.00,"2,303,421.00"
22/09/2023,"57,373.85","59,432.41","57,108.24","59,299.60","2,300.00",0.03,"2,679,610.00"
21/09/2023,"58,436.33","58,436.33","57,639.47","57,772.28","-1,000.00",-0.01,"1,359,910.00"
20/09/2023,"58,502.74","58,701.95","57,373.85","58,436.33",-100.00,0.00,"1,057,027.00"
19/09/2023,"58,967.57","59,233.19","57,108.24","58,502.74",-700.00,-0.01,"1,210,203.00"
18/09/2023,"59,432.41","59,565.22","58,635.55","58,967.57","-1,000.00",-0.01,"789,102.00"
15/09/2023,"59,033.98","59,631.62","58,834.76","59,631.62",700.00,0.01,"2,235,400.00"
14/09/2023,"59,100.38","59,432.41","58,502.74","59,166.79",0.00,0.00,"1,552,600.00"
13/09/2023,"59,764.43","59,764.43","59,033.98","59,166.79",-800.00,-0.01,"1,675,000.00"
12/09/2023,"59,100.38","59,764.43","59,033.98","59,698.03","1,400.00",0.02,"1,612,100.00"
11/09/2023,"59,498.81","59,764.43","58,436.33","58,768.36","-1,000.00",-0.01,"2,592,500.00"
08/09/2023,"59,432.41","59,432.41","59,166.79","59,432.41",0.00,0.00,"1,381,905.00"
07/09/2023,"59,764.43","60,295.67","59,432.41","59,432.41",-700.00,-0.01,"1,958,302.00"
06/09/2023,"59,897.24","59,897.24","59,565.22","59,897.24",100.00,0.00,"2,057,603.00"
05/09/2023,"59,166.79","60,229.27","59,166.79","59,830.84","1,000.00",0.01,"2,013,202.00"
31/08/2023,"59,166.79","59,498.81","58,635.55","59,166.79",0.00,0.00,"2,470,000.00"
30/08/2023,"58,768.36","59,432.41","58,768.36","59,166.79",700.00,0.01,"1,401,002.00"
29/08/2023,"57,772.28","58,768.36","57,705.88","58,701.95","1,400.00",0.02,"1,453,903.00"
28/08/2023,"57,373.85","58,104.31","57,241.05","57,772.28",800.00,0.01,"1,449,300.00"
25/08/2023,"57,241.05","57,772.28","57,108.24","57,241.05",-800.00,-0.01,"1,466,600.00"
24/08/2023,"57,307.45","58,569.14","57,108.24","57,772.28",700.00,0.01,"973,803.00"
23/08/2023,"59,033.98","59,033.98","57,174.64","57,307.45","-2,100.00",-0.02,"1,774,811.00"
22/08/2023,"59,432.41","59,565.22","58,303.52","58,701.95","-1,400.00",-0.02,"1,938,024.00"
21/08/2023,"59,565.22","59,897.24","59,233.19","59,631.62",300.00,0.00,"1,730,933.00"
18/08/2023,"59,631.62","59,963.65","59,100.38","59,432.41",100.00,0.00,"2,543,404.00"
17/08/2023,"59,233.19","59,631.62","58,834.76","59,366.00",200.00,0.00,"2,165,114.00"
16/08/2023,"58,967.57","59,366.00","58,901.17","59,233.19",300.00,0.00,"840,335.00"
15/08/2023,"59,764.43","59,764.43","58,768.36","59,033.98",-100.00,0.00,"1,168,516.00"
14/08/2023,"59,963.65","59,963.65","59,100.38","59,100.38","-1,400.00",-0.02,"1,584,825.00"
11/08/2023,"58,768.36","60,030.05","58,768.36","60,030.05","1,900.00",0.02,"940,830.00"
10/08/2023,"60,096.46","60,096.46","58,768.36","58,768.36","-1,700.00",-0.02,"1,427,128.00"
09/08/2023,"60,229.27","60,362.08","59,830.84","59,897.24",-500.00,-0.01,"703,631.00"
08/08/2023,"60,295.67","60,561.29","59,830.84","60,229.27",-100.00,0.00,"823,418.00"
07/08/2023,"59,830.84","60,295.67","59,764.43","60,295.67",700.00,0.01,"1,244,726.00"
04/08/2023,"60,229.27","60,494.89","59,830.84","59,830.84",-500.00,-0.01,"1,231,617.00"
03/08/2023,"60,760.51","60,760.51","60,096.46","60,162.86",-900.00,-0.01,"970,917.00"
02/08/2023,"60,561.29","60,760.51","60,428.48","60,760.51",300.00,0.00,"1,055,821.00"
01/08/2023,"60,826.91","61,623.77","60,561.29","60,561.29",-400.00,0.00,"1,372,616.00"
31/07/2023,"61,756.58","61,889.39","60,826.91","60,826.91","-1,400.00",-0.02,"1,468,322.00"
28/07/2023,"61,557.37","61,756.58","60,959.72","61,756.58",300.00,0.00,"1,207,918.00"
27/07/2023,"62,221.41","62,221.41","61,424.56","61,557.37",-700.00,-0.01,"957,211.00"
26/07/2023,"61,026.13","62,022.20","61,026.13","62,022.20","1,700.00",0.02,"1,737,418.00"
25/07/2023,"60,030.05","61,424.56","59,963.65","60,893.32","3,100.00",0.03,"2,574,808.00"
24/07/2023,"59,095.32","59,264.01","58,757.96","58,814.18",-100.00,0.00,"916,522.00"
21/07/2023,"59,039.09","59,039.09","58,476.82","59,039.09",0.00,0.00,"1,823,427.00"
20/07/2023,"59,320.23","59,826.28","58,251.91","59,039.09","-1,500.00",-0.01,"879,605.00"
19/07/2023,"58,814.18","60,219.88","58,814.18","59,882.51","2,200.00",0.02,"2,586,200.00"
18/07/2023,"58,982.87","59,039.09","58,645.50","58,645.50",-500.00,0.00,"793,000.00"
17/07/2023,"59,039.09","59,039.09","58,589.27","58,926.64",-200.00,0.00,"1,291,601.00"
14/07/2023,"58,982.87","59,039.09","58,476.82","59,039.09",100.00,0.00,"1,308,700.00"
13/07/2023,"59,039.09","59,039.09","58,308.13","58,982.87",900.00,0.01,"1,683,300.00"
12/07/2023,"57,745.86","58,757.96","57,745.86","58,476.82","1,000.00",0.01,"870,800.00"
11/07/2023,"57,239.81","59,039.09","57,239.81","57,914.54",300.00,0.00,"2,492,600.00"
10/07/2023,"58,982.87","58,982.87","57,520.95","57,745.86","-2,300.00",-0.02,"1,743,100.00"
07/07/2023,"56,508.85","59,039.09","56,452.62","59,039.09","4,300.00",0.04,"2,074,301.00"
06/07/2023,"57,408.49","57,464.72","56,508.85","56,621.30","-1,300.00",-0.01,"1,849,000.00"
05/07/2023,"56,789.99","57,633.40","56,396.39","57,352.26","2,000.00",0.02,"2,513,400.00"
04/07/2023,"56,621.30","57,296.04","56,171.48","56,227.71",0.00,0.00,"785,700.00"
03/07/2023,"56,227.71","56,677.53","56,115.25","56,227.71",0.00,0.00,"490,100.00"
30/06/2023,"56,846.21","57,239.81","56,227.71","56,227.71","-1,900.00",-0.02,"629,600.00"
29/06/2023,"57,239.81","57,914.54","56,846.21","57,296.04",800.00,0.01,"997,600.00"
28/06/2023,"56,227.71","57,464.72","56,115.25","56,846.21","1,100.00",0.01,"894,201.00"
27/06/2023,"56,227.71","56,789.99","56,059.03","56,227.71",0.00,0.00,"715,900.00"
26/06/2023,"55,721.66","56,733.76","55,721.66","56,227.71",100.00,0.00,"807,200.00"
23/06/2023,"56,452.62","56,452.62","55,946.57","56,171.48",-500.00,0.00,"793,200.00"
22/06/2023,"57,352.26","57,352.26","56,171.48","56,452.62",400.00,0.00,"896,500.00"
21/06/2023,"56,059.03","56,508.85","56,059.03","56,227.71",100.00,0.00,"1,242,900.00"
20/06/2023,"56,846.21","56,846.21","56,115.25","56,171.48","-1,800.00",-0.02,"1,949,509.00"
19/06/2023,"58,251.91","58,533.05","57,183.58","57,183.58","-3,300.00",-0.03,"1,214,901.00"
16/06/2023,"58,589.27","59,826.28","58,027.00","59,039.09","1,500.00",0.01,"1,351,800.00"
15/06/2023,"57,633.40","58,308.13","57,127.35","58,195.68",900.00,0.01,"1,057,200.00"
14/06/2023,"57,577.17","58,476.82","57,071.12","57,689.63",100.00,0.00,"860,500.00"
13/06/2023,"56,227.71","57,914.54","56,059.03","57,633.40","1,500.00",0.01,"933,900.00"
12/06/2023,"56,171.48","57,071.12","55,159.38","56,789.99",500.00,0.00,"455,100.00"
09/06/2023,"56,227.71","57,352.26","55,665.43","56,508.85",500.00,0.00,"1,071,100.00"
08/06/2023,"54,540.88","57,183.58","54,540.88","56,227.71","3,000.00",0.03,"1,359,400.00"
07/06/2023,"55,665.43","55,665.43","54,540.88","54,540.88","-2,000.00",-0.02,"794,600.00"
06/06/2023,"55,103.16","55,665.43","54,259.74","55,665.43","1,000.00",0.01,"779,500.00"
05/06/2023,"53,528.78","55,496.75","53,528.78","55,103.16","3,100.00",0.03,"1,362,801.00"
02/06/2023,"52,797.82","53,416.32","52,460.45","53,360.10","1,000.00",0.01,"1,457,800.00"
01/06/2023,"53,191.41","53,191.41","52,404.23","52,797.82",-100.00,0.00,"711,300.00"
31/05/2023,"52,797.82","52,910.27","52,348.00","52,854.05",-500.00,-0.01,"420,100.00"
30/05/2023,"52,348.00","53,303.87","51,954.40","53,135.19","1,400.00",0.02,"1,307,500.00"
29/05/2023,"51,729.49","53,416.32","51,729.49","52,348.00","1,100.00",0.01,"630,500.00"
26/05/2023,"52,404.23","52,572.91","51,729.49","51,729.49","-1,200.00",-0.01,"1,026,700.00"
25/05/2023,"52,066.86","52,854.05","51,392.13","52,404.23",600.00,0.01,"626,600.00"
24/05/2023,"52,179.31","52,179.31","51,673.26","52,066.86",-200.00,0.00,"385,200.00"
23/05/2023,"52,291.77","52,629.14","51,785.72","52,179.31",-300.00,0.00,"568,800.00"
22/05/2023,"52,291.77","52,797.82","51,841.95","52,348.00","-1,100.00",-0.01,"665,300.00"
19/05/2023,"53,135.19","53,360.10","52,066.86","52,966.50",-800.00,-0.01,"609,900.00"
18/05/2023,"52,235.54","53,978.60","51,841.95","53,416.32","2,200.00",0.02,"1,894,800.00"
17/05/2023,"52,010.63","52,291.77","51,898.18","52,179.31",200.00,0.00,"799,400.00"
16/05/2023,"51,729.49","52,348.00","51,335.90","52,066.86",900.00,0.01,"901,600.00"
15/05/2023,"51,729.49","52,291.77","51,279.67","51,560.81","-1,100.00",-0.01,"678,901.00"
12/05/2023,"51,167.22","52,179.31","51,054.76","52,179.31","1,800.00",0.02,"893,500.00"
11/05/2023,"51,729.49","51,785.72","51,167.22","51,167.22","-1,000.00",-0.01,"681,600.00"
10/05/2023,"51,673.26","52,291.77","51,504.58","51,729.49",-300.00,0.00,"820,400.00"
09/05/2023,"52,291.77","52,797.82","51,898.18","51,898.18",-700.00,-0.01,"1,019,400.00"
08/05/2023,"50,604.94","52,404.23","50,492.48","52,291.77","3,200.00",0.04,"1,563,200.00"
05/05/2023,"49,761.52","50,548.71","49,592.84","50,492.48","1,300.00",0.01,"600,500.00"
04/05/2023,"50,604.94","50,604.94","49,761.52","49,761.52","-2,000.00",-0.02,"559,001.00"
28/04/2023,"50,604.94","50,886.08","49,930.21","50,886.08",500.00,0.01,"740,700.00"
27/04/2023,"49,873.98","50,886.08","49,705.29","50,604.94",600.00,0.01,"721,300.00"
26/04/2023,"49,480.38","50,323.80","49,424.16","50,267.57","1,100.00",0.01,"4,045,974.00"
25/04/2023,"49,592.84","49,761.52","49,199.25","49,649.07",400.00,0.00,"565,800.00"
24/04/2023,"49,480.38","49,761.52","48,918.11","49,424.16",400.00,0.00,"585,200.00"
21/04/2023,"49,480.38","49,536.61","49,143.02","49,199.25",-800.00,-0.01,"1,056,500.00"
20/04/2023,"49,930.21","49,930.21","49,480.38","49,649.07",-200.00,0.00,"257,800.00"
19/04/2023,"49,536.61","49,873.98","49,480.38","49,761.52",500.00,0.01,"492,900.00"
18/04/2023,"49,649.07","49,817.75","49,199.25","49,480.38",-400.00,0.00,"758,100.00"
17/04/2023,"49,705.29","49,761.52","49,367.93","49,705.29",0.00,0.00,"524,900.00"
14/04/2023,"49,649.07","50,098.89","49,592.84","49,705.29",200.00,0.00,"477,800.00"
13/04/2023,"49,649.07","49,761.52","49,367.93","49,592.84",-100.00,0.00,"567,000.00"
12/04/2023,"49,649.07","49,817.75","49,480.38","49,649.07",100.00,0.00,"581,400.00"
11/04/2023,"50,042.66","50,604.94","49,592.84","49,592.84",-800.00,-0.01,"827,600.00"
10/04/2023,"50,604.94","50,604.94","50,042.66","50,042.66","-1,000.00",-0.01,"682,300.00"
07/04/2023,"51,167.22","51,223.44","50,323.80","50,604.94","-1,200.00",-0.01,"843,200.00"
06/04/2023,"51,448.35","51,785.72","51,279.67","51,279.67",-900.00,-0.01,"419,300.00"
05/04/2023,"51,898.18","51,898.18","51,223.44","51,785.72",100.00,0.00,"432,000.00"
04/04/2023,"52,179.31","52,235.54","51,504.58","51,729.49",-800.00,-0.01,"312,900.00"
03/04/2023,"51,560.81","52,235.54","51,279.67","52,179.31","1,400.00",0.02,"812,700.00"
31/03/2023,"52,179.31","52,404.23","50,886.08","51,392.13","-1,300.00",-0.01,"1,033,600.00"
30/03/2023,"51,898.18","52,404.23","51,729.49","52,123.09",400.00,0.00,"605,700.00"
29/03/2023,"52,010.63","52,010.63","50,886.08","51,898.18",500.00,0.01,"422,800.00"
28/03/2023,"51,054.76","52,235.54","50,661.17","51,617.04",800.00,0.01,"888,800.00"
27/03/2023,"50,042.66","51,167.22","49,480.38","51,167.22","2,000.00",0.02,"826,100.00"
24/03/2023,"51,167.22","51,167.22","49,986.43","50,042.66","-1,700.00",-0.02,"673,000.00"
23/03/2023,"49,930.21","50,998.53","49,086.79","50,998.53","1,700.00",0.02,"1,945,500.00"
22/03/2023,"48,693.20","50,548.71","48,693.20","50,042.66","2,500.00",0.03,"1,098,800.00"
21/03/2023,"48,018.46","50,548.71","48,018.46","48,636.97","1,400.00",0.02,"1,173,400.00"
20/03/2023,"50,042.66","50,323.80","47,849.78","47,849.78","-3,900.00",-0.04,"1,077,000.00"
17/03/2023,"51,167.22","51,223.44","50,042.66","50,042.66","-2,000.00",-0.02,"2,272,200.00"
16/03/2023,"51,167.22","51,729.49","50,323.80","51,167.22",-400.00,0.00,"806,000.00"
15/03/2023,"51,504.58","51,729.49","51,223.44","51,392.13",400.00,0.00,"850,800.00"
14/03/2023,"51,167.22","51,279.67","50,886.08","51,167.22",-500.00,-0.01,"906,700.00"
13/03/2023,"51,729.49","51,729.49","51,054.76","51,448.35",-600.00,-0.01,"759,200.00"
10/03/2023,"51,841.95","52,010.63","51,448.35","51,785.72",-900.00,-0.01,"773,800.00"
09/03/2023,"51,729.49","52,516.68","51,560.81","52,291.77",800.00,0.01,"1,118,100.00"
08/03/2023,"51,167.22","51,841.95","50,998.53","51,841.95",300.00,0.00,"871,900.00"
07/03/2023,"51,448.35","52,010.63","51,223.44","51,673.26",900.00,0.01,"1,053,300.00"
06/03/2023,"51,167.22","51,841.95","51,167.22","51,167.22",100.00,0.00,"711,900.00"
03/03/2023,"51,617.04","52,179.31","51,110.99","51,110.99","-2,300.00",-0.02,"864,600.00"
02/03/2023,"52,291.77","52,741.59","51,617.04","52,404.23",200.00,0.00,"984,700.00"
01/03/2023,"51,898.18","52,516.68","51,841.95","52,291.77",-500.00,-0.01,"775,700.00"
28/02/2023,"52,348.00","52,685.36","52,066.86","52,572.91",700.00,0.01,"625,800.00"
27/02/2023,"52,291.77","52,572.91","51,560.81","52,179.31",-700.00,-0.01,"521,000.00"
24/02/2023,"52,291.77","52,854.05","50,604.94","52,572.91",200.00,0.00,"691,400.00"
23/02/2023,"52,291.77","52,854.05","51,279.67","52,460.45",300.00,0.00,"1,045,700.00"
22/02/2023,"52,966.50","53,022.73","52,010.63","52,291.77","-1,200.00",-0.01,"1,071,500.00"
21/02/2023,"52,966.50","53,360.10","52,854.05","52,966.50",400.00,0.00,"695,500.00"
20/02/2023,"52,291.77","53,135.19","52,291.77","52,741.59",800.00,0.01,"1,161,000.00"
17/02/2023,"52,291.77","52,460.45","51,729.49","52,291.77",600.00,0.01,"949,200.00"
16/02/2023,"52,291.77","52,854.05","51,841.95","51,954.40",-600.00,-0.01,"842,600.00"
15/02/2023,"52,010.63","52,966.50","51,279.67","52,291.77",500.00,0.01,"899,300.00"
14/02/2023,"52,572.91","52,572.91","51,279.67","52,010.63","-1,000.00",-0.01,"1,178,100.00"
13/02/2023,"53,303.87","53,641.23","51,729.49","52,572.91","-1,000.00",-0.01,"892,700.00"
10/02/2023,"53,135.19","53,135.19","52,179.31","53,135.19","1,500.00",0.02,"713,700.00"
09/02/2023,"52,741.59","53,416.32","52,291.77","52,291.77","-1,200.00",-0.01,"840,300.00"
08/02/2023,"51,785.72","54,091.06","51,785.72","52,966.50","2,200.00",0.02,"950,800.00"
07/02/2023,"53,585.01","53,697.46","51,729.49","51,729.49","-4,000.00",-0.04,"1,469,200.00"
06/02/2023,"52,066.86","54,147.28","51,448.35","53,978.60","3,000.00",0.03,"1,430,100.00"
03/02/2023,"50,773.62","52,291.77","50,098.89","52,291.77","2,400.00",0.03,"933,400.00"
02/02/2023,"49,817.75","51,729.49","49,817.75","50,942.30","1,500.00",0.02,"1,030,600.00"
01/02/2023,"51,729.49","52,010.63","50,098.89","50,098.89","-2,800.00",-0.03,"1,136,400.00"
31/01/2023,"50,548.71","51,673.26","49,367.93","51,673.26","2,000.00",0.02,"1,533,700.00"
30/01/2023,"51,785.72","52,010.63","50,492.48","50,548.71","-3,100.00",-0.03,"1,045,000.00"
27/01/2023,"52,291.77","53,191.41","51,448.35","52,291.77",0.00,0.00,"1,585,800.00"
19/01/2023,"50,323.80","53,978.60","49,199.25","52,291.77","3,000.00",0.03,"1,776,800.00"
18/01/2023,"50,604.94","51,167.22","50,267.57","50,604.94",600.00,0.01,"884,000.00"
17/01/2023,"49,761.52","50,267.57","49,086.79","50,267.57","2,100.00",0.02,"644,600.00"
16/01/2023,"48,355.83","49,761.52","48,355.83","49,086.79","1,500.00",0.02,"1,034,000.00"
13/01/2023,"47,906.01","48,636.97","47,906.01","48,243.37","1,000.00",0.01,"822,000.00"
12/01/2023,"47,906.01","47,906.01","47,118.82","47,681.10",-300.00,0.00,"1,965,000.00"
11/01/2023,"49,086.79","49,086.79","47,849.78","47,849.78","-2,200.00",-0.03,"1,313,000.00"
10/01/2023,"48,468.29","50,548.71","48,468.29","49,086.79",400.00,0.00,"2,198,500.00"
09/01/2023,"48,243.37","48,861.88","47,681.10","48,861.88","2,900.00",0.03,"1,667,100.00"
06/01/2023,"47,231.28","47,681.10","47,175.05","47,231.28",0.00,0.00,"1,261,500.00"
05/01/2023,"46,556.54","47,231.28","46,387.86","47,231.28","1,200.00",0.01,"1,078,600.00"
04/01/2023,"46,612.77","46,612.77","45,994.27","46,556.54",200.00,0.00,"973,900.00"
03/01/2023,"45,094.62","46,444.09","45,094.62","46,444.09","2,600.00",0.03,"1,089,800.00"
30/12/2022,"46,612.77","46,725.23","44,982.17","44,982.17",-700.00,-0.01,"1,510,900.00"
29/12/2022,"46,275.40","46,387.86","45,263.31","45,375.76",,,"1,373,400.00"
28/12/2022,"45,207.08","46,106.72","44,701.03","44,982.17",,,"1,173,500.00"
27/12/2022,"45,094.62","45,263.31","44,363.66","44,476.12",,,"1,194,000.00"
26/12/2022,"44,532.35","45,431.99","44,363.66","44,363.66",,,"1,203,600.00"
23/12/2022,"45,094.62","45,656.90","44,476.12","44,476.12",,,"1,385,200.00"
22/12/2022,"44,701.03","45,600.67","44,588.57","44,588.57",,,"1,100,300.00"
21/12/2022,"45,769.36","45,769.36","44,251.21","44,251.21",,,"962,000.00"
20/12/2022,"44,813.48","46,106.72","44,419.89","44,419.89",,,"1,560,400.00"
19/12/2022,"44,982.17","45,544.44","44,419.89","44,532.35",,,"757,500.00"
16/12/2022,"44,701.03","46,612.77","44,363.66","44,813.48",,,"3,410,700.00"
15/12/2022,"44,307.43","45,375.76","44,194.98","44,701.03",,,"1,250,400.00"
14/12/2022,"44,813.48","44,813.48","44,138.75","44,307.43",,,"1,246,300.00"
13/12/2022,"43,913.84","44,588.57","43,801.39","43,970.07",,,"2,232,500.00"
12/12/2022,"44,307.43","45,263.31","43,520.25","43,520.25",,,"2,405,700.00"
09/12/2022,"44,082.52","44,532.35","43,351.56","43,464.02",,,"1,750,100.00"
08/12/2022,"44,419.89","45,544.44","43,295.34","43,295.34",,,"2,479,700.00"
07/12/2022,"44,982.17","46,106.72","43,857.61","44,138.75",,,"1,589,800.00"
06/12/2022,"47,793.55","47,906.01","44,982.17","44,982.17",,,"1,378,000.00"
05/12/2022,"47,287.50","48,918.11","46,387.86","47,793.55",,,"1,664,000.00"
02/12/2022,"44,925.94","47,793.55","44,588.57","47,793.55",,,"1,377,300.00"
01/12/2022,"45,488.22","45,769.36","44,532.35","44,982.17",,,"1,178,900.00"
30/11/2022,"45,150.85","45,544.44","43,295.34","45,544.44",,,"1,458,600.00"
29/11/2022,"42,733.06","44,869.71","42,733.06","44,869.71",,,"1,707,400.00"
28/11/2022,"41,889.64","43,295.34","41,496.05","43,126.65",,,"2,356,900.00"
25/11/2022,"41,102.46","41,383.59","40,933.77","41,102.46",,,"1,875,100.00"
24/11/2022,"41,327.37","41,608.50","40,765.09","41,046.23",,,"1,135,000.00"
23/11/2022,"41,046.23","41,327.37","40,708.86","41,327.37",,,"1,773,000.00"
22/11/2022,"41,889.64","42,733.06","40,765.09","41,327.37",,,"1,936,000.00"
21/11/2022,"43,014.20","43,014.20","42,170.78","42,170.78",,,"1,224,900.00"
18/11/2022,"42,676.83","43,239.11","41,383.59","43,014.20",,,"1,564,800.00"
17/11/2022,"42,789.29","43,070.43","42,451.92","43,014.20",,,"1,845,700.00"
16/11/2022,"39,528.08","43,857.61","39,528.08","42,227.01",,,"3,319,800.00"
15/11/2022,"41,833.42","42,957.97","40,540.18","42,170.78",,,"2,001,800.00"
14/11/2022,"42,451.92","43,014.20","41,664.73","42,227.01",,,"1,836,500.00"
11/11/2022,"41,046.23","42,451.92","41,046.23","42,451.92",,,"1,931,600.00"
10/11/2022,"41,552.28","41,552.28","40,259.04","40,933.77",,,"1,517,500.00"
09/11/2022,"41,327.37","41,720.96","40,821.32","41,608.50",,,"1,214,800.00"
08/11/2022,"40,483.95","42,170.78","40,259.04","40,821.32",,,"2,258,900.00"
07/11/2022,"40,371.50","41,046.23","39,977.90","40,371.50",,,"1,760,000.00"
04/11/2022,"40,202.81","40,765.09","38,740.89","40,371.50",,,"1,578,000.00"
03/11/2022,"40,483.95","41,271.14","40,483.95","41,046.23",,,"754,600.00"
02/11/2022,"41,608.50","41,889.64","40,483.95","41,383.59",,,"1,255,100.00"
01/11/2022,"41,608.50","42,170.78","41,214.91","42,170.78",,,"826,100.00"
31/10/2022,"41,327.37","41,327.37","40,765.09","41,327.37",,,"659,400.00"
28/10/2022,"40,765.09","41,889.64","40,259.04","40,259.04",,,"1,561,000.00"
27/10/2022,"39,640.54","40,990.00","38,965.80","40,315.27",,,"1,297,800.00"
26/10/2022,"39,696.76","39,696.76","38,515.98","39,359.40",,,"651,400.00"
25/10/2022,"37,110.29","39,696.76","37,110.29","39,303.17",,,"1,694,200.00"
24/10/2022,"39,078.26","39,078.26","36,997.83","38,234.84",,,"874,100.00"
21/10/2022,"38,909.57","39,752.99","38,234.84","38,234.84",,,"1,454,700.00"
20/10/2022,"38,178.61","39,359.40","37,728.79","38,909.57",,,"1,577,282.00"
19/10/2022,"38,178.61","38,234.84","37,841.25","38,178.61",,,"696,400.00"
18/10/2022,"38,234.84","38,234.84","37,841.25","38,066.16",,,"905,000.00"
17/10/2022,"37,841.25","38,234.84","36,829.15","37,278.97",,,"1,301,400.00"
14/10/2022,"38,515.98","38,515.98","37,841.25","38,291.07",,,"1,838,300.00"
13/10/2022,"36,041.96","37,391.43","35,254.77","37,391.43",,,"1,666,800.00"
12/10/2022,"35,423.46","36,716.69","34,973.64","35,985.73",,,"1,586,400.00"
11/10/2022,"36,716.69","37,110.29","34,861.18","34,861.18",,,"1,531,700.00"
10/10/2022,"37,391.43","38,066.16","36,041.96","36,604.24",,,"1,366,000.00"
07/10/2022,"39,134.49","39,134.49","36,716.69","37,503.88",,,"2,203,700.00"
06/10/2022,"40,483.95","40,483.95","39,303.17","39,415.62",,,"865,600.00"
05/10/2022,"40,146.58","40,483.95","39,977.90","40,202.81",,,"929,000.00"
04/10/2022,"39,359.40","40,427.72","39,078.26","40,090.36",,,"1,280,900.00"
03/10/2022,"41,327.37","41,496.05","39,528.08","39,696.76",,,"919,900.00"
30/09/2022,"41,158.68","41,777.19","40,708.86","41,158.68",,,"1,776,400.00"
29/09/2022,"42,733.06","42,733.06","41,608.50","41,608.50",,,"587,800.00"
28/09/2022,"41,608.50","42,170.78","41,496.05","42,170.78",,,"587,700.00"
27/09/2022,"42,733.06","42,733.06","41,720.96","41,777.19",,,"673,400.00"
26/09/2022,"42,227.01","43,295.34","41,664.73","42,170.78",,,"1,734,900.00"
23/09/2022,"43,407.79","43,688.93","42,620.60","42,676.83",,,"1,054,100.00"
22/09/2022,"43,688.93","44,194.98","43,576.47","43,857.61",,,"1,255,000.00"
21/09/2022,"44,588.57","44,757.26","43,801.39","44,363.66",,,"1,519,200.00"
20/09/2022,"44,307.43","44,982.17","44,194.98","44,532.35",,,"521,200.00"
19/09/2022,"44,419.89","45,094.62","43,857.61","44,307.43",,,"1,030,500.00"
16/09/2022,"44,588.57","44,982.17","44,138.75","44,982.17",,,"1,519,200.00"
15/09/2022,"44,138.75","44,588.57","43,913.84","44,532.35",,,"804,200.00"
14/09/2022,"43,407.79","44,701.03","43,295.34","44,026.30",,,"1,085,800.00"
13/09/2022,"44,644.80","44,644.80","44,194.98","44,194.98",,,"2,154,900.00"
12/09/2022,"44,757.26","44,813.48","44,307.43","44,476.12",,,"1,025,800.00"
09/09/2022,"44,138.75","44,588.57","43,970.07","44,307.43",,,"2,704,640.00"
08/09/2022,"45,488.22","45,488.22","43,857.61","43,857.61",,,"1,424,300.00"
07/09/2022,"46,106.72","46,387.86","44,869.71","44,982.17",,,"2,365,300.00"
06/09/2022,"46,444.09","47,231.28","46,162.95","46,500.32",,,"1,027,300.00"
05/09/2022,"47,231.28","47,399.96","46,387.86","46,444.09",,,"1,582,800.00"
31/08/2022,"48,355.83","48,636.97","47,231.28","47,231.28",,,"1,127,900.00"
30/08/2022,"46,387.86","48,355.83","46,387.86","48,355.83",,,"2,562,800.00"
29/08/2022,"45,769.36","46,387.86","45,488.22","46,387.86",,,"1,063,500.00"
26/08/2022,"46,106.72","47,062.59","46,106.72","46,387.86",,,"1,594,500.00"
25/08/2022,"46,219.18","46,219.18","45,713.13","46,106.72",,,"630,800.00"
24/08/2022,"45,656.90","46,612.77","45,150.85","46,106.72",,,"1,135,700.00"
23/08/2022,"44,982.17","45,713.13","44,925.94","45,094.62",,,"813,000.00"
22/08/2022,"45,038.40","45,825.58","44,982.17","44,982.17",,,"617,800.00"
19/08/2022,"45,319.53","46,106.72","45,319.53","45,488.22",,,"1,200,000.00"
18/08/2022,"45,713.13","46,106.72","45,656.90","45,825.58",,,"1,713,600.00"
17/08/2022,"45,656.90","45,938.04","45,656.90","45,825.58",,,"851,000.00"
16/08/2022,"46,106.72","46,106.72","45,600.67","45,825.58",,,"1,016,700.00"
15/08/2022,"46,106.72","46,275.40","45,938.04","45,994.27",,,"1,319,500.00"
12/08/2022,"45,825.58","46,050.49","45,488.22","45,881.81",,,"1,398,800.00"
11/08/2022,"45,713.13","46,106.72","45,319.53","45,825.58",,,"1,223,500.00"
10/08/2022,"45,038.40","45,544.44","45,038.40","45,263.31",,,"547,500.00"
09/08/2022,"46,106.72","46,106.72","44,925.94","45,431.99",,,"1,304,900.00"
08/08/2022,"46,106.72","46,387.86","46,050.49","46,106.72",,,"967,000.00"
05/08/2022,"46,106.72","46,331.63","45,600.67","46,106.72",,,"1,395,800.00"
04/08/2022,"44,701.03","46,387.86","44,644.80","46,387.86",,,"2,348,100.00"
03/08/2022,"44,026.30","44,701.03","43,857.61","44,701.03",,,"1,857,700.00"
02/08/2022,"43,295.34","44,532.35","42,733.06","44,363.66",,,"1,777,800.00"
01/08/2022,"42,002.10","43,295.34","41,833.42","43,295.34",,,"1,664,300.00"
29/07/2022,"42,395.69","42,451.92","42,002.10","42,002.10",,,"2,499,000.00"
28/07/2022,"42,395.69","42,508.15","42,058.33","42,339.47",,,"1,193,800.00"
27/07/2022,"41,608.50","42,170.78","41,439.82","42,170.78",,,"1,369,900.00"
26/07/2022,"41,158.68","41,833.42","41,158.68","41,552.28",,,"1,119,800.00"
25/07/2022,"40,708.86","41,158.68","40,483.95","40,990.00",,,"991,700.00"
22/07/2022,"40,540.18","40,877.54","40,483.95","40,765.09",,,"1,119,600.00"
21/07/2022,"40,765.09","40,990.00","40,540.18","40,765.09",,,"1,164,600.00"
20/07/2022,"40,259.04","40,765.09","40,259.04","40,765.09",,,"573,900.00"
19/07/2022,"40,483.95","40,540.18","39,977.90","40,090.36",,,"922,100.00"
18/07/2022,"40,765.09","40,990.00","40,483.95","40,483.95",,,"391,400.00"
15/07/2022,"40,540.18","41,327.37","40,540.18","40,652.63",,,"626,500.00"
14/07/2022,"40,371.50","40,933.77","40,259.04","40,708.86",,,"439,400.00"
13/07/2022,"40,371.50","41,271.14","40,146.58","40,371.50",,,"1,379,900.00"
12/07/2022,"40,540.18","40,821.32","40,315.27","40,427.72",,,"840,500.00"
11/07/2022,"41,214.91","41,327.37","40,483.95","40,483.95",,,"756,800.00"
08/07/2022,"42,114.55","42,170.78","41,552.28","41,608.50",,,"761,000.00"
07/07/2022,"40,877.54","42,451.92","40,315.27","42,451.92",,,"1,287,400.00"
06/07/2022,"41,439.82","41,552.28","38,740.89","40,933.77",,,"1,644,200.00"
05/07/2022,"42,114.55","42,114.55","41,383.59","41,608.50",,,"1,064,500.00"
04/07/2022,"42,114.55","42,283.24","41,552.28","41,664.73",,,"786,200.00"
01/07/2022,"41,889.64","42,170.78","40,990.00","41,608.50",,,"1,383,000.00"
30/06/2022,"42,451.92","42,733.06","42,058.33","42,058.33",,,"794,468.00"
29/06/2022,"42,620.60","42,676.83","42,339.47","42,451.92",,,"1,387,500.00"
28/06/2022,"42,170.78","43,295.34","42,058.33","42,901.74",,,"1,095,800.00"
27/06/2022,"42,451.92","42,733.06","42,058.33","42,114.55",,,"958,500.00"
24/06/2022,"42,845.51","42,901.74","41,945.87","42,170.78",,,"688,600.00"
23/06/2022,"42,227.01","43,126.65","42,114.55","42,676.83",,,"590,200.00"
22/06/2022,"43,801.39","43,857.61","42,170.78","42,733.06",,,"2,165,200.00"
21/06/2022,"42,733.06","43,688.93","42,283.24","43,688.93",,,"977,100.00"
20/06/2022,"44,701.03","44,701.03","42,339.47","42,733.06",,,"1,089,700.00"
17/06/2022,"43,295.34","44,026.30","42,789.29","42,789.29",,,"1,071,600.00"
16/06/2022,"43,126.65","44,982.17","43,014.20","44,476.12",,,"1,324,600.00"
15/06/2022,"43,520.25","44,026.30","42,339.47","43,014.20",,,"1,243,600.00"
14/06/2022,"42,451.92","43,913.84","41,608.50","43,295.34",,,"1,087,200.00"
13/06/2022,"43,295.34","43,295.34","41,664.73","42,957.97",,,"1,220,800.00"
10/06/2022,"43,745.16","44,419.89","43,520.25","43,688.93",,,"390,900.00"
09/06/2022,"44,419.89","44,925.94","43,688.93","43,745.16",,,"1,067,500.00"
08/06/2022,"45,544.44","45,544.44","44,307.43","44,532.35",,,"1,219,700.00"
07/06/2022,"44,419.89","46,106.72","43,913.84","45,544.44",,,"1,014,000.00"
06/06/2022,"43,576.47","44,982.17","42,227.01","44,813.48",,,"880,500.00"
03/06/2022,"44,082.52","44,701.03","42,957.97","43,576.47",,,"582,800.00"
02/06/2022,"45,431.99","45,431.99","44,419.89","44,419.89",,,"742,483.00"
01/06/2022,"44,419.89","45,263.31","44,419.89","45,263.31",,,"798,800.00"
31/05/2022,"44,363.66","44,363.66","43,857.61","44,363.66",,,"1,188,700.00"
30/05/2022,"43,520.25","45,544.44","42,957.97","43,857.61",,,"1,408,400.00"
27/05/2022,"43,126.65","43,520.25","42,901.74","43,520.25",,,"892,000.00"
26/05/2022,"43,295.34","43,351.56","42,733.06","43,126.65",,,"1,033,900.00"
25/05/2022,"42,733.06","43,295.34","42,058.33","43,295.34",,,"898,000.00"
24/05/2022,"42,114.55","42,564.38","41,777.19","42,508.15",,,"898,700.00"
23/05/2022,"42,508.15","42,508.15","41,383.59","41,833.42",,,"686,600.00"
20/05/2022,"42,227.01","43,014.20","42,170.78","42,339.47",,,"742,800.00"
19/05/2022,"42,170.78","43,126.65","42,058.33","42,733.06",,,"575,800.00"
18/05/2022,"43,295.34","43,295.34","42,170.78","42,395.69",,,"936,000.00"
17/05/2022,"41,720.96","43,295.34","41,102.46","42,733.06",,,"2,346,300.00"
16/05/2022,"42,451.92","42,957.97","41,608.50","41,720.96",,,"1,558,800.00"
13/05/2022,"43,295.34","43,857.61","41,046.23","41,046.23",,,"1,983,664.00"
12/05/2022,"44,419.89","44,925.94","43,295.34","43,295.34",,,"1,016,300.00"
11/05/2022,"44,982.17","45,150.85","44,419.89","44,982.17",,,"1,026,300.00"
10/05/2022,"43,351.56","44,982.17","43,351.56","44,982.17",,,"926,000.00"
09/05/2022,"44,307.43","45,207.08","43,745.16","43,801.39",,,"1,718,200.00"
06/05/2022,"44,813.48","45,656.90","44,644.80","44,644.80",,,"1,330,900.00"
05/05/2022,"45,263.31","45,825.58","44,757.26","45,544.44",,,"1,019,300.00"
04/05/2022,"45,488.22","45,544.44","44,419.89","44,925.94",,,"936,600.00"
29/04/2022,"45,769.36","46,275.40","44,982.17","45,488.22",,,"28,854,200.00"
28/04/2022,"45,825.58","45,881.81","44,701.03","45,825.58",,,"564,100.00"
27/04/2022,"44,925.94","46,106.72","43,970.07","45,825.58",,,"2,334,900.00"
26/04/2022,"44,419.89","45,263.31","44,419.89","45,263.31",,,"2,507,000.00"
25/04/2022,"46,219.18","46,669.00","43,295.34","45,994.27",,,"2,879,400.00"
22/04/2022,"44,476.12","46,444.09","44,476.12","46,219.18",,,"4,820,600.00"
21/04/2022,"44,082.52","44,532.35","43,970.07","44,082.52",,,"2,178,200.00"
20/04/2022,"43,857.61","44,363.66","43,688.93","44,082.52",,,"904,600.00"
19/04/2022,"43,745.16","44,138.75","43,632.70","43,688.93",,,"1,047,400.00"
18/04/2022,"44,982.17","45,094.62","43,632.70","43,688.93",,,"1,292,300.00"
15/04/2022,"45,656.90","45,825.58","45,094.62","45,094.62",,,"934,800.00"
14/04/2022,"46,331.63","46,612.77","45,544.44","45,544.44",,,"1,175,400.00"
13/04/2022,"46,669.00","46,725.23","46,106.72","46,331.63",,,"905,700.00"
12/04/2022,"46,669.00","46,781.45","45,881.81","46,331.63",,,"881,300.00"
08/04/2022,"47,175.05","47,175.05","46,612.77","46,669.00",,,"812,200.00"
07/04/2022,"47,737.33","47,906.01","46,669.00","46,669.00",,,"983,000.00"
06/04/2022,"46,612.77","47,793.55","45,938.04","47,568.64",,,"2,009,600.00"
05/04/2022,"46,556.54","46,781.45","46,444.09","46,669.00",,,"526,100.00"
04/04/2022,"46,781.45","47,287.50","46,444.09","46,444.09",,,"792,000.00"
01/04/2022,"46,162.95","47,006.36","45,600.67","46,556.54",,,"984,300.00"
31/03/2022,"46,106.72","46,444.09","46,106.72","46,162.95",,,"492,400.00"
30/03/2022,"45,994.27","46,950.14","45,825.58","46,106.72",,,"968,900.00"
29/03/2022,"46,331.63","46,669.00","45,881.81","46,050.49",,,"1,048,600.00"
28/03/2022,"46,669.00","46,669.00","46,106.72","46,331.63",,,"779,400.00"
25/03/2022,"47,231.28","47,231.28","46,106.72","46,387.86",,,"1,192,800.00"
24/03/2022,"47,737.33","47,737.33","46,950.14","46,950.14",,,"600,200.00"
23/03/2022,"47,737.33","48,130.92","47,737.33","47,737.33",,,"1,020,600.00"
22/03/2022,"47,737.33","48,074.69","47,737.33","47,737.33",,,"1,009,600.00"
21/03/2022,"47,343.73","48,074.69","47,231.28","47,737.33",,,"963,900.00"
,,,,,,,
,,,,,,,
SIMPLIZE,,,,,,,
"Số 5 ngõ 316 Lê Trọng Tấn, Phường Khương Mai, Quận Thanh Xuân, TP.Hà Nội
",,,,,,,
Website: simplize.vn,,,,,,,
Email: info@simplize.vn,,,,,,,
Tel: (+84) 38 840 8668,,,,,,,
