Tên công ty,Tổng Công ty cổ phần Đầu tư Quốc tế Viettel,,,,,,
Tên báo cáo,Lịch sử giá,,,,,,
Ngày tải,24/03/2026,,,,,,
,,,,,,,
NGÀY,GIÁ MỞ CỬA,GIÁ CAO NHẤT,GIÁ THẤP NHẤT,GIÁ ĐÓNG CỬA,THAY ĐỔI GIÁ,% THAY ĐỔI,KHỐI LƯỢNG
24/03/2026,"82,500.00","85,600.00","82,500.00","83,300.00","1,000.00",0.01,"368,700.00"
23/03/2026,"85,700.00","85,700.00","80,200.00","81,700.00","-3,900.00",-0.05,"761,000.00"
20/03/2026,"84,200.00","87,800.00","83,100.00","85,600.00","1,900.00",0.02,"857,600.00"
19/03/2026,"86,500.00","86,500.00","83,100.00","84,200.00","-2,300.00",-0.03,"612,500.00"
18/03/2026,"86,600.00","88,900.00","84,700.00","86,000.00",-600.00,-0.01,"793,100.00"
17/03/2026,"84,300.00","87,900.00","84,000.00","86,400.00","2,100.00",0.02,"642,900.00"
16/03/2026,"83,000.00","85,900.00","82,400.00","83,700.00",700.00,0.01,"731,400.00"
13/03/2026,"84,600.00","85,500.00","82,000.00","82,400.00","-2,800.00",-0.03,"1,000,200.00"
12/03/2026,"88,600.00","88,700.00","84,000.00","84,600.00","-2,100.00",-0.02,"752,400.00"
11/03/2026,"85,000.00","89,800.00","82,800.00","88,600.00","4,500.00",0.05,"1,034,800.00"
10/03/2026,"80,600.00","86,900.00","80,000.00","85,900.00","5,300.00",0.07,"1,450,000.00"
09/03/2026,"92,200.00","92,200.00","80,400.00","80,400.00","-14,100.00",-0.15,"2,082,300.00"
06/03/2026,"99,400.00","99,400.00","91,900.00","92,100.00","-8,100.00",-0.08,"1,165,300.00"
05/03/2026,"96,500.00","104,200.00","96,500.00","97,400.00",900.00,0.01,"810,000.00"
04/03/2026,"101,000.00","101,500.00","92,700.00","97,000.00","-5,400.00",-0.05,"1,843,600.00"
03/03/2026,"102,700.00","106,400.00","100,000.00","101,500.00","-2,700.00",-0.03,"1,624,400.00"
02/03/2026,"110,000.00","110,000.00","92,900.00","102,700.00","-6,000.00",-0.06,"1,680,900.00"
27/02/2026,"110,900.00","111,100.00","107,300.00","110,000.00","-1,300.00",-0.01,"1,341,300.00"
26/02/2026,"113,600.00","114,000.00","110,000.00","110,900.00","-3,100.00",-0.03,"1,084,400.00"
25/02/2026,"115,000.00","118,500.00","112,000.00","113,800.00","-1,900.00",-0.02,"1,154,900.00"
24/02/2026,"117,400.00","118,000.00","113,000.00","114,900.00",900.00,0.01,"1,044,000.00"
23/02/2026,"106,400.00","119,000.00","105,300.00","117,400.00","13,500.00",0.13,"1,503,600.00"
13/02/2026,"107,200.00","107,200.00","101,500.00","105,000.00","-2,200.00",-0.02,"1,064,100.00"
12/02/2026,"108,000.00","109,200.00","105,600.00","107,000.00",500.00,0.00,"422,000.00"
11/02/2026,"105,000.00","109,800.00","101,000.00","106,200.00",200.00,0.00,"902,300.00"
10/02/2026,"113,300.00","117,000.00","100,000.00","104,900.00","-9,400.00",-0.08,"2,655,800.00"
09/02/2026,"116,000.00","117,900.00","112,400.00","113,300.00","-2,200.00",-0.02,"750,400.00"
06/02/2026,"121,000.00","121,000.00","107,400.00","114,400.00","-9,400.00",-0.08,"3,112,200.00"
05/02/2026,"131,000.00","131,000.00","120,000.00","121,000.00","-9,500.00",-0.07,"2,254,100.00"
04/02/2026,"134,600.00","137,900.00","127,200.00","131,000.00","-2,100.00",-0.02,"1,363,400.00"
03/02/2026,"129,600.00","137,600.00","127,500.00","134,500.00","6,700.00",0.05,"2,297,200.00"
02/02/2026,"123,300.00","131,000.00","122,800.00","128,900.00","5,100.00",0.04,"1,558,200.00"
30/01/2026,"123,000.00","127,800.00","119,500.00","123,300.00","2,600.00",0.02,"1,803,400.00"
29/01/2026,"127,300.00","127,300.00","118,400.00","123,000.00","-4,300.00",-0.03,"1,541,800.00"
28/01/2026,"126,000.00","136,500.00","117,200.00","122,600.00","-2,100.00",-0.02,"3,397,600.00"
27/01/2026,"124,000.00","128,000.00","120,500.00","126,800.00","3,800.00",0.03,"1,656,300.00"
26/01/2026,"116,000.00","129,300.00","116,000.00","124,000.00","2,500.00",0.02,"1,489,900.00"
23/01/2026,"127,000.00","128,000.00","115,000.00","116,000.00","-15,200.00",-0.12,"3,396,100.00"
22/01/2026,"135,200.00","142,000.00","126,300.00","127,000.00","-5,400.00",-0.04,"1,673,600.00"
21/01/2026,"138,700.00","140,000.00","128,900.00","136,300.00",-700.00,-0.01,"2,288,600.00"
20/01/2026,"133,500.00","140,100.00","131,000.00","138,800.00","11,400.00",0.09,"1,738,900.00"
19/01/2026,"123,800.00","132,000.00","122,000.00","130,900.00","5,500.00",0.04,"1,516,300.00"
16/01/2026,"126,900.00","132,000.00","115,000.00","124,400.00","-2,500.00",-0.02,"2,346,000.00"
15/01/2026,"119,800.00","134,200.00","119,800.00","126,000.00","9,100.00",0.08,"2,009,400.00"
14/01/2026,"104,300.00","104,300.00","104,300.00","104,300.00","15,600.00",0.15,"2,824,500.00"
13/01/2026,"102,000.00","111,400.00","99,100.00","104,900.00","4,600.00",0.05,"3,913,500.00"
12/01/2026,"91,700.00","101,400.00","91,700.00","101,400.00","13,200.00",0.15,"1,448,300.00"
09/01/2026,"79,800.00","91,700.00","78,900.00","91,700.00","11,900.00",0.15,"4,686,300.00"
08/01/2026,"77,800.00","80,900.00","77,300.00","78,300.00","2,600.00",0.03,"2,216,900.00"
07/01/2026,"70,600.00","79,300.00","70,000.00","77,800.00","7,200.00",0.10,"2,719,200.00"
06/01/2026,"71,100.00","72,000.00","70,000.00","70,600.00",-600.00,-0.01,"260,200.00"
05/01/2026,"70,800.00","80,300.00","70,300.00","71,300.00","1,400.00",0.02,"483,400.00"
31/12/2025,"70,600.00","70,800.00","69,000.00","70,800.00",900.00,0.01,"322,300.00"
30/12/2025,"68,900.00","70,400.00","68,900.00","69,900.00","1,400.00",0.02,"290,700.00"
29/12/2025,"68,000.00","68,900.00","67,900.00","68,500.00",600.00,0.01,"186,100.00"
26/12/2025,"68,400.00","68,800.00","67,500.00","68,000.00",-400.00,-0.01,"344,300.00"
25/12/2025,"68,900.00","70,000.00","65,000.00","67,800.00","-1,500.00",-0.02,"426,800.00"
24/12/2025,"69,900.00","70,000.00","68,800.00","68,900.00","-1,400.00",-0.02,"377,500.00"
23/12/2025,"70,400.00","71,400.00","69,700.00","69,700.00",-600.00,-0.01,"208,900.00"
22/12/2025,"69,400.00","71,000.00","69,400.00","70,500.00","1,400.00",0.02,"165,600.00"
19/12/2025,"69,900.00","69,900.00","68,600.00","69,700.00",-200.00,0.00,"281,400.00"
18/12/2025,"70,500.00","70,600.00","69,300.00","69,800.00",-800.00,-0.01,"194,800.00"
17/12/2025,"69,200.00","71,300.00","68,500.00","70,300.00","1,300.00",0.02,"316,400.00"
16/12/2025,"69,400.00","70,000.00","67,800.00","69,900.00",700.00,0.01,"451,200.00"
15/12/2025,"69,000.00","70,100.00","68,600.00","68,800.00","-1,300.00",-0.02,"309,700.00"
12/12/2025,"71,100.00","71,900.00","68,900.00","69,000.00","-2,100.00",-0.03,"467,400.00"
11/12/2025,"70,400.00","71,600.00","70,000.00","70,500.00",-200.00,0.00,"279,300.00"
10/12/2025,"71,000.00","71,300.00","70,300.00","70,400.00",-100.00,0.00,"191,400.00"
09/12/2025,"72,400.00","72,600.00","69,200.00","71,000.00","-1,400.00",-0.02,"891,800.00"
08/12/2025,"73,000.00","73,600.00","72,000.00","72,200.00","-1,200.00",-0.02,"527,400.00"
05/12/2025,"73,800.00","74,500.00","72,900.00","73,200.00",-700.00,-0.01,"510,100.00"
04/12/2025,"74,600.00","75,000.00","73,500.00","73,800.00",-200.00,0.00,"348,800.00"
03/12/2025,"72,600.00","74,900.00","72,500.00","74,600.00","2,400.00",0.03,"817,600.00"
02/12/2025,"73,000.00","73,300.00","71,800.00","72,600.00",0.00,0.00,"342,300.00"
01/12/2025,"72,600.00","74,000.00","71,800.00","73,000.00",100.00,0.00,"435,100.00"
28/11/2025,"74,500.00","74,500.00","72,000.00","72,600.00","-1,000.00",-0.01,"651,300.00"
27/11/2025,"74,500.00","75,000.00","73,000.00","73,200.00",-800.00,-0.01,"379,300.00"
26/11/2025,"72,800.00","74,800.00","72,600.00","74,400.00","1,000.00",0.01,"424,200.00"
25/11/2025,"69,000.00","75,800.00","69,000.00","72,400.00","-2,800.00",-0.04,"1,250,800.00"
24/11/2025,"74,700.00","75,900.00","74,700.00","75,300.00",500.00,0.01,"489,400.00"
21/11/2025,"76,100.00","76,100.00","74,500.00","74,700.00","-1,600.00",-0.02,"891,900.00"
20/11/2025,"77,700.00","78,900.00","75,000.00","76,200.00","-2,500.00",-0.03,"1,491,300.00"
19/11/2025,"81,000.00","81,500.00","77,000.00","77,800.00","-3,800.00",-0.05,"1,896,400.00"
18/11/2025,"81,000.00","83,200.00","80,000.00","80,900.00",200.00,0.00,"1,379,100.00"
17/11/2025,"81,800.00","83,300.00","79,600.00","81,000.00","-1,500.00",-0.02,"1,425,900.00"
14/11/2025,"82,600.00","84,200.00","81,300.00","81,600.00",0.00,0.00,"921,000.00"
13/11/2025,"79,900.00","83,200.00","78,500.00","82,200.00","4,100.00",0.05,"2,228,900.00"
12/11/2025,"78,000.00","80,000.00","76,600.00","79,300.00","1,500.00",0.02,"929,400.00"
11/11/2025,"80,700.00","82,000.00","75,700.00","78,200.00","-4,300.00",-0.05,"995,600.00"
10/11/2025,"80,200.00","85,600.00","79,500.00","80,600.00",-200.00,0.00,"1,346,600.00"
07/11/2025,"77,000.00","82,500.00","76,600.00","80,200.00","2,900.00",0.04,"3,186,100.00"
06/11/2025,"77,700.00","78,900.00","76,200.00","77,000.00",-200.00,0.00,"587,100.00"
05/11/2025,"75,500.00","79,500.00","75,200.00","77,200.00","2,100.00",0.03,"662,100.00"
04/11/2025,"77,100.00","79,900.00","71,900.00","76,500.00","-3,600.00",-0.04,"1,794,700.00"
03/11/2025,"78,700.00","82,600.00","76,500.00","77,100.00","-2,400.00",-0.03,"1,896,300.00"
31/10/2025,"75,300.00","81,600.00","75,000.00","79,400.00","5,400.00",0.07,"3,378,800.00"
30/10/2025,"59,500.00","76,300.00","59,500.00","75,400.00","5,600.00",0.08,"2,260,700.00"
29/10/2025,"59,500.00","70,500.00","59,500.00","70,100.00",100.00,0.00,"323,100.00"
28/10/2025,"71,100.00","71,800.00","68,900.00","70,500.00","-1,200.00",-0.02,"458,700.00"
27/10/2025,"71,200.00","72,500.00","71,100.00","71,100.00",0.00,0.00,"577,600.00"
24/10/2025,"67,800.00","72,900.00","67,800.00","70,900.00","2,900.00",0.04,"973,600.00"
23/10/2025,"69,500.00","69,600.00","67,400.00","67,500.00","-1,900.00",-0.03,"861,800.00"
22/10/2025,"70,500.00","71,300.00","67,600.00","68,800.00","-1,600.00",-0.02,"425,000.00"
21/10/2025,"69,000.00","71,500.00","67,000.00","70,500.00",800.00,0.01,"734,600.00"
20/10/2025,"65,300.00","72,000.00","65,300.00","68,400.00","3,100.00",0.05,"1,039,600.00"
17/10/2025,"65,000.00","65,900.00","65,000.00","65,300.00",400.00,0.01,"281,300.00"
16/10/2025,"65,600.00","66,500.00","64,500.00","65,000.00","-1,100.00",-0.02,"391,500.00"
15/10/2025,"67,000.00","67,900.00","65,600.00","65,600.00","-1,600.00",-0.02,"412,900.00"
14/10/2025,"67,800.00","68,800.00","66,500.00","67,000.00",-800.00,-0.01,"372,200.00"
13/10/2025,"68,700.00","68,700.00","66,000.00","67,900.00",-600.00,-0.01,"200,200.00"
10/10/2025,"68,500.00","69,400.00","68,000.00","68,700.00",300.00,0.00,"237,500.00"
09/10/2025,"68,900.00","69,000.00","67,900.00","68,500.00",-400.00,-0.01,"178,000.00"
08/10/2025,"68,900.00","70,300.00","68,200.00","68,700.00",100.00,0.00,"173,500.00"
07/10/2025,"69,100.00","69,400.00","68,100.00","68,500.00",100.00,0.00,"113,600.00"
06/10/2025,"67,400.00","69,300.00","67,300.00","69,200.00","1,500.00",0.02,"146,400.00"
03/10/2025,"68,000.00","68,300.00","67,000.00","67,300.00","-1,100.00",-0.02,"168,100.00"
02/10/2025,"68,400.00","69,500.00","68,000.00","68,100.00",-300.00,0.00,"126,100.00"
01/10/2025,"68,000.00","69,000.00","68,000.00","68,400.00",0.00,0.00,"84,800.00"
30/09/2025,"69,300.00","69,400.00","67,800.00","68,000.00","-1,400.00",-0.02,"282,300.00"
29/09/2025,"70,000.00","70,000.00","69,000.00","69,300.00",-700.00,-0.01,"186,800.00"
26/09/2025,"70,200.00","70,500.00","69,500.00","69,800.00",-700.00,-0.01,"249,900.00"
25/09/2025,"70,500.00","71,100.00","70,000.00","70,200.00",100.00,0.00,"97,900.00"
24/09/2025,"70,400.00","70,500.00","69,800.00","70,500.00",200.00,0.00,"756,600.00"
23/09/2025,"70,400.00","71,000.00","70,000.00","70,300.00",-200.00,0.00,"137,800.00"
22/09/2025,"71,300.00","71,800.00","70,000.00","70,000.00","-1,400.00",-0.02,"310,800.00"
19/09/2025,"71,700.00","72,300.00","71,100.00","71,300.00",-500.00,-0.01,"162,200.00"
18/09/2025,"73,200.00","73,400.00","71,400.00","71,700.00","-1,500.00",-0.02,"236,200.00"
17/09/2025,"72,000.00","74,700.00","71,700.00","72,500.00",500.00,0.01,"383,900.00"
16/09/2025,"72,700.00","72,900.00","71,600.00","72,000.00",400.00,0.01,"284,800.00"
15/09/2025,"71,000.00","72,700.00","71,000.00","72,700.00","2,100.00",0.03,"319,500.00"
12/09/2025,"70,600.00","71,000.00","70,200.00","71,000.00","1,100.00",0.02,"174,700.00"
11/09/2025,"71,700.00","71,700.00","69,300.00","70,600.00","-1,000.00",-0.01,"485,900.00"
10/09/2025,"72,000.00","72,900.00","71,100.00","71,700.00",-100.00,0.00,"249,400.00"
09/09/2025,"72,900.00","73,000.00","71,200.00","72,000.00",-900.00,-0.01,"454,200.00"
08/09/2025,"75,000.00","75,300.00","71,800.00","72,000.00","-3,100.00",-0.04,"496,600.00"
05/09/2025,"75,199.08","75,892.61","74,307.39","74,505.54",-600.00,-0.01,"425,400.00"
04/09/2025,"73,812.01","75,694.46","73,812.01","75,100.00","1,400.00",0.02,"530,300.00"
03/09/2025,"73,019.39","74,307.39","73,019.39","73,812.01",200.00,0.00,"259,700.00"
29/08/2025,"74,010.16","74,703.69","72,325.86","73,019.39","-1,000.00",-0.01,"454,900.00"
28/08/2025,"74,307.39","75,000.92","73,514.78","73,613.85",-400.00,-0.01,"203,700.00"
27/08/2025,"73,217.55","74,604.62","73,217.55","74,307.39","1,600.00",0.02,"324,400.00"
26/08/2025,"72,722.16","73,514.78","72,127.70","73,217.55",500.00,0.01,"379,700.00"
25/08/2025,"77,279.68","77,279.68","72,127.70","72,424.93",-600.00,-0.01,"285,700.00"
22/08/2025,"73,316.62","74,802.77","72,028.63","72,226.78","-1,100.00",-0.01,"688,700.00"
21/08/2025,"74,406.46","74,802.77","72,821.24","73,217.55","-1,700.00",-0.02,"755,200.00"
20/08/2025,"77,180.61","77,279.68","72,821.24","74,406.46","-2,100.00",-0.03,"883,600.00"
19/08/2025,"76,487.07","78,270.45","75,694.46","77,180.61",100.00,0.00,"1,057,600.00"
18/08/2025,"78,468.60","79,063.06","76,487.07","76,487.07","-2,000.00",-0.03,"992,300.00"
15/08/2025,"80,053.83","80,450.13","76,288.92","78,072.30","-1,900.00",-0.02,"1,524,300.00"
14/08/2025,"81,242.74","81,738.13","79,360.29","80,053.83",-200.00,0.00,"794,100.00"
13/08/2025,"80,251.98","82,233.51","78,369.53","81,242.74","2,100.00",0.03,"1,761,500.00"
12/08/2025,"80,450.13","81,738.13","77,775.07","79,657.52","-1,100.00",-0.01,"1,632,200.00"
11/08/2025,"80,846.44","83,026.12","79,360.29","80,351.06","1,000.00",0.01,"1,174,800.00"
08/08/2025,"75,496.31","83,719.66","75,496.31","80,648.28","4,800.00",0.06,"3,733,800.00"
07/08/2025,"76,090.77","77,180.61","75,000.92","75,496.31",800.00,0.01,"1,082,900.00"
06/08/2025,"72,424.93","76,189.84","72,127.70","76,090.77","3,800.00",0.05,"1,936,700.00"
05/08/2025,"72,424.93","72,920.32","71,434.17","72,524.01",100.00,0.00,"1,180,100.00"
04/08/2025,"72,127.70","73,217.55","72,028.63","72,524.01",300.00,0.00,"395,700.00"
01/08/2025,"72,028.63","74,109.23","71,434.17","72,127.70",-200.00,0.00,"566,800.00"
31/07/2025,"73,514.78","74,901.85","71,136.94","72,028.63","-1,300.00",-0.02,"1,368,300.00"
30/07/2025,"72,524.01","74,505.54","72,424.93","73,514.78","-1,600.00",-0.02,"768,900.00"
29/07/2025,"77,279.68","78,270.45","72,424.93","72,524.01","-5,100.00",-0.07,"1,668,800.00"
28/07/2025,"76,487.07","78,666.75","75,991.69","77,279.68","1,500.00",0.02,"943,600.00"
25/07/2025,"73,812.01","76,784.30","73,514.78","76,487.07","2,400.00",0.03,"1,908,700.00"
24/07/2025,"74,307.39","74,802.77","73,316.62","73,514.78",-100.00,0.00,"717,000.00"
23/07/2025,"74,307.39","74,604.62","73,118.47","74,307.39","1,500.00",0.02,"596,200.00"
22/07/2025,"73,019.39","73,812.01","72,028.63","73,415.70",100.00,0.00,"559,900.00"
21/07/2025,"74,010.16","74,010.16","72,623.09","73,019.39","-1,100.00",-0.01,"650,700.00"
18/07/2025,"74,505.54","75,100.00","73,812.01","74,010.16",-600.00,-0.01,"726,300.00"
17/07/2025,"74,604.62","75,298.15","74,109.23","74,505.54",400.00,0.01,"743,900.00"
16/07/2025,"73,712.93","74,505.54","73,613.85","74,109.23",100.00,0.00,"300,100.00"
15/07/2025,"74,802.77","76,189.84","63,607.12","73,712.93","-1,100.00",-0.01,"1,031,300.00"
14/07/2025,"74,802.77","75,793.54","74,307.39","75,100.00",-300.00,0.00,"577,500.00"
11/07/2025,"75,694.46","76,288.92","74,802.77","74,802.77",-900.00,-0.01,"663,800.00"
10/07/2025,"74,307.39","76,288.92","74,307.39","75,199.08",900.00,0.01,"915,500.00"
09/07/2025,"74,406.46","75,000.92","74,010.16","74,208.31",-200.00,0.00,"624,000.00"
08/07/2025,"74,802.77","75,000.92","73,812.01","74,109.23",-900.00,-0.01,"714,800.00"
07/07/2025,"74,802.77","76,288.92","74,406.46","74,604.62",300.00,0.00,"804,800.00"
04/07/2025,"73,415.70","74,901.85","73,118.47","74,505.54","1,100.00",0.01,"988,200.00"
03/07/2025,"72,821.24","74,010.16","72,325.86","73,316.62",700.00,0.01,"640,400.00"
02/07/2025,"72,524.01","73,019.39","72,325.86","72,821.24",-100.00,0.00,"429,000.00"
01/07/2025,"74,010.16","74,109.23","72,325.86","72,524.01","-1,400.00",-0.02,"616,100.00"
30/06/2025,"72,920.32","74,505.54","72,821.24","73,613.85",800.00,0.01,"585,600.00"
27/06/2025,"71,632.32","73,316.62","71,533.25","72,920.32","1,500.00",0.02,"880,800.00"
26/06/2025,"71,533.25","71,929.55","71,136.94","71,434.17",-100.00,0.00,"277,000.00"
25/06/2025,"71,533.25","72,028.63","71,037.86","71,236.02",-100.00,0.00,"375,700.00"
24/06/2025,"70,542.48","71,830.47","70,542.48","71,335.09","1,000.00",0.01,"288,100.00"
23/06/2025,"70,938.79","71,236.02","69,452.64","70,344.33","-1,200.00",-0.02,"524,500.00"
20/06/2025,"71,929.55","72,524.01","71,037.86","71,236.02",-600.00,-0.01,"386,400.00"
19/06/2025,"71,929.55","72,325.86","71,434.17","71,830.47",-800.00,-0.01,"349,900.00"
18/06/2025,"73,217.55","73,613.85","71,632.32","71,929.55","-1,000.00",-0.01,"667,600.00"
17/06/2025,"73,812.01","74,010.16","72,424.93","72,920.32",0.00,0.00,"498,500.00"
16/06/2025,"71,533.25","74,010.16","70,542.48","73,712.93","1,900.00",0.03,"673,900.00"
13/06/2025,"74,208.31","74,406.46","70,443.40","71,533.25","-3,000.00",-0.04,"1,317,600.00"
12/06/2025,"75,496.31","77,081.53","73,316.62","74,208.31",-300.00,0.00,"750,600.00"
11/06/2025,"71,236.02","76,883.38","70,641.56","75,298.15","4,200.00",0.06,"2,019,400.00"
10/06/2025,"69,155.41","72,325.86","68,362.80","71,037.86","1,900.00",0.03,"910,100.00"
09/06/2025,"70,245.25","70,344.33","68,362.80","68,759.10","-2,400.00",-0.03,"441,600.00"
06/06/2025,"70,542.48","72,623.09","69,948.02","70,146.17",-100.00,0.00,"730,200.00"
05/06/2025,"68,660.03","70,839.71","68,660.03","70,542.48","2,100.00",0.03,"847,700.00"
04/06/2025,"67,471.11","68,759.10","67,471.11","68,660.03","1,200.00",0.02,"603,900.00"
03/06/2025,"66,777.57","67,768.34","66,777.57","67,372.03",600.00,0.01,"261,900.00"
02/06/2025,"66,579.42","67,471.11","66,381.27","67,173.88",-400.00,-0.01,"316,200.00"
30/05/2025,"68,560.95","68,560.95","67,173.88","67,372.03","-1,000.00",-0.01,"338,900.00"
29/05/2025,"68,164.64","69,155.41","67,867.41","68,164.64",0.00,0.00,"271,900.00"
28/05/2025,"68,362.80","68,759.10","67,570.18","67,966.49",-200.00,0.00,"286,900.00"
27/05/2025,"69,155.41","69,155.41","67,768.34","68,263.72",500.00,0.01,"282,400.00"
26/05/2025,"67,669.26","68,858.18","66,876.65","68,858.18",900.00,0.01,"377,700.00"
23/05/2025,"67,669.26","69,254.49","67,372.03","67,669.26",0.00,0.00,"321,300.00"
22/05/2025,"68,461.87","68,759.10","67,272.96","67,372.03","-1,400.00",-0.02,"619,900.00"
21/05/2025,"70,245.25","70,344.33","67,867.41","68,362.80","-1,200.00",-0.02,"643,300.00"
20/05/2025,"69,948.02","70,344.33","69,155.41","69,551.72",-800.00,-0.01,"485,300.00"
19/05/2025,"71,533.25","71,533.25","69,551.72","69,948.02","-1,800.00",-0.02,"442,100.00"
16/05/2025,"71,335.09","72,821.24","70,245.25","71,533.25",-300.00,0.00,"673,900.00"
15/05/2025,"72,821.24","72,821.24","71,236.02","71,830.47",400.00,0.01,"433,800.00"
14/05/2025,"70,344.33","72,623.09","69,848.94","72,424.93","2,200.00",0.03,"1,027,500.00"
13/05/2025,"69,650.79","70,740.63","69,650.79","69,948.02",400.00,0.01,"485,300.00"
12/05/2025,"69,848.94","70,542.48","69,056.33","69,650.79",-300.00,0.00,"358,600.00"
09/05/2025,"69,353.56","70,344.33","69,155.41","69,749.87",600.00,0.01,"547,400.00"
08/05/2025,"69,353.56","69,948.02","68,362.80","69,353.56",300.00,0.00,"407,500.00"
07/05/2025,"69,452.64","69,948.02","68,660.03","69,056.33",-400.00,-0.01,"402,700.00"
06/05/2025,"67,768.34","70,344.33","67,768.34","69,452.64","1,900.00",0.03,"804,000.00"
05/05/2025,"68,362.80","69,353.56","66,480.34","67,768.34",700.00,0.01,"206,100.00"
29/04/2025,"68,065.57","68,065.57","66,282.19","67,372.03",-800.00,-0.01,"272,700.00"
28/04/2025,"67,570.18","70,047.10","67,372.03","67,471.11",-500.00,-0.01,"375,400.00"
25/04/2025,"68,858.18","69,650.79","66,975.73","67,669.26","-1,900.00",-0.03,"458,600.00"
24/04/2025,"66,876.65","71,929.55","66,777.57","68,759.10","2,800.00",0.04,"841,900.00"
23/04/2025,"62,220.05","67,867.41","62,021.90","66,876.65","6,100.00",0.10,"708,700.00"
22/04/2025,"63,805.28","63,805.28","56,572.69","62,220.05","-2,100.00",-0.03,"658,100.00"
21/04/2025,"64,796.04","65,390.50","63,706.20","64,003.43","-1,000.00",-0.02,"173,300.00"
18/04/2025,"62,913.59","65,885.88","62,913.59","64,796.04","1,900.00",0.03,"340,600.00"
17/04/2025,"64,201.58","64,201.58","62,418.21","63,805.28",-900.00,-0.01,"329,700.00"
16/04/2025,"65,885.88","65,885.88","64,102.51","64,201.58","-1,400.00",-0.02,"417,400.00"
15/04/2025,"68,065.57","68,164.64","64,399.74","65,291.42","-2,600.00",-0.04,"611,100.00"
14/04/2025,"67,867.41","69,353.56","66,381.27","67,570.18",800.00,0.01,"422,100.00"
11/04/2025,"71,335.09","72,325.86","63,805.28","67,669.26","4,100.00",0.06,"1,182,900.00"
10/04/2025,"63,210.82","63,805.28","60,932.06","63,805.28","8,400.00",0.15,"164,600.00"
09/04/2025,"55,482.85","59,445.91","51,321.64","55,681.00","-1,700.00",-0.03,"811,800.00"
08/04/2025,"62,715.44","63,408.97","53,897.63","54,987.47","-4,600.00",-0.08,"1,033,500.00"
04/04/2025,"62,814.51","63,508.05","53,996.70","62,715.44",-800.00,-0.01,"1,033,500.00"
03/04/2025,"70,344.33","71,335.09","60,932.06","61,328.36","-10,400.00",-0.14,"1,567,300.00"
02/04/2025,"70,740.63","72,325.86","70,740.63","71,731.40",900.00,0.01,"302,000.00"
01/04/2025,"70,344.33","72,424.93","70,344.33","70,740.63",-100.00,0.00,"293,400.00"
31/03/2025,"74,307.39","74,307.39","69,948.02","72,325.86","-2,200.00",-0.03,"1,031,600.00"
28/03/2025,"75,496.31","75,694.46","74,208.31","74,307.39","-1,100.00",-0.01,"291,000.00"
27/03/2025,"76,288.92","76,288.92","74,901.85","75,298.15","-1,000.00",-0.01,"261,700.00"
26/03/2025,"76,189.84","77,081.53","75,892.61","76,189.84",0.00,0.00,"279,400.00"
25/03/2025,"76,586.15","76,883.38","75,892.61","75,991.69",-300.00,0.00,"290,800.00"
24/03/2025,"77,081.53","77,279.68","75,298.15","76,883.38",-300.00,0.00,"195,900.00"
21/03/2025,"77,775.07","77,973.22","75,595.38","77,081.53","1,600.00",0.02,"324,300.00"
20/03/2025,"75,496.31","76,189.84","74,901.85","76,090.77",-200.00,0.00,"211,600.00"
19/03/2025,"77,775.07","77,775.07","75,496.31","75,496.31","-1,100.00",-0.01,"286,200.00"
18/03/2025,"75,298.15","77,378.76","74,109.23","76,982.45","2,100.00",0.03,"397,500.00"
17/03/2025,"76,487.07","76,883.38","73,613.85","75,199.08","-1,800.00",-0.02,"699,600.00"
14/03/2025,"78,864.91","78,864.91","76,288.92","76,487.07","-2,400.00",-0.03,"677,800.00"
13/03/2025,"78,963.98","79,855.67","78,072.30","78,468.60",-700.00,-0.01,"482,500.00"
12/03/2025,"79,954.75","80,450.13","78,567.68","78,963.98",-600.00,-0.01,"656,000.00"
11/03/2025,"80,747.36","80,747.36","78,765.83","79,855.67","-1,400.00",-0.02,"567,100.00"
10/03/2025,"81,936.28","82,728.89","80,450.13","80,747.36","-1,300.00",-0.02,"437,200.00"
07/03/2025,"81,936.28","82,827.97","81,539.97","82,035.36",500.00,0.01,"457,800.00"
06/03/2025,"81,242.74","82,134.43","80,846.44","81,936.28",600.00,0.01,"432,400.00"
05/03/2025,"82,233.51","82,233.51","80,846.44","81,242.74",-600.00,-0.01,"400,000.00"
04/03/2025,"72,424.93","82,530.74","72,424.93","81,639.05",0.00,0.00,"573,400.00"
03/03/2025,"81,242.74","82,431.66","80,747.36","82,233.51","1,700.00",0.02,"555,200.00"
28/02/2025,"80,152.90","81,539.97","79,459.37","80,945.51","1,000.00",0.01,"589,500.00"
27/02/2025,"81,738.13","81,738.13","79,162.14","80,053.83",-500.00,-0.01,"398,400.00"
26/02/2025,"78,270.45","82,233.51","78,270.45","80,945.51","2,700.00",0.03,"693,000.00"
25/02/2025,"80,152.90","80,251.98","77,675.99","78,270.45","-1,600.00",-0.02,"912,900.00"
24/02/2025,"82,728.89","83,125.20","77,279.68","79,756.60","-3,400.00",-0.04,"1,557,000.00"
21/02/2025,"83,719.66","83,719.66","83,026.12","83,125.20",-600.00,-0.01,"368,300.00"
20/02/2025,"85,106.73","85,106.73","83,323.35","83,719.66",0.00,0.00,"340,200.00"
19/02/2025,"83,224.27","84,215.04","83,224.27","84,215.04","1,400.00",0.02,"307,700.00"
18/02/2025,"83,224.27","83,521.50","82,332.59","83,224.27",0.00,0.00,"429,900.00"
17/02/2025,"84,710.42","85,403.96","82,629.82","82,827.97","-1,500.00",-0.02,"822,500.00"
14/02/2025,"84,115.96","85,403.96","83,818.73","85,007.65",900.00,0.01,"468,600.00"
13/02/2025,"85,602.11","85,602.11","83,719.66","83,917.81","-1,700.00",-0.02,"593,400.00"
12/02/2025,"85,205.80","86,394.72","84,908.58","85,503.03",500.00,0.01,"456,200.00"
11/02/2025,"84,115.96","85,403.96","83,224.27","85,205.80",-100.00,0.00,"514,100.00"
10/02/2025,"89,168.87","89,168.87","82,728.89","84,512.27","-4,900.00",-0.05,"1,734,900.00"
07/02/2025,"91,150.40","91,150.40","88,475.33","89,069.79","-2,200.00",-0.02,"673,300.00"
06/02/2025,"90,159.63","92,339.31","89,961.48","90,258.71",500.00,0.01,"764,900.00"
05/02/2025,"87,286.41","90,555.94","87,286.41","90,456.86","1,900.00",0.02,"693,600.00"
04/02/2025,"87,583.64","89,862.40","87,583.64","89,267.94","1,100.00",0.01,"511,500.00"
03/02/2025,"89,862.40","90,754.09","86,989.18","87,583.64","-2,400.00",-0.03,"997,200.00"
24/01/2025,"90,357.78","91,150.40","89,069.79","90,754.09",0.00,0.00,"792,200.00"
23/01/2025,"92,141.16","92,141.16","90,159.63","90,357.78",-900.00,-0.01,"901,400.00"
22/01/2025,"89,664.25","92,042.08","89,664.25","91,348.55","3,100.00",0.03,"1,286,900.00"
21/01/2025,"86,196.57","89,664.25","85,503.03","89,664.25","3,600.00",0.04,"1,411,800.00"
20/01/2025,"88,178.10","88,178.10","85,304.88","85,998.42","-1,000.00",-0.01,"535,600.00"
17/01/2025,"85,503.03","88,079.02","85,403.96","87,286.41","2,800.00",0.03,"658,700.00"
16/01/2025,"83,125.20","85,602.11","82,827.97","85,403.96","3,000.00",0.04,"753,400.00"
15/01/2025,"83,224.27","83,521.50","81,242.74","82,431.66","-1,300.00",-0.02,"630,900.00"
14/01/2025,"83,224.27","84,710.42","82,827.97","83,125.20",0.00,0.00,"510,000.00"
13/01/2025,"85,701.19","85,701.19","81,242.74","83,224.27","-3,100.00",-0.04,"939,200.00"
10/01/2025,"87,781.79","88,574.41","83,521.50","84,413.19","-4,100.00",-0.05,"1,027,900.00"
09/01/2025,"88,178.10","91,051.32","87,781.79","87,781.79",0.00,0.00,"508,000.00"
08/01/2025,"90,060.55","90,060.55","86,394.72","88,178.10","-2,000.00",-0.02,"1,389,700.00"
07/01/2025,"90,456.86","91,150.40","89,168.87","89,367.02","-2,600.00",-0.03,"1,081,300.00"
06/01/2025,"91,447.63","93,627.31","90,159.63","90,555.94",-900.00,-0.01,"1,853,000.00"
03/01/2025,"91,249.47","92,537.47","90,655.01","90,754.09",100.00,0.00,"772,700.00"
02/01/2025,"90,853.17","91,645.78","89,763.32","91,249.47","1,000.00",0.01,"630,800.00"
31/12/2024,"90,952.24","91,348.55","89,565.17","90,853.17","1,100.00",0.01,"541,000.00"
30/12/2024,"89,267.94","91,150.40","88,079.02","91,150.40",700.00,0.01,"602,500.00"
27/12/2024,"93,131.93","93,131.93","88,673.48","89,267.94","-3,900.00",-0.04,"2,014,800.00"
26/12/2024,"93,924.54","95,014.38","92,636.54","92,834.70","-1,200.00",-0.01,"589,400.00"
25/12/2024,"94,618.07","96,104.22","92,240.24","93,924.54",300.00,0.00,"992,000.00"
24/12/2024,"94,419.92","95,014.38","92,735.62","94,122.69",-500.00,-0.01,"913,000.00"
23/12/2024,"95,113.46","96,797.76","93,528.23","94,419.92",-500.00,-0.01,"1,079,100.00"
20/12/2024,"93,131.93","95,509.76","93,131.93","95,014.38","3,000.00",0.03,"923,900.00"
19/12/2024,"90,060.55","94,618.07","87,979.95","93,231.00","3,600.00",0.04,"2,707,800.00"
18/12/2024,"89,961.48","90,754.09","88,871.64","90,060.55",0.00,0.00,"405,600.00"
17/12/2024,"89,664.25","90,655.01","89,466.09","89,961.48","1,400.00",0.02,"588,900.00"
16/12/2024,"88,772.56","89,664.25","87,682.72","89,466.09",900.00,0.01,"518,200.00"
13/12/2024,"88,772.56","89,664.25","87,682.72","88,772.56",-700.00,-0.01,"674,200.00"
12/12/2024,"91,249.47","92,636.54","87,781.79","88,871.64","-2,900.00",-0.03,"1,699,100.00"
11/12/2024,"92,141.16","93,131.93","90,655.01","91,348.55",500.00,0.01,"923,900.00"
10/12/2024,"91,150.40","92,141.16","89,664.25","91,645.78","1,300.00",0.01,"1,229,900.00"
09/12/2024,"89,664.25","92,042.08","89,565.17","91,150.40","1,700.00",0.02,"842,100.00"
06/12/2024,"87,682.72","90,655.01","87,187.34","89,565.17","1,300.00",0.01,"684,800.00"
05/12/2024,"89,763.32","92,042.08","82,233.51","87,385.49","-3,300.00",-0.04,"3,019,300.00"
04/12/2024,"91,150.40","92,537.47","89,168.87","90,853.17",-900.00,-0.01,"1,678,200.00"
03/12/2024,"92,438.39","94,122.69","90,159.63","90,456.86","-1,300.00",-0.01,"1,961,100.00"
02/12/2024,"90,159.63","93,131.93","89,763.32","92,240.24","2,600.00",0.03,"1,154,300.00"
29/11/2024,"87,187.34","90,853.17","86,691.95","90,159.63","4,200.00",0.05,"1,891,300.00"
28/11/2024,"83,620.58","87,286.41","83,620.58","87,187.34","4,400.00",0.05,"2,308,700.00"
27/11/2024,"81,738.13","83,818.73","80,351.06","83,620.58","1,200.00",0.01,"935,000.00"
26/11/2024,"82,134.43","84,413.19","81,143.67","81,242.74",-400.00,0.00,"1,315,700.00"
25/11/2024,"82,035.36","84,016.89","80,251.98","81,837.20",-300.00,0.00,"659,200.00"
22/11/2024,"81,539.97","84,215.04","80,251.98","82,134.43","2,300.00",0.03,"1,729,700.00"
21/11/2024,"77,081.53","82,233.51","76,288.92","81,539.97","5,500.00",0.07,"1,009,100.00"
20/11/2024,"79,261.21","80,053.83","70,344.33","77,081.53","-5,100.00",-0.06,"2,421,200.00"
19/11/2024,"84,115.96","85,205.80","77,279.68","79,063.06","-5,300.00",-0.06,"2,122,600.00"
18/11/2024,"84,215.04","85,800.26","82,431.66","84,115.96","1,800.00",0.02,"1,274,900.00"
15/11/2024,"81,242.74","86,196.57","79,855.67","84,314.12",900.00,0.01,"3,315,500.00"
14/11/2024,"85,304.88","85,899.34","80,846.44","81,044.59","-4,600.00",-0.05,"2,063,500.00"
13/11/2024,"86,493.80","87,088.26","83,620.58","85,205.80",700.00,0.01,"1,308,300.00"
12/11/2024,"83,719.66","87,979.95","81,341.82","86,493.80","2,200.00",0.03,"2,347,300.00"
11/11/2024,"82,629.82","89,168.87","81,044.59","82,530.74","1,700.00",0.02,"2,725,200.00"
08/11/2024,"77,675.99","82,431.66","76,982.45","82,035.36","5,700.00",0.07,"2,245,500.00"
07/11/2024,"73,712.93","80,251.98","71,929.55","77,675.99","5,200.00",0.07,"3,140,600.00"
06/11/2024,"72,028.63","73,613.85","71,236.02","72,127.70",600.00,0.01,"1,403,400.00"
05/11/2024,"70,245.25","72,127.70","70,245.25","72,028.63","2,800.00",0.04,"1,302,500.00"
04/11/2024,"68,660.03","71,236.02","67,372.03","70,245.25",900.00,0.01,"1,089,400.00"
01/11/2024,"71,037.86","71,533.25","68,065.57","68,660.03","-3,400.00",-0.05,"2,157,000.00"
31/10/2024,"72,325.86","73,712.93","70,740.63","70,839.71",-500.00,-0.01,"1,460,100.00"
30/10/2024,"72,722.16","73,415.70","70,344.33","71,632.32",0.00,0.00,"1,404,900.00"
29/10/2024,"68,362.80","73,911.08","68,362.80","72,722.16","4,500.00",0.07,"2,838,100.00"
28/10/2024,"65,786.81","69,749.87","65,786.81","68,362.80","2,900.00",0.04,"2,433,000.00"
25/10/2024,"64,696.97","66,183.11","64,696.97","65,786.81",600.00,0.01,"624,600.00"
24/10/2024,"64,895.12","65,885.88","64,498.81","64,597.89",100.00,0.00,"547,900.00"
23/10/2024,"64,399.74","65,390.50","64,003.43","64,696.97",100.00,0.00,"397,200.00"
22/10/2024,"65,588.65","65,984.96","63,012.66","64,399.74","-1,600.00",-0.02,"1,049,800.00"
21/10/2024,"65,885.88","66,777.57","64,498.81","65,588.65","-1,600.00",-0.02,"687,000.00"
18/10/2024,"66,381.27","68,263.72","66,381.27","66,480.34",500.00,0.01,"693,600.00"
17/10/2024,"66,381.27","66,975.73","64,895.12","66,876.65",600.00,0.01,"814,400.00"
16/10/2024,"66,183.11","66,678.50","65,885.88","66,282.19","-1,200.00",-0.02,"1,031,700.00"
15/10/2024,"68,660.03","69,650.79","66,084.04","66,183.11","-3,000.00",-0.04,"1,386,800.00"
14/10/2024,"66,381.27","70,542.48","66,381.27","68,660.03","2,300.00",0.03,"1,557,100.00"
11/10/2024,"65,885.88","67,173.88","65,390.50","66,876.65",800.00,0.01,"1,329,000.00"
10/10/2024,"65,588.65","66,777.57","65,489.58","65,786.81",300.00,0.00,"844,000.00"
09/10/2024,"63,012.66","66,777.57","62,418.21","65,588.65","2,600.00",0.04,"1,595,800.00"
08/10/2024,"63,508.05","63,508.05","62,715.44","63,012.66",-500.00,-0.01,"376,600.00"
07/10/2024,"64,102.51","64,300.66","63,012.66","63,408.97",-300.00,0.00,"264,300.00"
04/10/2024,"63,607.12","64,895.12","62,913.59","64,102.51",500.00,0.01,"446,800.00"
03/10/2024,"64,003.43","64,597.89","63,111.74","63,408.97",-600.00,-0.01,"494,100.00"
02/10/2024,"64,994.20","64,994.20","63,706.20","64,102.51","-1,200.00",-0.02,"484,400.00"
01/10/2024,"63,805.28","66,183.11","63,805.28","64,994.20","1,200.00",0.02,"510,100.00"
30/09/2024,"64,498.81","64,498.81","63,508.05","63,706.20",-900.00,-0.01,"456,600.00"
27/09/2024,"65,390.50","65,786.81","63,904.35","64,399.74","-1,400.00",-0.02,"999,300.00"
26/09/2024,"65,885.88","66,579.42","65,192.35","65,390.50",-500.00,-0.01,"730,300.00"
25/09/2024,"66,480.34","66,579.42","65,588.65","65,885.88",-600.00,-0.01,"741,700.00"
24/09/2024,"64,895.12","67,471.11","64,895.12","66,381.27","1,200.00",0.02,"623,200.00"
23/09/2024,"65,885.88","66,480.34","64,796.04","64,895.12","-1,900.00",-0.03,"685,200.00"
20/09/2024,"68,263.72","68,759.10","65,885.88","65,885.88","-1,900.00",-0.03,"1,045,500.00"
19/09/2024,"66,876.65","69,155.41","66,876.65","67,272.96","1,900.00",0.03,"888,900.00"
18/09/2024,"61,427.44","67,372.03","61,427.44","66,876.65","6,000.00",0.10,"2,198,100.00"
17/09/2024,"60,436.68","61,427.44","60,139.45","61,229.29",500.00,0.01,"445,800.00"
16/09/2024,"61,526.52","61,526.52","60,238.52","60,337.60","-1,300.00",-0.02,"507,001.00"
13/09/2024,"62,021.90","62,220.05","61,031.13","61,526.52",-500.00,-0.01,"237,300.00"
12/09/2024,"61,427.44","62,715.44","61,229.29","61,922.82","1,000.00",0.02,"597,078.00"
11/09/2024,"61,625.59","61,724.67","60,436.68","61,229.29",-700.00,-0.01,"604,500.00"
10/09/2024,"62,319.13","63,309.89","61,328.36","61,625.59",-500.00,-0.01,"537,500.00"
09/09/2024,"62,913.59","62,913.59","60,337.60","62,120.98",-500.00,-0.01,"330,900.00"
06/09/2024,"63,904.35","63,904.35","61,526.52","62,913.59","-1,400.00",-0.02,"984,100.00"
05/09/2024,"65,390.50","66,183.11","63,210.82","63,408.97","-2,100.00",-0.03,"1,055,000.00"
04/09/2024,"66,381.27","66,678.50","64,895.12","65,291.42","-1,700.00",-0.03,"735,700.00"
30/08/2024,"66,381.27","67,272.96","66,381.27","66,975.73",-400.00,-0.01,"637,100.00"
29/08/2024,"67,471.11","67,768.34","66,876.65","66,975.73",200.00,0.00,"621,100.00"
28/08/2024,"66,381.27","67,669.26","65,885.88","67,372.03","1,300.00",0.02,"898,400.00"
27/08/2024,"66,777.57","67,372.03","65,390.50","65,687.73","-1,700.00",-0.03,"968,700.00"
26/08/2024,"68,362.80","68,858.18","66,084.04","66,777.57",-900.00,-0.01,"800,400.00"
23/08/2024,"68,858.18","68,858.18","67,372.03","67,768.34","-1,100.00",-0.02,"1,179,100.00"
22/08/2024,"69,452.64","70,146.17","68,461.87","68,660.03",-700.00,-0.01,"901,900.00"
21/08/2024,"67,372.03","70,245.25","67,372.03","69,353.56","2,200.00",0.03,"1,591,400.00"
20/08/2024,"67,570.18","67,669.26","66,579.42","67,372.03",-300.00,0.00,"1,609,900.00"
19/08/2024,"67,372.03","68,263.72","67,173.88","67,570.18","1,600.00",0.02,"1,307,600.00"
16/08/2024,"64,102.51","67,372.03","63,408.97","67,173.88","3,100.00",0.05,"1,783,900.00"
15/08/2024,"67,173.88","67,272.96","62,913.59","63,210.82","-4,000.00",-0.06,"1,646,200.00"
14/08/2024,"66,084.04","68,660.03","66,084.04","66,480.34",400.00,0.01,"1,023,900.00"
13/08/2024,"63,012.66","68,660.03","63,012.66","66,876.65","4,200.00",0.07,"2,324,000.00"
12/08/2024,"62,715.44","63,805.28","62,021.90","62,814.51",900.00,0.01,"930,100.00"
09/08/2024,"61,229.29","63,309.89","60,733.91","62,715.44","1,600.00",0.03,"1,449,400.00"
08/08/2024,"62,418.21","62,715.44","59,445.91","60,337.60","-2,300.00",-0.04,"1,431,000.00"
07/08/2024,"62,517.28","64,300.66","61,229.29","62,418.21",500.00,0.01,"1,118,500.00"
06/08/2024,"60,535.75","63,111.74","59,644.06","62,220.05","1,200.00",0.02,"1,317,800.00"
05/08/2024,"63,607.12","63,607.12","58,950.53","59,941.29",-900.00,-0.01,"2,259,100.00"
02/08/2024,"65,093.27","66,381.27","56,572.69","63,607.12","-1,500.00",-0.02,"3,395,700.00"
01/08/2024,"72,920.32","72,920.32","62,220.05","62,418.21","-10,800.00",-0.15,"4,522,000.00"
31/07/2024,"75,991.69","78,270.45","70,839.71","71,830.47","-4,200.00",-0.05,"1,600,900.00"
30/07/2024,"75,793.54","78,072.30","74,307.39","75,991.69","2,700.00",0.04,"1,798,600.00"
29/07/2024,"72,325.86","75,298.15","70,344.33","74,703.69","4,500.00",0.06,"1,704,700.00"
26/07/2024,"73,118.47","74,010.16","67,471.11","72,028.63",-100.00,0.00,"1,903,000.00"
25/07/2024,"71,830.47","74,208.31","67,372.03","72,424.93","7,200.00",0.11,"755,500.00"
24/07/2024,"62,021.90","74,802.77","62,021.90","71,830.47","-1,100.00",-0.01,"4,173,800.00"
23/07/2024,"82,035.36","84,115.96","71,731.40","71,731.40","-12,700.00",-0.15,"2,587,000.00"
22/07/2024,"92,141.16","93,627.31","79,756.60","82,035.36","-11,100.00",-0.12,"1,764,600.00"
19/07/2024,"91,645.78","95,608.84","91,546.70","91,645.78",900.00,0.01,"566,800.00"
18/07/2024,"87,979.95","95,113.46","87,979.95","95,014.38","-1,400.00",-0.01,"1,181,500.00"
17/07/2024,"102,048.81","103,039.58","87,979.95","93,726.39","-9,500.00",-0.09,"2,197,700.00"
16/07/2024,"105,021.11","107,002.64","99,175.59","101,355.28","-5,700.00",-0.05,"1,617,500.00"
15/07/2024,"106,011.87","108,984.17","106,011.87","106,804.49","-1,100.00",-0.01,"493,500.00"
12/07/2024,"107,894.33","110,866.62","106,507.26","107,597.10","-2,400.00",-0.02,"821,900.00"
11/07/2024,"107,002.64","111,857.39","107,002.64","109,578.63",0.00,0.00,"566,100.00"
10/07/2024,"106,011.87","111,857.39","106,011.87","109,974.93","4,000.00",0.04,"1,638,500.00"
09/07/2024,"106,408.18","107,696.17","105,021.11","106,903.56",0.00,0.00,"654,800.00"
08/07/2024,"107,398.94","108,885.09","105,813.72","106,309.10","-1,300.00",-0.01,"585,300.00"
05/07/2024,"107,993.40","109,677.70","105,912.80","106,903.56",500.00,0.00,"682,600.00"
04/07/2024,"104,129.42","108,488.79","104,030.34","107,993.40","3,800.00",0.04,"960,700.00"
03/07/2024,"99,076.52","105,417.41","99,076.52","104,129.42",-500.00,0.00,"485,600.00"
02/07/2024,"102,940.50","105,615.57","102,940.50","105,219.26","2,800.00",0.03,"668,500.00"
01/07/2024,"102,346.04","104,030.34","101,157.12","103,435.88",400.00,0.00,"820,900.00"
28/06/2024,"106,011.87","106,011.87","101,058.05","102,346.04","-3,200.00",-0.03,"870,800.00"
27/06/2024,"89,267.94","107,894.33","89,267.94","105,813.72",900.00,0.01,"703,700.00"
26/06/2024,"104,030.34","106,210.03","102,742.35","105,912.80","3,700.00",0.04,"676,300.00"
25/06/2024,"102,940.50","105,021.11","100,661.74","103,832.19",600.00,0.01,"964,800.00"
24/06/2024,"108,686.94","108,984.17","100,265.44","103,039.58","-5,900.00",-0.05,"2,624,200.00"
21/06/2024,"109,479.55","111,560.16","107,597.10","108,686.94",0.00,0.00,"1,250,350.00"
20/06/2024,"107,993.40","112,154.62","106,309.10","109,974.93","4,300.00",0.04,"965,000.00"
19/06/2024,"107,795.25","109,974.93","103,039.58","107,894.33",100.00,0.00,"1,720,000.00"
18/06/2024,"104,030.34","111,956.46","103,634.04","104,922.03",900.00,0.01,"1,745,200.00"
17/06/2024,"97,094.99","106,408.18","97,094.99","106,011.87","10,200.00",0.11,"1,149,300.00"
14/06/2024,"90,060.55","102,940.50","90,060.55","99,076.52","9,100.00",0.10,"3,341,100.00"
13/06/2024,"87,286.41","91,447.63","87,286.41","90,159.63","2,900.00",0.03,"1,149,700.00"
12/06/2024,"87,682.72","88,970.71","85,899.34","88,871.64",500.00,0.01,"970,800.00"
11/06/2024,"89,168.87","90,456.86","87,583.64","87,682.72",-900.00,-0.01,"848,200.00"
10/06/2024,"89,565.17","89,664.25","88,178.10","88,673.48",100.00,0.00,"582,000.00"
07/06/2024,"89,763.32","89,763.32","87,979.95","89,466.09",-600.00,-0.01,"870,100.00"
06/06/2024,"92,438.39","92,834.70","88,673.48","89,267.94","-3,200.00",-0.03,"1,327,200.00"
05/06/2024,"90,754.09","94,122.69","90,754.09","91,150.40","1,100.00",0.01,"990,600.00"
04/06/2024,"87,583.64","91,546.70","87,583.64","90,754.09","2,900.00",0.03,"1,529,500.00"
03/06/2024,"86,493.80","89,168.87","86,493.80","87,583.64","1,200.00",0.01,"736,800.00"
31/05/2024,"86,592.88","88,178.10","85,106.73","86,493.80","1,200.00",0.01,"555,700.00"
30/05/2024,"84,413.19","86,989.18","84,215.04","86,592.88","-1,300.00",-0.01,"778,700.00"
29/05/2024,"87,682.72","92,042.08","85,998.42","86,196.57","-2,200.00",-0.02,"1,055,800.00"
28/05/2024,"88,178.10","90,159.63","86,989.18","89,664.25","5,200.00",0.06,"1,697,800.00"
27/05/2024,"85,602.11","86,989.18","83,521.50","86,989.18",0.00,0.00,"1,735,500.00"
24/05/2024,"91,051.32","91,150.40","84,710.42","85,602.11","-5,700.00",-0.06,"2,098,400.00"
23/05/2024,"93,528.23","95,113.46","87,286.41","91,150.40","-2,000.00",-0.02,"1,231,200.00"
22/05/2024,"91,051.32","95,113.46","89,168.87","93,330.08","5,400.00",0.06,"924,500.00"
21/05/2024,"91,744.85","92,735.62","85,701.19","91,051.32",0.00,0.00,"2,131,700.00"
20/05/2024,"88,178.10","94,122.69","88,178.10","91,744.85","5,800.00",0.07,"1,778,400.00"
17/05/2024,"80,450.13","88,871.64","79,756.60","88,178.10","8,700.00",0.11,"1,482,700.00"
16/05/2024,"76,883.38","81,143.67","76,883.38","80,450.13","5,700.00",0.08,"1,444,100.00"
15/05/2024,"72,325.86","78,072.30","72,226.78","76,784.30","5,600.00",0.08,"1,573,900.00"
14/05/2024,"70,740.63","72,325.86","69,749.87","72,325.86","2,100.00",0.03,"1,110,500.00"
13/05/2024,"68,957.26","71,335.09","68,858.18","70,740.63","3,000.00",0.04,"1,446,300.00"
10/05/2024,"66,975.73","70,047.10","66,480.34","68,957.26","1,000.00",0.01,"1,496,400.00"
09/05/2024,"69,353.56","69,749.87","66,876.65","66,975.73","-2,000.00",-0.03,"1,607,000.00"
08/05/2024,"68,263.72","70,344.33","68,164.64","69,353.56","1,500.00",0.02,"1,240,300.00"
07/05/2024,"65,786.81","69,155.41","65,786.81","68,362.80","2,400.00",0.04,"1,033,400.00"
06/05/2024,"65,390.50","67,372.03","64,895.12","65,786.81",-700.00,-0.01,"1,394,300.00"
03/05/2024,"68,362.80","69,254.49","62,418.21","65,390.50","-1,900.00",-0.03,"2,256,800.00"
02/05/2024,"67,867.41","68,461.87","66,381.27","68,164.64","2,900.00",0.04,"1,791,300.00"
26/04/2024,"62,715.44","67,372.03","61,427.44","66,975.73","4,300.00",0.07,"1,884,100.00"
25/04/2024,"63,309.89","64,399.74","60,832.98","62,715.44","3,100.00",0.05,"2,150,200.00"
24/04/2024,"56,473.61","61,427.44","56,473.61","60,832.98","5,800.00",0.10,"1,301,500.00"
23/04/2024,"54,293.93","57,365.30","53,005.94","57,266.23","4,900.00",0.09,"2,358,900.00"
22/04/2024,"51,717.94","53,402.24","51,717.94","52,906.86","1,400.00",0.03,"1,144,300.00"
19/04/2024,"51,321.64","52,609.63","49,835.49","51,717.94",500.00,0.01,"1,526,800.00"
17/04/2024,"51,123.48","53,402.24","50,330.87","51,321.64","1,300.00",0.03,"1,142,000.00"
16/04/2024,"49,538.26","51,717.94","48,646.57","51,519.79","1,000.00",0.02,"1,999,000.00"
15/04/2024,"52,411.48","53,501.32","47,853.96","49,141.95","-3,300.00",-0.06,"2,507,800.00"
12/04/2024,"51,024.41","53,204.09","50,628.10","52,510.55","2,300.00",0.05,"1,166,700.00"
11/04/2024,"48,349.34","51,817.02","47,556.73","51,717.94","1,700.00",0.03,"1,717,100.00"
10/04/2024,"48,052.11","52,510.55","48,052.11","48,844.72",900.00,0.02,"1,885,400.00"
09/04/2024,"48,052.11","50,429.95","46,070.58","48,547.49","-2,000.00",-0.04,"2,277,700.00"
08/04/2024,"53,501.32","53,996.70","47,853.96","48,052.11","-6,400.00",-0.12,"3,137,800.00"
05/04/2024,"53,897.63","58,950.53","50,628.10","54,293.93",-600.00,-0.01,"2,443,700.00"
04/04/2024,"52,906.86","59,445.91","52,510.55","53,897.63","1,500.00",0.03,"3,081,500.00"
03/04/2024,"48,646.57","52,906.86","48,646.57","52,906.86","6,900.00",0.15,"2,233,200.00"
02/04/2024,"43,593.67","49,042.88","42,602.90","48,646.57","4,700.00",0.11,"3,169,400.00"
01/04/2024,"43,197.36","45,377.04","43,098.28","44,584.43","1,800.00",0.04,"2,121,600.00"
29/03/2024,"41,513.06","44,089.05","41,314.91","43,791.82","2,400.00",0.06,"2,851,900.00"
28/03/2024,"40,125.99","42,008.44","39,630.61","41,612.14","3,000.00",0.08,"1,935,000.00"
27/03/2024,"36,757.39","40,225.07","36,757.39","39,630.61","3,500.00",0.10,"3,886,600.00"
26/03/2024,"35,568.47","37,054.62","35,073.09","36,757.39","1,000.00",0.03,"712,200.00"
25/03/2024,"36,559.23","36,559.23","35,172.16","35,568.47","-1,200.00",-0.03,"1,157,200.00"
22/03/2024,"36,658.31","37,450.92","36,162.93","36,559.23",300.00,0.01,"972,500.00"
21/03/2024,"35,469.39","36,955.54","35,469.39","36,658.31","1,600.00",0.05,"1,233,900.00"
20/03/2024,"35,370.32","35,568.47","34,379.55","35,469.39",-200.00,-0.01,"857,100.00"
19/03/2024,"34,775.86","36,559.23","34,676.78","35,172.16",100.00,0.00,"898,900.00"
18/03/2024,"37,252.77","37,450.92","33,884.17","34,676.78","-2,700.00",-0.07,"2,863,400.00"
15/03/2024,"38,045.38","38,045.38","36,658.31","37,252.77",-800.00,-0.02,"1,935,100.00"
14/03/2024,"38,738.92","39,036.15","37,351.85","38,045.38",-600.00,-0.02,"2,128,900.00"
13/03/2024,"39,234.30","39,828.76","38,243.54","38,738.92",-700.00,-0.02,"2,584,800.00"
12/03/2024,"38,144.46","40,324.14","38,144.46","39,234.30","1,500.00",0.04,"2,980,500.00"
11/03/2024,"36,262.01","38,937.07","35,469.39","38,144.46","2,000.00",0.05,"2,094,300.00"
08/03/2024,"37,946.31","38,045.38","35,370.32","35,766.62","-1,700.00",-0.04,"2,430,500.00"
07/03/2024,"38,639.84","38,639.84","36,460.16","37,847.23",-700.00,-0.02,"2,285,000.00"
06/03/2024,"38,540.77","40,125.99","37,153.69","38,639.84","1,300.00",0.03,"2,906,800.00"
05/03/2024,"35,172.16","39,531.53","35,073.09","38,540.77","3,800.00",0.11,"2,254,900.00"
04/03/2024,"33,586.94","35,568.47","33,586.94","35,073.09","1,500.00",0.04,"2,143,400.00"
01/03/2024,"32,596.17","33,983.25","32,596.17","33,785.09","2,000.00",0.06,"1,432,300.00"
29/02/2024,"32,199.87","32,695.25","31,407.26","32,596.17",300.00,0.01,"1,364,800.00"
28/02/2024,"32,100.79","32,992.48","31,704.49","32,199.87",700.00,0.02,"1,379,000.00"
27/02/2024,"29,822.03","32,398.02","29,326.65","32,001.72","2,800.00",0.09,"1,963,000.00"
26/02/2024,"28,335.88","29,921.11","28,236.81","29,822.03","1,000.00",0.03,"1,144,600.00"
23/02/2024,"28,534.04","29,623.88","27,939.58","28,434.96",0.00,0.00,"1,702,500.00"
22/02/2024,"28,038.65","28,732.19","28,038.65","28,434.96",300.00,0.01,"759,900.00"
21/02/2024,"28,633.11","28,633.11","27,741.42","28,038.65",-400.00,-0.01,"643,600.00"
20/02/2024,"27,741.42","28,930.34","27,741.42","28,534.04","1,000.00",0.04,"1,606,900.00"
19/02/2024,"27,246.04","27,840.50","27,246.04","27,741.42",500.00,0.02,"749,900.00"
16/02/2024,"27,345.12","27,444.20","27,047.89","27,246.04",0.00,0.00,"534,500.00"
15/02/2024,"27,146.97","27,444.20","27,146.97","27,345.12",100.00,0.00,"509,400.00"
07/02/2024,"27,543.27","27,543.27","27,146.97","27,246.04",-200.00,-0.01,"505,600.00"
06/02/2024,"27,444.20","27,741.42","27,345.12","27,444.20",200.00,0.01,"470,500.00"
05/02/2024,"27,345.12","27,444.20","27,047.89","27,444.20",-100.00,0.00,"982,800.00"
02/02/2024,"28,137.73","28,137.73","27,345.12","27,345.12",-600.00,-0.02,"874,900.00"
01/02/2024,"27,444.20","28,335.88","27,246.04","27,840.50",300.00,0.01,"1,033,100.00"
31/01/2024,"26,849.74","28,038.65","26,849.74","27,444.20",800.00,0.03,"2,434,200.00"
30/01/2024,"27,543.27","27,543.27","26,453.43","26,651.58",0.00,0.00,"317,400.00"
29/01/2024,"26,156.20","26,948.81","26,156.20","26,750.66",0.00,0.00,"345,100.00"
26/01/2024,"26,750.66","26,948.81","26,552.51","26,651.58",0.00,0.00,"349,200.00"
25/01/2024,"26,849.74","26,948.81","26,552.51","26,750.66",-100.00,0.00,"368,100.00"
24/01/2024,"27,246.04","27,345.12","26,750.66","26,849.74",-500.00,-0.02,"436,800.00"
23/01/2024,"27,047.89","27,741.42","27,047.89","27,146.97",300.00,0.01,"1,207,300.00"
22/01/2024,"26,453.43","27,146.97","26,453.43","26,948.81",600.00,0.02,"1,364,800.00"
19/01/2024,"26,354.35","26,651.58","26,255.28","26,453.43",100.00,0.00,"408,900.00"
18/01/2024,"26,651.58","26,651.58","26,255.28","26,354.35",-200.00,-0.01,"224,700.00"
17/01/2024,"26,255.28","26,651.58","26,255.28","26,354.35",300.00,0.01,"559,000.00"
16/01/2024,"25,958.05","26,453.43","25,759.89","26,453.43",500.00,0.02,"301,000.00"
15/01/2024,"25,759.89","26,255.28","25,759.89","25,858.97",0.00,0.00,"267,800.00"
12/01/2024,"26,255.28","26,255.28","25,660.82","25,759.89",-600.00,-0.02,"893,700.00"
11/01/2024,"26,354.35","26,651.58","26,057.12","26,255.28",-100.00,0.00,"410,500.00"
10/01/2024,"26,849.74","26,948.81","26,156.20","26,255.28",-600.00,-0.02,"657,600.00"
09/01/2024,"26,651.58","27,146.97","26,552.51","26,651.58",200.00,0.01,"796,100.00"
08/01/2024,"26,453.43","26,651.58","26,255.28","26,552.51",100.00,0.00,"702,100.00"
05/01/2024,"26,651.58","26,849.74","26,255.28","26,354.35",-500.00,-0.02,"894,000.00"
04/01/2024,"27,047.89","27,543.27","26,552.51","26,651.58",300.00,0.01,"1,022,300.00"
03/01/2024,"25,561.74","27,246.04","25,462.66","27,047.89","1,500.00",0.06,"2,396,800.00"
02/01/2024,"25,561.74","25,858.97","25,462.66","25,561.74",-100.00,0.00,"307,800.00"
29/12/2023,"25,363.59","25,958.05","25,363.59","25,561.74",200.00,0.01,"459,600.00"
28/12/2023,"25,561.74","25,561.74","25,264.51","25,363.59",-200.00,-0.01,"343,400.00"
27/12/2023,"25,759.89","25,858.97","25,363.59","25,462.66",-300.00,-0.01,"384,800.00"
26/12/2023,"25,858.97","25,958.05","25,462.66","25,660.82",100.00,0.00,"535,100.00"
25/12/2023,"25,264.51","25,660.82","25,264.51","25,561.74",300.00,0.01,"411,000.00"
22/12/2023,"25,066.36","25,462.66","25,066.36","25,264.51",400.00,0.02,"425,400.00"
21/12/2023,"24,967.28","25,066.36","24,769.13","24,868.21",0.00,0.00,"178,000.00"
20/12/2023,"24,769.13","25,066.36","24,769.13","24,967.28",400.00,0.02,"348,300.00"
19/12/2023,"24,570.98","24,868.21","24,372.82","24,769.13",100.00,0.00,"535,300.00"
18/12/2023,"25,165.44","25,165.44","24,372.82","24,372.82",-800.00,-0.03,"687,600.00"
15/12/2023,"25,264.51","25,363.59","24,868.21","24,967.28",-400.00,-0.02,"511,900.00"
14/12/2023,"25,264.51","25,759.89","25,264.51","25,264.51",-300.00,-0.01,"670,300.00"
13/12/2023,"25,958.05","26,057.12","25,264.51","25,264.51",-700.00,-0.03,"977,300.00"
12/12/2023,"26,255.28","26,255.28","25,759.89","25,858.97",-300.00,-0.01,"718,400.00"
11/12/2023,"26,156.20","26,453.43","25,858.97","26,156.20",0.00,0.00,"502,000.00"
08/12/2023,"26,354.35","26,453.43","25,858.97","26,057.12",-300.00,-0.01,"909,700.00"
07/12/2023,"26,948.81","27,047.89","25,958.05","26,255.28",-600.00,-0.02,"1,340,700.00"
06/12/2023,"26,156.20","27,146.97","26,156.20","27,047.89","1,100.00",0.04,"2,112,100.00"
05/12/2023,"25,858.97","26,156.20","25,759.89","26,156.20",400.00,0.02,"1,159,600.00"
04/12/2023,"25,462.66","26,057.12","25,363.59","25,858.97",500.00,0.02,"1,253,900.00"
01/12/2023,"25,759.89","25,759.89","24,967.28","25,561.74",-200.00,-0.01,"630,200.00"
30/11/2023,"25,958.05","26,057.12","25,462.66","25,660.82",-200.00,-0.01,"535,400.00"
29/11/2023,"25,759.89","26,156.20","25,561.74","25,958.05",400.00,0.02,"642,600.00"
28/11/2023,"25,759.89","26,057.12","25,264.51","25,759.89",0.00,0.00,"673,100.00"
27/11/2023,"26,156.20","26,354.35","25,561.74","25,858.97",200.00,0.01,"412,400.00"
24/11/2023,"25,759.89","26,354.35","25,165.44","26,354.35",-100.00,0.00,"1,208,300.00"
23/11/2023,"26,552.51","27,146.97","25,264.51","25,759.89",-800.00,-0.03,"1,917,900.00"
22/11/2023,"26,849.74","27,047.89","26,156.20","26,651.58",-200.00,-0.01,"727,400.00"
21/11/2023,"26,552.51","27,444.20","26,057.12","26,651.58",700.00,0.03,"1,305,700.00"
20/11/2023,"26,354.35","26,552.51","24,769.13","26,552.51",0.00,0.00,"1,203,600.00"
17/11/2023,"26,750.66","27,345.12","25,958.05","26,750.66",100.00,0.00,"1,784,400.00"
16/11/2023,"25,958.05","27,246.04","25,561.74","27,146.97","1,000.00",0.04,"2,147,000.00"
15/11/2023,"25,958.05","26,453.43","25,759.89","25,958.05",300.00,0.01,"1,281,600.00"
14/11/2023,"25,561.74","26,057.12","25,363.59","25,958.05",500.00,0.02,"567,900.00"
13/11/2023,"25,363.59","25,858.97","24,967.28","25,759.89",-200.00,-0.01,"962,000.00"
10/11/2023,"26,453.43","26,453.43","25,363.59","25,462.66",-700.00,-0.03,"1,137,600.00"
09/11/2023,"26,057.12","26,552.51","25,660.82","26,453.43","1,300.00",0.05,"1,453,300.00"
08/11/2023,"24,769.13","26,057.12","24,372.82","25,958.05","1,200.00",0.05,"2,114,400.00"
07/11/2023,"24,967.28","25,561.74","24,273.75","24,670.05",-300.00,-0.01,"907,000.00"
06/11/2023,"24,769.13","25,462.66","24,471.90","25,363.59",700.00,0.03,"1,668,900.00"
03/11/2023,"24,967.28","25,462.66","24,174.67","24,769.13",400.00,0.02,"1,508,900.00"
02/11/2023,"24,273.75","25,066.36","23,282.98","24,967.28","1,600.00",0.07,"1,610,400.00"
01/11/2023,"24,868.21","24,868.21","22,490.37","24,075.59","-1,100.00",-0.04,"1,748,500.00"
31/10/2023,"26,255.28","26,651.58","24,075.59","24,471.90","-1,900.00",-0.07,"1,041,400.00"
30/10/2023,"26,948.81","27,246.04","25,561.74","26,057.12",-300.00,-0.01,"965,600.00"
27/10/2023,"26,849.74","27,840.50","25,561.74","26,948.81",-800.00,-0.03,"1,446,700.00"
26/10/2023,"28,732.19","29,425.73","26,651.58","27,444.20","-1,400.00",-0.05,"1,929,000.00"
25/10/2023,"27,939.58","29,326.65","27,741.42","28,732.19","1,000.00",0.04,"2,628,700.00"
24/10/2023,"27,642.35","28,236.81","27,246.04","27,741.42",100.00,0.00,"835,600.00"
23/10/2023,"28,534.04","28,534.04","26,948.81","27,741.42",-300.00,-0.01,"947,500.00"
20/10/2023,"27,642.35","28,732.19","27,642.35","28,534.04",200.00,0.01,"718,900.00"
19/10/2023,"28,732.19","28,930.34","27,939.58","28,137.73",0.00,0.00,"384,300.00"
18/10/2023,"27,741.42","28,732.19","27,543.27","28,732.19",0.00,0.00,"1,623,500.00"
17/10/2023,"29,227.57","29,425.73","27,939.58","28,038.65",-900.00,-0.03,"1,975,500.00"
16/10/2023,"28,732.19","29,623.88","28,137.73","29,326.65","1,600.00",0.06,"1,537,200.00"
13/10/2023,"26,552.51","28,732.19","26,552.51","28,732.19","2,200.00",0.08,"2,582,100.00"
12/10/2023,"25,561.74","27,246.04","25,561.74","26,948.81","1,600.00",0.06,"1,993,300.00"
11/10/2023,"24,967.28","25,759.89","24,769.13","25,759.89","1,100.00",0.04,"1,145,500.00"
10/10/2023,"23,282.98","25,264.51","23,282.98","25,264.51","2,100.00",0.09,"1,716,500.00"
09/10/2023,"22,985.75","23,679.29","22,886.68","23,679.29",800.00,0.03,"193,500.00"
06/10/2023,"22,589.45","23,282.98","22,589.45","22,985.75",400.00,0.02,"227,700.00"
05/10/2023,"22,589.45","22,688.52","22,292.22","22,589.45","1,000.00",0.05,"183,400.00"
04/10/2023,"22,787.60","22,787.60","20,310.69","22,589.45",-200.00,-0.01,"446,300.00"
03/10/2023,"22,985.75","23,183.91","22,391.29","22,886.68",-300.00,-0.01,"760,900.00"
02/10/2023,"22,886.68","23,382.06","22,787.60","22,985.75",-100.00,0.00,"250,400.00"
29/09/2023,"23,183.91","23,382.06","22,886.68","22,886.68",-100.00,0.00,"172,100.00"
28/09/2023,"23,282.98","23,282.98","22,688.52","23,183.91",600.00,0.03,"347,200.00"
27/09/2023,"22,985.75","23,183.91","22,292.22","23,183.91",200.00,0.01,"384,700.00"
26/09/2023,"23,183.91","23,382.06","22,688.52","22,886.68",-500.00,-0.02,"494,700.00"
25/09/2023,"23,481.13","24,273.75","22,985.75","23,183.91",-500.00,-0.02,"471,500.00"
22/09/2023,"24,372.82","24,372.82","23,481.13","23,580.21",-800.00,-0.03,"510,100.00"
21/09/2023,"24,471.90","24,769.13","24,174.67","24,471.90",200.00,0.01,"470,000.00"
20/09/2023,"24,273.75","24,570.98","23,976.52","24,471.90",800.00,0.03,"346,500.00"
19/09/2023,"23,580.21","24,075.59","23,481.13","24,075.59",400.00,0.02,"274,500.00"
18/09/2023,"24,075.59","24,075.59","23,481.13","23,481.13",-500.00,-0.02,"324,600.00"
15/09/2023,"24,174.67","24,471.90","23,679.29","23,976.52",-400.00,-0.02,"370,700.00"
14/09/2023,"24,570.98","24,967.28","23,976.52","24,174.67",-500.00,-0.02,"428,500.00"
13/09/2023,"24,769.13","24,967.28","24,273.75","24,570.98",100.00,0.00,"490,600.00"
12/09/2023,"24,769.13","24,769.13","24,174.67","24,670.05",-100.00,0.00,"450,900.00"
11/09/2023,"24,670.05","25,462.66","24,273.75","24,372.82",-500.00,-0.02,"816,500.00"
08/09/2023,"25,066.36","25,066.36","24,670.05","24,769.13",-200.00,-0.01,"487,300.00"
07/09/2023,"25,066.36","25,363.59","24,670.05","24,967.28",300.00,0.01,"596,900.00"
06/09/2023,"24,769.13","25,165.44","24,471.90","25,165.44",500.00,0.02,"722,500.00"
05/09/2023,"24,670.05","24,967.28","24,471.90","24,769.13",200.00,0.01,"417,800.00"
31/08/2023,"24,273.75","24,769.13","24,273.75","24,570.98",300.00,0.01,"721,700.00"
30/08/2023,"24,174.67","24,471.90","24,075.59","24,471.90",300.00,0.01,"363,200.00"
29/08/2023,"24,471.90","24,570.98","23,877.44","23,976.52",-300.00,-0.01,"413,900.00"
28/08/2023,"24,372.82","24,570.98","23,778.36","24,471.90",700.00,0.03,"344,200.00"
25/08/2023,"24,075.59","26,750.66","23,382.06","23,976.52",500.00,0.02,"551,100.00"
24/08/2023,"23,183.91","23,778.36","23,183.91","23,778.36",300.00,0.01,"261,600.00"
23/08/2023,"23,481.13","23,778.36","23,282.98","23,282.98",100.00,0.00,"173,900.00"
22/08/2023,"23,778.36","23,976.52","22,292.22","23,481.13",-300.00,-0.01,"565,100.00"
21/08/2023,"23,679.29","24,174.67","23,382.06","23,778.36",-600.00,-0.02,"500,300.00"
18/08/2023,"25,660.82","25,759.89","22,886.68","23,679.29","-2,100.00",-0.08,"1,446,100.00"
17/08/2023,"25,958.05","26,156.20","25,462.66","25,660.82",-100.00,0.00,"710,700.00"
16/08/2023,"24,868.21","25,958.05","24,868.21","25,958.05","1,000.00",0.04,"1,610,400.00"
15/08/2023,"25,066.36","25,165.44","24,868.21","24,868.21",-100.00,0.00,"316,100.00"
14/08/2023,"24,868.21","25,264.51","24,769.13","25,066.36",400.00,0.02,"464,400.00"
11/08/2023,"24,670.05","24,868.21","24,372.82","24,868.21",0.00,0.00,"540,300.00"
10/08/2023,"25,264.51","25,264.51","24,570.98","24,670.05",-600.00,-0.02,"682,500.00"
09/08/2023,"25,363.59","25,561.74","25,066.36","25,264.51",100.00,0.00,"431,000.00"
08/08/2023,"25,066.36","25,462.66","24,769.13","25,264.51",300.00,0.01,"859,500.00"
07/08/2023,"24,868.21","25,264.51","24,769.13","25,066.36",300.00,0.01,"684,900.00"
04/08/2023,"24,868.21","24,967.28","24,670.05","24,967.28",100.00,0.00,"758,200.00"
03/08/2023,"25,165.44","25,462.66","24,670.05","24,769.13",-400.00,-0.02,"1,076,300.00"
02/08/2023,"25,858.97","25,958.05","24,868.21","25,165.44","-1,100.00",-0.04,"1,709,500.00"
01/08/2023,"25,363.59","26,948.81","25,363.59","25,858.97",-300.00,-0.01,"1,750,200.00"
31/07/2023,"26,156.20","26,453.43","25,958.05","26,156.20",100.00,0.00,"823,500.00"
28/07/2023,"26,057.12","26,453.43","25,858.97","26,156.20",100.00,0.00,"341,000.00"
27/07/2023,"25,958.05","26,552.51","25,759.89","26,057.12",0.00,0.00,"703,000.00"
26/07/2023,"26,354.35","26,354.35","25,759.89","25,858.97",-700.00,-0.03,"579,400.00"
25/07/2023,"26,156.20","27,146.97","26,057.12","26,354.35",200.00,0.01,"1,375,500.00"
24/07/2023,"26,354.35","26,552.51","25,958.05","26,156.20",300.00,0.01,"723,800.00"
21/07/2023,"25,759.89","26,255.28","25,561.74","26,156.20",600.00,0.02,"806,600.00"
20/07/2023,"25,759.89","25,858.97","25,363.59","25,858.97",0.00,0.00,"572,700.00"
19/07/2023,"26,057.12","26,354.35","25,561.74","25,660.82",-600.00,-0.02,"788,200.00"
18/07/2023,"25,958.05","26,849.74","25,660.82","26,057.12",0.00,0.00,"792,700.00"
17/07/2023,"26,057.12","26,255.28","25,759.89","26,057.12",0.00,0.00,"655,600.00"
14/07/2023,"26,057.12","26,552.51","25,759.89","26,156.20",0.00,0.00,"814,100.00"
13/07/2023,"26,453.43","26,651.58","26,057.12","26,255.28",400.00,0.02,"496,300.00"
12/07/2023,"25,561.74","26,750.66","25,165.44","26,354.35",800.00,0.03,"1,389,700.00"
11/07/2023,"25,958.05","26,057.12","25,264.51","25,561.74",-200.00,-0.01,"942,600.00"
10/07/2023,"25,363.59","26,057.12","25,264.51","25,660.82",500.00,0.02,"1,177,100.00"
07/07/2023,"24,174.67","25,759.89","24,174.67","25,363.59","1,200.00",0.05,"2,615,200.00"
06/07/2023,"24,075.59","24,670.05","23,778.36","24,075.59",100.00,0.00,"872,100.00"
05/07/2023,"23,976.52","24,471.90","23,580.21","24,075.59",300.00,0.01,"898,000.00"
04/07/2023,"23,778.36","23,976.52","23,580.21","23,877.44",400.00,0.02,"388,900.00"
03/07/2023,"23,183.91","23,976.52","23,084.83","23,976.52",700.00,0.03,"714,000.00"
30/06/2023,"23,580.21","23,580.21","23,084.83","23,183.91",-700.00,-0.03,"590,900.00"
29/06/2023,"24,273.75","24,372.82","23,382.06","23,382.06",-900.00,-0.04,"976,400.00"
28/06/2023,"24,471.90","24,570.98","23,976.52","24,273.75",-200.00,-0.01,"697,800.00"
27/06/2023,"24,372.82","24,868.21","24,075.59","24,372.82",200.00,0.01,"694,100.00"
26/06/2023,"23,382.06","24,670.05","23,382.06","24,372.82","1,100.00",0.05,"1,930,900.00"
23/06/2023,"23,183.91","23,580.21","23,084.83","23,481.13",500.00,0.02,"1,095,100.00"
22/06/2023,"23,282.98","23,282.98","22,787.60","23,084.83",300.00,0.01,"460,800.00"
21/06/2023,"22,589.45","23,084.83","22,490.37","22,985.75",600.00,0.03,"580,400.00"
20/06/2023,"22,193.14","22,688.52","22,193.14","22,589.45",300.00,0.01,"335,600.00"
19/06/2023,"22,589.45","22,589.45","21,994.99","22,193.14",-400.00,-0.02,"325,600.00"
16/06/2023,"22,787.60","22,886.68","22,391.29","22,391.29",-200.00,-0.01,"453,500.00"
15/06/2023,"22,688.52","22,886.68","22,391.29","22,688.52",-200.00,-0.01,"474,800.00"
14/06/2023,"23,282.98","23,282.98","22,688.52","22,688.52",-500.00,-0.02,"589,700.00"
13/06/2023,"23,282.98","23,580.21","22,886.68","23,183.91",100.00,0.00,"419,300.00"
12/06/2023,"22,886.68","23,282.98","22,589.45","23,282.98",600.00,0.03,"826,200.00"
09/06/2023,"22,985.75","23,084.83","22,391.29","22,787.60",-500.00,-0.02,"809,700.00"
08/06/2023,"23,877.44","23,877.44","22,787.60","22,787.60",-800.00,-0.03,"899,600.00"
07/06/2023,"23,580.21","23,976.52","23,382.06","23,679.29",300.00,0.01,"742,700.00"
06/06/2023,"23,382.06","23,580.21","23,282.98","23,580.21",0.00,0.00,"581,900.00"
05/06/2023,"23,679.29","24,075.59","23,282.98","23,580.21",-100.00,0.00,"491,500.00"
02/06/2023,"22,985.75","24,273.75","22,985.75","23,679.29",900.00,0.04,"1,308,300.00"
01/06/2023,"22,985.75","23,084.83","22,589.45","22,985.75",0.00,0.00,"617,400.00"
31/05/2023,"23,382.06","23,382.06","22,886.68","23,084.83",200.00,0.01,"543,700.00"
30/05/2023,"22,985.75","23,282.98","22,589.45","23,183.91",200.00,0.01,"992,900.00"
29/05/2023,"22,985.75","23,382.06","22,688.52","22,985.75",100.00,0.00,"659,400.00"
26/05/2023,"22,490.37","23,183.91","22,292.22","22,985.75",800.00,0.04,"1,231,400.00"
25/05/2023,"21,994.99","22,490.37","21,994.99","22,292.22",200.00,0.01,"460,700.00"
24/05/2023,"22,193.14","22,391.29","21,895.91","21,994.99",-300.00,-0.01,"417,800.00"
23/05/2023,"22,589.45","22,589.45","21,994.99","22,094.06",-400.00,-0.02,"608,300.00"
22/05/2023,"21,400.53","22,886.68","21,400.53","22,589.45",900.00,0.04,"1,085,900.00"
19/05/2023,"21,895.91","21,895.91","21,499.60","21,796.83",100.00,0.00,"399,700.00"
18/05/2023,"21,598.68","21,895.91","21,400.53","21,796.83",0.00,0.00,"441,300.00"
17/05/2023,"21,697.76","22,193.14","21,400.53","21,598.68",-200.00,-0.01,"652,100.00"
16/05/2023,"21,895.91","22,094.06","21,400.53","21,697.76",-500.00,-0.02,"567,600.00"
15/05/2023,"22,292.22","22,589.45","21,697.76","21,895.91",-200.00,-0.01,"708,900.00"
12/05/2023,"21,895.91","22,391.29","21,697.76","22,292.22",300.00,0.01,"861,700.00"
11/05/2023,"22,193.14","22,292.22","21,796.83","21,895.91",-100.00,0.00,"436,000.00"
10/05/2023,"21,895.91","22,292.22","21,697.76","22,193.14",300.00,0.01,"721,800.00"
09/05/2023,"22,094.06","22,292.22","21,697.76","21,895.91",-100.00,0.00,"416,100.00"
08/05/2023,"21,202.37","22,292.22","21,202.37","22,094.06","1,100.00",0.05,"1,339,800.00"
05/05/2023,"20,905.15","21,202.37","20,905.15","21,103.30",0.00,0.00,"190,900.00"
04/05/2023,"20,806.07","21,400.53","20,806.07","21,103.30",300.00,0.01,"332,800.00"
28/04/2023,"21,004.22","21,103.30","20,706.99","20,905.15",0.00,0.00,"260,500.00"
27/04/2023,"20,607.92","21,103.30","20,409.76","20,806.07",400.00,0.02,"233,500.00"
26/04/2023,"20,607.92","20,607.92","20,211.61","20,607.92",-100.00,0.00,"289,300.00"
25/04/2023,"20,706.99","20,806.07","20,508.84","20,607.92",-100.00,0.00,"160,500.00"
24/04/2023,"20,905.15","20,905.15","20,607.92","20,706.99",-100.00,0.00,"154,100.00"
21/04/2023,"20,905.15","21,103.30","20,508.84","20,706.99",-200.00,-0.01,"171,500.00"
20/04/2023,"20,706.99","21,103.30","20,706.99","20,905.15",0.00,0.00,"204,200.00"
19/04/2023,"21,103.30","21,202.37","20,706.99","20,806.07",0.00,0.00,"292,600.00"
18/04/2023,"20,806.07","21,202.37","20,607.92","20,905.15",200.00,0.01,"225,300.00"
17/04/2023,"20,905.15","20,905.15","20,508.84","20,806.07",-300.00,-0.01,"266,200.00"
14/04/2023,"21,598.68","21,895.91","20,706.99","20,706.99","-1,100.00",-0.05,"585,400.00"
13/04/2023,"21,598.68","21,994.99","21,499.60","21,598.68",100.00,0.00,"566,100.00"
12/04/2023,"21,004.22","21,796.83","21,004.22","21,598.68",800.00,0.04,"818,500.00"
11/04/2023,"20,905.15","21,103.30","20,607.92","21,004.22",0.00,0.00,"355,100.00"
10/04/2023,"20,806.07","21,400.53","20,806.07","20,806.07",0.00,0.00,"373,000.00"
07/04/2023,"21,103.30","21,202.37","20,607.92","20,905.15",-400.00,-0.02,"366,400.00"
06/04/2023,"21,202.37","21,499.60","20,905.15","21,103.30",-400.00,-0.02,"636,900.00"
05/04/2023,"21,103.30","21,895.91","21,103.30","21,499.60",500.00,0.02,"421,600.00"
04/04/2023,"21,301.45","21,301.45","20,905.15","21,103.30",-200.00,-0.01,"378,100.00"
03/04/2023,"21,103.30","21,598.68","21,103.30","21,301.45",400.00,0.02,"474,000.00"
31/03/2023,"19,914.38","21,202.37","19,914.38","21,103.30","1,100.00",0.05,"1,175,200.00"
30/03/2023,"20,013.46","20,211.61","19,815.30","20,013.46",100.00,0.00,"195,900.00"
29/03/2023,"20,013.46","20,013.46","19,815.30","19,914.38",-100.00,0.00,"117,800.00"
28/03/2023,"20,112.53","20,310.69","19,914.38","20,013.46",0.00,0.00,"217,800.00"
27/03/2023,"19,815.30","20,112.53","19,815.30","20,013.46",100.00,0.00,"109,800.00"
24/03/2023,"19,815.30","20,013.46","19,716.23","19,815.30",100.00,0.01,"121,500.00"
23/03/2023,"19,617.15","19,815.30","19,617.15","19,815.30",0.00,0.00,"112,100.00"
22/03/2023,"20,013.46","20,013.46","19,716.23","19,815.30",100.00,0.01,"103,900.00"
21/03/2023,"19,815.30","19,914.38","19,419.00","19,914.38",100.00,0.00,"202,800.00"
20/03/2023,"19,914.38","20,112.53","19,617.15","19,716.23",-300.00,-0.01,"275,400.00"
17/03/2023,"20,112.53","20,211.61","19,914.38","20,112.53",100.00,0.00,"121,200.00"
16/03/2023,"20,211.61","20,211.61","19,914.38","20,211.61",0.00,0.00,"136,700.00"
15/03/2023,"20,013.46","20,409.76","20,013.46","20,409.76",600.00,0.03,"316,500.00"
14/03/2023,"20,112.53","20,112.53","19,716.23","19,815.30",-300.00,-0.01,"290,600.00"
13/03/2023,"20,508.84","20,607.92","20,013.46","20,112.53",-500.00,-0.02,"216,700.00"
10/03/2023,"20,508.84","21,004.22","20,211.61","20,508.84",100.00,0.00,"216,500.00"
09/03/2023,"20,409.76","20,607.92","20,112.53","20,508.84",400.00,0.02,"265,000.00"
08/03/2023,"20,013.46","20,310.69","19,815.30","20,310.69",100.00,0.00,"216,800.00"
07/03/2023,"20,211.61","20,310.69","20,112.53","20,211.61",0.00,0.00,"116,300.00"
06/03/2023,"20,112.53","20,508.84","20,013.46","20,211.61",100.00,0.00,"257,700.00"
03/03/2023,"20,211.61","20,508.84","19,815.30","20,112.53",-100.00,0.00,"225,500.00"
02/03/2023,"20,211.61","20,409.76","20,112.53","20,211.61",200.00,0.01,"111,100.00"
01/03/2023,"19,914.38","20,409.76","19,617.15","20,310.69",400.00,0.02,"213,300.00"
28/02/2023,"20,112.53","20,112.53","19,815.30","19,914.38",0.00,0.00,"172,000.00"
27/02/2023,"20,211.61","20,310.69","19,716.23","19,815.30",-500.00,-0.02,"335,200.00"
24/02/2023,"20,409.76","20,706.99","20,013.46","20,211.61",0.00,0.00,"162,600.00"
23/02/2023,"20,409.76","20,706.99","19,914.38","20,706.99",0.00,0.00,"437,100.00"
22/02/2023,"21,202.37","21,202.37","20,310.69","20,409.76","-1,000.00",-0.05,"528,500.00"
21/02/2023,"21,598.68","21,697.76","21,202.37","21,400.53",100.00,0.00,"457,900.00"
20/02/2023,"20,905.15","21,697.76","20,806.07","21,598.68",700.00,0.03,"464,500.00"
17/02/2023,"21,103.30","21,202.37","20,607.92","20,905.15",0.00,0.00,"212,800.00"
16/02/2023,"20,905.15","21,103.30","20,706.99","21,103.30",400.00,0.02,"282,100.00"
15/02/2023,"20,310.69","20,905.15","20,310.69","20,806.07",600.00,0.03,"453,700.00"
14/02/2023,"20,211.61","20,409.76","20,013.46","20,409.76",400.00,0.02,"167,400.00"
13/02/2023,"20,607.92","20,706.99","19,815.30","20,211.61",-500.00,-0.02,"431,800.00"
10/02/2023,"20,806.07","20,905.15","20,409.76","20,607.92",-200.00,-0.01,"215,800.00"
09/02/2023,"20,607.92","21,103.30","20,508.84","20,905.15",400.00,0.02,"329,300.00"
08/02/2023,"20,607.92","20,706.99","20,211.61","20,607.92",-100.00,0.00,"349,700.00"
07/02/2023,"20,508.84","21,103.30","20,409.76","20,607.92",100.00,0.00,"397,900.00"
06/02/2023,"21,004.22","21,103.30","20,310.69","20,508.84",-500.00,-0.02,"508,700.00"
03/02/2023,"21,103.30","21,499.60","20,706.99","21,103.30",-100.00,0.00,"444,800.00"
02/02/2023,"21,598.68","21,895.91","20,806.07","21,103.30","-1,100.00",-0.05,"824,900.00"
01/02/2023,"22,787.60","22,787.60","21,301.45","21,598.68",-600.00,-0.03,"848,600.00"
31/01/2023,"22,391.29","22,688.52","21,895.91","22,589.45",-100.00,0.00,"1,179,100.00"
30/01/2023,"22,985.75","23,084.83","22,391.29","22,391.29",-600.00,-0.03,"711,600.00"
27/01/2023,"23,183.91","23,778.36","22,787.60","22,985.75",300.00,0.01,"662,600.00"
19/01/2023,"22,886.68","22,886.68","22,490.37","22,886.68",0.00,0.00,"652,900.00"
18/01/2023,"22,490.37","23,282.98","22,490.37","22,886.68",500.00,0.02,"755,800.00"
17/01/2023,"22,193.14","22,490.37","22,193.14","22,490.37",300.00,0.01,"736,000.00"
16/01/2023,"22,193.14","22,490.37","21,994.99","22,094.06",0.00,0.00,"422,300.00"
13/01/2023,"21,400.53","22,589.45","21,400.53","22,193.14","1,000.00",0.05,"1,162,100.00"
12/01/2023,"21,400.53","21,598.68","21,004.22","21,400.53",100.00,0.00,"342,400.00"
11/01/2023,"21,103.30","21,598.68","21,103.30","21,301.45",200.00,0.01,"415,100.00"
10/01/2023,"21,301.45","21,400.53","20,806.07","21,202.37",-200.00,-0.01,"331,600.00"
09/01/2023,"21,598.68","21,796.83","21,202.37","21,400.53",-300.00,-0.01,"288,900.00"
06/01/2023,"21,400.53","22,292.22","21,103.30","21,499.60",100.00,0.00,"1,135,600.00"
05/01/2023,"21,796.83","21,994.99","21,103.30","21,598.68",-100.00,0.00,"494,100.00"
04/01/2023,"21,103.30","22,292.22","21,103.30","21,697.76",900.00,0.04,"888,100.00"
03/01/2023,"19,815.30","21,202.37","19,815.30","21,103.30","1,300.00",0.06,"564,600.00"
30/12/2022,"19,914.38","20,013.46","19,716.23","19,815.30",-100.00,0.00,"195,200.00"
29/12/2022,"20,310.69","20,310.69","19,617.15","19,716.23",,,"302,900.00"
28/12/2022,"20,112.53","20,409.76","20,013.46","20,112.53",,,"187,700.00"
27/12/2022,"19,617.15","20,508.84","19,419.00","20,409.76",,,"494,400.00"
26/12/2022,"20,607.92","20,806.07","19,220.84","19,518.07",,,"662,000.00"
23/12/2022,"20,706.99","20,905.15","20,310.69","20,607.92",,,"290,500.00"
22/12/2022,"20,607.92","21,103.30","20,310.69","20,806.07",,,"453,700.00"
21/12/2022,"20,806.07","21,004.22","19,617.15","20,706.99",,,"728,600.00"
20/12/2022,"21,004.22","21,598.68","20,211.61","20,706.99",,,"1,308,500.00"
19/12/2022,"22,391.29","22,886.68","21,202.37","21,400.53",,,"1,190,800.00"
16/12/2022,"22,589.45","23,282.98","22,193.14","22,391.29",,,"1,317,600.00"
15/12/2022,"22,787.60","23,183.91","22,094.06","22,490.37",,,"847,700.00"
14/12/2022,"20,211.61","22,688.52","20,211.61","22,688.52",,,"2,172,400.00"
13/12/2022,"19,815.30","20,310.69","19,617.15","20,211.61",,,"507,700.00"
12/12/2022,"19,419.00","20,905.15","18,923.61","19,815.30",,,"610,900.00"
09/12/2022,"20,706.99","20,706.99","20,013.46","20,211.61",,,"421,600.00"
08/12/2022,"20,112.53","21,301.45","20,013.46","20,607.92",,,"601,000.00"
07/12/2022,"19,815.30","20,508.84","19,617.15","20,013.46",,,"476,600.00"
06/12/2022,"21,400.53","21,697.76","19,914.38","20,112.53",,,"1,013,200.00"
05/12/2022,"21,697.76","21,994.99","21,103.30","21,499.60",,,"721,200.00"
02/12/2022,"20,310.69","21,598.68","19,914.38","21,400.53",,,"819,200.00"
01/12/2022,"21,301.45","22,094.06","20,112.53","20,310.69",,,"1,291,400.00"
30/11/2022,"20,806.07","21,301.45","20,409.76","21,202.37",,,"605,100.00"
29/11/2022,"20,706.99","21,103.30","19,815.30","20,806.07",,,"959,500.00"
28/11/2022,"19,617.15","20,905.15","19,617.15","20,706.99",,,"693,700.00"
25/11/2022,"19,022.69","19,815.30","18,824.54","19,716.23",,,"474,300.00"
24/11/2022,"18,428.23","18,824.54","17,833.77","18,824.54",,,"500,500.00"
23/11/2022,"19,617.15","19,815.30","18,329.16","18,329.16",,,"455,800.00"
22/11/2022,"18,824.54","21,202.37","18,527.31","19,617.15",,,"850,000.00"
21/11/2022,"18,824.54","19,419.00","17,932.85","18,923.61",,,"577,800.00"
18/11/2022,"18,824.54","18,824.54","16,843.01","18,725.46",,,"785,300.00"
17/11/2022,"18,725.46","18,824.54","17,833.77","18,824.54",,,"495,700.00"
16/11/2022,"15,059.63","18,725.46","15,059.63","18,329.16",,,"1,346,000.00"
15/11/2022,"19,914.38","19,914.38","17,338.39","17,338.39",,,"799,400.00"
14/11/2022,"22,292.22","22,688.52","19,319.92","19,914.38",,,"677,500.00"
11/11/2022,"21,796.83","23,282.98","20,905.15","22,292.22",,,"751,500.00"
10/11/2022,"23,282.98","23,282.98","20,508.84","21,004.22",,,"860,700.00"
09/11/2022,"23,382.06","23,877.44","23,084.83","23,282.98",,,"282,300.00"
08/11/2022,"22,787.60","23,580.21","22,589.45","23,481.13",,,"328,200.00"
07/11/2022,"24,174.67","24,471.90","22,391.29","22,391.29",,,"646,700.00"
04/11/2022,"25,264.51","25,561.74","23,183.91","23,976.52",,,"808,800.00"
03/11/2022,"25,660.82","25,958.05","24,868.21","25,165.44",,,"540,900.00"
02/11/2022,"25,660.82","26,552.51","25,462.66","25,660.82",,,"713,500.00"
01/11/2022,"24,174.67","26,057.12","23,976.52","25,660.82",,,"777,300.00"
31/10/2022,"23,877.44","24,174.67","22,787.60","23,679.29",,,"408,800.00"
28/10/2022,"24,174.67","24,273.75","23,580.21","23,679.29",,,"410,000.00"
27/10/2022,"22,688.52","23,976.52","22,688.52","23,679.29",,,"305,600.00"
26/10/2022,"22,787.60","23,481.13","21,895.91","22,787.60",,,"357,100.00"
25/10/2022,"22,985.75","23,778.36","21,598.68","22,886.68",,,"566,100.00"
24/10/2022,"24,967.28","25,363.59","22,490.37","22,490.37",,,"634,100.00"
21/10/2022,"26,255.28","27,246.04","24,273.75","24,372.82",,,"1,016,100.00"
20/10/2022,"26,453.43","27,642.35","26,453.43","26,651.58",,,"339,500.00"
19/10/2022,"26,651.58","27,741.42","26,552.51","27,047.89",,,"388,700.00"
18/10/2022,"26,354.35","27,246.04","26,354.35","26,651.58",,,"410,100.00"
17/10/2022,"26,057.12","26,453.43","25,264.51","26,354.35",,,"397,700.00"
14/10/2022,"26,156.20","26,750.66","25,858.97","26,057.12",,,"398,300.00"
13/10/2022,"25,958.05","26,453.43","25,561.74","25,958.05",,,"377,500.00"
12/10/2022,"25,660.82","26,552.51","24,769.13","26,057.12",,,"512,400.00"
11/10/2022,"27,345.12","27,543.27","24,273.75","24,769.13",,,"956,800.00"
10/10/2022,"26,255.28","27,642.35","25,759.89","27,345.12",,,"599,700.00"
07/10/2022,"29,227.57","29,227.57","26,453.43","26,552.51",,,"850,800.00"
06/10/2022,"29,822.03","30,911.87","28,534.04","28,831.27",,,"1,239,022.00"
05/10/2022,"28,534.04","30,218.34","28,534.04","29,822.03",,,"654,600.00"
04/10/2022,"29,722.96","30,416.49","28,236.81","28,534.04",,,"653,800.00"
03/10/2022,"30,119.26","30,713.72","28,930.34","29,326.65",,,"1,064,100.00"
30/09/2022,"28,732.19","30,317.41","27,939.58","30,218.34",,,"1,403,800.00"
29/09/2022,"28,137.73","29,524.80","28,038.65","28,633.11",,,"1,019,700.00"
28/09/2022,"28,335.88","28,335.88","27,444.20","27,741.42",,,"372,200.00"
27/09/2022,"28,534.04","28,633.11","27,741.42","28,335.88",,,"303,300.00"
26/09/2022,"28,434.96","28,732.19","26,750.66","28,038.65",,,"597,600.00"
23/09/2022,"28,236.81","29,524.80","27,939.58","29,029.42",,,"613,200.00"
22/09/2022,"27,642.35","28,236.81","27,246.04","28,137.73",,,"303,000.00"
21/09/2022,"27,939.58","27,939.58","27,444.20","27,741.42",,,"241,300.00"
20/09/2022,"27,345.12","28,236.81","27,146.97","27,939.58",,,"314,900.00"
19/09/2022,"28,732.19","28,831.27","26,948.81","27,345.12",,,"773,100.00"
16/09/2022,"29,425.73","29,425.73","28,633.11","28,732.19",,,"398,500.00"
15/09/2022,"29,722.96","29,722.96","29,227.57","29,326.65",,,"273,000.00"
14/09/2022,"29,524.80","29,524.80","28,335.88","29,326.65",,,"323,400.00"
13/09/2022,"29,921.11","29,921.11","29,227.57","29,722.96",,,"205,100.00"
12/09/2022,"29,722.96","30,218.34","29,524.80","29,822.03",,,"317,300.00"
09/09/2022,"28,831.27","29,822.03","28,732.19","29,722.96",,,"579,500.00"
08/09/2022,"30,416.49","30,416.49","28,633.11","28,831.27",,,"902,900.00"
07/09/2022,"31,110.03","31,209.10","29,128.50","29,326.65",,,"1,539,800.00"
06/09/2022,"31,605.41","31,704.49","31,010.95","31,110.03",,,"680,000.00"
05/09/2022,"32,001.72","32,001.72","31,308.18","31,407.26",,,"531,800.00"
31/08/2022,"31,605.41","31,902.64","31,110.03","31,803.56",,,"630,800.00"
30/08/2022,"32,298.94","32,596.17","31,506.33","31,902.64",,,"1,113,000.00"
29/08/2022,"31,704.49","32,298.94","30,812.80","32,001.72",,,"1,569,300.00"
26/08/2022,"33,983.25","34,181.40","32,497.10","32,596.17",,,"1,357,800.00"
25/08/2022,"33,190.63","34,379.55","33,190.63","33,785.09",,,"1,430,400.00"
24/08/2022,"32,794.33","33,686.02","32,794.33","33,190.63",,,"630,600.00"
23/08/2022,"32,596.17","33,487.86","32,199.87","33,487.86",,,"993,300.00"
22/08/2022,"32,695.25","33,091.56","31,704.49","32,596.17",,,"1,125,000.00"
19/08/2022,"33,190.63","34,181.40","32,398.02","32,398.02",,,"1,429,500.00"
18/08/2022,"33,487.86","33,884.17","32,893.40","33,289.71",,,"981,900.00"
17/08/2022,"34,478.63","35,172.16","33,289.71","33,487.86",,,"1,429,600.00"
16/08/2022,"34,181.40","34,577.70","33,785.09","34,478.63",,,"901,900.00"
15/08/2022,"32,893.40","35,172.16","32,398.02","34,280.47",,,"2,671,200.00"
12/08/2022,"32,298.94","32,992.48","31,704.49","32,695.25",,,"960,000.00"
11/08/2022,"33,091.56","33,487.86","31,902.64","32,199.87",,,"1,465,200.00"
10/08/2022,"32,100.79","33,487.86","32,100.79","33,190.63",,,"1,642,600.00"
09/08/2022,"31,209.10","32,398.02","31,110.03","32,398.02",,,"903,300.00"
08/08/2022,"31,704.49","32,298.94","30,317.41","31,407.26",,,"1,640,900.00"
05/08/2022,"32,695.25","32,695.25","31,308.18","31,605.41",,,"1,218,500.00"
04/08/2022,"33,091.56","33,091.56","32,100.79","32,398.02",,,"754,300.00"
03/08/2022,"33,388.79","33,388.79","32,199.87","33,091.56",,,"1,017,900.00"
02/08/2022,"32,695.25","34,181.40","32,695.25","33,388.79",,,"2,055,000.00"
01/08/2022,"32,794.33","32,893.40","31,704.49","32,695.25",,,"832,900.00"
29/07/2022,"32,794.33","33,487.86","32,298.94","32,893.40",,,"744,100.00"
28/07/2022,"31,506.33","33,686.02","31,506.33","32,794.33",,,"1,573,100.00"
27/07/2022,"31,605.41","32,298.94","30,911.87","32,001.72",,,"717,200.00"
26/07/2022,"31,110.03","32,199.87","30,812.80","31,506.33",,,"738,200.00"
25/07/2022,"32,100.79","32,596.17","30,713.72","31,110.03",,,"730,900.00"
22/07/2022,"31,902.64","33,487.86","31,605.41","32,199.87",,,"1,482,100.00"
21/07/2022,"32,298.94","32,695.25","31,704.49","32,497.10",,,"726,900.00"
20/07/2022,"32,199.87","33,091.56","32,100.79","32,298.94",,,"1,081,700.00"
19/07/2022,"30,020.18","32,199.87","29,722.96","32,100.79",,,"1,698,100.00"
18/07/2022,"30,218.34","30,911.87","29,524.80","30,317.41",,,"609,500.00"
15/07/2022,"30,812.80","31,704.49","30,020.18","30,515.57",,,"1,229,500.00"
14/07/2022,"30,713.72","31,308.18","30,317.41","30,911.87",,,"790,800.00"
13/07/2022,"29,524.80","31,506.33","29,524.80","31,110.03",,,"1,526,000.00"
12/07/2022,"29,227.57","30,218.34","28,335.88","29,822.03",,,"1,364,600.00"
11/07/2022,"29,227.57","30,713.72","28,434.96","29,326.65",,,"1,159,900.00"
08/07/2022,"27,146.97","29,623.88","27,146.97","29,227.57",,,"1,596,300.00"
07/07/2022,"24,471.90","27,741.42","24,471.90","27,146.97",,,"1,855,300.00"
06/07/2022,"24,174.67","24,769.13","22,985.75","24,372.82",,,"541,400.00"
05/07/2022,"24,372.82","24,670.05","23,778.36","24,174.67",,,"171,500.00"
04/07/2022,"23,778.36","24,471.90","23,778.36","24,372.82",,,"287,500.00"
01/07/2022,"23,778.36","23,976.52","22,985.75","23,679.29",,,"367,300.00"
30/06/2022,"23,778.36","24,670.05","23,778.36","23,778.36",,,"235,600.00"
29/06/2022,"25,165.44","25,165.44","24,372.82","24,570.98",,,"167,000.00"
28/06/2022,"24,670.05","25,561.74","24,471.90","25,264.51",,,"468,000.00"
27/06/2022,"24,174.67","24,769.13","24,174.67","24,570.98",,,"263,800.00"
24/06/2022,"24,670.05","25,264.51","23,778.36","24,075.59",,,"176,000.00"
23/06/2022,"23,580.21","24,967.28","23,183.91","24,570.98",,,"301,500.00"
22/06/2022,"23,481.13","24,273.75","22,787.60","23,580.21",,,"235,800.00"
21/06/2022,"23,778.36","24,868.21","22,490.37","22,787.60",,,"661,600.00"
20/06/2022,"25,759.89","26,255.28","23,382.06","23,778.36",,,"538,000.00"
17/06/2022,"26,354.35","26,354.35","25,561.74","25,660.82",,,"432,600.00"
16/06/2022,"26,255.28","27,047.89","26,255.28","26,651.58",,,"346,300.00"
15/06/2022,"27,246.04","27,246.04","25,363.59","26,156.20",,,"545,300.00"
14/06/2022,"27,246.04","27,939.58","26,354.35","27,146.97",,,"500,700.00"
13/06/2022,"28,732.19","28,831.27","26,552.51","26,948.81",,,"1,045,900.00"
10/06/2022,"29,722.96","29,722.96","28,732.19","29,029.42",,,"520,700.00"
09/06/2022,"29,722.96","30,218.34","29,524.80","29,921.11",,,"378,500.00"
08/06/2022,"29,326.65","30,317.41","29,128.50","29,722.96",,,"634,100.00"
07/06/2022,"29,921.11","29,921.11","28,732.19","29,326.65",,,"785,900.00"
06/06/2022,"29,921.11","30,614.64","29,524.80","29,822.03",,,"726,800.00"
03/06/2022,"30,218.34","30,515.57","29,524.80","30,119.26",,,"540,400.00"
02/06/2022,"30,020.18","31,010.95","29,524.80","30,416.49",,,"823,800.00"
01/06/2022,"30,515.57","30,713.72","29,524.80","30,020.18",,,"781,500.00"
31/05/2022,"31,506.33","31,704.49","29,921.11","30,020.18",,,"1,172,500.00"
30/05/2022,"31,704.49","31,902.64","30,713.72","30,812.80",,,"673,200.00"
27/05/2022,"31,407.26","32,199.87","30,713.72","31,110.03",,,"595,200.00"
26/05/2022,"29,722.96","33,686.02","29,722.96","31,110.03",,,"1,109,900.00"
25/05/2022,"29,227.57","30,515.57","28,732.19","30,416.49",,,"1,043,700.00"
24/05/2022,"28,633.11","30,020.18","28,335.88","29,623.88",,,"531,900.00"
23/05/2022,"29,722.96","31,209.10","28,236.81","28,335.88",,,"758,500.00"
20/05/2022,"29,227.57","30,119.26","28,930.34","29,326.65",,,"827,400.00"
19/05/2022,"29,524.80","29,722.96","27,741.42","29,425.73",,,"561,300.00"
18/05/2022,"29,029.42","32,199.87","29,029.42","29,722.96",,,"827,400.00"
17/05/2022,"27,642.35","30,119.26","27,047.89","29,921.11",,,"1,031,400.00"
16/05/2022,"26,750.66","29,227.57","26,354.35","27,642.35",,,"447,400.00"
13/05/2022,"28,732.19","28,831.27","25,561.74","26,057.12",,,"1,480,600.00"
12/05/2022,"30,713.72","30,713.72","27,741.42","28,335.88",,,"1,766,800.00"
11/05/2022,"30,416.49","31,605.41","29,921.11","30,812.80",,,"549,200.00"
10/05/2022,"28,335.88","30,515.57","27,246.04","30,317.41",,,"1,236,800.00"
09/05/2022,"32,298.94","32,298.94","28,236.81","28,236.81",,,"2,324,700.00"
06/05/2022,"33,388.79","33,388.79","31,209.10","31,902.64",,,"947,200.00"
05/05/2022,"35,271.24","35,667.55","33,190.63","33,884.17",,,"1,056,100.00"
04/05/2022,"34,676.78","36,162.93","34,676.78","35,172.16",,,"815,500.00"
29/04/2022,"31,506.33","35,667.55","31,407.26","34,676.78",,,"2,888,100.00"
28/04/2022,"32,001.72","32,298.94","31,209.10","31,506.33",,,"914,000.00"
27/04/2022,"30,218.34","32,596.17","30,218.34","32,199.87",,,"791,400.00"
26/04/2022,"30,317.41","32,199.87","27,345.12","32,199.87",,,"1,284,400.00"
25/04/2022,"33,983.25","34,181.40","30,317.41","30,317.41",,,"2,130,500.00"
22/04/2022,"37,847.23","38,937.07","32,695.25","34,676.78",,,"2,388,700.00"
21/04/2022,"39,630.61","39,927.84","36,955.54","37,847.23",,,"1,550,700.00"
20/04/2022,"41,612.14","41,612.14","38,144.46","38,342.61",,,"1,804,600.00"
19/04/2022,"41,612.14","43,098.28","40,324.14","40,324.14",,,"2,242,300.00"
18/04/2022,"41,612.14","42,602.90","40,621.37","41,711.21",,,"1,441,100.00"
15/04/2022,"39,927.84","42,206.60","39,828.76","41,612.14",,,"1,855,100.00"
14/04/2022,"37,649.08","40,125.99","37,649.08","39,828.76",,,"2,738,500.00"
13/04/2022,"37,153.69","37,946.31","36,063.85","37,847.23",,,"1,021,000.00"
12/04/2022,"37,153.69","38,441.69","36,658.31","37,252.77",,,"905,400.00"
08/04/2022,"36,262.01","38,441.69","35,766.62","37,153.69",,,"1,854,800.00"
07/04/2022,"38,144.46","38,540.77","35,766.62","36,162.93",,,"1,300,100.00"
06/04/2022,"37,748.15","39,135.22","36,955.54","38,243.54",,,"1,441,000.00"
05/04/2022,"37,946.31","38,540.77","36,955.54","37,649.08",,,"1,772,800.00"
04/04/2022,"36,658.31","38,144.46","36,162.93","37,649.08",,,"2,691,900.00"
01/04/2022,"35,667.55","36,262.01","35,370.32","35,568.47",,,"891,100.00"
31/03/2022,"35,469.39","37,153.69","34,775.86","35,865.70",,,"1,274,900.00"
30/03/2022,"34,874.93","36,361.08","34,478.63","35,271.24",,,"1,498,100.00"
29/03/2022,"34,874.93","35,469.39","34,280.47","34,974.01",,,"987,100.00"
28/03/2022,"33,091.56","35,073.09","33,091.56","34,775.86",,,"2,663,200.00"
25/03/2022,"32,298.94","33,190.63","32,298.94","32,992.48",,,"630,700.00"
24/03/2022,"32,398.02","32,596.17","32,100.79","32,298.94",,,"430,000.00"
23/03/2022,"32,298.94","32,398.02","32,100.79","32,398.02",,,"336,900.00"
22/03/2022,"32,596.17","32,695.25","32,001.72","32,398.02",,,"349,300.00"
21/03/2022,"32,992.48","33,388.79","32,100.79","32,596.17",,,"500,600.00"
,,,,,,,
,,,,,,,
SIMPLIZE,,,,,,,
"Số 5 ngõ 316 Lê Trọng Tấn, Phường Khương Mai, Quận Thanh Xuân, TP.Hà Nội
",,,,,,,
Website: simplize.vn,,,,,,,
Email: info@simplize.vn,,,,,,,
Tel: (+84) 38 840 8668,,,,,,,
