Tên công ty,Công ty Cổ phần Hàng không VietJet,,,,,,
Tên báo cáo,Lịch sử giá,,,,,,
Ngày tải,24/03/2026,,,,,,
,,,,,,,
NGÀY,GIÁ MỞ CỬA,GIÁ CAO NHẤT,GIÁ THẤP NHẤT,GIÁ ĐÓNG CỬA,THAY ĐỔI GIÁ,% THAY ĐỔI,KHỐI LƯỢNG
24/03/2026,"151,800.00","152,000.00","146,700.00","147,800.00","-4,000.00",-0.03,"1,189,500.00"
23/03/2026,"152,500.00","153,300.00","151,100.00","151,800.00","-5,500.00",-0.03,"980,100.00"
20/03/2026,"157,500.00","157,500.00","151,300.00","157,300.00","-1,400.00",-0.01,"1,784,200.00"
19/03/2026,"158,400.00","158,800.00","155,000.00","158,700.00","-1,300.00",-0.01,"1,725,300.00"
18/03/2026,"156,200.00","160,000.00","155,200.00","160,000.00","3,000.00",0.02,"1,285,600.00"
17/03/2026,"154,000.00","157,000.00","154,000.00","157,000.00","3,000.00",0.02,"1,243,800.00"
16/03/2026,"156,000.00","156,000.00","152,600.00","154,000.00","-2,800.00",-0.02,"1,162,100.00"
13/03/2026,"152,600.00","157,000.00","152,600.00","156,800.00","4,000.00",0.03,"1,257,300.00"
12/03/2026,"155,000.00","157,900.00","152,800.00","152,800.00","-6,900.00",-0.04,"1,393,200.00"
11/03/2026,"157,000.00","160,000.00","152,800.00","159,700.00","4,700.00",0.03,"1,433,700.00"
10/03/2026,"154,300.00","156,000.00","150,700.00","155,000.00","2,000.00",0.01,"1,429,000.00"
09/03/2026,"149,500.00","153,000.00","145,500.00","153,000.00","-3,400.00",-0.02,"1,111,300.00"
06/03/2026,"156,000.00","158,500.00","152,200.00","156,400.00",0.00,0.00,"1,238,100.00"
05/03/2026,"163,300.00","163,700.00","156,000.00","156,400.00","-6,800.00",-0.04,"1,566,900.00"
04/03/2026,"163,600.00","166,000.00","155,800.00","163,200.00",-900.00,-0.01,"1,467,800.00"
03/03/2026,"168,300.00","170,000.00","164,100.00","164,100.00","-4,900.00",-0.03,"1,193,000.00"
02/03/2026,"170,500.00","171,600.00","168,200.00","169,000.00","-6,800.00",-0.04,"1,184,600.00"
27/02/2026,"177,800.00","178,500.00","175,200.00","175,800.00","-2,700.00",-0.02,"1,133,900.00"
26/02/2026,"177,500.00","179,100.00","173,700.00","178,500.00",0.00,0.00,"1,174,800.00"
25/02/2026,"180,200.00","183,500.00","177,000.00","178,500.00","-8,100.00",-0.04,"1,183,500.00"
24/02/2026,"174,900.00","186,600.00","170,700.00","186,600.00","11,700.00",0.07,"1,663,400.00"
23/02/2026,"169,500.00","175,000.00","169,200.00","174,900.00","5,700.00",0.03,"1,266,800.00"
13/02/2026,"168,000.00","169,500.00","165,500.00","169,200.00","1,200.00",0.01,"1,247,500.00"
12/02/2026,"168,000.00","170,000.00","165,700.00","168,000.00",0.00,0.00,"1,078,600.00"
11/02/2026,"162,500.00","168,000.00","161,200.00","168,000.00","5,000.00",0.03,"1,187,900.00"
10/02/2026,"164,000.00","165,000.00","161,500.00","163,000.00","-2,000.00",-0.01,"1,049,000.00"
09/02/2026,"166,000.00","168,500.00","164,500.00","165,000.00","-1,000.00",-0.01,"1,042,500.00"
06/02/2026,"165,000.00","166,100.00","161,400.00","166,000.00",-500.00,0.00,"1,268,400.00"
05/02/2026,"164,000.00","170,000.00","162,200.00","166,500.00","1,500.00",0.01,"1,515,400.00"
04/02/2026,"166,000.00","167,000.00","161,200.00","165,000.00","-3,000.00",-0.02,"1,312,300.00"
03/02/2026,"168,800.00","170,000.00","164,800.00","168,000.00","-2,000.00",-0.01,"1,304,800.00"
02/02/2026,"170,700.00","171,700.00","160,300.00","170,000.00",-500.00,0.00,"1,498,600.00"
30/01/2026,"164,300.00","170,500.00","159,400.00","170,500.00","6,500.00",0.04,"1,696,000.00"
29/01/2026,"172,000.00","172,900.00","161,000.00","164,000.00","-7,500.00",-0.04,"1,782,400.00"
28/01/2026,"179,000.00","180,200.00","166,600.00","171,500.00","-7,300.00",-0.04,"1,969,300.00"
27/01/2026,"182,200.00","183,500.00","178,800.00","178,800.00","-3,200.00",-0.02,"1,224,400.00"
26/01/2026,"189,700.00","189,900.00","182,000.00","182,000.00","-11,600.00",-0.06,"1,220,900.00"
23/01/2026,"181,500.00","193,600.00","179,900.00","193,600.00","12,600.00",0.07,"1,510,400.00"
22/01/2026,"181,000.00","182,100.00","179,100.00","181,000.00",-800.00,0.00,"1,307,700.00"
21/01/2026,"181,500.00","183,500.00","178,100.00","181,800.00",0.00,0.00,"1,463,200.00"
20/01/2026,"185,500.00","186,000.00","181,300.00","181,800.00","-3,200.00",-0.02,"1,416,900.00"
19/01/2026,"184,500.00","187,000.00","182,200.00","185,000.00","1,000.00",0.01,"1,083,300.00"
16/01/2026,"180,500.00","187,000.00","179,600.00","184,000.00","3,500.00",0.02,"1,380,500.00"
15/01/2026,"188,500.00","188,500.00","177,500.00","180,500.00","-8,900.00",-0.05,"1,674,500.00"
14/01/2026,"194,200.00","195,200.00","186,000.00","189,400.00","-5,600.00",-0.03,"1,902,700.00"
13/01/2026,"194,000.00","196,500.00","190,200.00","195,000.00",0.00,0.00,"1,639,400.00"
12/01/2026,"197,800.00","198,000.00","188,000.00","195,000.00","-3,700.00",-0.02,"1,966,900.00"
09/01/2026,"201,700.00","202,700.00","190,000.00","198,700.00","-4,300.00",-0.02,"2,533,600.00"
08/01/2026,"210,000.00","211,200.00","199,500.00","203,000.00","-6,600.00",-0.03,"2,229,900.00"
07/01/2026,"212,500.00","212,700.00","207,900.00","209,600.00","-2,600.00",-0.01,"1,487,800.00"
06/01/2026,"207,500.00","215,500.00","205,200.00","212,200.00","4,700.00",0.02,"2,090,200.00"
05/01/2026,"207,000.00","209,500.00","203,700.00","207,500.00","-1,500.00",-0.01,"1,788,000.00"
31/12/2025,"204,500.00","209,000.00","201,700.00","209,000.00","3,600.00",0.02,"1,395,200.00"
30/12/2025,"208,000.00","208,200.00","199,600.00","205,400.00","-2,800.00",-0.01,"1,702,600.00"
29/12/2025,"208,400.00","211,200.00","206,700.00","208,200.00",300.00,0.00,"1,680,400.00"
26/12/2025,"208,700.00","212,500.00","205,000.00","207,900.00","-4,100.00",-0.02,"1,665,600.00"
25/12/2025,"197,400.00","212,900.00","195,800.00","212,000.00","13,000.00",0.07,"3,518,200.00"
24/12/2025,"206,000.00","206,200.00","199,000.00","199,000.00","-7,500.00",-0.04,"1,833,200.00"
23/12/2025,"205,500.00","210,000.00","202,300.00","206,500.00",500.00,0.00,"1,843,400.00"
22/12/2025,"200,000.00","207,000.00","197,600.00","206,000.00","6,100.00",0.03,"1,857,400.00"
19/12/2025,"194,000.00","199,900.00","191,800.00","199,900.00","6,000.00",0.03,"2,115,800.00"
18/12/2025,"185,100.00","196,000.00","182,900.00","193,900.00","8,800.00",0.05,"2,130,100.00"
17/12/2025,"191,600.00","191,600.00","185,100.00","185,100.00","-6,400.00",-0.03,"1,511,100.00"
16/12/2025,"186,100.00","191,500.00","181,800.00","191,500.00","5,500.00",0.03,"1,586,300.00"
15/12/2025,"184,000.00","187,000.00","183,000.00","186,000.00","1,000.00",0.01,"1,403,500.00"
12/12/2025,"185,000.00","190,500.00","179,800.00","185,000.00","-3,000.00",-0.02,"1,994,200.00"
11/12/2025,"195,700.00","196,300.00","187,900.00","188,000.00","-8,600.00",-0.04,"1,748,000.00"
10/12/2025,"200,500.00","201,000.00","193,600.00","196,600.00","-3,400.00",-0.02,"2,538,900.00"
09/12/2025,"205,000.00","205,000.00","200,000.00","200,000.00","-6,400.00",-0.03,"1,981,000.00"
08/12/2025,"204,400.00","207,500.00","200,900.00","206,400.00","-1,100.00",-0.01,"1,673,000.00"
05/12/2025,"204,200.00","207,500.00","200,000.00","207,500.00","1,500.00",0.01,"2,320,700.00"
04/12/2025,"214,100.00","214,100.00","206,000.00","206,000.00","-8,000.00",-0.04,"2,249,900.00"
03/12/2025,"218,200.00","218,300.00","212,200.00","214,000.00","-3,900.00",-0.02,"1,692,700.00"
02/12/2025,"204,000.00","218,100.00","201,600.00","217,900.00","14,000.00",0.07,"3,559,400.00"
01/12/2025,"203,700.00","210,700.00","200,700.00","203,900.00",400.00,0.00,"1,854,100.00"
28/11/2025,"201,000.00","206,800.00","196,800.00","203,500.00","1,500.00",0.01,"1,487,300.00"
27/11/2025,"207,000.00","207,800.00","193,300.00","202,000.00","-5,800.00",-0.03,"4,882,800.00"
26/11/2025,"218,500.00","220,000.00","206,900.00","207,800.00","-11,300.00",-0.05,"2,250,800.00"
25/11/2025,"205,300.00","219,100.00","203,500.00","219,100.00","14,300.00",0.07,"3,212,400.00"
24/11/2025,"194,700.00","205,100.00","193,000.00","204,800.00","10,200.00",0.05,"2,856,900.00"
21/11/2025,"191,000.00","197,100.00","188,600.00","194,600.00","4,200.00",0.02,"1,923,700.00"
20/11/2025,"177,500.00","190,400.00","177,200.00","190,400.00","12,400.00",0.07,"3,009,500.00"
19/11/2025,"178,700.00","179,100.00","176,100.00","178,000.00","-1,100.00",-0.01,"1,811,700.00"
18/11/2025,"180,200.00","180,200.00","177,000.00","179,100.00",100.00,0.00,"1,830,000.00"
17/11/2025,"176,400.00","179,000.00","174,500.00","179,000.00","2,600.00",0.01,"1,912,600.00"
14/11/2025,"175,600.00","177,000.00","173,300.00","176,400.00",100.00,0.00,"1,849,300.00"
13/11/2025,"175,800.00","177,800.00","174,200.00","176,300.00",200.00,0.00,"1,857,900.00"
12/11/2025,"175,000.00","177,000.00","170,300.00","176,100.00","1,200.00",0.01,"1,922,100.00"
11/11/2025,"176,500.00","177,500.00","170,500.00","174,900.00","-1,600.00",-0.01,"2,016,700.00"
10/11/2025,"178,500.00","181,000.00","175,300.00","176,500.00","-1,500.00",-0.01,"1,928,500.00"
07/11/2025,"178,500.00","180,000.00","172,900.00","178,000.00","-2,900.00",-0.02,"2,066,800.00"
06/11/2025,"184,800.00","186,500.00","180,900.00","180,900.00","-3,600.00",-0.02,"1,768,700.00"
05/11/2025,"185,300.00","186,500.00","183,000.00","184,500.00","-1,300.00",-0.01,"2,043,500.00"
04/11/2025,"184,000.00","189,000.00","182,800.00","185,800.00","2,300.00",0.01,"2,129,600.00"
03/11/2025,"186,800.00","189,900.00","183,100.00","183,500.00","-3,500.00",-0.02,"2,409,100.00"
31/10/2025,"194,000.00","194,200.00","184,500.00","187,000.00","-8,500.00",-0.04,"2,801,200.00"
30/10/2025,"195,100.00","201,200.00","192,600.00","195,500.00",400.00,0.00,"2,386,700.00"
29/10/2025,"189,500.00","196,500.00","189,000.00","195,100.00","7,600.00",0.04,"2,318,200.00"
28/10/2025,"174,300.00","187,500.00","174,300.00","187,500.00","12,200.00",0.07,"3,724,300.00"
27/10/2025,"183,000.00","183,000.00","170,000.00","175,300.00","-4,700.00",-0.03,"3,024,700.00"
24/10/2025,"184,000.00","184,500.00","173,500.00","180,000.00","-4,000.00",-0.02,"3,503,900.00"
23/10/2025,"180,100.00","185,100.00","180,100.00","184,000.00","3,800.00",0.02,"2,601,400.00"
22/10/2025,"180,500.00","181,300.00","177,100.00","180,200.00",200.00,0.00,"2,921,000.00"
21/10/2025,"174,500.00","186,700.00","174,500.00","180,000.00","5,500.00",0.03,"4,128,300.00"
20/10/2025,"174,500.00","180,000.00","165,600.00","174,500.00",-500.00,0.00,"3,485,400.00"
17/10/2025,"173,600.00","179,000.00","169,000.00","175,000.00","1,500.00",0.01,"3,068,900.00"
16/10/2025,"164,000.00","173,500.00","161,200.00","173,500.00","10,400.00",0.06,"3,679,500.00"
15/10/2025,"156,700.00","163,100.00","152,800.00","163,100.00","10,600.00",0.07,"3,453,800.00"
14/10/2025,"145,500.00","152,500.00","143,600.00","152,500.00","9,900.00",0.07,"4,715,400.00"
13/10/2025,"131,900.00","142,600.00","130,000.00","142,600.00","9,300.00",0.07,"3,773,100.00"
10/10/2025,"133,500.00","134,500.00","132,000.00","133,300.00",200.00,0.00,"1,820,600.00"
09/10/2025,"133,500.00","133,500.00","131,100.00","133,100.00",-300.00,0.00,"1,712,300.00"
08/10/2025,"135,000.00","135,000.00","132,300.00","133,400.00",0.00,0.00,"1,815,000.00"
07/10/2025,"134,800.00","134,800.00","131,700.00","133,400.00",-900.00,-0.01,"1,598,400.00"
06/10/2025,"129,500.00","134,300.00","129,500.00","134,300.00","5,000.00",0.04,"1,702,900.00"
03/10/2025,"128,700.00","130,000.00","127,600.00","129,300.00",600.00,0.00,"1,613,800.00"
02/10/2025,"128,200.00","131,500.00","127,400.00","128,700.00",700.00,0.01,"1,759,900.00"
01/10/2025,"129,400.00","129,800.00","128,000.00","128,000.00","-1,600.00",-0.01,"1,675,800.00"
30/09/2025,"129,800.00","131,500.00","128,800.00","129,600.00",-100.00,0.00,"1,689,700.00"
29/09/2025,"132,300.00","132,500.00","128,400.00","129,700.00","-2,800.00",-0.02,"1,784,400.00"
26/09/2025,"136,100.00","136,100.00","132,500.00","132,500.00","-3,400.00",-0.03,"1,761,300.00"
25/09/2025,"134,000.00","137,300.00","133,900.00","135,900.00","2,200.00",0.02,"1,690,500.00"
24/09/2025,"133,000.00","134,000.00","130,400.00","133,700.00",700.00,0.01,"1,531,900.00"
23/09/2025,"135,600.00","136,000.00","132,700.00","133,000.00","-2,500.00",-0.02,"1,763,500.00"
22/09/2025,"136,500.00","136,700.00","131,000.00","135,500.00","-1,700.00",-0.01,"2,352,000.00"
19/09/2025,"139,800.00","139,800.00","135,000.00","137,200.00","-2,600.00",-0.02,"2,084,700.00"
18/09/2025,"142,100.00","142,100.00","139,200.00","139,800.00","-2,200.00",-0.02,"2,103,300.00"
17/09/2025,"142,000.00","142,500.00","140,400.00","142,000.00",0.00,0.00,"2,022,300.00"
16/09/2025,"145,700.00","147,100.00","142,000.00","142,000.00","-3,600.00",-0.02,"2,235,800.00"
15/09/2025,"146,500.00","146,500.00","143,500.00","145,600.00",-400.00,0.00,"2,238,300.00"
12/09/2025,"145,600.00","148,500.00","144,500.00","146,000.00",600.00,0.00,"2,318,100.00"
11/09/2025,"145,000.00","146,000.00","140,500.00","145,400.00",500.00,0.00,"2,166,300.00"
10/09/2025,"145,500.00","145,600.00","141,800.00","144,900.00",-100.00,0.00,"1,971,900.00"
09/09/2025,"142,000.00","146,600.00","141,900.00","145,000.00","3,100.00",0.02,"2,383,000.00"
08/09/2025,"141,000.00","142,600.00","139,200.00","141,900.00",-100.00,0.00,"2,161,700.00"
05/09/2025,"140,100.00","145,000.00","140,000.00","142,000.00","2,000.00",0.01,"2,084,300.00"
04/09/2025,"142,200.00","142,200.00","139,500.00","140,000.00","-2,000.00",-0.01,"2,005,200.00"
03/09/2025,"144,000.00","144,000.00","140,000.00","142,000.00","-2,500.00",-0.02,"2,128,500.00"
29/08/2025,"145,600.00","146,200.00","142,900.00","144,500.00",-500.00,0.00,"2,058,500.00"
28/08/2025,"144,500.00","148,200.00","144,000.00","145,000.00",900.00,0.01,"1,972,700.00"
27/08/2025,"144,500.00","145,100.00","141,800.00","144,100.00",100.00,0.00,"2,022,600.00"
26/08/2025,"143,000.00","144,500.00","141,200.00","144,000.00","1,500.00",0.01,"2,017,200.00"
25/08/2025,"140,500.00","144,500.00","140,000.00","142,500.00","2,500.00",0.02,"2,427,600.00"
22/08/2025,"140,500.00","145,000.00","138,000.00","140,000.00","-5,800.00",-0.04,"2,398,900.00"
21/08/2025,"143,700.00","146,000.00","140,100.00","145,800.00","2,000.00",0.01,"2,763,800.00"
20/08/2025,"146,000.00","146,000.00","136,500.00","143,800.00","-2,200.00",-0.02,"2,404,800.00"
19/08/2025,"151,900.00","152,300.00","144,300.00","146,000.00","3,600.00",0.03,"2,386,000.00"
18/08/2025,"145,600.00","145,600.00","140,000.00","142,400.00","-3,200.00",-0.02,"2,043,900.00"
15/08/2025,"143,100.00","145,800.00","133,900.00","145,600.00","9,300.00",0.07,"3,441,800.00"
14/08/2025,"128,900.00","136,300.00","128,000.00","136,300.00","8,900.00",0.07,"4,476,000.00"
13/08/2025,"127,500.00","127,500.00","123,100.00","127,400.00",400.00,0.00,"3,060,400.00"
12/08/2025,"125,000.00","129,500.00","122,700.00","127,000.00","3,000.00",0.02,"3,151,000.00"
11/08/2025,"125,000.00","125,000.00","121,500.00","124,000.00","2,500.00",0.02,"2,038,500.00"
08/08/2025,"127,800.00","127,800.00","121,500.00","121,500.00","-6,200.00",-0.05,"2,177,500.00"
07/08/2025,"129,200.00","129,300.00","125,800.00","127,700.00","-1,300.00",-0.01,"2,219,800.00"
06/08/2025,"127,300.00","129,500.00","125,300.00","129,000.00","1,700.00",0.01,"2,196,300.00"
05/08/2025,"129,000.00","131,900.00","120,000.00","127,300.00",0.00,0.00,"3,989,200.00"
04/08/2025,"117,000.00","127,300.00","116,200.00","127,300.00","8,300.00",0.07,"3,266,700.00"
01/08/2025,"121,200.00","121,200.00","117,000.00","119,000.00","-2,200.00",-0.02,"2,498,100.00"
31/07/2025,"120,700.00","122,500.00","115,000.00","121,200.00","2,500.00",0.02,"2,767,900.00"
30/07/2025,"118,300.00","123,900.00","117,500.00","118,700.00",400.00,0.00,"2,121,100.00"
29/07/2025,"127,900.00","127,900.00","118,200.00","118,300.00","-8,700.00",-0.07,"3,093,100.00"
28/07/2025,"124,300.00","129,700.00","124,000.00","127,000.00","5,100.00",0.04,"2,342,200.00"
25/07/2025,"114,200.00","121,900.00","112,200.00","121,900.00","7,900.00",0.07,"3,280,800.00"
24/07/2025,"116,400.00","116,400.00","109,400.00","114,000.00","5,200.00",0.05,"2,891,800.00"
23/07/2025,"108,000.00","108,800.00","107,500.00","108,800.00","7,100.00",0.07,"1,717,100.00"
22/07/2025,"95,500.00","101,700.00","95,500.00","101,700.00","6,600.00",0.07,"2,916,000.00"
21/07/2025,"94,000.00","96,300.00","93,900.00","95,100.00","1,800.00",0.02,"1,560,900.00"
18/07/2025,"95,500.00","96,200.00","93,000.00","93,300.00","-1,000.00",-0.01,"2,612,300.00"
17/07/2025,"96,000.00","97,800.00","94,300.00","94,300.00","-1,700.00",-0.02,"1,712,800.00"
16/07/2025,"97,000.00","97,500.00","95,500.00","96,000.00","-1,500.00",-0.02,"1,545,300.00"
15/07/2025,"100,000.00","100,100.00","97,500.00","97,500.00","-1,500.00",-0.02,"1,114,200.00"
14/07/2025,"100,400.00","100,900.00","98,200.00","99,000.00","-1,000.00",-0.01,"1,133,300.00"
11/07/2025,"96,000.00","100,000.00","95,700.00","100,000.00","4,000.00",0.04,"2,011,400.00"
10/07/2025,"94,100.00","96,000.00","93,700.00","96,000.00","2,000.00",0.02,"1,272,300.00"
09/07/2025,"95,000.00","95,200.00","94,000.00","94,000.00","-1,000.00",-0.01,"1,068,600.00"
08/07/2025,"90,000.00","95,000.00","89,500.00","95,000.00","5,000.00",0.06,"2,138,100.00"
07/07/2025,"89,700.00","90,300.00","88,700.00","90,000.00",200.00,0.00,"789,200.00"
04/07/2025,"89,100.00","90,000.00","88,500.00","89,800.00",800.00,0.01,"793,800.00"
03/07/2025,"87,300.00","90,400.00","87,300.00","89,000.00","-1,200.00",-0.01,"699,800.00"
02/07/2025,"90,500.00","90,500.00","89,900.00","90,200.00",-300.00,0.00,"598,200.00"
01/07/2025,"88,200.00","91,000.00","88,200.00","90,500.00","2,400.00",0.03,"1,284,900.00"
30/06/2025,"87,500.00","88,800.00","87,500.00","88,100.00",900.00,0.01,"602,400.00"
27/06/2025,"87,200.00","87,900.00","87,100.00","87,200.00",100.00,0.00,"708,000.00"
26/06/2025,"87,200.00","87,800.00","87,100.00","87,100.00",0.00,0.00,"525,900.00"
25/06/2025,"87,600.00","88,300.00","87,100.00","87,100.00","-1,000.00",-0.01,"664,900.00"
24/06/2025,"87,500.00","88,100.00","87,300.00","88,100.00",600.00,0.01,"640,600.00"
23/06/2025,"87,900.00","87,900.00","86,900.00","87,500.00","-1,200.00",-0.01,"672,800.00"
20/06/2025,"88,800.00","88,800.00","87,700.00","88,700.00",200.00,0.00,"697,600.00"
19/06/2025,"87,300.00","89,200.00","87,000.00","88,500.00",800.00,0.01,"1,200,900.00"
18/06/2025,"87,700.00","88,100.00","87,400.00","87,700.00",0.00,0.00,"662,400.00"
17/06/2025,"88,000.00","88,100.00","87,100.00","87,700.00",-100.00,0.00,"670,500.00"
16/06/2025,"87,800.00","87,800.00","86,800.00","87,800.00",-200.00,0.00,"747,700.00"
13/06/2025,"87,500.00","88,000.00","86,800.00","88,000.00",-900.00,-0.01,"864,600.00"
12/06/2025,"87,700.00","89,300.00","87,700.00","88,900.00","1,300.00",0.01,"661,000.00"
11/06/2025,"88,800.00","89,000.00","87,600.00","87,600.00","-1,400.00",-0.02,"684,500.00"
10/06/2025,"89,000.00","89,500.00","88,100.00","89,000.00",200.00,0.00,"574,200.00"
09/06/2025,"90,000.00","90,000.00","88,000.00","88,800.00","-1,200.00",-0.01,"840,100.00"
06/06/2025,"90,500.00","91,000.00","88,800.00","90,000.00","-1,300.00",-0.01,"998,300.00"
05/06/2025,"92,000.00","92,000.00","91,000.00","91,300.00",-500.00,-0.01,"698,500.00"
04/06/2025,"89,800.00","92,500.00","89,300.00","91,800.00","2,000.00",0.02,"1,376,400.00"
03/06/2025,"90,000.00","91,000.00","89,000.00","89,800.00",300.00,0.00,"761,300.00"
02/06/2025,"86,900.00","90,100.00","86,500.00","89,500.00","2,500.00",0.03,"1,137,400.00"
30/05/2025,"87,100.00","87,700.00","86,600.00","87,000.00",-500.00,-0.01,"531,400.00"
29/05/2025,"87,500.00","87,700.00","87,200.00","87,500.00",-500.00,-0.01,"523,700.00"
28/05/2025,"88,200.00","88,600.00","87,500.00","88,000.00",-400.00,0.00,"632,400.00"
27/05/2025,"87,500.00","88,800.00","87,300.00","88,400.00",600.00,0.01,"736,800.00"
26/05/2025,"87,800.00","87,800.00","86,200.00","87,800.00",0.00,0.00,"574,800.00"
23/05/2025,"87,100.00","88,000.00","86,600.00","87,800.00",600.00,0.01,"571,400.00"
22/05/2025,"87,500.00","88,600.00","87,000.00","87,200.00","-1,100.00",-0.01,"837,600.00"
21/05/2025,"88,400.00","88,400.00","87,200.00","88,300.00",0.00,0.00,"689,200.00"
20/05/2025,"88,000.00","88,900.00","86,800.00","88,300.00",300.00,0.00,"898,700.00"
19/05/2025,"89,500.00","89,500.00","88,000.00","88,000.00","-2,000.00",-0.02,"709,400.00"
16/05/2025,"90,000.00","90,800.00","89,700.00","90,000.00","-1,000.00",-0.01,"625,300.00"
15/05/2025,"92,000.00","92,000.00","89,900.00","91,000.00","-2,000.00",-0.02,"1,044,800.00"
14/05/2025,"89,800.00","93,000.00","89,500.00","93,000.00","2,500.00",0.03,"1,016,000.00"
13/05/2025,"91,500.00","91,500.00","89,400.00","90,500.00",100.00,0.00,"597,500.00"
12/05/2025,"89,500.00","90,500.00","89,000.00","90,400.00",900.00,0.01,"742,000.00"
09/05/2025,"89,000.00","90,000.00","88,500.00","89,500.00",-300.00,0.00,"588,500.00"
08/05/2025,"88,800.00","90,200.00","87,400.00","89,800.00",900.00,0.01,"712,900.00"
07/05/2025,"89,100.00","89,100.00","88,100.00","88,900.00",-100.00,0.00,"589,800.00"
06/05/2025,"89,600.00","89,700.00","88,100.00","89,000.00",-600.00,-0.01,"596,000.00"
05/05/2025,"86,100.00","89,700.00","86,000.00","89,600.00","3,600.00",0.04,"636,100.00"
29/04/2025,"89,100.00","89,100.00","86,000.00","86,000.00","-3,100.00",-0.03,"663,900.00"
28/04/2025,"89,000.00","90,000.00","87,400.00","89,100.00","-1,900.00",-0.02,"450,300.00"
25/04/2025,"85,700.00","91,000.00","84,300.00","91,000.00","5,300.00",0.06,"1,409,000.00"
24/04/2025,"85,800.00","85,800.00","84,300.00","85,700.00",0.00,0.00,"579,400.00"
23/04/2025,"85,000.00","86,000.00","84,800.00","85,700.00","2,200.00",0.03,"731,400.00"
22/04/2025,"84,300.00","84,300.00","80,100.00","83,500.00",-500.00,-0.01,"930,200.00"
21/04/2025,"87,300.00","87,500.00","84,000.00","84,000.00","-2,500.00",-0.03,"641,500.00"
18/04/2025,"88,800.00","88,800.00","86,500.00","86,500.00","-1,500.00",-0.02,"740,900.00"
17/04/2025,"83,700.00","88,000.00","83,200.00","88,000.00","2,600.00",0.03,"1,301,600.00"
16/04/2025,"83,300.00","85,500.00","83,200.00","85,400.00","2,100.00",0.03,"639,900.00"
15/04/2025,"84,800.00","85,400.00","82,400.00","83,300.00","-2,200.00",-0.03,"795,300.00"
14/04/2025,"85,400.00","85,500.00","83,600.00","85,500.00",100.00,0.00,"603,400.00"
11/04/2025,"90,500.00","90,500.00","84,600.00","85,400.00",800.00,0.01,"997,400.00"
10/04/2025,"84,600.00","84,600.00","84,600.00","84,600.00","5,500.00",0.07,"21,700.00"
09/04/2025,"78,900.00","82,500.00","77,100.00","79,100.00","-3,500.00",-0.04,"632,500.00"
08/04/2025,"86,000.00","86,000.00","80,300.00","82,600.00","-3,700.00",-0.04,"634,600.00"
04/04/2025,"82,400.00","88,400.00","82,400.00","86,300.00","-2,100.00",-0.02,"1,024,200.00"
03/04/2025,"94,900.00","94,900.00","88,400.00","88,400.00","-6,600.00",-0.07,"727,500.00"
02/04/2025,"95,300.00","95,300.00","94,500.00","95,000.00",-200.00,0.00,"514,900.00"
01/04/2025,"95,000.00","95,200.00","94,400.00","95,200.00",200.00,0.00,"453,900.00"
31/03/2025,"95,900.00","95,900.00","94,700.00","95,000.00","-1,000.00",-0.01,"524,800.00"
28/03/2025,"96,500.00","96,500.00","95,200.00","96,000.00",-500.00,-0.01,"754,500.00"
27/03/2025,"96,500.00","96,700.00","95,900.00","96,500.00",-200.00,0.00,"513,700.00"
26/03/2025,"96,800.00","97,600.00","96,200.00","96,700.00",0.00,0.00,"723,000.00"
25/03/2025,"97,000.00","97,200.00","95,900.00","96,700.00",100.00,0.00,"533,900.00"
24/03/2025,"96,700.00","96,800.00","95,600.00","96,600.00",0.00,0.00,"568,400.00"
21/03/2025,"96,300.00","97,500.00","95,900.00","96,600.00",400.00,0.00,"622,400.00"
20/03/2025,"97,900.00","97,900.00","96,200.00","96,200.00","-1,600.00",-0.02,"547,400.00"
19/03/2025,"98,300.00","98,300.00","97,300.00","97,800.00",-600.00,-0.01,"609,400.00"
18/03/2025,"99,100.00","99,400.00","97,500.00","98,400.00",-700.00,-0.01,"625,400.00"
17/03/2025,"98,700.00","99,400.00","98,700.00","99,100.00",500.00,0.01,"727,600.00"
14/03/2025,"97,400.00","99,800.00","96,700.00","98,600.00","1,300.00",0.01,"910,700.00"
13/03/2025,"97,400.00","97,500.00","96,500.00","97,300.00",-100.00,0.00,"531,400.00"
12/03/2025,"97,700.00","97,800.00","97,100.00","97,400.00",-300.00,0.00,"525,900.00"
11/03/2025,"97,200.00","98,000.00","96,800.00","97,700.00",0.00,0.00,"511,400.00"
10/03/2025,"97,000.00","97,900.00","96,400.00","97,700.00",700.00,0.01,"593,800.00"
07/03/2025,"96,300.00","97,000.00","96,000.00","97,000.00",500.00,0.01,"758,800.00"
06/03/2025,"96,500.00","96,800.00","96,200.00","96,500.00",100.00,0.00,"538,100.00"
05/03/2025,"96,500.00","96,800.00","96,100.00","96,400.00",-400.00,0.00,"490,400.00"
04/03/2025,"96,600.00","97,000.00","96,100.00","96,800.00",-100.00,0.00,"569,900.00"
03/03/2025,"96,200.00","97,000.00","96,000.00","96,900.00",900.00,0.01,"561,200.00"
28/02/2025,"96,700.00","97,000.00","96,000.00","96,000.00",-900.00,-0.01,"550,100.00"
27/02/2025,"97,100.00","97,200.00","96,300.00","96,900.00",-200.00,0.00,"512,100.00"
26/02/2025,"96,100.00","97,100.00","96,000.00","97,100.00","1,000.00",0.01,"476,000.00"
25/02/2025,"96,700.00","96,800.00","96,000.00","96,100.00",-500.00,-0.01,"590,700.00"
24/02/2025,"96,200.00","96,600.00","95,700.00","96,600.00",0.00,0.00,"630,800.00"
21/02/2025,"96,800.00","96,900.00","96,200.00","96,600.00",-300.00,0.00,"501,600.00"
20/02/2025,"97,400.00","97,500.00","96,800.00","96,900.00",-500.00,-0.01,"610,300.00"
19/02/2025,"97,500.00","97,500.00","96,600.00","97,400.00",0.00,0.00,"544,900.00"
18/02/2025,"97,500.00","97,800.00","96,700.00","97,400.00",-100.00,0.00,"480,300.00"
17/02/2025,"96,700.00","97,500.00","96,400.00","97,500.00",800.00,0.01,"512,400.00"
14/02/2025,"96,200.00","96,800.00","96,200.00","96,700.00",500.00,0.01,"511,200.00"
13/02/2025,"95,700.00","96,200.00","95,500.00","96,200.00",100.00,0.00,"445,400.00"
12/02/2025,"96,300.00","97,000.00","96,100.00","96,100.00",-400.00,0.00,"458,700.00"
11/02/2025,"96,800.00","97,000.00","95,100.00","96,500.00",-300.00,0.00,"642,800.00"
10/02/2025,"98,000.00","98,000.00","96,700.00","96,800.00","-1,300.00",-0.01,"466,100.00"
07/02/2025,"97,900.00","98,200.00","97,500.00","98,100.00",100.00,0.00,"506,800.00"
06/02/2025,"97,700.00","98,500.00","97,300.00","98,000.00",300.00,0.00,"415,300.00"
05/02/2025,"98,200.00","98,700.00","97,500.00","97,700.00",-500.00,-0.01,"535,700.00"
04/02/2025,"98,800.00","98,800.00","97,900.00","98,200.00",-600.00,-0.01,"543,900.00"
03/02/2025,"99,500.00","99,500.00","97,900.00","98,800.00","-1,000.00",-0.01,"505,200.00"
24/01/2025,"98,900.00","99,800.00","98,300.00","99,800.00",800.00,0.01,"612,100.00"
23/01/2025,"98,800.00","99,500.00","98,600.00","99,000.00",200.00,0.00,"569,800.00"
22/01/2025,"98,800.00","99,000.00","98,300.00","98,800.00",0.00,0.00,"474,500.00"
21/01/2025,"99,000.00","99,300.00","98,100.00","98,800.00",0.00,0.00,"480,800.00"
20/01/2025,"98,500.00","99,000.00","98,100.00","98,800.00",-200.00,0.00,"421,100.00"
17/01/2025,"98,900.00","99,100.00","98,000.00","99,000.00",100.00,0.00,"523,200.00"
16/01/2025,"98,800.00","99,300.00","97,200.00","98,900.00",200.00,0.00,"727,300.00"
15/01/2025,"98,600.00","99,400.00","98,300.00","98,700.00",200.00,0.00,"476,400.00"
14/01/2025,"98,500.00","98,700.00","97,900.00","98,500.00",-100.00,0.00,"491,200.00"
13/01/2025,"98,800.00","99,200.00","98,100.00","98,600.00",0.00,0.00,"519,700.00"
10/01/2025,"99,300.00","99,600.00","98,200.00","98,600.00",-700.00,-0.01,"470,300.00"
09/01/2025,"99,400.00","99,400.00","98,700.00","99,300.00",-100.00,0.00,"439,600.00"
08/01/2025,"99,400.00","99,500.00","98,400.00","99,400.00",-100.00,0.00,"487,900.00"
07/01/2025,"99,700.00","99,900.00","98,500.00","99,500.00",-200.00,0.00,"615,600.00"
06/01/2025,"99,500.00","99,900.00","99,000.00","99,700.00",200.00,0.00,"663,900.00"
03/01/2025,"99,900.00","99,900.00","98,900.00","99,500.00",-400.00,0.00,"743,700.00"
02/01/2025,"100,100.00","100,100.00","99,000.00","99,900.00",-100.00,0.00,"746,800.00"
31/12/2024,"100,500.00","100,500.00","99,400.00","100,000.00",-100.00,0.00,"684,300.00"
30/12/2024,"100,200.00","100,800.00","99,700.00","100,100.00","-1,100.00",-0.01,"751,900.00"
27/12/2024,"101,600.00","101,800.00","101,000.00","101,200.00",-300.00,0.00,"650,900.00"
26/12/2024,"102,000.00","102,200.00","101,000.00","101,500.00",-500.00,0.00,"620,800.00"
25/12/2024,"101,100.00","102,000.00","100,500.00","102,000.00","1,000.00",0.01,"938,200.00"
24/12/2024,"100,600.00","101,000.00","99,800.00","101,000.00",400.00,0.00,"675,800.00"
23/12/2024,"100,300.00","101,100.00","99,500.00","100,600.00","1,400.00",0.01,"698,100.00"
20/12/2024,"100,000.00","100,900.00","99,200.00","99,200.00",-800.00,-0.01,"1,007,700.00"
19/12/2024,"100,500.00","100,500.00","98,000.00","100,000.00",-700.00,-0.01,"1,135,400.00"
18/12/2024,"101,400.00","101,400.00","100,500.00","100,700.00",-900.00,-0.01,"605,900.00"
17/12/2024,"102,000.00","102,200.00","100,800.00","101,600.00",-400.00,0.00,"671,400.00"
16/12/2024,"102,400.00","102,400.00","101,100.00","102,000.00",-400.00,0.00,"643,600.00"
13/12/2024,"102,800.00","102,800.00","101,800.00","102,400.00",-500.00,0.00,"575,200.00"
12/12/2024,"102,900.00","103,500.00","102,000.00","102,900.00",0.00,0.00,"663,200.00"
11/12/2024,"102,600.00","103,700.00","101,800.00","102,900.00",300.00,0.00,"685,400.00"
10/12/2024,"102,600.00","102,700.00","101,900.00","102,600.00",-100.00,0.00,"548,800.00"
09/12/2024,"102,500.00","103,500.00","101,500.00","102,700.00",-100.00,0.00,"681,100.00"
06/12/2024,"102,800.00","103,000.00","101,900.00","102,800.00",-200.00,0.00,"639,400.00"
05/12/2024,"101,400.00","103,000.00","100,900.00","103,000.00","1,600.00",0.02,"790,500.00"
04/12/2024,"101,400.00","101,500.00","100,400.00","101,400.00",-100.00,0.00,"696,300.00"
03/12/2024,"102,000.00","102,300.00","101,000.00","101,500.00",-800.00,-0.01,"695,700.00"
02/12/2024,"102,600.00","102,700.00","101,300.00","102,300.00",-100.00,0.00,"576,300.00"
29/11/2024,"102,200.00","102,400.00","100,400.00","102,400.00",200.00,0.00,"674,400.00"
28/11/2024,"102,500.00","102,900.00","101,800.00","102,200.00",-200.00,0.00,"635,800.00"
27/11/2024,"103,000.00","103,300.00","102,100.00","102,400.00",-800.00,-0.01,"568,800.00"
26/11/2024,"102,900.00","103,300.00","102,400.00","103,200.00",400.00,0.00,"578,700.00"
25/11/2024,"101,600.00","102,800.00","101,500.00","102,800.00","1,100.00",0.01,"773,600.00"
22/11/2024,"101,700.00","102,400.00","101,000.00","101,700.00",0.00,0.00,"604,800.00"
21/11/2024,"102,000.00","102,200.00","100,200.00","101,700.00",-300.00,0.00,"693,000.00"
20/11/2024,"101,300.00","102,300.00","100,100.00","102,000.00",300.00,0.00,"729,300.00"
19/11/2024,"102,000.00","102,200.00","100,300.00","101,700.00",0.00,0.00,"579,900.00"
18/11/2024,"102,900.00","103,000.00","101,000.00","101,700.00","-1,600.00",-0.02,"757,900.00"
15/11/2024,"103,100.00","103,400.00","101,500.00","103,300.00",0.00,0.00,"756,900.00"
14/11/2024,"103,600.00","103,700.00","102,100.00","103,300.00",-300.00,0.00,"665,000.00"
13/11/2024,"104,100.00","104,400.00","103,000.00","103,600.00",-900.00,-0.01,"705,100.00"
12/11/2024,"104,500.00","105,000.00","103,100.00","104,500.00",0.00,0.00,"714,300.00"
11/11/2024,"104,600.00","104,800.00","103,400.00","104,500.00",-100.00,0.00,"686,800.00"
08/11/2024,"104,300.00","104,600.00","103,500.00","104,600.00",300.00,0.00,"691,200.00"
07/11/2024,"105,000.00","105,000.00","104,100.00","104,300.00",-600.00,-0.01,"648,900.00"
06/11/2024,"103,600.00","105,000.00","103,100.00","104,900.00","1,400.00",0.01,"696,700.00"
05/11/2024,"104,000.00","104,100.00","102,600.00","103,500.00",-500.00,0.00,"727,300.00"
04/11/2024,"104,700.00","104,700.00","103,400.00","104,000.00",-700.00,-0.01,"724,900.00"
01/11/2024,"104,900.00","104,900.00","103,500.00","104,700.00",-300.00,0.00,"645,900.00"
31/10/2024,"103,800.00","105,000.00","103,500.00","105,000.00","1,100.00",0.01,"752,200.00"
30/10/2024,"103,900.00","104,000.00","103,000.00","103,900.00",0.00,0.00,"721,000.00"
29/10/2024,"103,700.00","104,000.00","103,200.00","103,900.00",300.00,0.00,"694,700.00"
28/10/2024,"104,200.00","104,200.00","102,900.00","103,600.00",-600.00,-0.01,"774,200.00"
25/10/2024,"104,200.00","104,300.00","103,400.00","104,200.00",0.00,0.00,"734,700.00"
24/10/2024,"104,500.00","104,500.00","103,600.00","104,200.00",-200.00,0.00,"771,400.00"
23/10/2024,"104,200.00","105,000.00","103,900.00","104,400.00",200.00,0.00,"776,200.00"
22/10/2024,"105,400.00","105,400.00","104,200.00","104,200.00","-1,400.00",-0.01,"790,400.00"
21/10/2024,"105,700.00","105,700.00","104,300.00","105,600.00",-900.00,-0.01,"827,000.00"
18/10/2024,"105,300.00","106,500.00","104,400.00","106,500.00","1,200.00",0.01,"997,000.00"
17/10/2024,"105,800.00","105,800.00","104,200.00","105,300.00",-500.00,0.00,"770,900.00"
16/10/2024,"105,500.00","105,900.00","103,800.00","105,800.00",-100.00,0.00,"814,300.00"
15/10/2024,"107,300.00","107,400.00","105,300.00","105,900.00","-1,400.00",-0.01,"920,900.00"
14/10/2024,"109,000.00","109,400.00","106,000.00","107,300.00","-1,600.00",-0.01,"1,104,300.00"
11/10/2024,"106,100.00","109,500.00","106,000.00","108,900.00","2,900.00",0.03,"1,404,500.00"
10/10/2024,"105,600.00","106,000.00","104,600.00","106,000.00",400.00,0.00,"2,029,000.00"
09/10/2024,"104,800.00","105,900.00","104,100.00","105,600.00",800.00,0.01,"890,700.00"
08/10/2024,"105,000.00","105,200.00","104,000.00","104,800.00",-200.00,0.00,"774,500.00"
07/10/2024,"105,300.00","105,500.00","104,000.00","105,000.00",-300.00,0.00,"661,400.00"
04/10/2024,"105,600.00","105,700.00","104,800.00","105,300.00",-200.00,0.00,"738,600.00"
03/10/2024,"105,000.00","106,100.00","104,600.00","105,500.00",500.00,0.00,"793,800.00"
02/10/2024,"105,100.00","105,300.00","103,800.00","105,000.00",-300.00,0.00,"659,500.00"
01/10/2024,"105,000.00","105,500.00","104,800.00","105,300.00",300.00,0.00,"791,500.00"
30/09/2024,"105,100.00","105,200.00","104,300.00","105,000.00",-100.00,0.00,"637,900.00"
27/09/2024,"105,200.00","105,300.00","104,000.00","105,100.00",0.00,0.00,"706,100.00"
26/09/2024,"104,700.00","105,100.00","104,200.00","105,100.00",500.00,0.00,"938,400.00"
25/09/2024,"105,300.00","105,300.00","104,200.00","104,600.00",-500.00,0.00,"863,000.00"
24/09/2024,"105,000.00","105,200.00","104,500.00","105,100.00",100.00,0.00,"694,600.00"
23/09/2024,"105,300.00","105,500.00","104,500.00","105,000.00",-200.00,0.00,"563,900.00"
20/09/2024,"105,200.00","105,400.00","104,300.00","105,200.00",100.00,0.00,"1,227,800.00"
19/09/2024,"105,000.00","105,200.00","104,600.00","105,100.00",0.00,0.00,"771,000.00"
18/09/2024,"105,000.00","105,500.00","104,200.00","105,100.00",100.00,0.00,"829,500.00"
17/09/2024,"104,000.00","105,000.00","103,600.00","105,000.00","1,000.00",0.01,"842,400.00"
16/09/2024,"104,900.00","105,200.00","103,400.00","104,000.00",-800.00,-0.01,"773,200.00"
13/09/2024,"105,500.00","105,500.00","103,800.00","104,800.00",-500.00,0.00,"669,700.00"
12/09/2024,"105,500.00","105,700.00","104,800.00","105,300.00",300.00,0.00,"626,500.00"
11/09/2024,"104,200.00","105,800.00","103,900.00","105,000.00",800.00,0.01,"891,500.00"
10/09/2024,"103,400.00","104,800.00","103,300.00","104,200.00","1,200.00",0.01,"778,000.00"
09/09/2024,"104,000.00","104,000.00","102,100.00","103,000.00",-800.00,-0.01,"684,800.00"
06/09/2024,"104,000.00","104,800.00","102,900.00","103,800.00",0.00,0.00,"772,000.00"
05/09/2024,"104,000.00","105,000.00","103,000.00","103,800.00",-500.00,0.00,"771,000.00"
04/09/2024,"104,400.00","105,000.00","103,000.00","104,300.00","-1,000.00",-0.01,"618,800.00"
30/08/2024,"104,900.00","105,500.00","104,700.00","105,300.00",600.00,0.01,"778,900.00"
29/08/2024,"103,800.00","104,800.00","103,300.00","104,700.00",900.00,0.01,"744,500.00"
28/08/2024,"104,200.00","104,200.00","103,400.00","103,800.00",-200.00,0.00,"746,800.00"
27/08/2024,"104,500.00","104,800.00","103,900.00","104,000.00",-500.00,0.00,"684,500.00"
26/08/2024,"104,500.00","105,000.00","104,000.00","104,500.00",0.00,0.00,"648,700.00"
23/08/2024,"104,700.00","104,700.00","103,800.00","104,500.00",0.00,0.00,"584,500.00"
22/08/2024,"105,000.00","105,300.00","103,800.00","104,500.00",-400.00,0.00,"592,700.00"
21/08/2024,"105,200.00","105,700.00","103,900.00","104,900.00",-500.00,0.00,"586,000.00"
20/08/2024,"105,200.00","105,600.00","103,900.00","105,400.00",400.00,0.00,"558,300.00"
19/08/2024,"105,300.00","105,900.00","104,200.00","105,000.00",0.00,0.00,"496,400.00"
16/08/2024,"103,200.00","106,000.00","102,000.00","105,000.00","2,200.00",0.02,"1,082,800.00"
15/08/2024,"102,900.00","102,900.00","101,600.00","102,800.00",300.00,0.00,"574,400.00"
14/08/2024,"103,200.00","103,200.00","101,200.00","102,500.00",-300.00,0.00,"476,100.00"
13/08/2024,"100,100.00","103,300.00","100,000.00","102,800.00","1,700.00",0.02,"439,300.00"
12/08/2024,"100,900.00","101,900.00","98,900.00","101,100.00",200.00,0.00,"569,700.00"
09/08/2024,"99,300.00","101,000.00","99,000.00","100,900.00","1,600.00",0.02,"490,900.00"
08/08/2024,"98,800.00","100,000.00","97,000.00","99,300.00",0.00,0.00,"627,500.00"
07/08/2024,"100,200.00","100,500.00","98,200.00","99,300.00","-1,200.00",-0.01,"733,400.00"
06/08/2024,"99,900.00","103,000.00","99,900.00","100,500.00",600.00,0.01,"415,700.00"
05/08/2024,"104,000.00","104,000.00","98,200.00","99,900.00","-4,900.00",-0.05,"880,900.00"
02/08/2024,"103,800.00","104,800.00","101,800.00","104,800.00",600.00,0.01,"625,400.00"
01/08/2024,"106,400.00","107,000.00","104,100.00","104,200.00","-1,700.00",-0.02,"779,800.00"
31/07/2024,"105,500.00","106,300.00","105,100.00","105,900.00",500.00,0.00,"429,200.00"
30/07/2024,"106,100.00","106,500.00","104,500.00","105,400.00",-800.00,-0.01,"689,100.00"
29/07/2024,"107,800.00","107,900.00","106,100.00","106,200.00","-1,600.00",-0.01,"627,100.00"
26/07/2024,"107,600.00","107,900.00","106,500.00","107,800.00",-100.00,0.00,"631,700.00"
25/07/2024,"107,400.00","107,900.00","106,500.00","107,900.00",0.00,0.00,"816,300.00"
24/07/2024,"105,900.00","107,900.00","105,500.00","107,900.00","1,900.00",0.02,"806,200.00"
23/07/2024,"105,500.00","106,000.00","104,600.00","106,000.00",700.00,0.01,"789,400.00"
22/07/2024,"104,800.00","105,500.00","104,500.00","105,300.00",-300.00,0.00,"741,200.00"
19/07/2024,"105,900.00","106,000.00","104,500.00","105,600.00",-100.00,0.00,"840,400.00"
18/07/2024,"105,500.00","105,700.00","103,200.00","105,700.00",200.00,0.00,"999,400.00"
17/07/2024,"105,500.00","106,000.00","103,200.00","105,500.00",0.00,0.00,"872,700.00"
16/07/2024,"104,400.00","105,500.00","103,800.00","105,500.00","1,300.00",0.01,"812,600.00"
15/07/2024,"102,400.00","104,800.00","102,400.00","104,200.00","2,200.00",0.02,"1,151,000.00"
12/07/2024,"101,000.00","102,100.00","100,700.00","102,000.00","1,000.00",0.01,"889,800.00"
11/07/2024,"101,000.00","101,200.00","100,700.00","101,000.00",0.00,0.00,"945,700.00"
10/07/2024,"101,300.00","101,500.00","100,700.00","101,000.00",-400.00,0.00,"842,000.00"
09/07/2024,"101,000.00","101,500.00","100,600.00","101,400.00",100.00,0.00,"942,900.00"
08/07/2024,"101,600.00","102,000.00","101,000.00","101,300.00",-300.00,0.00,"810,500.00"
05/07/2024,"101,100.00","101,800.00","100,500.00","101,600.00",400.00,0.00,"936,600.00"
04/07/2024,"101,000.00","101,400.00","100,400.00","101,200.00",0.00,0.00,"817,400.00"
03/07/2024,"101,000.00","101,200.00","100,100.00","101,200.00",200.00,0.00,"642,100.00"
02/07/2024,"101,000.00","101,200.00","99,700.00","101,000.00",300.00,0.00,"1,083,600.00"
01/07/2024,"101,100.00","101,700.00","99,700.00","100,700.00",-800.00,-0.01,"933,100.00"
28/06/2024,"102,000.00","102,100.00","100,700.00","101,500.00",-500.00,0.00,"789,300.00"
27/06/2024,"101,600.00","102,100.00","100,700.00","102,000.00",400.00,0.00,"852,600.00"
26/06/2024,"101,900.00","102,000.00","101,100.00","101,600.00",0.00,0.00,"815,800.00"
25/06/2024,"101,600.00","102,000.00","100,900.00","101,600.00",0.00,0.00,"787,500.00"
24/06/2024,"102,400.00","103,000.00","100,900.00","101,600.00",-900.00,-0.01,"915,100.00"
21/06/2024,"103,900.00","104,000.00","101,900.00","102,500.00","-1,300.00",-0.01,"1,210,100.00"
20/06/2024,"103,100.00","103,900.00","102,300.00","103,800.00",500.00,0.00,"1,081,800.00"
19/06/2024,"104,800.00","104,800.00","102,000.00","103,300.00","-1,300.00",-0.01,"1,365,500.00"
18/06/2024,"104,900.00","105,000.00","104,100.00","104,600.00",-200.00,0.00,"893,500.00"
17/06/2024,"104,900.00","105,400.00","104,000.00","104,800.00",0.00,0.00,"660,100.00"
14/06/2024,"106,000.00","106,200.00","104,000.00","104,800.00","-1,200.00",-0.01,"1,183,400.00"
13/06/2024,"106,600.00","106,600.00","105,300.00","106,000.00",-300.00,0.00,"834,400.00"
12/06/2024,"105,900.00","106,300.00","104,500.00","106,300.00",500.00,0.00,"1,089,200.00"
11/06/2024,"109,000.00","109,000.00","105,400.00","105,800.00","-3,200.00",-0.03,"1,532,500.00"
10/06/2024,"109,000.00","111,300.00","108,600.00","109,000.00",0.00,0.00,"1,074,400.00"
07/06/2024,"108,900.00","109,200.00","108,000.00","109,000.00",400.00,0.00,"992,500.00"
06/06/2024,"108,100.00","109,800.00","107,800.00","108,600.00",600.00,0.01,"951,900.00"
05/06/2024,"109,000.00","109,400.00","108,000.00","108,000.00",-400.00,0.00,"785,800.00"
04/06/2024,"109,000.00","109,000.00","107,900.00","108,400.00",-300.00,0.00,"695,100.00"
03/06/2024,"107,800.00","109,800.00","107,300.00","108,700.00","1,600.00",0.01,"940,200.00"
31/05/2024,"107,500.00","108,800.00","107,100.00","107,100.00",100.00,0.00,"719,200.00"
30/05/2024,"107,000.00","108,400.00","107,000.00","107,000.00",-900.00,-0.01,"661,900.00"
29/05/2024,"109,600.00","109,700.00","107,300.00","107,900.00","-1,700.00",-0.02,"816,000.00"
28/05/2024,"109,900.00","109,900.00","108,500.00","109,600.00",600.00,0.01,"686,800.00"
27/05/2024,"108,300.00","109,400.00","107,700.00","109,000.00","1,000.00",0.01,"638,400.00"
24/05/2024,"111,000.00","111,000.00","108,000.00","108,000.00","-3,400.00",-0.03,"776,200.00"
23/05/2024,"109,300.00","111,800.00","109,000.00","111,400.00","2,300.00",0.02,"840,300.00"
22/05/2024,"112,800.00","114,200.00","109,100.00","109,100.00","-3,400.00",-0.03,"1,177,200.00"
21/05/2024,"114,600.00","114,700.00","111,000.00","112,500.00","-2,100.00",-0.02,"919,800.00"
20/05/2024,"117,700.00","117,800.00","114,600.00","114,600.00","-2,800.00",-0.02,"1,005,800.00"
17/05/2024,"117,800.00","119,400.00","116,700.00","117,400.00",-100.00,0.00,"995,100.00"
16/05/2024,"117,500.00","117,800.00","116,000.00","117,500.00",200.00,0.00,"1,113,600.00"
15/05/2024,"116,600.00","118,400.00","116,600.00","117,300.00",300.00,0.00,"1,319,000.00"
14/05/2024,"119,000.00","119,000.00","116,600.00","117,000.00","-1,800.00",-0.02,"1,079,300.00"
13/05/2024,"117,000.00","119,600.00","115,500.00","118,800.00","1,900.00",0.02,"1,049,800.00"
10/05/2024,"117,900.00","118,000.00","115,800.00","116,900.00","-1,000.00",-0.01,"924,500.00"
09/05/2024,"117,400.00","118,900.00","116,000.00","117,900.00",500.00,0.00,"1,130,800.00"
08/05/2024,"117,900.00","117,900.00","115,600.00","117,400.00","-1,200.00",-0.01,"1,226,200.00"
07/05/2024,"114,000.00","118,700.00","114,000.00","118,600.00","5,200.00",0.05,"1,560,100.00"
06/05/2024,"106,200.00","113,400.00","106,200.00","113,400.00","7,400.00",0.07,"1,737,400.00"
03/05/2024,"104,000.00","106,600.00","103,100.00","106,000.00","2,100.00",0.02,"1,092,500.00"
02/05/2024,"104,000.00","104,200.00","102,200.00","103,900.00",-100.00,0.00,"827,700.00"
26/04/2024,"103,000.00","104,000.00","101,900.00","104,000.00",500.00,0.00,"903,600.00"
25/04/2024,"103,800.00","103,800.00","101,500.00","103,500.00",0.00,0.00,"904,500.00"
24/04/2024,"103,200.00","103,800.00","102,600.00","103,500.00",700.00,0.01,"897,100.00"
23/04/2024,"104,000.00","104,000.00","101,000.00","102,800.00",-500.00,0.00,"1,110,500.00"
22/04/2024,"103,300.00","104,200.00","102,100.00","103,300.00",0.00,0.00,"810,700.00"
19/04/2024,"102,000.00","103,600.00","102,000.00","103,300.00",-100.00,0.00,"947,300.00"
17/04/2024,"106,100.00","106,100.00","101,900.00","103,400.00","-2,600.00",-0.02,"1,099,000.00"
16/04/2024,"105,800.00","107,300.00","104,000.00","106,000.00",100.00,0.00,"1,022,900.00"
15/04/2024,"106,600.00","106,600.00","104,800.00","105,900.00","-1,100.00",-0.01,"1,101,900.00"
12/04/2024,"101,300.00","107,400.00","101,000.00","107,000.00","6,000.00",0.06,"1,506,000.00"
11/04/2024,"101,500.00","102,000.00","100,800.00","101,000.00","-1,000.00",-0.01,"947,400.00"
10/04/2024,"102,500.00","102,500.00","101,000.00","102,000.00",-200.00,0.00,"902,700.00"
09/04/2024,"101,100.00","102,400.00","101,100.00","102,200.00","1,100.00",0.01,"804,100.00"
08/04/2024,"102,400.00","102,500.00","100,500.00","101,100.00",-800.00,-0.01,"800,800.00"
05/04/2024,"102,200.00","103,000.00","101,300.00","101,900.00",-300.00,0.00,"750,100.00"
04/04/2024,"102,300.00","103,100.00","102,000.00","102,200.00",0.00,0.00,"810,000.00"
03/04/2024,"102,600.00","103,200.00","100,900.00","102,200.00",-800.00,-0.01,"871,400.00"
02/04/2024,"101,900.00","103,000.00","101,400.00","103,000.00",300.00,0.00,"815,100.00"
01/04/2024,"103,100.00","103,100.00","102,000.00","102,700.00",-300.00,0.00,"719,100.00"
29/03/2024,"103,400.00","103,400.00","102,400.00","103,000.00",-200.00,0.00,"664,100.00"
28/03/2024,"103,000.00","103,200.00","101,700.00","103,200.00",200.00,0.00,"635,100.00"
27/03/2024,"101,700.00","103,100.00","101,000.00","103,000.00","1,100.00",0.01,"707,100.00"
26/03/2024,"100,200.00","102,600.00","100,200.00","101,900.00","1,200.00",0.01,"664,400.00"
25/03/2024,"102,000.00","102,200.00","100,700.00","100,700.00","-1,500.00",-0.01,"628,600.00"
22/03/2024,"102,600.00","103,000.00","101,500.00","102,200.00",-400.00,0.00,"599,400.00"
21/03/2024,"101,700.00","103,100.00","101,200.00","102,600.00","1,400.00",0.01,"741,000.00"
20/03/2024,"101,500.00","102,000.00","100,100.00","101,200.00",200.00,0.00,"690,000.00"
19/03/2024,"101,800.00","102,000.00","100,000.00","101,000.00",-800.00,-0.01,"589,900.00"
18/03/2024,"102,700.00","103,000.00","100,500.00","101,800.00",-900.00,-0.01,"618,300.00"
15/03/2024,"101,900.00","102,900.00","100,500.00","102,700.00",700.00,0.01,"705,600.00"
14/03/2024,"102,900.00","102,900.00","101,000.00","102,000.00",-200.00,0.00,"695,600.00"
13/03/2024,"102,900.00","103,600.00","102,000.00","102,200.00",-300.00,0.00,"670,300.00"
12/03/2024,"103,500.00","103,500.00","102,000.00","102,500.00",-500.00,0.00,"658,700.00"
11/03/2024,"103,500.00","104,100.00","103,000.00","103,000.00",-700.00,-0.01,"613,300.00"
08/03/2024,"104,000.00","104,200.00","103,100.00","103,700.00",-200.00,0.00,"636,400.00"
07/03/2024,"103,900.00","104,000.00","103,300.00","103,900.00",0.00,0.00,"590,500.00"
06/03/2024,"104,400.00","104,500.00","103,200.00","103,900.00",-500.00,0.00,"470,500.00"
05/03/2024,"104,000.00","104,400.00","103,500.00","104,400.00",800.00,0.01,"552,000.00"
04/03/2024,"103,500.00","104,200.00","103,300.00","103,600.00",300.00,0.00,"669,100.00"
01/03/2024,"103,800.00","104,300.00","103,200.00","103,300.00",200.00,0.00,"650,700.00"
29/02/2024,"103,600.00","104,300.00","103,100.00","103,100.00",-300.00,0.00,"728,600.00"
28/02/2024,"103,500.00","104,700.00","103,300.00","103,400.00",-100.00,0.00,"638,600.00"
27/02/2024,"104,800.00","104,800.00","103,500.00","103,500.00","-1,000.00",-0.01,"647,800.00"
26/02/2024,"103,900.00","104,900.00","103,900.00","104,500.00",700.00,0.01,"605,600.00"
23/02/2024,"103,800.00","104,400.00","103,400.00","103,800.00",200.00,0.00,"670,800.00"
22/02/2024,"103,200.00","104,700.00","103,200.00","103,600.00",400.00,0.00,"621,400.00"
21/02/2024,"104,300.00","104,500.00","103,200.00","103,200.00","-1,100.00",-0.01,"657,500.00"
20/02/2024,"105,000.00","105,200.00","104,300.00","104,300.00",-900.00,-0.01,"648,500.00"
19/02/2024,"105,900.00","106,000.00","104,400.00","105,200.00",-100.00,0.00,"615,500.00"
16/02/2024,"104,500.00","105,300.00","104,400.00","105,300.00",800.00,0.01,"635,300.00"
15/02/2024,"105,400.00","105,500.00","104,000.00","104,500.00",-800.00,-0.01,"690,700.00"
07/02/2024,"104,700.00","105,300.00","104,300.00","105,300.00",800.00,0.01,"615,700.00"
06/02/2024,"105,500.00","105,500.00","104,500.00","104,500.00",-800.00,-0.01,"617,500.00"
05/02/2024,"104,800.00","105,400.00","103,800.00","105,300.00",500.00,0.00,"670,500.00"
02/02/2024,"105,700.00","105,700.00","104,400.00","104,800.00",-700.00,-0.01,"622,500.00"
01/02/2024,"104,600.00","105,500.00","104,000.00","105,500.00",900.00,0.01,"610,800.00"
31/01/2024,"105,600.00","105,800.00","103,600.00","104,600.00","-1,000.00",-0.01,"644,900.00"
30/01/2024,"105,900.00","106,000.00","105,500.00","105,600.00",-200.00,0.00,"622,500.00"
29/01/2024,"105,900.00","106,000.00","105,300.00","105,800.00",100.00,0.00,"621,300.00"
26/01/2024,"104,500.00","105,800.00","104,500.00","105,700.00",800.00,0.01,"678,600.00"
25/01/2024,"104,800.00","105,000.00","104,500.00","104,900.00",200.00,0.00,"615,200.00"
24/01/2024,"105,000.00","105,500.00","103,800.00","104,700.00",-300.00,0.00,"660,000.00"
23/01/2024,"105,600.00","105,800.00","103,500.00","105,000.00",-600.00,-0.01,"701,500.00"
22/01/2024,"105,000.00","105,800.00","104,900.00","105,600.00",600.00,0.01,"630,900.00"
19/01/2024,"104,300.00","105,200.00","104,300.00","105,000.00",700.00,0.01,"613,000.00"
18/01/2024,"104,600.00","105,000.00","103,700.00","104,300.00",-300.00,0.00,"697,900.00"
17/01/2024,"105,400.00","105,400.00","103,900.00","104,600.00",-800.00,-0.01,"735,600.00"
16/01/2024,"104,500.00","105,400.00","104,300.00","105,400.00",200.00,0.00,"732,400.00"
15/01/2024,"105,300.00","105,800.00","104,200.00","105,200.00",-100.00,0.00,"613,300.00"
12/01/2024,"105,600.00","105,800.00","103,900.00","105,300.00",-500.00,0.00,"659,300.00"
11/01/2024,"105,900.00","106,000.00","104,700.00","105,800.00",100.00,0.00,"616,900.00"
10/01/2024,"106,700.00","106,700.00","104,300.00","105,700.00",-800.00,-0.01,"670,200.00"
09/01/2024,"106,400.00","106,700.00","105,200.00","106,500.00",-100.00,0.00,"628,700.00"
08/01/2024,"107,800.00","107,800.00","106,200.00","106,600.00","-1,000.00",-0.01,"626,300.00"
05/01/2024,"107,900.00","108,000.00","106,200.00","107,600.00",-200.00,0.00,"633,100.00"
04/01/2024,"107,900.00","108,000.00","105,400.00","107,800.00",100.00,0.00,"667,500.00"
03/01/2024,"107,000.00","107,700.00","105,400.00","107,700.00",700.00,0.01,"882,300.00"
02/01/2024,"108,000.00","108,300.00","106,800.00","107,000.00","-1,000.00",-0.01,"929,800.00"
29/12/2023,"108,000.00","108,000.00","107,000.00","108,000.00",0.00,0.00,"2,055,200.00"
28/12/2023,"107,800.00","108,000.00","106,400.00","108,000.00",100.00,0.00,"1,594,600.00"
27/12/2023,"108,100.00","108,100.00","107,500.00","107,900.00",-100.00,0.00,"1,381,000.00"
26/12/2023,"108,000.00","108,200.00","107,500.00","108,000.00",200.00,0.00,"901,400.00"
25/12/2023,"106,700.00","107,800.00","106,500.00","107,800.00","1,600.00",0.02,"776,700.00"
22/12/2023,"105,500.00","106,200.00","105,100.00","106,200.00",900.00,0.01,"708,900.00"
21/12/2023,"104,000.00","106,200.00","103,900.00","105,300.00","1,000.00",0.01,"749,900.00"
20/12/2023,"104,300.00","105,000.00","103,100.00","104,300.00",0.00,0.00,"1,257,400.00"
19/12/2023,"105,000.00","105,000.00","103,700.00","104,300.00",-700.00,-0.01,"728,300.00"
18/12/2023,"104,900.00","105,000.00","102,000.00","105,000.00","2,000.00",0.02,"726,800.00"
15/12/2023,"105,300.00","105,500.00","103,000.00","103,000.00","-2,300.00",-0.02,"892,900.00"
14/12/2023,"105,200.00","105,700.00","104,800.00","105,300.00",300.00,0.00,"783,700.00"
13/12/2023,"104,800.00","105,000.00","103,200.00","105,000.00",500.00,0.00,"1,061,400.00"
12/12/2023,"104,400.00","104,900.00","102,100.00","104,500.00",300.00,0.00,"757,900.00"
11/12/2023,"104,300.00","104,500.00","101,800.00","104,200.00",0.00,0.00,"717,800.00"
08/12/2023,"105,700.00","105,700.00","103,800.00","104,200.00","-1,500.00",-0.01,"816,300.00"
07/12/2023,"103,800.00","106,000.00","102,500.00","105,700.00",-100.00,0.00,"965,000.00"
06/12/2023,"105,700.00","106,000.00","104,400.00","105,800.00",700.00,0.01,"774,200.00"
05/12/2023,"105,800.00","105,900.00","103,800.00","105,100.00",-700.00,-0.01,"901,900.00"
04/12/2023,"105,700.00","107,600.00","104,000.00","105,800.00",400.00,0.00,"866,300.00"
01/12/2023,"104,500.00","105,400.00","102,000.00","105,400.00","3,400.00",0.03,"691,700.00"
30/11/2023,"106,000.00","106,800.00","102,000.00","102,000.00","-4,800.00",-0.04,"1,000,400.00"
29/11/2023,"106,800.00","107,600.00","105,400.00","106,800.00",300.00,0.00,"830,200.00"
28/11/2023,"106,400.00","107,400.00","105,400.00","106,500.00",500.00,0.00,"728,600.00"
27/11/2023,"106,300.00","106,900.00","101,000.00","106,000.00",-300.00,0.00,"747,700.00"
24/11/2023,"105,900.00","107,300.00","104,100.00","106,300.00","1,300.00",0.01,"874,800.00"
23/11/2023,"108,500.00","108,900.00","105,000.00","105,000.00","-3,200.00",-0.03,"835,400.00"
22/11/2023,"106,900.00","108,300.00","105,000.00","108,200.00","1,600.00",0.02,"781,100.00"
21/11/2023,"106,000.00","106,600.00","104,600.00","106,600.00",900.00,0.01,"885,500.00"
20/11/2023,"105,700.00","109,000.00","103,500.00","105,700.00",200.00,0.00,"1,043,300.00"
17/11/2023,"108,700.00","109,500.00","104,000.00","105,500.00","-3,000.00",-0.03,"903,200.00"
16/11/2023,"107,600.00","109,000.00","107,000.00","108,500.00",-200.00,0.00,"902,000.00"
15/11/2023,"108,000.00","110,600.00","107,600.00","108,700.00",900.00,0.01,"921,200.00"
14/11/2023,"108,500.00","109,100.00","106,500.00","107,800.00",-200.00,0.00,"850,500.00"
13/11/2023,"109,000.00","109,000.00","106,100.00","108,000.00","-1,000.00",-0.01,"1,040,600.00"
10/11/2023,"107,500.00","110,000.00","105,500.00","109,000.00",600.00,0.01,"934,500.00"
09/11/2023,"113,000.00","113,000.00","108,400.00","108,400.00","-4,600.00",-0.04,"921,800.00"
08/11/2023,"106,100.00","113,400.00","104,100.00","113,000.00","7,000.00",0.07,"999,200.00"
07/11/2023,"107,000.00","107,300.00","105,100.00","106,000.00","-1,300.00",-0.01,"886,300.00"
06/11/2023,"106,500.00","107,900.00","105,600.00","107,300.00",800.00,0.01,"1,241,900.00"
03/11/2023,"104,900.00","106,500.00","104,800.00","106,500.00","1,600.00",0.02,"1,021,600.00"
02/11/2023,"104,900.00","104,900.00","101,400.00","104,900.00",500.00,0.00,"754,300.00"
01/11/2023,"99,200.00","105,000.00","99,000.00","104,400.00","5,400.00",0.05,"905,400.00"
31/10/2023,"99,000.00","100,000.00","97,400.00","99,000.00","1,000.00",0.01,"1,038,100.00"
30/10/2023,"99,700.00","99,700.00","97,000.00","98,000.00","-1,800.00",-0.02,"704,100.00"
27/10/2023,"99,800.00","99,800.00","97,200.00","99,800.00",0.00,0.00,"800,300.00"
26/10/2023,"102,300.00","102,300.00","99,000.00","99,800.00","-3,000.00",-0.03,"793,900.00"
25/10/2023,"103,600.00","104,000.00","100,600.00","102,800.00",-800.00,-0.01,"851,600.00"
24/10/2023,"103,500.00","103,800.00","101,900.00","103,600.00",100.00,0.00,"890,700.00"
23/10/2023,"105,200.00","105,300.00","99,900.00","103,500.00","-1,700.00",-0.02,"1,069,900.00"
20/10/2023,"105,100.00","105,300.00","103,600.00","105,200.00",100.00,0.00,"897,600.00"
19/10/2023,"104,900.00","105,500.00","104,000.00","105,100.00",200.00,0.00,"1,009,700.00"
18/10/2023,"103,000.00","105,000.00","102,200.00","104,900.00","2,000.00",0.02,"1,297,400.00"
17/10/2023,"102,000.00","103,000.00","101,800.00","102,900.00",400.00,0.00,"941,400.00"
16/10/2023,"103,900.00","103,900.00","101,200.00","102,500.00","-1,300.00",-0.01,"822,700.00"
13/10/2023,"97,500.00","104,500.00","96,600.00","103,800.00","6,100.00",0.06,"1,313,700.00"
12/10/2023,"97,700.00","98,000.00","96,900.00","97,700.00",100.00,0.00,"853,700.00"
11/10/2023,"97,500.00","97,600.00","96,500.00","97,600.00",300.00,0.00,"791,700.00"
10/10/2023,"97,300.00","97,500.00","96,000.00","97,300.00",200.00,0.00,"904,500.00"
09/10/2023,"97,000.00","97,400.00","95,600.00","97,100.00",100.00,0.00,"754,000.00"
06/10/2023,"95,500.00","97,000.00","94,000.00","97,000.00","1,500.00",0.02,"780,000.00"
05/10/2023,"97,500.00","97,500.00","95,500.00","95,500.00","-1,300.00",-0.01,"981,300.00"
04/10/2023,"97,900.00","98,000.00","96,300.00","96,800.00","-1,100.00",-0.01,"894,600.00"
03/10/2023,"98,000.00","98,300.00","96,000.00","97,900.00",-600.00,-0.01,"1,128,200.00"
02/10/2023,"99,300.00","99,400.00","97,200.00","98,500.00",-800.00,-0.01,"1,381,000.00"
29/09/2023,"99,400.00","99,700.00","98,500.00","99,300.00",0.00,0.00,"2,086,400.00"
28/09/2023,"99,000.00","99,500.00","95,900.00","99,300.00",-400.00,0.00,"2,192,600.00"
27/09/2023,"98,000.00","99,700.00","97,800.00","99,700.00","1,700.00",0.02,"1,060,300.00"
26/09/2023,"98,500.00","99,000.00","96,900.00","98,000.00",0.00,0.00,"1,427,400.00"
25/09/2023,"97,000.00","98,500.00","96,100.00","98,000.00",400.00,0.00,"1,111,400.00"
22/09/2023,"98,000.00","98,500.00","96,500.00","97,600.00","-1,700.00",-0.02,"854,100.00"
21/09/2023,"99,000.00","99,500.00","98,200.00","99,300.00",-100.00,0.00,"1,105,700.00"
20/09/2023,"99,400.00","99,600.00","98,400.00","99,400.00",0.00,0.00,"919,700.00"
19/09/2023,"98,900.00","99,400.00","97,800.00","99,400.00",600.00,0.01,"928,300.00"
18/09/2023,"99,500.00","99,600.00","98,000.00","98,800.00",-900.00,-0.01,"876,000.00"
15/09/2023,"99,500.00","100,200.00","98,700.00","99,700.00",700.00,0.01,"936,500.00"
14/09/2023,"99,000.00","100,000.00","97,000.00","99,000.00",0.00,0.00,"1,017,700.00"
13/09/2023,"101,900.00","101,900.00","99,000.00","99,000.00","-2,900.00",-0.03,"980,200.00"
12/09/2023,"99,500.00","101,900.00","99,200.00","101,900.00","2,900.00",0.03,"1,000,600.00"
11/09/2023,"101,500.00","101,800.00","99,000.00","99,000.00","-2,400.00",-0.02,"1,231,700.00"
08/09/2023,"100,400.00","101,800.00","100,300.00","101,400.00",400.00,0.00,"854,100.00"
07/09/2023,"101,100.00","101,900.00","100,200.00","101,000.00",-700.00,-0.01,"904,000.00"
06/09/2023,"100,600.00","101,800.00","99,500.00","101,700.00","1,200.00",0.01,"1,019,200.00"
05/09/2023,"98,100.00","100,600.00","97,400.00","100,500.00","2,500.00",0.03,"1,412,400.00"
31/08/2023,"97,000.00","98,000.00","96,100.00","98,000.00","1,100.00",0.01,"714,200.00"
30/08/2023,"97,500.00","98,000.00","96,400.00","96,900.00",-600.00,-0.01,"838,400.00"
29/08/2023,"98,000.00","98,300.00","96,500.00","97,500.00",-500.00,-0.01,"778,500.00"
28/08/2023,"97,500.00","98,500.00","96,800.00","98,000.00","1,000.00",0.01,"1,039,100.00"
25/08/2023,"96,500.00","97,700.00","96,400.00","97,000.00",-500.00,-0.01,"907,800.00"
24/08/2023,"96,900.00","98,200.00","96,300.00","97,500.00","1,000.00",0.01,"841,700.00"
23/08/2023,"97,300.00","98,500.00","96,000.00","96,500.00",-800.00,-0.01,"878,400.00"
22/08/2023,"97,800.00","98,900.00","96,000.00","97,300.00","1,300.00",0.01,"956,800.00"
21/08/2023,"97,700.00","98,500.00","96,000.00","96,000.00","-1,900.00",-0.02,"1,071,900.00"
18/08/2023,"100,000.00","100,100.00","96,000.00","97,900.00","-2,100.00",-0.02,"1,127,200.00"
17/08/2023,"100,800.00","101,300.00","99,500.00","100,000.00",-800.00,-0.01,"962,200.00"
16/08/2023,"102,000.00","102,000.00","100,200.00","100,800.00","-1,100.00",-0.01,"744,100.00"
15/08/2023,"100,500.00","101,900.00","99,500.00","101,900.00","1,700.00",0.02,"823,200.00"
14/08/2023,"101,500.00","101,500.00","99,600.00","100,200.00",-900.00,-0.01,"1,032,300.00"
11/08/2023,"100,600.00","101,300.00","99,900.00","101,100.00",400.00,0.00,"850,500.00"
10/08/2023,"102,000.00","102,800.00","100,600.00","100,700.00",-900.00,-0.01,"828,200.00"
09/08/2023,"103,300.00","103,500.00","101,500.00","101,600.00","-1,400.00",-0.01,"649,600.00"
08/08/2023,"102,000.00","103,400.00","100,700.00","103,000.00","1,100.00",0.01,"810,100.00"
07/08/2023,"101,200.00","101,900.00","100,000.00","101,900.00",900.00,0.01,"841,800.00"
04/08/2023,"101,000.00","102,000.00","99,900.00","101,000.00",0.00,0.00,"1,195,400.00"
03/08/2023,"101,000.00","102,700.00","99,800.00","101,000.00",200.00,0.00,"830,800.00"
02/08/2023,"101,200.00","101,400.00","99,200.00","100,800.00",-400.00,0.00,"723,200.00"
01/08/2023,"102,000.00","103,300.00","100,700.00","101,200.00",-800.00,-0.01,"776,800.00"
31/07/2023,"97,600.00","102,000.00","97,300.00","102,000.00","4,200.00",0.04,"1,042,200.00"
28/07/2023,"96,900.00","97,800.00","96,200.00","97,800.00",900.00,0.01,"846,400.00"
27/07/2023,"96,600.00","97,100.00","96,300.00","96,900.00",400.00,0.00,"765,600.00"
26/07/2023,"96,500.00","97,000.00","96,100.00","96,500.00",-600.00,-0.01,"720,900.00"
25/07/2023,"96,900.00","97,100.00","95,500.00","97,100.00",300.00,0.00,"1,084,400.00"
24/07/2023,"98,000.00","98,300.00","96,700.00","97,300.00",-700.00,-0.01,"347,300.00"
21/07/2023,"97,800.00","98,000.00","96,500.00","98,000.00",200.00,0.00,"954,200.00"
20/07/2023,"96,800.00","97,800.00","96,300.00","97,800.00","1,100.00",0.01,"942,200.00"
19/07/2023,"96,300.00","97,000.00","96,200.00","96,700.00",400.00,0.00,"791,000.00"
18/07/2023,"96,700.00","97,400.00","96,300.00","96,300.00","-1,000.00",-0.01,"908,000.00"
17/07/2023,"98,000.00","98,800.00","97,200.00","97,300.00",-600.00,-0.01,"785,000.00"
14/07/2023,"95,100.00","97,900.00","95,100.00","97,900.00","3,000.00",0.03,"1,712,900.00"
13/07/2023,"93,900.00","94,900.00","93,900.00","94,900.00","1,000.00",0.01,"1,482,400.00"
12/07/2023,"93,900.00","94,000.00","93,400.00","93,900.00",-300.00,0.00,"842,800.00"
11/07/2023,"94,200.00","94,300.00","93,100.00","94,200.00",0.00,0.00,"818,400.00"
10/07/2023,"94,200.00","94,300.00","92,900.00","94,200.00",400.00,0.00,"834,800.00"
07/07/2023,"94,300.00","94,400.00","93,800.00","93,800.00",-500.00,-0.01,"768,600.00"
06/07/2023,"94,300.00","94,400.00","93,700.00","94,300.00",0.00,0.00,"2,429,693.00"
05/07/2023,"94,600.00","94,600.00","93,900.00","94,300.00",200.00,0.00,"864,000.00"
04/07/2023,"94,300.00","94,700.00","94,100.00","94,100.00",-300.00,0.00,"771,000.00"
03/07/2023,"94,500.00","95,000.00","94,100.00","94,400.00",100.00,0.00,"1,055,700.00"
30/06/2023,"93,800.00","94,600.00","93,800.00","94,300.00",200.00,0.00,"5,658,000.00"
29/06/2023,"94,900.00","95,200.00","93,800.00","94,100.00",-800.00,-0.01,"667,300.00"
28/06/2023,"95,200.00","95,500.00","94,700.00","94,900.00",-300.00,0.00,"1,128,400.00"
27/06/2023,"94,800.00","95,600.00","94,500.00","95,200.00",400.00,0.00,"2,428,000.00"
26/06/2023,"94,700.00","96,000.00","94,300.00","94,800.00",100.00,0.00,"915,900.00"
23/06/2023,"94,200.00","94,700.00","93,500.00","94,700.00",500.00,0.01,"2,614,700.00"
22/06/2023,"94,700.00","95,000.00","93,800.00","94,200.00",200.00,0.00,"1,864,500.00"
21/06/2023,"95,400.00","95,800.00","93,600.00","94,000.00","-1,100.00",-0.01,"840,600.00"
20/06/2023,"95,700.00","96,100.00","94,800.00","95,100.00",-500.00,-0.01,"775,800.00"
19/06/2023,"96,000.00","96,400.00","95,400.00","95,600.00",100.00,0.00,"1,600,100.00"
16/06/2023,"97,300.00","97,600.00","95,500.00","95,500.00","-1,600.00",-0.02,"872,500.00"
15/06/2023,"97,400.00","97,700.00","96,800.00","97,100.00",0.00,0.00,"875,300.00"
14/06/2023,"96,500.00","97,500.00","96,200.00","97,100.00",600.00,0.01,"1,357,500.00"
13/06/2023,"96,500.00","96,900.00","95,800.00","96,500.00",100.00,0.00,"1,037,500.00"
12/06/2023,"96,000.00","96,700.00","95,100.00","96,400.00",400.00,0.00,"750,900.00"
09/06/2023,"96,600.00","97,400.00","96,000.00","96,000.00","-1,200.00",-0.01,"787,000.00"
08/06/2023,"96,900.00","97,900.00","96,100.00","97,200.00",600.00,0.01,"763,300.00"
07/06/2023,"97,900.00","97,900.00","96,600.00","96,600.00","-1,100.00",-0.01,"478,300.00"
06/06/2023,"97,100.00","98,000.00","96,600.00","97,700.00",900.00,0.01,"540,600.00"
05/06/2023,"98,000.00","99,000.00","96,400.00","96,800.00",0.00,0.00,"604,000.00"
02/06/2023,"98,400.00","98,900.00","96,500.00","96,800.00",-700.00,-0.01,"592,600.00"
01/06/2023,"98,100.00","98,600.00","97,000.00","97,500.00",0.00,0.00,"491,600.00"
31/05/2023,"98,500.00","99,400.00","97,500.00","97,500.00","-1,000.00",-0.01,"587,100.00"
30/05/2023,"99,500.00","99,800.00","98,000.00","98,500.00","-1,000.00",-0.01,"538,000.00"
29/05/2023,"98,100.00","99,500.00","98,100.00","99,500.00","1,400.00",0.01,"2,181,400.00"
26/05/2023,"98,000.00","99,000.00","97,400.00","98,100.00",100.00,0.00,"868,400.00"
25/05/2023,"98,400.00","98,700.00","96,700.00","98,000.00",-400.00,0.00,"978,800.00"
24/05/2023,"98,700.00","99,000.00","97,900.00","98,400.00",-300.00,0.00,"844,860.00"
23/05/2023,"99,200.00","99,700.00","98,000.00","98,700.00",-500.00,-0.01,"1,204,500.00"
22/05/2023,"98,800.00","99,400.00","97,500.00","99,200.00",500.00,0.01,"1,153,800.00"
19/05/2023,"99,200.00","100,000.00","98,200.00","98,700.00",-700.00,-0.01,"2,009,400.00"
18/05/2023,"98,000.00","99,500.00","97,800.00","99,400.00","1,100.00",0.01,"5,022,600.00"
17/05/2023,"97,500.00","99,100.00","97,500.00","98,300.00",800.00,0.01,"1,650,318.00"
16/05/2023,"97,500.00","97,500.00","97,000.00","97,500.00",200.00,0.00,"973,900.00"
15/05/2023,"97,500.00","97,700.00","96,400.00","97,300.00",100.00,0.00,"808,900.00"
12/05/2023,"96,300.00","97,200.00","95,700.00","97,200.00",500.00,0.01,"1,853,100.00"
11/05/2023,"96,700.00","97,000.00","95,900.00","96,700.00",-100.00,0.00,"1,140,900.00"
10/05/2023,"95,400.00","96,800.00","95,400.00","96,800.00","1,400.00",0.01,"257,100.00"
09/05/2023,"96,200.00","96,300.00","95,400.00","95,400.00",-900.00,-0.01,"2,094,500.00"
08/05/2023,"96,200.00","97,100.00","95,600.00","96,300.00",300.00,0.00,"563,900.00"
05/05/2023,"95,500.00","96,800.00","95,500.00","96,000.00",500.00,0.01,"3,121,160.00"
04/05/2023,"98,000.00","98,000.00","95,500.00","95,500.00","-1,500.00",-0.02,"1,712,600.00"
28/04/2023,"95,900.00","97,000.00","95,500.00","97,000.00","1,900.00",0.02,"182,100.00"
27/04/2023,"95,200.00","95,900.00","95,000.00","95,100.00",-100.00,0.00,"2,740,870.00"
26/04/2023,"95,700.00","96,900.00","94,800.00","95,200.00",-700.00,-0.01,"2,763,850.00"
25/04/2023,"97,400.00","97,600.00","95,000.00","95,900.00","-1,500.00",-0.02,"280,400.00"
24/04/2023,"97,200.00","97,500.00","95,900.00","97,400.00",-100.00,0.00,"224,900.00"
21/04/2023,"99,600.00","99,800.00","97,500.00","97,500.00","-2,000.00",-0.02,"132,000.00"
20/04/2023,"99,100.00","101,700.00","99,100.00","99,500.00",-600.00,-0.01,"92,700.00"
19/04/2023,"99,000.00","100,100.00","98,600.00","100,100.00","1,100.00",0.01,"142,100.00"
18/04/2023,"99,200.00","100,100.00","98,800.00","99,000.00",-600.00,-0.01,"1,586,707.00"
17/04/2023,"98,700.00","99,700.00","98,000.00","99,600.00","1,100.00",0.01,"1,201,700.00"
14/04/2023,"99,600.00","100,100.00","98,100.00","98,500.00",-800.00,-0.01,"1,082,900.00"
13/04/2023,"99,100.00","100,000.00","98,200.00","99,300.00",-400.00,0.00,"96,100.00"
12/04/2023,"102,000.00","102,000.00","99,300.00","99,700.00","-2,600.00",-0.03,"1,108,300.00"
11/04/2023,"102,300.00","102,300.00","101,000.00","102,300.00",0.00,0.00,"275,200.00"
10/04/2023,"102,900.00","103,000.00","101,200.00","102,300.00",-700.00,-0.01,"2,307,046.00"
07/04/2023,"102,300.00","103,000.00","101,500.00","103,000.00",800.00,0.01,"1,161,200.00"
06/04/2023,"103,400.00","103,400.00","101,500.00","102,200.00",-700.00,-0.01,"1,175,800.00"
05/04/2023,"102,900.00","102,900.00","101,000.00","102,900.00",900.00,0.01,"207,400.00"
04/04/2023,"103,000.00","103,400.00","102,000.00","102,000.00",-600.00,-0.01,"1,283,200.00"
03/04/2023,"105,100.00","106,000.00","102,600.00","102,600.00","-2,500.00",-0.02,"298,700.00"
31/03/2023,"106,300.00","106,600.00","104,500.00","105,100.00","-1,200.00",-0.01,"211,300.00"
30/03/2023,"106,100.00","107,500.00","104,200.00","106,300.00",100.00,0.00,"151,200.00"
29/03/2023,"106,200.00","106,400.00","104,000.00","106,200.00",-200.00,0.00,"180,100.00"
28/03/2023,"105,600.00","106,700.00","104,500.00","106,400.00",-100.00,0.00,"346,700.00"
27/03/2023,"106,300.00","106,500.00","103,900.00","106,500.00",300.00,0.00,"354,700.00"
24/03/2023,"105,900.00","106,200.00","104,600.00","106,200.00",500.00,0.00,"283,800.00"
23/03/2023,"104,500.00","106,000.00","102,600.00","105,700.00",900.00,0.01,"263,400.00"
22/03/2023,"104,000.00","105,300.00","102,100.00","104,800.00","1,000.00",0.01,"329,500.00"
21/03/2023,"104,500.00","112,900.00","101,600.00","103,800.00","-1,800.00",-0.02,"418,000.00"
20/03/2023,"105,200.00","107,800.00","103,100.00","105,600.00","-3,300.00",-0.03,"741,500.00"
17/03/2023,"103,900.00","108,900.00","102,000.00","108,900.00","6,900.00",0.07,"830,700.00"
16/03/2023,"104,900.00","105,600.00","99,600.00","102,000.00","-2,900.00",-0.03,"320,600.00"
15/03/2023,"102,800.00","104,900.00","102,600.00","104,900.00","3,200.00",0.03,"260,600.00"
14/03/2023,"99,800.00","102,500.00","99,800.00","101,700.00","1,000.00",0.01,"219,900.00"
13/03/2023,"101,000.00","102,200.00","99,100.00","100,700.00",100.00,0.00,"299,300.00"
10/03/2023,"102,800.00","102,800.00","98,600.00","100,600.00","-1,200.00",-0.01,"389,900.00"
09/03/2023,"100,400.00","103,000.00","100,000.00","101,800.00","3,500.00",0.04,"997,000.00"
08/03/2023,"97,200.00","99,000.00","97,200.00","98,300.00","1,200.00",0.01,"122,200.00"
07/03/2023,"99,000.00","101,200.00","97,100.00","97,100.00",800.00,0.01,"522,500.00"
06/03/2023,"101,100.00","101,800.00","96,300.00","96,300.00","-4,900.00",-0.05,"324,600.00"
03/03/2023,"101,700.00","101,700.00","98,000.00","101,200.00",-400.00,0.00,"270,600.00"
02/03/2023,"100,000.00","101,600.00","98,100.00","101,600.00",100.00,0.00,"296,000.00"
01/03/2023,"99,000.00","101,500.00","97,800.00","101,500.00","1,500.00",0.01,"194,400.00"
28/02/2023,"98,900.00","100,000.00","97,000.00","100,000.00","1,500.00",0.02,"317,800.00"
27/02/2023,"94,000.00","98,900.00","94,000.00","98,500.00","2,300.00",0.02,"166,100.00"
24/02/2023,"98,300.00","99,700.00","96,000.00","96,200.00","-2,000.00",-0.02,"600,600.00"
23/02/2023,"102,200.00","102,200.00","97,900.00","98,200.00","-2,600.00",-0.03,"590,400.00"
22/02/2023,"102,300.00","102,400.00","100,800.00","100,800.00","-1,700.00",-0.02,"382,400.00"
21/02/2023,"102,700.00","104,000.00","102,300.00","102,500.00",-100.00,0.00,"298,700.00"
20/02/2023,"102,500.00","102,800.00","101,700.00","102,600.00",0.00,0.00,"229,000.00"
17/02/2023,"102,900.00","102,900.00","101,200.00","102,600.00",-200.00,0.00,"214,200.00"
16/02/2023,"101,000.00","102,800.00","101,000.00","102,800.00",100.00,0.00,"137,800.00"
15/02/2023,"102,800.00","103,000.00","101,100.00","102,700.00",-100.00,0.00,"183,900.00"
14/02/2023,"103,100.00","103,100.00","101,000.00","102,800.00",-300.00,0.00,"186,100.00"
13/02/2023,"102,000.00","103,100.00","101,000.00","103,100.00","1,100.00",0.01,"137,800.00"
10/02/2023,"102,000.00","104,000.00","99,400.00","102,000.00",100.00,0.00,"151,600.00"
09/02/2023,"107,700.00","109,000.00","101,900.00","101,900.00","-6,100.00",-0.06,"299,400.00"
08/02/2023,"109,300.00","109,500.00","108,000.00","108,000.00","-1,400.00",-0.01,"137,400.00"
07/02/2023,"108,300.00","109,600.00","108,000.00","109,400.00",-100.00,0.00,"137,700.00"
06/02/2023,"108,100.00","110,500.00","107,500.00","109,500.00",400.00,0.00,"238,100.00"
03/02/2023,"112,100.00","113,400.00","109,100.00","109,100.00","-2,900.00",-0.03,"166,100.00"
02/02/2023,"114,500.00","114,900.00","112,000.00","112,000.00","-1,900.00",-0.02,"490,700.00"
01/02/2023,"116,000.00","116,000.00","111,000.00","113,900.00","-2,400.00",-0.02,"351,500.00"
31/01/2023,"114,400.00","116,300.00","112,000.00","116,300.00","3,300.00",0.03,"296,100.00"
30/01/2023,"117,100.00","117,100.00","113,000.00","113,000.00","-3,200.00",-0.03,"337,000.00"
27/01/2023,"114,500.00","118,000.00","114,500.00","116,200.00","1,700.00",0.01,"230,300.00"
19/01/2023,"112,000.00","115,000.00","112,000.00","114,500.00","2,200.00",0.02,"541,200.00"
18/01/2023,"109,100.00","112,300.00","109,100.00","112,300.00","1,700.00",0.02,"467,600.00"
17/01/2023,"109,100.00","110,600.00","107,000.00","110,600.00","3,300.00",0.03,"467,400.00"
16/01/2023,"108,100.00","110,000.00","107,300.00","107,300.00",-400.00,0.00,"146,000.00"
13/01/2023,"109,800.00","110,100.00","107,700.00","107,700.00","-2,100.00",-0.02,"236,100.00"
12/01/2023,"110,600.00","110,600.00","108,500.00","109,800.00",-300.00,0.00,"370,600.00"
11/01/2023,"109,000.00","110,500.00","108,900.00","110,100.00","1,000.00",0.01,"414,600.00"
10/01/2023,"109,200.00","109,500.00","108,000.00","109,100.00",-100.00,0.00,"407,800.00"
09/01/2023,"109,300.00","109,300.00","108,100.00","109,200.00","1,400.00",0.01,"387,400.00"
06/01/2023,"110,100.00","110,200.00","107,600.00","107,800.00","-2,200.00",-0.02,"492,500.00"
05/01/2023,"110,900.00","111,000.00","109,800.00","110,000.00",-400.00,0.00,"950,800.00"
04/01/2023,"112,500.00","112,500.00","109,000.00","110,400.00","-1,300.00",-0.01,"195,200.00"
03/01/2023,"109,500.00","111,700.00","109,100.00","111,700.00","2,200.00",0.02,"395,900.00"
30/12/2022,"112,900.00","112,900.00","108,500.00","109,500.00",300.00,0.00,"2,717,900.00"
29/12/2022,"110,600.00","112,200.00","108,800.00","109,200.00",,,"540,000.00"
28/12/2022,"107,800.00","111,100.00","106,200.00","110,500.00",,,"225,600.00"
27/12/2022,"111,000.00","112,900.00","107,400.00","108,000.00",,,"249,200.00"
26/12/2022,"111,500.00","111,500.00","107,700.00","108,900.00",,,"151,200.00"
23/12/2022,"111,300.00","111,800.00","107,600.00","111,500.00",,,"258,800.00"
22/12/2022,"111,700.00","112,700.00","109,100.00","111,300.00",,,"222,000.00"
21/12/2022,"111,300.00","112,800.00","110,500.00","111,600.00",,,"351,400.00"
20/12/2022,"111,000.00","111,900.00","109,000.00","111,300.00",,,"374,800.00"
19/12/2022,"112,900.00","112,900.00","110,000.00","111,200.00",,,"322,000.00"
16/12/2022,"111,100.00","113,000.00","110,100.00","113,000.00",,,"575,000.00"
15/12/2022,"112,100.00","112,900.00","110,500.00","112,900.00",,,"447,800.00"
14/12/2022,"112,100.00","112,300.00","109,000.00","112,200.00",,,"616,800.00"
13/12/2022,"111,300.00","112,000.00","109,600.00","112,000.00",,,"481,700.00"
12/12/2022,"112,500.00","113,000.00","109,600.00","111,400.00",,,"651,800.00"
09/12/2022,"107,000.00","114,400.00","105,300.00","111,500.00",,,"491,700.00"
08/12/2022,"105,900.00","107,700.00","104,500.00","107,000.00",,,"658,000.00"
07/12/2022,"105,000.00","106,200.00","103,200.00","106,000.00",,,"555,100.00"
06/12/2022,"106,800.00","107,700.00","105,500.00","106,000.00",,,"682,600.00"
05/12/2022,"106,500.00","108,300.00","106,500.00","106,900.00",,,"681,200.00"
02/12/2022,"103,000.00","106,500.00","102,900.00","106,500.00",,,"1,673,700.00"
01/12/2022,"101,500.00","103,300.00","100,100.00","103,200.00",,,"745,100.00"
30/11/2022,"103,000.00","103,100.00","98,500.00","103,000.00",,,"590,000.00"
29/11/2022,"99,300.00","102,900.00","99,300.00","102,800.00",,,"530,200.00"
28/11/2022,"102,000.00","102,600.00","101,100.00","102,200.00",,,"220,400.00"
25/11/2022,"101,700.00","102,000.00","101,200.00","102,000.00",,,"427,600.00"
24/11/2022,"100,300.00","101,200.00","99,000.00","101,200.00",,,"503,300.00"
23/11/2022,"98,100.00","101,100.00","96,700.00","100,400.00",,,"113,300.00"
22/11/2022,"98,900.00","102,300.00","98,000.00","98,100.00",,,"681,800.00"
21/11/2022,"102,200.00","102,200.00","98,100.00","100,600.00",,,"109,600.00"
18/11/2022,"102,100.00","102,400.00","100,700.00","102,200.00",,,"317,800.00"
17/11/2022,"102,400.00","102,600.00","101,000.00","102,100.00",,,"333,500.00"
16/11/2022,"101,700.00","108,900.00","100,100.00","101,900.00",,,"396,900.00"
15/11/2022,"101,400.00","102,000.00","99,800.00","101,800.00",,,"324,900.00"
14/11/2022,"101,300.00","102,000.00","98,000.00","101,900.00",,,"376,200.00"
11/11/2022,"97,600.00","101,700.00","97,600.00","101,300.00",,,"157,100.00"
10/11/2022,"100,600.00","101,700.00","99,400.00","100,000.00",,,"218,200.00"
09/11/2022,"100,600.00","102,000.00","97,000.00","100,600.00",,,"210,400.00"
08/11/2022,"100,900.00","102,700.00","99,500.00","100,400.00",,,"284,900.00"
07/11/2022,"96,500.00","102,000.00","96,500.00","100,200.00",,,"730,000.00"
04/11/2022,"100,100.00","102,600.00","96,100.00","100,100.00",,,"236,200.00"
03/11/2022,"98,000.00","104,500.00","98,000.00","102,700.00",,,"167,300.00"
02/11/2022,"106,800.00","106,800.00","100,100.00","105,000.00",,,"289,600.00"
01/11/2022,"107,700.00","108,000.00","106,200.00","106,300.00",,,"111,300.00"
31/10/2022,"107,500.00","108,000.00","105,500.00","107,600.00",,,"154,700.00"
28/10/2022,"108,800.00","108,800.00","106,000.00","107,800.00",,,"136,800.00"
27/10/2022,"107,500.00","108,400.00","106,200.00","108,000.00",,,"114,400.00"
26/10/2022,"108,000.00","108,800.00","106,000.00","107,500.00",,,"129,500.00"
25/10/2022,"107,000.00","108,000.00","106,000.00","108,000.00",,,"179,000.00"
24/10/2022,"108,900.00","108,900.00","105,500.00","107,000.00",,,"207,800.00"
21/10/2022,"109,000.00","109,300.00","106,500.00","108,900.00",,,"206,800.00"
20/10/2022,"109,400.00","110,000.00","108,300.00","108,900.00",,,"361,800.00"
19/10/2022,"109,000.00","109,400.00","108,100.00","109,100.00",,,"170,600.00"
18/10/2022,"108,000.00","110,000.00","107,400.00","109,100.00",,,"306,800.00"
17/10/2022,"108,800.00","109,000.00","106,500.00","109,000.00",,,"238,400.00"
14/10/2022,"108,600.00","109,000.00","107,000.00","109,000.00",,,"1,125,500.00"
13/10/2022,"109,900.00","109,900.00","105,200.00","108,700.00",,,"322,000.00"
12/10/2022,"107,000.00","108,900.00","105,100.00","108,700.00",,,"418,700.00"
11/10/2022,"111,800.00","111,800.00","106,100.00","107,000.00",,,"618,200.00"
10/10/2022,"114,700.00","114,700.00","110,000.00","110,000.00",,,"538,600.00"
07/10/2022,"114,000.00","115,000.00","113,600.00","115,000.00",,,"824,500.00"
06/10/2022,"114,300.00","115,000.00","113,000.00","114,200.00",,,"1,179,600.00"
05/10/2022,"113,900.00","116,800.00","113,600.00","115,000.00",,,"1,270,900.00"
04/10/2022,"110,000.00","112,900.00","109,900.00","112,900.00",,,"986,300.00"
03/10/2022,"110,000.00","111,000.00","109,000.00","110,000.00",,,"285,900.00"
30/09/2022,"110,000.00","113,000.00","109,900.00","110,900.00",,,"409,900.00"
29/09/2022,"110,200.00","111,100.00","109,900.00","110,100.00",,,"245,700.00"
28/09/2022,"110,500.00","110,500.00","109,000.00","110,100.00",,,"409,900.00"
27/09/2022,"110,200.00","110,700.00","110,000.00","110,500.00",,,"280,600.00"
26/09/2022,"111,900.00","111,900.00","110,100.00","110,100.00",,,"504,100.00"
23/09/2022,"114,000.00","114,400.00","112,800.00","112,800.00",,,"1,095,400.00"
22/09/2022,"114,100.00","115,000.00","112,700.00","115,000.00",,,"2,312,600.00"
21/09/2022,"114,700.00","116,000.00","114,200.00","115,000.00",,,"693,900.00"
20/09/2022,"114,600.00","116,100.00","114,600.00","116,100.00",,,"324,500.00"
19/09/2022,"116,100.00","116,100.00","114,500.00","115,000.00",,,"330,500.00"
16/09/2022,"116,000.00","116,000.00","115,000.00","115,700.00",,,"2,676,600.00"
15/09/2022,"116,000.00","116,500.00","115,000.00","116,000.00",,,"678,500.00"
14/09/2022,"115,300.00","116,500.00","115,300.00","116,200.00",,,"480,200.00"
13/09/2022,"118,000.00","118,000.00","117,000.00","117,400.00",,,"2,295,000.00"
12/09/2022,"118,000.00","118,000.00","116,300.00","117,500.00",,,"818,400.00"
09/09/2022,"115,000.00","118,100.00","115,000.00","118,000.00",,,"381,000.00"
08/09/2022,"113,900.00","115,000.00","113,800.00","115,000.00",,,"1,420,100.00"
07/09/2022,"119,200.00","119,200.00","113,900.00","113,900.00",,,"990,300.00"
06/09/2022,"120,000.00","120,000.00","118,100.00","119,700.00",,,"928,000.00"
05/09/2022,"121,500.00","121,500.00","119,500.00","120,000.00",,,"554,600.00"
31/08/2022,"121,000.00","121,900.00","120,500.00","121,600.00",,,"1,009,710.00"
30/08/2022,"122,000.00","122,500.00","120,100.00","122,400.00",,,"261,100.00"
29/08/2022,"122,800.00","122,800.00","119,500.00","122,000.00",,,"2,445,400.00"
26/08/2022,"123,700.00","123,700.00","121,800.00","123,000.00",,,"662,500.00"
25/08/2022,"123,500.00","123,500.00","123,000.00","123,400.00",,,"870,880.00"
24/08/2022,"123,000.00","123,700.00","123,000.00","123,500.00",,,"1,028,000.00"
23/08/2022,"123,200.00","123,700.00","122,600.00","123,500.00",,,"3,173,900.00"
22/08/2022,"123,500.00","124,000.00","123,200.00","123,900.00",,,"259,100.00"
19/08/2022,"123,900.00","124,000.00","123,200.00","124,000.00",,,"1,185,002.00"
18/08/2022,"123,900.00","124,100.00","123,300.00","124,000.00",,,"1,042,800.00"
17/08/2022,"123,400.00","124,100.00","123,300.00","123,500.00",,,"2,310,700.00"
16/08/2022,"124,200.00","124,300.00","123,300.00","123,400.00",,,"676,900.00"
15/08/2022,"124,300.00","125,300.00","124,200.00","124,400.00",,,"1,268,200.00"
12/08/2022,"124,800.00","125,200.00","124,000.00","124,300.00",,,"660,300.00"
11/08/2022,"126,000.00","126,000.00","125,200.00","125,200.00",,,"2,620,240.00"
10/08/2022,"126,000.00","126,000.00","125,100.00","125,400.00",,,"1,152,000.00"
09/08/2022,"125,000.00","126,400.00","124,800.00","126,400.00",,,"871,090.00"
08/08/2022,"126,500.00","126,900.00","125,000.00","125,200.00",,,"387,900.00"
05/08/2022,"129,200.00","129,200.00","126,400.00","126,500.00",,,"797,800.00"
04/08/2022,"127,100.00","129,200.00","126,100.00","129,200.00",,,"741,300.00"
03/08/2022,"126,800.00","127,500.00","125,800.00","127,000.00",,,"412,500.00"
02/08/2022,"125,800.00","127,900.00","125,700.00","127,500.00",,,"415,620.00"
01/08/2022,"126,000.00","127,100.00","125,700.00","127,100.00",,,"438,800.00"
29/07/2022,"127,400.00","127,400.00","125,500.00","125,700.00",,,"490,800.00"
28/07/2022,"125,800.00","127,400.00","125,000.00","127,400.00",,,"556,700.00"
27/07/2022,"125,000.00","125,300.00","124,600.00","125,300.00",,,"439,200.00"
26/07/2022,"125,700.00","125,900.00","125,000.00","125,100.00",,,"500,560.00"
25/07/2022,"125,300.00","125,800.00","124,500.00","125,800.00",,,"581,500.00"
22/07/2022,"126,300.00","126,300.00","124,500.00","125,600.00",,,"492,300.00"
21/07/2022,"125,600.00","126,900.00","125,100.00","126,000.00",,,"476,500.00"
20/07/2022,"124,500.00","125,500.00","124,000.00","125,500.00",,,"492,100.00"
19/07/2022,"124,300.00","124,500.00","123,000.00","124,500.00",,,"457,500.00"
18/07/2022,"124,800.00","124,800.00","123,900.00","124,200.00",,,"398,500.00"
15/07/2022,"126,800.00","126,800.00","124,400.00","124,700.00",,,"347,400.00"
14/07/2022,"124,700.00","127,200.00","124,000.00","126,700.00",,,"621,100.00"
13/07/2022,"125,500.00","126,100.00","124,800.00","124,800.00",,,"472,500.00"
12/07/2022,"127,400.00","127,500.00","125,300.00","125,500.00",,,"644,400.00"
11/07/2022,"127,000.00","127,800.00","126,000.00","127,400.00",,,"509,500.00"
08/07/2022,"129,300.00","129,300.00","127,000.00","127,800.00",,,"450,200.00"
07/07/2022,"126,800.00","129,300.00","126,600.00","129,300.00",,,"613,000.00"
06/07/2022,"125,800.00","127,100.00","124,500.00","127,100.00",,,"632,800.00"
05/07/2022,"129,500.00","129,500.00","125,900.00","125,900.00",,,"518,100.00"
04/07/2022,"130,000.00","130,100.00","129,200.00","129,600.00",,,"585,200.00"
01/07/2022,"129,000.00","130,100.00","127,300.00","130,100.00",,,"517,700.00"
30/06/2022,"131,800.00","132,400.00","129,200.00","130,000.00",,,"561,300.00"
29/06/2022,"132,900.00","132,900.00","131,000.00","132,300.00",,,"540,900.00"
28/06/2022,"133,000.00","133,200.00","131,500.00","133,000.00",,,"629,900.00"
27/06/2022,"129,000.00","133,000.00","128,300.00","133,000.00",,,"964,000.00"
24/06/2022,"128,300.00","129,000.00","126,500.00","128,300.00",,,"2,891,000.00"
23/06/2022,"129,300.00","129,600.00","126,300.00","128,200.00",,,"682,700.00"
22/06/2022,"127,800.00","130,000.00","127,500.00","129,300.00",,,"930,700.00"
21/06/2022,"126,000.00","128,000.00","125,000.00","127,800.00",,,"1,810,600.00"
20/06/2022,"125,000.00","127,200.00","124,700.00","127,000.00",,,"759,500.00"
17/06/2022,"125,000.00","125,100.00","122,100.00","124,900.00",,,"561,700.00"
16/06/2022,"124,300.00","127,500.00","123,400.00","125,400.00",,,"678,700.00"
15/06/2022,"124,800.00","125,100.00","122,900.00","124,500.00",,,"691,800.00"
14/06/2022,"124,000.00","124,800.00","123,300.00","124,800.00",,,"625,300.00"
13/06/2022,"126,500.00","126,800.00","123,500.00","124,900.00",,,"584,500.00"
10/06/2022,"127,300.00","128,900.00","126,000.00","127,700.00",,,"683,500.00"
09/06/2022,"126,300.00","127,800.00","125,800.00","127,800.00",,,"643,900.00"
08/06/2022,"126,500.00","127,200.00","125,800.00","127,000.00",,,"656,500.00"
07/06/2022,"127,000.00","127,000.00","125,500.00","126,800.00",,,"607,500.00"
06/06/2022,"125,500.00","128,100.00","125,000.00","127,600.00",,,"681,100.00"
03/06/2022,"128,500.00","128,600.00","125,400.00","127,000.00",,,"631,300.00"
02/06/2022,"131,500.00","131,500.00","128,000.00","128,700.00",,,"822,800.00"
01/06/2022,"130,500.00","131,500.00","129,600.00","131,300.00",,,"662,200.00"
31/05/2022,"132,600.00","132,600.00","129,800.00","130,900.00",,,"638,700.00"
30/05/2022,"127,300.00","132,500.00","127,300.00","132,500.00",,,"1,157,800.00"
27/05/2022,"125,000.00","127,000.00","124,100.00","127,000.00",,,"858,700.00"
26/05/2022,"125,700.00","125,700.00","123,500.00","125,000.00",,,"583,700.00"
25/05/2022,"124,500.00","125,900.00","123,400.00","125,700.00",,,"778,900.00"
24/05/2022,"124,800.00","125,300.00","123,000.00","125,300.00",,,"608,800.00"
23/05/2022,"125,300.00","125,500.00","122,300.00","125,000.00",,,"648,900.00"
20/05/2022,"125,400.00","125,500.00","123,000.00","125,300.00",,,"502,300.00"
19/05/2022,"124,000.00","125,800.00","122,200.00","125,300.00",,,"757,000.00"
18/05/2022,"127,500.00","127,500.00","124,000.00","125,700.00",,,"660,900.00"
17/05/2022,"126,000.00","128,000.00","123,600.00","128,000.00",,,"610,300.00"
16/05/2022,"126,300.00","127,000.00","123,000.00","126,000.00",,,"619,700.00"
13/05/2022,"124,500.00","127,400.00","123,500.00","125,900.00",,,"687,900.00"
12/05/2022,"126,500.00","126,600.00","121,500.00","124,800.00",,,"633,600.00"
11/05/2022,"128,900.00","129,000.00","126,100.00","126,500.00",,,"731,150.00"
10/05/2022,"123,900.00","129,100.00","122,500.00","129,100.00",,,"625,400.00"
09/05/2022,"127,000.00","128,000.00","122,500.00","124,000.00",,,"561,000.00"
06/05/2022,"130,000.00","130,000.00","126,800.00","128,000.00",,,"369,700.00"
05/05/2022,"130,000.00","130,800.00","128,400.00","130,800.00",,,"431,400.00"
04/05/2022,"129,500.00","131,300.00","129,000.00","130,300.00",,,"488,600.00"
29/04/2022,"128,500.00","130,800.00","126,500.00","129,900.00",,,"547,400.00"
28/04/2022,"128,000.00","129,300.00","126,000.00","129,000.00",,,"393,400.00"
27/04/2022,"129,000.00","129,500.00","125,000.00","129,000.00",,,"483,300.00"
26/04/2022,"129,500.00","132,600.00","124,500.00","129,000.00",,,"681,900.00"
25/04/2022,"138,200.00","138,500.00","128,600.00","131,000.00",,,"637,900.00"
22/04/2022,"136,600.00","141,000.00","136,600.00","138,200.00",,,"910,800.00"
21/04/2022,"140,000.00","142,200.00","136,500.00","136,500.00",,,"732,600.00"
20/04/2022,"142,800.00","144,300.00","141,500.00","142,000.00",,,"771,600.00"
19/04/2022,"138,300.00","143,100.00","137,200.00","143,100.00",,,"1,011,500.00"
18/04/2022,"136,000.00","139,000.00","135,000.00","138,300.00",,,"777,600.00"
15/04/2022,"136,900.00","137,200.00","135,400.00","135,900.00",,,"600,600.00"
14/04/2022,"137,500.00","138,600.00","135,000.00","136,900.00",,,"639,100.00"
13/04/2022,"138,100.00","138,500.00","137,400.00","138,100.00",,,"772,300.00"
12/04/2022,"139,200.00","140,000.00","137,500.00","138,000.00",,,"770,500.00"
08/04/2022,"137,000.00","138,800.00","136,500.00","138,400.00",,,"661,700.00"
07/04/2022,"140,500.00","140,500.00","137,000.00","137,000.00",,,"728,900.00"
06/04/2022,"141,000.00","141,300.00","138,900.00","141,000.00",,,"609,800.00"
05/04/2022,"142,900.00","143,500.00","141,500.00","141,500.00",,,"666,200.00"
04/04/2022,"140,900.00","143,500.00","139,000.00","142,900.00",,,"988,900.00"
01/04/2022,"140,500.00","141,000.00","136,500.00","140,900.00",,,"665,600.00"
31/03/2022,"140,400.00","141,300.00","139,500.00","140,500.00",,,"598,100.00"
30/03/2022,"142,000.00","142,500.00","139,500.00","140,500.00",,,"721,200.00"
29/03/2022,"140,800.00","142,900.00","140,000.00","142,900.00",,,"1,040,300.00"
28/03/2022,"142,800.00","142,900.00","139,500.00","140,800.00",,,"738,800.00"
25/03/2022,"144,000.00","144,000.00","142,400.00","143,000.00",,,"807,500.00"
24/03/2022,"141,000.00","144,000.00","139,900.00","144,000.00",,,"1,171,100.00"
23/03/2022,"140,800.00","141,000.00","139,200.00","141,000.00",,,"721,600.00"
22/03/2022,"143,300.00","143,300.00","140,000.00","140,800.00",,,"744,000.00"
21/03/2022,"146,100.00","146,100.00","143,000.00","143,300.00",,,"788,200.00"
,,,,,,,
,,,,,,,
SIMPLIZE,,,,,,,
"Số 5 ngõ 316 Lê Trọng Tấn, Phường Khương Mai, Quận Thanh Xuân, TP.Hà Nội
",,,,,,,
Website: simplize.vn,,,,,,,
Email: info@simplize.vn,,,,,,,
Tel: (+84) 38 840 8668,,,,,,,
